RW,HW,MM,DD,HH,t,p,WR,WG,N,x,RF,B,D,A,E,IL
3968500,2729500.0,1.0,1.0,1.0,-1.3,998.0,182.0,2.6,7.0,3.4,98.0,0.0,0.0,276.0,-283.0,1.0
3968500,2729500.0,1.0,1.0,2.0,-1.6,998.0,166.0,3.1,7.0,3.3,98.0,0.0,0.0,277.0,-283.0,1.0
3968500,2729500.0,1.0,1.0,3.0,-1.8,997.0,156.0,3.6,8.0,3.3,97.0,0.0,0.0,280.0,-282.0,1.0
3968500,2729500.0,1.0,1.0,4.0,-1.6,997.0,158.0,3.7,8.0,3.3,96.0,0.0,0.0,284.0,-278.0,1.0
3968500,2729500.0,1.0,1.0,5.0,-1.5,996.0,155.0,3.8,8.0,3.3,96.0,0.0,0.0,282.0,-277.0,1.0
3968500,2729500.0,1.0,1.0,6.0,-1.4,995.0,161.0,3.8,8.0,3.4,97.0,0.0,0.0,283.0,-281.0,1.0
3968500,2729500.0,1.0,1.0,7.0,-1.5,995.0,160.0,3.7,8.0,3.4,98.0,0.0,0.0,283.0,-286.0,1.0
3968500,2729500.0,1.0,1.0,8.0,-0.8,994.0,171.0,2.9,8.0,3.5,99.0,0.0,0.0,285.0,-288.0,1.0
3968500,2729500.0,1.0,1.0,9.0,-0.1,995.0,158.0,2.9,8.0,3.7,98.0,0.0,3.0,289.0,-289.0,1.0
3968500,2729500.0,1.0,1.0,10.0,0.3,995.0,193.0,3.2,7.0,3.8,98.0,15.0,24.0,288.0,-296.0,1.0
3968500,2729500.0,1.0,1.0,11.0,0.9,994.0,191.0,3.1,7.0,3.9,96.0,0.0,47.0,284.0,-308.0,1.0
3968500,2729500.0,1.0,1.0,12.0,1.6,994.0,182.0,1.7,7.0,4.0,95.0,0.0,52.0,286.0,-315.0,1.0
3968500,2729500.0,1.0,1.0,13.0,1.3,994.0,277.0,2.7,7.0,4.1,95.0,0.0,50.0,286.0,-316.0,1.0
3968500,2729500.0,1.0,1.0,14.0,1.8,994.0,306.0,2.9,8.0,4.1,95.0,0.0,44.0,291.0,-317.0,1.0
3968500,2729500.0,1.0,1.0,15.0,2.3,993.0,280.0,3.0,7.0,4.2,94.0,0.0,33.0,293.0,-317.0,1.0
3968500,2729500.0,1.0,1.0,16.0,2.1,993.0,284.0,3.3,7.0,4.2,92.0,0.0,10.0,287.0,-317.0,1.0
3968500,2729500.0,1.0,1.0,17.0,1.9,994.0,295.0,3.5,7.0,4.0,90.0,0.0,0.0,288.0,-316.0,1.0
3968500,2729500.0,1.0,1.0,18.0,1.7,994.0,282.0,3.3,8.0,3.9,89.0,0.0,0.0,295.0,-314.0,1.0
3968500,2729500.0,1.0,1.0,19.0,1.5,995.0,276.0,3.5,7.0,3.8,88.0,0.0,0.0,294.0,-313.0,1.0
3968500,2729500.0,1.0,1.0,20.0,1.5,995.0,275.0,3.1,7.0,3.8,88.0,0.0,0.0,287.0,-313.0,1.0
3968500,2729500.0,1.0,1.0,21.0,1.5,995.0,279.0,3.2,7.0,3.7,87.0,0.0,0.0,286.0,-312.0,1.0
3968500,2729500.0,1.0,1.0,22.0,1.3,995.0,296.0,3.1,8.0,3.7,87.0,0.0,0.0,292.0,-309.0,1.0
3968500,2729500.0,1.0,1.0,23.0,1.0,995.0,286.0,2.6,8.0,3.7,87.0,0.0,0.0,296.0,-305.0,1.0
3968500,2729500.0,1.0,1.0,24.0,1.1,995.0,320.0,2.5,7.0,3.6,87.0,0.0,0.0,289.0,-300.0,1.0
3968500,2729500.0,1.0,2.0,1.0,0.4,995.0,328.0,1.8,7.0,3.6,88.0,0.0,0.0,280.0,-295.0,1.0
3968500,2729500.0,1.0,2.0,2.0,0.3,995.0,310.0,2.7,6.0,3.5,89.0,0.0,0.0,272.0,-291.0,1.0
3968500,2729500.0,1.0,2.0,3.0,0.6,995.0,1.0,2.5,6.0,3.5,89.0,0.0,0.0,266.0,-286.0,1.0
3968500,2729500.0,1.0,2.0,4.0,0.3,995.0,118.0,3.1,7.0,3.4,86.0,0.0,0.0,270.0,-279.0,1.0
3968500,2729500.0,1.0,2.0,5.0,0.4,995.0,154.0,2.8,7.0,3.4,85.0,0.0,0.0,273.0,-275.0,1.0
3968500,2729500.0,1.0,2.0,6.0,0.5,995.0,134.0,3.7,7.0,3.5,87.0,0.0,0.0,273.0,-283.0,1.0
3968500,2729500.0,1.0,2.0,7.0,0.6,996.0,163.0,3.5,7.0,3.5,87.0,0.0,0.0,271.0,-294.0,1.0
3968500,2729500.0,1.0,2.0,8.0,0.6,996.0,186.0,3.3,7.0,3.5,87.0,0.0,0.0,271.0,-296.0,1.0
3968500,2729500.0,1.0,2.0,9.0,0.9,996.0,201.0,2.9,7.0,3.5,87.0,0.0,5.0,271.0,-296.0,1.0
3968500,2729500.0,1.0,2.0,10.0,0.9,996.0,265.0,3.1,7.0,3.5,84.0,21.0,22.0,270.0,-295.0,1.0
3968500,2729500.0,1.0,2.0,11.0,0.9,997.0,259.0,3.4,6.0,3.3,81.0,8.0,56.0,264.0,-297.0,1.0
3968500,2729500.0,1.0,2.0,12.0,1.0,997.0,271.0,2.8,6.0,3.4,81.0,8.0,76.0,260.0,-301.0,1.0
3968500,2729500.0,1.0,2.0,13.0,1.2,997.0,298.0,3.5,7.0,3.4,82.0,0.0,61.0,265.0,-306.0,1.0
3968500,2729500.0,1.0,2.0,14.0,1.7,997.0,288.0,3.5,7.0,3.5,81.0,4.0,67.0,272.0,-311.0,1.0
3968500,2729500.0,1.0,2.0,15.0,1.3,997.0,306.0,4.1,6.0,3.4,80.0,4.0,54.0,269.0,-313.0,1.0
3968500,2729500.0,1.0,2.0,16.0,0.9,997.0,296.0,3.3,7.0,3.4,82.0,0.0,23.0,269.0,-313.0,1.0
3968500,2729500.0,1.0,2.0,17.0,0.7,997.0,279.0,3.3,7.0,3.4,84.0,0.0,0.0,273.0,-312.0,1.0
3968500,2729500.0,1.0,2.0,18.0,0.7,998.0,294.0,2.7,8.0,3.4,85.0,0.0,0.0,277.0,-311.0,1.0
3968500,2729500.0,1.0,2.0,19.0,0.8,998.0,277.0,3.1,8.0,3.5,86.0,0.0,0.0,281.0,-310.0,1.0
3968500,2729500.0,1.0,2.0,20.0,0.8,998.0,280.0,3.5,8.0,3.5,86.0,0.0,0.0,281.0,-309.0,1.0
3968500,2729500.0,1.0,2.0,21.0,0.3,998.0,303.0,2.8,7.0,3.6,89.0,0.0,0.0,275.0,-306.0,1.0
3968500,2729500.0,1.0,2.0,22.0,0.7,998.0,294.0,3.2,8.0,3.5,89.0,0.0,0.0,273.0,-305.0,1.0
3968500,2729500.0,1.0,2.0,23.0,0.4,998.0,294.0,2.9,8.0,3.4,86.0,0.0,0.0,277.0,-305.0,1.0
3968500,2729500.0,1.0,2.0,24.0,0.5,998.0,295.0,2.7,7.0,3.4,87.0,0.0,0.0,272.0,-306.0,1.0
3968500,2729500.0,1.0,3.0,1.0,0.4,999.0,273.0,2.1,6.0,3.5,88.0,0.0,0.0,263.0,-304.0,1.0
3968500,2729500.0,1.0,3.0,2.0,0.0,998.0,242.0,1.3,6.0,3.5,90.0,0.0,0.0,257.0,-302.0,1.0
3968500,2729500.0,1.0,3.0,3.0,0.3,998.0,233.0,2.2,6.0,3.5,89.0,0.0,0.0,256.0,-302.0,1.0
3968500,2729500.0,1.0,3.0,4.0,-0.1,998.0,229.0,1.3,6.0,3.4,88.0,0.0,0.0,256.0,-301.0,1.0
3968500,2729500.0,1.0,3.0,5.0,-0.1,998.0,222.0,1.4,7.0,3.4,89.0,0.0,0.0,259.0,-300.0,1.0
3968500,2729500.0,1.0,3.0,6.0,-0.7,998.0,193.0,1.2,7.0,3.4,90.0,0.0,0.0,260.0,-299.0,1.0
3968500,2729500.0,1.0,3.0,7.0,-1.4,998.0,163.0,1.5,7.0,3.3,93.0,0.0,0.0,257.0,-298.0,1.0
3968500,2729500.0,1.0,3.0,8.0,-1.9,998.0,199.0,1.5,8.0,3.3,97.0,0.0,0.0,261.0,-297.0,1.0
3968500,2729500.0,1.0,3.0,9.0,-1.7,998.0,163.0,1.0,7.0,3.3,99.0,0.0,7.0,261.0,-297.0,1.0
3968500,2729500.0,1.0,3.0,10.0,-1.3,998.0,151.0,1.5,7.0,3.4,98.0,15.0,25.0,256.0,-296.0,1.0
3968500,2729500.0,1.0,3.0,11.0,-0.2,998.0,198.0,1.5,6.0,3.4,94.0,7.0,55.0,251.0,-297.0,1.0
3968500,2729500.0,1.0,3.0,12.0,0.6,999.0,162.0,1.9,6.0,3.3,85.0,23.0,76.0,247.0,-299.0,1.0
3968500,2729500.0,1.0,3.0,13.0,0.1,999.0,198.0,2.1,6.0,3.3,83.0,3.0,77.0,246.0,-300.0,1.0
3968500,2729500.0,1.0,3.0,14.0,0.1,998.0,183.0,2.4,8.0,3.3,85.0,0.0,59.0,255.0,-302.0,1.0
3968500,2729500.0,1.0,3.0,15.0,0.2,998.0,114.0,2.0,7.0,3.3,85.0,0.0,50.0,259.0,-303.0,1.0
3968500,2729500.0,1.0,3.0,16.0,0.6,998.0,321.0,1.8,6.0,3.3,83.0,0.0,16.0,250.0,-302.0,1.0
3968500,2729500.0,1.0,3.0,17.0,-1.1,998.0,193.0,1.5,7.0,3.2,85.0,0.0,0.0,249.0,-296.0,1.0
3968500,2729500.0,1.0,3.0,18.0,-1.8,998.0,127.0,2.1,6.0,3.2,93.0,0.0,0.0,249.0,-288.0,1.0
3968500,2729500.0,1.0,3.0,19.0,-2.1,998.0,151.0,1.8,7.0,3.2,97.0,0.0,0.0,250.0,-283.0,1.0
3968500,2729500.0,1.0,3.0,20.0,-2.0,998.0,152.0,1.9,8.0,3.2,97.0,0.0,0.0,260.0,-281.0,1.0
3968500,2729500.0,1.0,3.0,21.0,-2.4,998.0,158.0,1.9,7.0,3.2,97.0,0.0,0.0,260.0,-280.0,1.0
3968500,2729500.0,1.0,3.0,22.0,-2.9,998.0,159.0,1.8,7.0,3.1,98.0,0.0,0.0,258.0,-281.0,1.0
3968500,2729500.0,1.0,3.0,23.0,-2.7,998.0,161.0,1.9,8.0,3.1,99.0,0.0,0.0,261.0,-282.0,1.0
3968500,2729500.0,1.0,3.0,24.0,-2.4,997.0,158.0,1.7,8.0,3.2,100.0,0.0,0.0,264.0,-282.0,1.0
3968500,2729500.0,1.0,4.0,1.0,-2.5,997.0,162.0,2.0,7.0,3.2,99.0,0.0,0.0,264.0,-282.0,1.0
3968500,2729500.0,1.0,4.0,2.0,-2.8,997.0,150.0,2.1,7.0,3.1,98.0,0.0,0.0,262.0,-282.0,1.0
3968500,2729500.0,1.0,4.0,3.0,-2.6,997.0,152.0,2.4,7.0,3.1,97.0,0.0,0.0,263.0,-283.0,1.0
3968500,2729500.0,1.0,4.0,4.0,-2.8,997.0,150.0,2.2,7.0,3.1,97.0,0.0,0.0,264.0,-284.0,1.0
3968500,2729500.0,1.0,4.0,5.0,-2.7,996.0,154.0,2.8,7.0,3.1,97.0,0.0,0.0,263.0,-286.0,1.0
3968500,2729500.0,1.0,4.0,6.0,-2.4,996.0,158.0,3.2,7.0,3.1,97.0,0.0,0.0,263.0,-287.0,1.0
3968500,2729500.0,1.0,4.0,7.0,-2.2,995.0,171.0,3.1,8.0,3.2,97.0,0.0,0.0,266.0,-287.0,1.0
3968500,2729500.0,1.0,4.0,8.0,-2.2,995.0,162.0,3.2,8.0,3.2,97.0,0.0,0.0,267.0,-287.0,1.0
3968500,2729500.0,1.0,4.0,9.0,-2.3,995.0,156.0,3.4,7.0,3.2,96.0,2.0,9.0,264.0,-287.0,1.0
3968500,2729500.0,1.0,4.0,10.0,-2.3,995.0,160.0,3.5,7.0,3.1,95.0,66.0,41.0,261.0,-288.0,1.0
3968500,2729500.0,1.0,4.0,11.0,-1.9,995.0,153.0,3.5,7.0,3.1,93.0,28.0,85.0,259.0,-289.0,1.0
3968500,2729500.0,1.0,4.0,12.0,-1.6,995.0,152.0,3.6,7.0,3.1,91.0,0.0,79.0,258.0,-291.0,1.0
3968500,2729500.0,1.0,4.0,13.0,-1.6,995.0,158.0,3.7,7.0,3.1,90.0,0.0,79.0,257.0,-292.0,1.0
3968500,2729500.0,1.0,4.0,14.0,-1.4,994.0,160.0,3.8,7.0,3.1,89.0,3.0,85.0,256.0,-293.0,1.0
3968500,2729500.0,1.0,4.0,15.0,-1.3,994.0,149.0,3.9,7.0,3.1,89.0,0.0,58.0,254.0,-293.0,1.0
3968500,2729500.0,1.0,4.0,16.0,-1.7,994.0,154.0,3.9,7.0,3.1,90.0,0.0,10.0,254.0,-292.0,1.0
3968500,2729500.0,1.0,4.0,17.0,-2.6,994.0,143.0,3.5,7.0,3.0,90.0,0.0,0.0,252.0,-290.0,1.0
3968500,2729500.0,1.0,4.0,18.0,-3.3,994.0,146.0,3.8,6.0,2.9,92.0,0.0,0.0,248.0,-288.0,1.0
3968500,2729500.0,1.0,4.0,19.0,-3.3,994.0,147.0,4.0,6.0,2.8,93.0,0.0,0.0,244.0,-286.0,1.0
3968500,2729500.0,1.0,4.0,20.0,-3.4,994.0,155.0,3.5,6.0,2.8,92.0,0.0,0.0,242.0,-285.0,1.0
3968500,2729500.0,1.0,4.0,21.0,-3.2,993.0,148.0,3.2,8.0,2.7,90.0,0.0,0.0,246.0,-284.0,1.0
3968500,2729500.0,1.0,4.0,22.0,-3.5,994.0,155.0,3.1,8.0,2.7,90.0,0.0,0.0,252.0,-282.0,1.0
3968500,2729500.0,1.0,4.0,23.0,-3.7,993.0,156.0,3.0,8.0,2.7,91.0,0.0,0.0,251.0,-279.0,1.0
3968500,2729500.0,1.0,4.0,24.0,-3.6,993.0,157.0,3.8,8.0,2.7,90.0,0.0,0.0,251.0,-276.0,1.0
3968500,2729500.0,1.0,5.0,1.0,-3.7,993.0,153.0,3.6,8.0,2.6,89.0,0.0,0.0,251.0,-272.0,1.0
3968500,2729500.0,1.0,5.0,2.0,-3.6,993.0,160.0,3.5,8.0,2.6,88.0,0.0,0.0,251.0,-270.0,1.0
3968500,2729500.0,1.0,5.0,3.0,-3.7,992.0,171.0,3.6,8.0,2.5,86.0,0.0,0.0,251.0,-268.0,1.0
3968500,2729500.0,1.0,5.0,4.0,-4.0,992.0,174.0,3.7,8.0,2.5,85.0,0.0,0.0,250.0,-267.0,1.0
3968500,2729500.0,1.0,5.0,5.0,-4.7,992.0,172.0,3.9,8.0,2.4,86.0,0.0,0.0,249.0,-266.0,1.0
3968500,2729500.0,1.0,5.0,6.0,-4.8,992.0,169.0,3.5,8.0,2.4,86.0,0.0,0.0,247.0,-264.0,1.0
3968500,2729500.0,1.0,5.0,7.0,-5.1,991.0,165.0,3.9,8.0,2.3,87.0,0.0,0.0,246.0,-262.0,1.0
3968500,2729500.0,1.0,5.0,8.0,-5.3,991.0,164.0,3.9,8.0,2.3,87.0,0.0,0.0,245.0,-261.0,1.0
3968500,2729500.0,1.0,5.0,9.0,-5.5,991.0,177.0,4.4,8.0,2.2,87.0,0.0,0.0,244.0,-260.0,1.0
3968500,2729500.0,1.0,5.0,10.0,-5.5,991.0,164.0,4.0,8.0,2.3,89.0,1.0,34.0,243.0,-260.0,1.0
3968500,2729500.0,1.0,5.0,11.0,-5.4,991.0,170.0,4.7,8.0,2.3,90.0,0.0,32.0,243.0,-262.0,1.0
3968500,2729500.0,1.0,5.0,12.0,-5.5,991.0,170.0,5.0,8.0,2.2,87.0,0.0,48.0,243.0,-266.0,1.0
3968500,2729500.0,1.0,5.0,13.0,-5.4,990.0,161.0,4.2,7.0,2.2,86.0,0.0,64.0,241.0,-270.0,1.0
3968500,2729500.0,1.0,5.0,14.0,-5.7,990.0,167.0,4.5,7.0,2.2,84.0,0.0,69.0,239.0,-272.0,1.0
3968500,2729500.0,1.0,5.0,15.0,-6.2,989.0,160.0,4.6,5.0,2.1,84.0,7.0,79.0,232.0,-273.0,1.0
3968500,2729500.0,1.0,5.0,16.0,-6.5,989.0,166.0,3.7,4.0,2.0,84.0,1.0,31.0,223.0,-271.0,1.0
3968500,2729500.0,1.0,5.0,17.0,-7.2,988.0,159.0,3.5,3.0,2.0,85.0,0.0,0.0,216.0,-269.0,1.0
3968500,2729500.0,1.0,5.0,18.0,-7.9,987.0,159.0,3.4,2.0,1.9,87.0,0.0,0.0,210.0,-267.0,1.0
3968500,2729500.0,1.0,5.0,19.0,-8.5,987.0,162.0,3.3,2.0,1.9,89.0,0.0,0.0,208.0,-266.0,1.0
3968500,2729500.0,1.0,5.0,20.0,-8.1,986.0,167.0,3.4,2.0,1.8,89.0,0.0,0.0,209.0,-268.0,1.0
3968500,2729500.0,1.0,5.0,21.0,-7.5,986.0,168.0,3.4,6.0,1.9,88.0,0.0,0.0,225.0,-270.0,1.0
3968500,2729500.0,1.0,5.0,22.0,-6.5,984.0,156.0,4.2,7.0,2.0,86.0,0.0,0.0,247.0,-272.0,1.0
3968500,2729500.0,1.0,5.0,23.0,-4.4,983.0,174.0,4.2,7.0,2.2,83.0,0.0,0.0,257.0,-276.0,1.0
3968500,2729500.0,1.0,5.0,24.0,-3.2,982.0,160.0,3.6,6.0,2.4,81.0,0.0,0.0,260.0,-282.0,1.0
3968500,2729500.0,1.0,6.0,1.0,-2.8,983.0,154.0,3.9,7.0,2.6,84.0,0.0,0.0,266.0,-289.0,1.0
3968500,2729500.0,1.0,6.0,2.0,-2.4,982.0,162.0,4.9,7.0,2.7,85.0,0.0,0.0,273.0,-300.0,1.0
3968500,2729500.0,1.0,6.0,3.0,-1.8,981.0,167.0,4.2,7.0,2.8,83.0,0.0,0.0,278.0,-309.0,1.0
3968500,2729500.0,1.0,6.0,4.0,-1.6,980.0,170.0,5.0,7.0,2.9,83.0,0.0,0.0,281.0,-311.0,1.0
3968500,2729500.0,1.0,6.0,5.0,-1.0,978.0,170.0,6.1,7.0,3.1,87.0,0.0,0.0,285.0,-313.0,1.0
3968500,2729500.0,1.0,6.0,6.0,-1.0,977.0,169.0,5.9,7.0,3.4,93.0,0.0,0.0,289.0,-315.0,1.0
3968500,2729500.0,1.0,6.0,7.0,0.2,976.0,173.0,4.9,8.0,3.6,95.0,0.0,0.0,299.0,-317.0,1.0
3968500,2729500.0,1.0,6.0,8.0,0.3,976.0,174.0,3.7,8.0,3.9,97.0,0.0,0.0,308.0,-317.0,1.0
3968500,2729500.0,1.0,6.0,9.0,1.1,976.0,170.0,4.2,8.0,4.0,97.0,0.0,3.0,311.0,-317.0,1.0
3968500,2729500.0,1.0,6.0,10.0,1.5,976.0,176.0,4.3,8.0,4.2,96.0,0.0,25.0,314.0,-317.0,1.0
3968500,2729500.0,1.0,6.0,11.0,1.8,977.0,174.0,3.9,7.0,4.2,95.0,0.0,44.0,308.0,-317.0,1.0
3968500,2729500.0,1.0,6.0,12.0,2.4,977.0,169.0,4.1,7.0,4.3,94.0,0.0,41.0,298.0,-317.0,1.0
3968500,2729500.0,1.0,6.0,13.0,2.6,977.0,160.0,4.0,8.0,4.4,93.0,0.0,42.0,307.0,-317.0,1.0
3968500,2729500.0,1.0,6.0,14.0,2.7,977.0,159.0,4.3,8.0,4.5,94.0,0.0,44.0,321.0,-317.0,1.0
3968500,2729500.0,1.0,6.0,15.0,3.0,976.0,166.0,4.3,7.0,4.6,96.0,0.0,47.0,307.0,-317.0,1.0
3968500,2729500.0,1.0,6.0,16.0,3.2,976.0,171.0,3.8,7.0,4.7,96.0,0.0,18.0,297.0,-317.0,1.0
3968500,2729500.0,1.0,6.0,17.0,3.4,975.0,161.0,3.6,7.0,4.9,98.0,0.0,0.0,303.0,-317.0,1.0
3968500,2729500.0,1.0,6.0,18.0,4.1,975.0,159.0,3.8,7.0,5.1,99.0,0.0,0.0,308.0,-317.0,1.0
3968500,2729500.0,1.0,6.0,19.0,4.4,974.0,170.0,3.7,8.0,5.2,97.0,0.0,0.0,320.0,-317.0,1.0
3968500,2729500.0,1.0,6.0,20.0,4.7,974.0,176.0,4.6,8.0,5.3,98.0,0.0,0.0,330.0,-318.0,1.0
3968500,2729500.0,1.0,6.0,21.0,4.6,974.0,168.0,4.5,8.0,5.4,99.0,0.0,0.0,331.0,-318.0,1.0
3968500,2729500.0,1.0,6.0,22.0,4.9,974.0,166.0,4.4,8.0,5.4,98.0,0.0,0.0,332.0,-318.0,1.0
3968500,2729500.0,1.0,6.0,23.0,5.0,975.0,161.0,3.7,8.0,5.4,96.0,0.0,0.0,333.0,-317.0,1.0
3968500,2729500.0,1.0,6.0,24.0,5.3,976.0,159.0,2.9,8.0,5.5,97.0,0.0,0.0,333.0,-317.0,1.0
3968500,2729500.0,1.0,7.0,1.0,5.4,976.0,165.0,4.1,8.0,5.6,97.0,0.0,0.0,334.0,-317.0,1.0
3968500,2729500.0,1.0,7.0,2.0,5.2,976.0,177.0,3.5,8.0,5.5,96.0,0.0,0.0,333.0,-317.0,1.0
3968500,2729500.0,1.0,7.0,3.0,4.2,978.0,190.0,2.3,8.0,5.3,97.0,0.0,0.0,331.0,-317.0,1.0
3968500,2729500.0,1.0,7.0,4.0,4.9,980.0,217.0,2.5,8.0,5.3,97.0,0.0,0.0,330.0,-317.0,1.0
3968500,2729500.0,1.0,7.0,5.0,4.5,981.0,247.0,1.6,8.0,5.3,97.0,0.0,0.0,330.0,-317.0,1.0
3968500,2729500.0,1.0,7.0,6.0,3.3,983.0,273.0,1.8,8.0,5.0,97.0,0.0,0.0,326.0,-317.0,1.0
3968500,2729500.0,1.0,7.0,7.0,2.9,983.0,332.0,2.3,8.0,4.7,96.0,0.0,0.0,323.0,-317.0,1.0
3968500,2729500.0,1.0,7.0,8.0,2.5,984.0,75.0,1.7,8.0,4.6,96.0,0.0,0.0,322.0,-317.0,1.0
3968500,2729500.0,1.0,7.0,9.0,1.9,985.0,352.0,2.0,8.0,4.5,98.0,0.0,4.0,320.0,-317.0,1.0
3968500,2729500.0,1.0,7.0,10.0,2.6,986.0,293.0,1.8,8.0,4.5,98.0,0.0,26.0,319.0,-317.0,1.0
3968500,2729500.0,1.0,7.0,11.0,3.0,986.0,168.0,1.8,7.0,4.6,97.0,0.0,44.0,312.0,-317.0,1.0
3968500,2729500.0,1.0,7.0,12.0,3.0,986.0,139.0,2.2,7.0,4.7,98.0,0.0,52.0,303.0,-317.0,1.0
3968500,2729500.0,1.0,7.0,13.0,3.2,986.0,158.0,2.3,7.0,4.8,98.0,0.0,45.0,301.0,-317.0,1.0
3968500,2729500.0,1.0,7.0,14.0,3.2,985.0,136.0,2.3,8.0,4.9,99.0,0.0,41.0,310.0,-317.0,1.0
3968500,2729500.0,1.0,7.0,15.0,3.5,985.0,159.0,2.2,7.0,4.9,99.0,0.0,33.0,310.0,-317.0,1.0
3968500,2729500.0,1.0,7.0,16.0,4.4,984.0,173.0,1.9,7.0,5.1,98.0,0.0,14.0,302.0,-317.0,1.0
3968500,2729500.0,1.0,7.0,17.0,4.6,984.0,168.0,1.7,7.0,5.3,99.0,0.0,0.0,303.0,-317.0,1.0
3968500,2729500.0,1.0,7.0,18.0,4.3,984.0,153.0,1.3,7.0,5.3,99.0,0.0,0.0,299.0,-318.0,1.0
3968500,2729500.0,1.0,7.0,19.0,4.6,984.0,157.0,1.2,8.0,5.3,98.0,0.0,0.0,312.0,-320.0,1.0
3968500,2729500.0,1.0,7.0,20.0,4.5,983.0,168.0,2.1,7.0,5.3,98.0,0.0,0.0,314.0,-321.0,1.0
3968500,2729500.0,1.0,7.0,21.0,4.7,983.0,141.0,1.6,7.0,5.4,99.0,0.0,0.0,304.0,-321.0,1.0
3968500,2729500.0,1.0,7.0,22.0,4.9,983.0,145.0,4.1,8.0,5.4,98.0,0.0,0.0,318.0,-321.0,1.0
3968500,2729500.0,1.0,7.0,23.0,5.4,984.0,158.0,4.1,7.0,5.6,99.0,0.0,0.0,320.0,-322.0,1.0
3968500,2729500.0,1.0,7.0,24.0,5.4,984.0,167.0,3.9,7.0,5.8,100.0,0.0,0.0,309.0,-322.0,1.0
3968500,2729500.0,1.0,8.0,1.0,5.4,984.0,155.0,3.3,7.0,5.8,100.0,0.0,0.0,308.0,-322.0,1.0
3968500,2729500.0,1.0,8.0,2.0,5.6,984.0,160.0,3.1,7.0,5.8,99.0,0.0,0.0,308.0,-322.0,1.0
3968500,2729500.0,1.0,8.0,3.0,5.8,984.0,178.0,2.8,7.0,5.8,99.0,0.0,0.0,313.0,-322.0,1.0
3968500,2729500.0,1.0,8.0,4.0,5.6,984.0,166.0,2.7,7.0,5.8,99.0,0.0,0.0,316.0,-324.0,1.0
3968500,2729500.0,1.0,8.0,5.0,5.5,984.0,167.0,3.1,8.0,5.8,99.0,0.0,0.0,325.0,-326.0,1.0
3968500,2729500.0,1.0,8.0,6.0,6.6,984.0,172.0,3.2,8.0,6.0,100.0,0.0,0.0,334.0,-328.0,1.0
3968500,2729500.0,1.0,8.0,7.0,7.0,983.0,167.0,4.4,7.0,6.3,99.0,0.0,0.0,328.0,-329.0,1.0
3968500,2729500.0,1.0,8.0,8.0,7.7,984.0,154.0,3.5,7.0,6.5,99.0,0.0,0.0,322.0,-329.0,1.0
3968500,2729500.0,1.0,8.0,9.0,7.8,984.0,155.0,3.7,8.0,6.7,99.0,1.0,8.0,331.0,-328.0,1.0
3968500,2729500.0,1.0,8.0,10.0,8.0,984.0,162.0,4.3,7.0,6.7,98.0,10.0,41.0,333.0,-328.0,1.0
3968500,2729500.0,1.0,8.0,11.0,8.5,984.0,162.0,4.7,7.0,6.8,97.0,1.0,60.0,328.0,-329.0,1.0
3968500,2729500.0,1.0,8.0,12.0,9.6,984.0,164.0,4.9,6.0,6.9,93.0,51.0,108.0,324.0,-332.0,1.0
3968500,2729500.0,1.0,8.0,13.0,10.5,983.0,169.0,5.4,3.0,6.9,87.0,191.0,72.0,302.0,-335.0,1.0
3968500,2729500.0,1.0,8.0,14.0,11.0,983.0,176.0,5.1,4.0,6.8,82.0,63.0,107.0,289.0,-337.0,1.0
3968500,2729500.0,1.0,8.0,15.0,11.1,982.0,166.0,5.3,3.0,6.6,78.0,59.0,76.0,288.0,-339.0,1.0
3968500,2729500.0,1.0,8.0,16.0,10.8,982.0,172.0,4.9,4.0,6.4,77.0,11.0,36.0,287.0,-340.0,1.0
3968500,2729500.0,1.0,8.0,17.0,10.6,982.0,174.0,5.3,7.0,6.4,77.0,0.0,0.0,312.0,-341.0,1.0
3968500,2729500.0,1.0,8.0,18.0,10.5,982.0,176.0,5.3,8.0,6.4,78.0,0.0,0.0,338.0,-342.0,1.0
3968500,2729500.0,1.0,8.0,19.0,9.6,983.0,173.0,4.7,7.0,6.3,79.0,0.0,0.0,336.0,-343.0,1.0
3968500,2729500.0,1.0,8.0,20.0,9.2,983.0,178.0,3.9,7.0,6.2,82.0,0.0,0.0,327.0,-343.0,1.0
3968500,2729500.0,1.0,8.0,21.0,9.2,983.0,171.0,4.0,7.0,6.2,82.0,0.0,0.0,326.0,-343.0,1.0
3968500,2729500.0,1.0,8.0,22.0,8.8,984.0,170.0,3.5,6.0,6.2,84.0,0.0,0.0,319.0,-343.0,1.0
3968500,2729500.0,1.0,8.0,23.0,8.7,984.0,171.0,3.3,6.0,6.0,83.0,0.0,0.0,311.0,-344.0,1.0
3968500,2729500.0,1.0,8.0,24.0,8.7,984.0,169.0,3.7,7.0,6.0,83.0,0.0,0.0,317.0,-344.0,1.0
3968500,2729500.0,1.0,9.0,1.0,9.0,984.0,170.0,3.2,7.0,6.2,85.0,0.0,0.0,324.0,-344.0,1.0
3968500,2729500.0,1.0,9.0,2.0,8.5,983.0,160.0,2.6,7.0,6.3,87.0,0.0,0.0,325.0,-343.0,1.0
3968500,2729500.0,1.0,9.0,3.0,8.2,983.0,149.0,2.4,7.0,6.5,92.0,0.0,0.0,325.0,-342.0,1.0
3968500,2729500.0,1.0,9.0,4.0,8.2,983.0,152.0,2.6,7.0,6.6,95.0,0.0,0.0,325.0,-341.0,1.0
3968500,2729500.0,1.0,9.0,5.0,8.8,982.0,152.0,2.6,7.0,6.8,95.0,0.0,0.0,326.0,-339.0,1.0
3968500,2729500.0,1.0,9.0,6.0,8.6,982.0,154.0,2.9,7.0,6.8,94.0,0.0,0.0,325.0,-337.0,1.0
3968500,2729500.0,1.0,9.0,7.0,7.1,982.0,220.0,2.9,8.0,6.3,92.0,0.0,0.0,328.0,-335.0,1.0
3968500,2729500.0,1.0,9.0,8.0,6.3,981.0,2.0,2.0,8.0,5.7,90.0,0.0,0.0,329.0,-333.0,1.0
3968500,2729500.0,1.0,9.0,9.0,5.2,983.0,19.0,1.7,8.0,5.4,92.0,0.0,0.0,324.0,-331.0,1.0
3968500,2729500.0,1.0,9.0,10.0,4.8,984.0,155.0,1.1,8.0,5.3,94.0,0.0,23.0,320.0,-329.0,1.0
3968500,2729500.0,1.0,9.0,11.0,4.2,985.0,151.0,1.3,7.0,5.0,94.0,0.0,31.0,310.0,-331.0,1.0
3968500,2729500.0,1.0,9.0,12.0,4.1,986.0,167.0,1.7,7.0,4.8,92.0,0.0,40.0,299.0,-334.0,1.0
3968500,2729500.0,1.0,9.0,13.0,4.6,987.0,163.0,1.9,7.0,4.8,91.0,3.0,84.0,299.0,-338.0,1.0
3968500,2729500.0,1.0,9.0,14.0,4.6,987.0,170.0,2.0,7.0,4.8,89.0,14.0,80.0,299.0,-340.0,1.0
3968500,2729500.0,1.0,9.0,15.0,4.3,988.0,181.0,1.9,7.0,4.7,87.0,10.0,57.0,298.0,-340.0,1.0
3968500,2729500.0,1.0,9.0,16.0,3.4,989.0,179.0,2.2,7.0,4.5,87.0,7.0,24.0,296.0,-338.0,1.0
3968500,2729500.0,1.0,9.0,17.0,2.2,989.0,164.0,1.3,7.0,4.3,91.0,0.0,0.0,293.0,-332.0,1.0
3968500,2729500.0,1.0,9.0,18.0,0.8,990.0,168.0,1.3,7.0,4.1,95.0,0.0,0.0,288.0,-327.0,1.0
3968500,2729500.0,1.0,9.0,19.0,0.6,991.0,167.0,1.6,7.0,3.9,96.0,0.0,0.0,286.0,-321.0,1.0
3968500,2729500.0,1.0,9.0,20.0,0.1,992.0,166.0,1.5,7.0,3.8,97.0,0.0,0.0,285.0,-318.0,1.0
3968500,2729500.0,1.0,9.0,21.0,-0.3,993.0,262.0,1.9,5.0,3.7,98.0,0.0,0.0,273.0,-317.0,1.0
3968500,2729500.0,1.0,9.0,22.0,-0.5,994.0,136.0,1.9,2.0,3.7,98.0,0.0,0.0,244.0,-316.0,1.0
3968500,2729500.0,1.0,9.0,23.0,-0.8,995.0,110.0,2.3,1.0,3.6,98.0,0.0,0.0,221.0,-315.0,1.0
3968500,2729500.0,1.0,9.0,24.0,-0.6,995.0,252.0,2.4,0.0,3.6,98.0,0.0,0.0,209.0,-313.0,1.0
3968500,2729500.0,1.0,10.0,1.0,-1.3,995.0,247.0,1.8,4.0,3.5,98.0,0.0,0.0,225.0,-311.0,1.0
3968500,2729500.0,1.0,10.0,2.0,-1.3,996.0,185.0,1.9,5.0,3.4,98.0,0.0,0.0,250.0,-310.0,1.0
3968500,2729500.0,1.0,10.0,3.0,-2.0,996.0,147.0,1.6,6.0,3.3,97.0,0.0,0.0,259.0,-310.0,1.0
3968500,2729500.0,1.0,10.0,4.0,-2.1,997.0,156.0,1.6,7.0,3.3,100.0,0.0,0.0,269.0,-310.0,1.0
3968500,2729500.0,1.0,10.0,5.0,-2.1,997.0,152.0,1.9,6.0,3.3,100.0,0.0,0.0,269.0,-309.0,1.0
3968500,2729500.0,1.0,10.0,6.0,-2.1,997.0,159.0,1.9,7.0,3.3,100.0,0.0,0.0,269.0,-308.0,1.0
3968500,2729500.0,1.0,10.0,7.0,-2.1,998.0,153.0,2.0,8.0,3.3,99.0,0.0,0.0,280.0,-307.0,1.0
3968500,2729500.0,1.0,10.0,8.0,-2.2,998.0,153.0,2.1,8.0,3.2,99.0,0.0,0.0,285.0,-306.0,1.0
3968500,2729500.0,1.0,10.0,9.0,-2.5,999.0,153.0,2.1,8.0,3.2,99.0,0.0,7.0,286.0,-305.0,1.0
3968500,2729500.0,1.0,10.0,10.0,-2.2,999.0,152.0,2.5,8.0,3.2,100.0,9.0,41.0,289.0,-304.0,1.0
3968500,2729500.0,1.0,10.0,11.0,-1.7,1000.0,146.0,2.3,7.0,3.3,99.0,7.0,75.0,286.0,-306.0,1.0
3968500,2729500.0,1.0,10.0,12.0,-1.6,1000.0,157.0,2.4,7.0,3.4,98.0,2.0,85.0,281.0,-310.0,1.0
3968500,2729500.0,1.0,10.0,13.0,-1.6,999.0,160.0,2.2,8.0,3.4,98.0,1.0,88.0,287.0,-314.0,1.0
3968500,2729500.0,1.0,10.0,14.0,-1.4,999.0,149.0,2.1,7.0,3.4,98.0,8.0,98.0,287.0,-316.0,1.0
3968500,2729500.0,1.0,10.0,15.0,-1.2,998.0,147.0,2.3,7.0,3.5,99.0,12.0,77.0,281.0,-316.0,1.0
3968500,2729500.0,1.0,10.0,16.0,-1.0,998.0,154.0,2.6,8.0,3.5,99.0,2.0,31.0,285.0,-316.0,1.0
3968500,2729500.0,1.0,10.0,17.0,-1.2,998.0,149.0,2.9,8.0,3.5,99.0,0.0,0.0,288.0,-313.0,1.0
3968500,2729500.0,1.0,10.0,18.0,-1.2,998.0,145.0,2.1,8.0,3.5,99.0,0.0,0.0,286.0,-309.0,1.0
3968500,2729500.0,1.0,10.0,19.0,-1.4,997.0,160.0,2.7,8.0,3.4,98.0,0.0,0.0,284.0,-306.0,1.0
3968500,2729500.0,1.0,10.0,20.0,-1.3,997.0,150.0,2.4,8.0,3.4,98.0,0.0,0.0,284.0,-303.0,1.0
3968500,2729500.0,1.0,10.0,21.0,-1.4,997.0,150.0,2.1,8.0,3.5,99.0,0.0,0.0,284.0,-300.0,1.0
3968500,2729500.0,1.0,10.0,22.0,-1.3,996.0,146.0,2.8,8.0,3.5,99.0,0.0,0.0,284.0,-298.0,1.0
3968500,2729500.0,1.0,10.0,23.0,-1.4,996.0,133.0,3.2,8.0,3.4,97.0,0.0,0.0,282.0,-295.0,1.0
3968500,2729500.0,1.0,10.0,24.0,-1.4,995.0,149.0,3.1,8.0,3.3,95.0,0.0,0.0,279.0,-294.0,1.0
3968500,2729500.0,1.0,11.0,1.0,-1.5,994.0,157.0,2.9,8.0,3.3,94.0,0.0,0.0,275.0,-293.0,1.0
3968500,2729500.0,1.0,11.0,2.0,-1.9,994.0,147.0,3.6,8.0,3.2,93.0,0.0,0.0,273.0,-292.0,1.0
3968500,2729500.0,1.0,11.0,3.0,-2.1,993.0,154.0,3.9,8.0,3.1,92.0,0.0,0.0,272.0,-291.0,1.0
3968500,2729500.0,1.0,11.0,4.0,-2.0,992.0,128.0,3.9,8.0,3.0,92.0,0.0,0.0,272.0,-291.0,1.0
3968500,2729500.0,1.0,11.0,5.0,-1.8,992.0,119.0,3.6,7.0,3.1,91.0,0.0,0.0,268.0,-290.0,1.0
3968500,2729500.0,1.0,11.0,6.0,-1.6,991.0,167.0,3.3,8.0,3.2,92.0,0.0,0.0,268.0,-289.0,1.0
3968500,2729500.0,1.0,11.0,7.0,-1.2,990.0,153.0,2.9,8.0,3.3,95.0,0.0,0.0,276.0,-288.0,1.0
3968500,2729500.0,1.0,11.0,8.0,-0.6,989.0,151.0,2.4,8.0,3.5,96.0,0.0,0.0,277.0,-286.0,1.0
3968500,2729500.0,1.0,11.0,9.0,0.2,988.0,109.0,3.5,8.0,3.6,95.0,0.0,5.0,281.0,-285.0,1.0
3968500,2729500.0,1.0,11.0,10.0,0.7,988.0,99.0,3.1,8.0,3.7,92.0,3.0,38.0,284.0,-288.0,1.0
3968500,2729500.0,1.0,11.0,11.0,1.6,987.0,124.0,3.2,7.0,3.8,89.0,2.0,63.0,281.0,-297.0,1.0
3968500,2729500.0,1.0,11.0,12.0,2.0,986.0,111.0,3.4,7.0,3.8,86.0,0.0,64.0,278.0,-306.0,1.0
3968500,2729500.0,1.0,11.0,13.0,2.4,985.0,193.0,3.4,7.0,3.9,85.0,0.0,45.0,279.0,-311.0,1.0
3968500,2729500.0,1.0,11.0,14.0,2.4,984.0,306.0,4.0,8.0,3.9,84.0,0.0,35.0,288.0,-314.0,1.0
3968500,2729500.0,1.0,11.0,15.0,2.3,984.0,123.0,3.8,8.0,4.0,86.0,0.0,36.0,296.0,-316.0,1.0
3968500,2729500.0,1.0,11.0,16.0,2.4,983.0,155.0,3.6,8.0,4.0,86.0,10.0,37.0,299.0,-316.0,1.0
3968500,2729500.0,1.0,11.0,17.0,2.4,983.0,173.0,3.1,8.0,4.1,87.0,0.0,0.0,301.0,-316.0,1.0
3968500,2729500.0,1.0,11.0,18.0,2.6,983.0,169.0,3.5,8.0,4.2,89.0,0.0,0.0,304.0,-315.0,1.0
3968500,2729500.0,1.0,11.0,19.0,2.7,984.0,178.0,4.0,8.0,4.3,90.0,0.0,0.0,307.0,-314.0,1.0
3968500,2729500.0,1.0,11.0,20.0,2.9,984.0,171.0,3.6,8.0,4.4,91.0,0.0,0.0,309.0,-312.0,1.0
3968500,2729500.0,1.0,11.0,21.0,3.2,984.0,165.0,3.8,8.0,4.5,92.0,0.0,0.0,312.0,-312.0,1.0
3968500,2729500.0,1.0,11.0,22.0,3.4,985.0,168.0,3.6,8.0,4.5,92.0,0.0,0.0,313.0,-311.0,1.0
3968500,2729500.0,1.0,11.0,23.0,3.3,985.0,154.0,3.6,7.0,4.6,92.0,0.0,0.0,306.0,-310.0,1.0
3968500,2729500.0,1.0,11.0,24.0,3.2,986.0,149.0,2.5,7.0,4.5,92.0,0.0,0.0,299.0,-310.0,1.0
3968500,2729500.0,1.0,12.0,1.0,3.5,986.0,154.0,3.3,7.0,4.6,92.0,0.0,0.0,297.0,-310.0,1.0
3968500,2729500.0,1.0,12.0,2.0,4.1,987.0,195.0,3.4,7.0,4.7,92.0,0.0,0.0,300.0,-311.0,1.0
3968500,2729500.0,1.0,12.0,3.0,4.0,987.0,222.0,3.2,7.0,4.8,92.0,0.0,0.0,302.0,-313.0,1.0
3968500,2729500.0,1.0,12.0,4.0,4.3,988.0,258.0,3.9,7.0,4.8,92.0,0.0,0.0,302.0,-313.0,1.0
3968500,2729500.0,1.0,12.0,5.0,3.7,989.0,246.0,3.6,8.0,4.7,90.0,0.0,0.0,306.0,-314.0,1.0
3968500,2729500.0,1.0,12.0,6.0,3.1,991.0,265.0,3.0,8.0,4.5,90.0,0.0,0.0,311.0,-314.0,1.0
3968500,2729500.0,1.0,12.0,7.0,2.4,991.0,236.0,2.0,8.0,4.3,92.0,0.0,0.0,310.0,-314.0,1.0
3968500,2729500.0,1.0,12.0,8.0,1.9,992.0,225.0,2.3,8.0,4.2,93.0,0.0,0.0,310.0,-314.0,1.0
3968500,2729500.0,1.0,12.0,9.0,2.1,993.0,163.0,2.4,8.0,4.2,94.0,5.0,6.0,311.0,-314.0,1.0
3968500,2729500.0,1.0,12.0,10.0,2.5,994.0,198.0,2.9,7.0,4.3,94.0,5.0,31.0,308.0,-315.0,1.0
3968500,2729500.0,1.0,12.0,11.0,3.1,994.0,217.0,3.6,8.0,4.3,92.0,0.0,57.0,310.0,-316.0,1.0
3968500,2729500.0,1.0,12.0,12.0,3.9,994.0,205.0,3.6,7.0,4.4,88.0,5.0,74.0,313.0,-317.0,1.0
3968500,2729500.0,1.0,12.0,13.0,3.9,994.0,199.0,3.4,8.0,4.4,85.0,0.0,56.0,315.0,-317.0,1.0
3968500,2729500.0,1.0,12.0,14.0,3.9,993.0,168.0,3.4,8.0,4.3,83.0,0.0,41.0,322.0,-317.0,1.0
3968500,2729500.0,1.0,12.0,15.0,3.0,993.0,156.0,3.2,7.0,4.3,86.0,0.0,22.0,317.0,-317.0,1.0
3968500,2729500.0,1.0,12.0,16.0,2.9,992.0,149.0,3.1,7.0,4.4,92.0,0.0,11.0,312.0,-318.0,1.0
3968500,2729500.0,1.0,12.0,17.0,3.1,991.0,164.0,3.3,7.0,4.5,94.0,0.0,0.0,312.0,-319.0,1.0
3968500,2729500.0,1.0,12.0,18.0,3.4,990.0,167.0,5.0,7.0,4.6,94.0,0.0,0.0,313.0,-320.0,1.0
3968500,2729500.0,1.0,12.0,19.0,3.5,989.0,161.0,4.4,8.0,4.7,95.0,0.0,0.0,321.0,-320.0,1.0
3968500,2729500.0,1.0,12.0,20.0,3.8,988.0,159.0,4.6,8.0,4.9,96.0,0.0,0.0,330.0,-321.0,1.0
3968500,2729500.0,1.0,12.0,21.0,4.0,988.0,155.0,4.0,7.0,5.0,97.0,0.0,0.0,323.0,-321.0,1.0
3968500,2729500.0,1.0,12.0,22.0,4.3,987.0,162.0,4.5,8.0,5.1,97.0,0.0,0.0,324.0,-321.0,1.0
3968500,2729500.0,1.0,12.0,23.0,4.3,987.0,169.0,4.0,8.0,5.2,97.0,0.0,0.0,333.0,-321.0,1.0
3968500,2729500.0,1.0,12.0,24.0,4.7,987.0,169.0,4.1,8.0,5.3,99.0,0.0,0.0,334.0,-322.0,1.0
3968500,2729500.0,1.0,13.0,1.0,4.9,986.0,178.0,3.8,8.0,5.4,98.0,0.0,0.0,336.0,-322.0,1.0
3968500,2729500.0,1.0,13.0,2.0,5.2,986.0,176.0,3.5,8.0,5.4,97.0,0.0,0.0,337.0,-322.0,1.0
3968500,2729500.0,1.0,13.0,3.0,5.5,986.0,160.0,2.5,7.0,5.5,96.0,0.0,0.0,328.0,-322.0,1.0
3968500,2729500.0,1.0,13.0,4.0,5.4,986.0,150.0,2.6,8.0,5.6,98.0,0.0,0.0,328.0,-323.0,1.0
3968500,2729500.0,1.0,13.0,5.0,5.4,986.0,137.0,2.6,8.0,5.7,100.0,0.0,0.0,338.0,-325.0,1.0
3968500,2729500.0,1.0,13.0,6.0,5.7,986.0,136.0,2.3,8.0,5.7,99.0,0.0,0.0,337.0,-327.0,1.0
3968500,2729500.0,1.0,13.0,7.0,5.6,986.0,152.0,2.2,8.0,5.8,99.0,0.0,0.0,338.0,-328.0,1.0
3968500,2729500.0,1.0,13.0,8.0,5.8,987.0,161.0,1.9,8.0,5.8,99.0,0.0,0.0,337.0,-328.0,1.0
3968500,2729500.0,1.0,13.0,9.0,6.1,987.0,142.0,1.9,8.0,5.9,98.0,0.0,3.0,338.0,-328.0,1.0
3968500,2729500.0,1.0,13.0,10.0,6.7,987.0,155.0,1.8,7.0,6.1,99.0,0.0,18.0,329.0,-329.0,1.0
3968500,2729500.0,1.0,13.0,11.0,7.2,987.0,153.0,2.2,7.0,6.3,99.0,0.0,20.0,322.0,-330.0,1.0
3968500,2729500.0,1.0,13.0,12.0,7.7,987.0,151.0,2.1,8.0,6.5,99.0,0.0,24.0,333.0,-331.0,1.0
3968500,2729500.0,1.0,13.0,13.0,8.4,987.0,157.0,2.1,7.0,6.8,98.0,0.0,62.0,334.0,-332.0,1.0
3968500,2729500.0,1.0,13.0,14.0,9.1,987.0,155.0,1.8,7.0,7.1,98.0,0.0,61.0,329.0,-333.0,1.0
3968500,2729500.0,1.0,13.0,15.0,9.2,986.0,151.0,2.3,8.0,7.2,97.0,0.0,22.0,339.0,-333.0,1.0
3968500,2729500.0,1.0,13.0,16.0,9.6,986.0,152.0,1.9,8.0,7.5,99.0,0.0,8.0,349.0,-334.0,1.0
3968500,2729500.0,1.0,13.0,17.0,9.2,986.0,161.0,2.3,7.0,7.5,99.0,0.0,0.0,341.0,-335.0,1.0
3968500,2729500.0,1.0,13.0,18.0,9.3,986.0,164.0,2.3,8.0,7.3,97.0,0.0,0.0,341.0,-336.0,1.0
3968500,2729500.0,1.0,13.0,19.0,9.5,987.0,184.0,2.7,8.0,7.3,97.0,0.0,0.0,350.0,-337.0,1.0
3968500,2729500.0,1.0,13.0,20.0,9.5,987.0,194.0,2.9,8.0,7.4,97.0,0.0,0.0,351.0,-338.0,1.0
3968500,2729500.0,1.0,13.0,21.0,9.4,988.0,158.0,3.1,8.0,7.3,97.0,0.0,0.0,351.0,-339.0,1.0
3968500,2729500.0,1.0,13.0,22.0,9.3,988.0,169.0,2.6,8.0,7.3,97.0,0.0,0.0,351.0,-339.0,1.0
3968500,2729500.0,1.0,13.0,23.0,8.9,989.0,161.0,2.1,8.0,7.3,98.0,0.0,0.0,349.0,-339.0,1.0
3968500,2729500.0,1.0,13.0,24.0,9.2,989.0,161.0,2.3,8.0,7.2,98.0,0.0,0.0,349.0,-340.0,1.0
3968500,2729500.0,1.0,14.0,1.0,9.2,989.0,170.0,2.5,8.0,7.2,97.0,0.0,0.0,351.0,-342.0,1.0
3968500,2729500.0,1.0,14.0,2.0,9.2,988.0,164.0,2.8,8.0,7.2,97.0,0.0,0.0,351.0,-344.0,1.0
3968500,2729500.0,1.0,14.0,3.0,9.7,988.0,156.0,3.2,8.0,7.5,99.0,0.0,0.0,352.0,-344.0,1.0
3968500,2729500.0,1.0,14.0,4.0,10.0,988.0,155.0,3.6,8.0,7.7,99.0,0.0,0.0,353.0,-345.0,1.0
3968500,2729500.0,1.0,14.0,5.0,10.4,988.0,167.0,3.1,7.0,7.8,98.0,0.0,0.0,345.0,-345.0,1.0
3968500,2729500.0,1.0,14.0,6.0,10.4,988.0,170.0,3.6,7.0,7.8,97.0,0.0,0.0,338.0,-345.0,1.0
3968500,2729500.0,1.0,14.0,7.0,10.6,989.0,194.0,3.8,8.0,7.9,97.0,0.0,0.0,347.0,-346.0,1.0
3968500,2729500.0,1.0,14.0,8.0,10.4,989.0,192.0,3.9,8.0,7.8,96.0,0.0,0.0,354.0,-348.0,1.0
3968500,2729500.0,1.0,14.0,9.0,10.4,989.0,203.0,3.9,8.0,7.7,95.0,0.0,1.0,354.0,-349.0,1.0
3968500,2729500.0,1.0,14.0,10.0,10.8,990.0,215.0,3.6,7.0,7.6,93.0,0.0,34.0,347.0,-352.0,1.0
3968500,2729500.0,1.0,14.0,11.0,11.0,990.0,216.0,4.4,7.0,7.3,88.0,1.0,68.0,341.0,-354.0,1.0
3968500,2729500.0,1.0,14.0,12.0,11.4,990.0,179.0,3.9,8.0,7.2,84.0,0.0,50.0,348.0,-355.0,1.0
3968500,2729500.0,1.0,14.0,13.0,11.1,990.0,212.0,4.5,7.0,7.0,83.0,0.0,68.0,348.0,-355.0,1.0
3968500,2729500.0,1.0,14.0,14.0,10.8,990.0,206.0,4.5,8.0,7.0,83.0,0.0,47.0,346.0,-355.0,1.0
3968500,2729500.0,1.0,14.0,15.0,10.6,990.0,208.0,4.6,8.0,7.0,85.0,0.0,26.0,348.0,-354.0,1.0
3968500,2729500.0,1.0,14.0,16.0,10.2,989.0,200.0,5.0,7.0,7.0,87.0,0.0,8.0,341.0,-354.0,1.0
3968500,2729500.0,1.0,14.0,17.0,10.0,990.0,180.0,5.4,7.0,7.0,89.0,0.0,0.0,334.0,-353.0,1.0
3968500,2729500.0,1.0,14.0,18.0,9.7,989.0,180.0,5.6,7.0,7.1,91.0,0.0,0.0,332.0,-352.0,1.0
3968500,2729500.0,1.0,14.0,19.0,10.2,989.0,179.0,5.8,8.0,7.0,89.0,0.0,0.0,336.0,-352.0,1.0
3968500,2729500.0,1.0,14.0,20.0,10.0,989.0,193.0,4.6,7.0,6.6,84.0,0.0,0.0,337.0,-352.0,1.0
3968500,2729500.0,1.0,14.0,21.0,10.0,989.0,184.0,3.9,7.0,6.3,81.0,0.0,0.0,332.0,-353.0,1.0
3968500,2729500.0,1.0,14.0,22.0,9.6,989.0,200.0,3.4,8.0,6.2,80.0,0.0,0.0,337.0,-353.0,1.0
3968500,2729500.0,1.0,14.0,23.0,9.1,989.0,184.0,4.0,8.0,6.2,83.0,0.0,0.0,341.0,-353.0,1.0
3968500,2729500.0,1.0,14.0,24.0,9.0,989.0,230.0,4.3,8.0,6.4,86.0,0.0,0.0,341.0,-352.0,1.0
3968500,2729500.0,1.0,15.0,1.0,8.1,988.0,266.0,4.0,8.0,6.2,88.0,0.0,0.0,340.0,-351.0,1.0
3968500,2729500.0,1.0,15.0,2.0,7.4,989.0,244.0,3.8,8.0,5.9,88.0,0.0,0.0,337.0,-350.0,1.0
3968500,2729500.0,1.0,15.0,3.0,8.0,990.0,232.0,2.9,7.0,5.9,88.0,0.0,0.0,328.0,-348.0,1.0
3968500,2729500.0,1.0,15.0,4.0,7.7,991.0,227.0,3.3,7.0,5.9,87.0,0.0,0.0,319.0,-347.0,1.0
3968500,2729500.0,1.0,15.0,5.0,7.1,992.0,215.0,3.4,7.0,5.7,87.0,0.0,0.0,316.0,-344.0,1.0
3968500,2729500.0,1.0,15.0,6.0,7.1,993.0,174.0,3.4,7.0,5.7,89.0,0.0,0.0,315.0,-342.0,1.0
3968500,2729500.0,1.0,15.0,7.0,6.8,994.0,170.0,3.3,8.0,5.7,90.0,0.0,0.0,322.0,-340.0,1.0
3968500,2729500.0,1.0,15.0,8.0,6.4,995.0,182.0,3.5,8.0,5.5,89.0,0.0,0.0,328.0,-339.0,1.0
3968500,2729500.0,1.0,15.0,9.0,5.9,996.0,185.0,3.5,6.0,5.4,90.0,0.0,6.0,312.0,-338.0,1.0
3968500,2729500.0,1.0,15.0,10.0,6.9,997.0,194.0,4.1,5.0,5.4,90.0,12.0,53.0,291.0,-337.0,1.0
3968500,2729500.0,1.0,15.0,11.0,8.1,998.0,165.0,4.4,5.0,5.7,86.0,13.0,92.0,285.0,-338.0,1.0
3968500,2729500.0,1.0,15.0,12.0,8.7,998.0,198.0,4.7,7.0,5.7,81.0,0.0,63.0,301.0,-342.0,1.0
3968500,2729500.0,1.0,15.0,13.0,8.8,999.0,174.0,4.5,8.0,5.6,78.0,0.0,42.0,323.0,-346.0,1.0
3968500,2729500.0,1.0,15.0,14.0,8.9,999.0,177.0,4.6,7.0,5.5,76.0,0.0,57.0,323.0,-349.0,1.0
3968500,2729500.0,1.0,15.0,15.0,8.8,998.0,173.0,3.7,7.0,5.4,75.0,3.0,71.0,318.0,-350.0,1.0
3968500,2729500.0,1.0,15.0,16.0,8.3,999.0,171.0,4.1,8.0,5.5,78.0,1.0,37.0,326.0,-349.0,1.0
3968500,2729500.0,1.0,15.0,17.0,8.2,998.0,182.0,4.3,7.0,5.6,81.0,0.0,1.0,326.0,-347.0,1.0
3968500,2729500.0,1.0,15.0,18.0,8.3,999.0,168.0,5.0,8.0,5.6,81.0,0.0,0.0,327.0,-345.0,1.0
3968500,2729500.0,1.0,15.0,19.0,8.2,999.0,177.0,5.0,8.0,5.5,80.0,0.0,0.0,335.0,-345.0,1.0
3968500,2729500.0,1.0,15.0,20.0,8.2,999.0,173.0,4.6,7.0,5.4,79.0,0.0,0.0,330.0,-344.0,1.0
3968500,2729500.0,1.0,15.0,21.0,7.7,1000.0,170.0,3.8,7.0,5.4,80.0,0.0,0.0,325.0,-344.0,1.0
3968500,2729500.0,1.0,15.0,22.0,7.2,1000.0,168.0,3.8,7.0,5.3,82.0,0.0,0.0,326.0,-344.0,1.0
3968500,2729500.0,1.0,15.0,23.0,7.3,1000.0,174.0,4.4,7.0,5.3,83.0,0.0,0.0,326.0,-344.0,1.0
3968500,2729500.0,1.0,15.0,24.0,7.4,1000.0,159.0,3.5,8.0,5.3,82.0,0.0,0.0,331.0,-344.0,1.0
3968500,2729500.0,1.0,16.0,1.0,7.2,1000.0,166.0,3.7,7.0,5.3,82.0,0.0,0.0,330.0,-344.0,1.0
3968500,2729500.0,1.0,16.0,2.0,6.7,1000.0,149.0,3.5,7.0,5.2,83.0,0.0,0.0,323.0,-344.0,1.0
3968500,2729500.0,1.0,16.0,3.0,6.0,1000.0,187.0,3.4,7.0,5.1,85.0,0.0,0.0,321.0,-344.0,1.0
3968500,2729500.0,1.0,16.0,4.0,5.0,1001.0,184.0,3.2,5.0,5.0,88.0,0.0,0.0,309.0,-345.0,1.0
3968500,2729500.0,1.0,16.0,5.0,5.0,1001.0,138.0,3.1,5.0,5.0,90.0,0.0,0.0,300.0,-346.0,1.0
3968500,2729500.0,1.0,16.0,6.0,4.9,1001.0,159.0,2.9,7.0,5.0,91.0,0.0,0.0,309.0,-346.0,1.0
3968500,2729500.0,1.0,16.0,7.0,4.7,1001.0,152.0,3.1,5.0,5.0,92.0,0.0,0.0,307.0,-347.0,1.0
3968500,2729500.0,1.0,16.0,8.0,5.7,1001.0,164.0,3.4,6.0,5.1,91.0,0.0,0.0,305.0,-347.0,1.0
3968500,2729500.0,1.0,16.0,9.0,5.1,1002.0,173.0,3.7,5.0,5.1,90.0,4.0,11.0,305.0,-347.0,1.0
3968500,2729500.0,1.0,16.0,10.0,6.1,1002.0,173.0,4.6,3.0,5.0,88.0,62.0,42.0,293.0,-348.0,1.0
3968500,2729500.0,1.0,16.0,11.0,7.4,1002.0,179.0,5.5,2.0,5.2,84.0,95.0,78.0,283.0,-349.0,1.0
3968500,2729500.0,1.0,16.0,12.0,8.2,1002.0,166.0,6.7,2.0,5.4,81.0,144.0,90.0,283.0,-352.0,1.0
3968500,2729500.0,1.0,16.0,13.0,9.6,1001.0,178.0,5.9,2.0,5.6,78.0,218.0,71.0,285.0,-354.0,1.0
3968500,2729500.0,1.0,16.0,14.0,9.6,1001.0,173.0,5.1,3.0,5.7,75.0,134.0,92.0,290.0,-355.0,1.0
3968500,2729500.0,1.0,16.0,15.0,8.6,1001.0,164.0,4.4,5.0,5.7,78.0,52.0,86.0,300.0,-353.0,1.0
3968500,2729500.0,1.0,16.0,16.0,8.2,1001.0,165.0,4.7,6.0,5.7,82.0,1.0,35.0,310.0,-351.0,1.0
3968500,2729500.0,1.0,16.0,17.0,8.1,1001.0,161.0,4.0,7.0,5.7,83.0,0.0,1.0,317.0,-347.0,1.0
3968500,2729500.0,1.0,16.0,18.0,7.9,1001.0,165.0,3.3,7.0,5.7,84.0,0.0,0.0,319.0,-342.0,1.0
3968500,2729500.0,1.0,16.0,19.0,7.2,1002.0,185.0,2.8,7.0,5.6,85.0,0.0,0.0,312.0,-339.0,1.0
3968500,2729500.0,1.0,16.0,20.0,5.7,1002.0,213.0,2.6,6.0,5.3,88.0,0.0,0.0,299.0,-336.0,1.0
3968500,2729500.0,1.0,16.0,21.0,5.4,1002.0,136.0,3.0,5.0,5.2,91.0,0.0,0.0,285.0,-333.0,1.0
3968500,2729500.0,1.0,16.0,22.0,4.4,1002.0,143.0,3.4,4.0,5.0,93.0,0.0,0.0,274.0,-331.0,1.0
3968500,2729500.0,1.0,16.0,23.0,3.3,1001.0,141.0,3.2,2.0,4.8,96.0,0.0,0.0,260.0,-329.0,1.0
3968500,2729500.0,1.0,16.0,24.0,3.6,1002.0,150.0,4.1,2.0,4.8,98.0,0.0,0.0,251.0,-327.0,1.0
3968500,2729500.0,1.0,17.0,1.0,3.7,1002.0,136.0,3.2,1.0,4.9,99.0,0.0,0.0,248.0,-325.0,1.0
3968500,2729500.0,1.0,17.0,2.0,2.9,1002.0,140.0,3.2,1.0,4.8,100.0,0.0,0.0,246.0,-323.0,1.0
3968500,2729500.0,1.0,17.0,3.0,2.5,1002.0,143.0,3.3,2.0,4.7,100.0,0.0,0.0,250.0,-322.0,1.0
3968500,2729500.0,1.0,17.0,4.0,3.6,1002.0,138.0,3.6,4.0,4.7,99.0,0.0,0.0,262.0,-322.0,1.0
3968500,2729500.0,1.0,17.0,5.0,3.2,1002.0,144.0,3.2,5.0,4.8,98.0,0.0,0.0,271.0,-322.0,1.0
3968500,2729500.0,1.0,17.0,6.0,3.2,1001.0,140.0,2.5,6.0,4.8,99.0,0.0,0.0,277.0,-322.0,1.0
3968500,2729500.0,1.0,17.0,7.0,3.1,1001.0,134.0,2.7,8.0,4.8,100.0,0.0,0.0,286.0,-322.0,1.0
3968500,2729500.0,1.0,17.0,8.0,3.2,1001.0,138.0,2.8,8.0,4.8,100.0,0.0,0.0,294.0,-323.0,1.0
3968500,2729500.0,1.0,17.0,9.0,3.5,1001.0,142.0,2.4,6.0,4.8,99.0,0.0,5.0,290.0,-322.0,1.0
3968500,2729500.0,1.0,17.0,10.0,2.8,1001.0,137.0,2.7,7.0,4.8,99.0,1.0,38.0,286.0,-323.0,1.0
3968500,2729500.0,1.0,17.0,11.0,3.2,1001.0,149.0,3.2,8.0,4.7,99.0,0.0,57.0,296.0,-326.0,1.0
3968500,2729500.0,1.0,17.0,12.0,3.5,1001.0,147.0,3.0,8.0,4.8,99.0,0.0,78.0,303.0,-332.0,1.0
3968500,2729500.0,1.0,17.0,13.0,4.0,1001.0,144.0,1.8,8.0,4.9,98.0,3.0,94.0,306.0,-338.0,1.0
3968500,2729500.0,1.0,17.0,14.0,4.4,1001.0,152.0,2.5,8.0,5.0,96.0,8.0,96.0,307.0,-342.0,1.0
3968500,2729500.0,1.0,17.0,15.0,4.7,1000.0,167.0,2.9,8.0,5.0,94.0,47.0,73.0,308.0,-344.0,1.0
3968500,2729500.0,1.0,17.0,16.0,4.7,1000.0,163.0,3.6,8.0,5.0,92.0,70.0,20.0,308.0,-343.0,1.0
3968500,2729500.0,1.0,17.0,17.0,4.0,1000.0,148.0,3.8,7.0,4.9,93.0,0.0,9.0,301.0,-340.0,1.0
3968500,2729500.0,1.0,17.0,18.0,3.4,1000.0,154.0,4.2,5.0,4.7,94.0,0.0,0.0,284.0,-338.0,1.0
3968500,2729500.0,1.0,17.0,19.0,3.7,999.0,155.0,4.3,7.0,4.7,95.0,0.0,0.0,283.0,-337.0,1.0
3968500,2729500.0,1.0,17.0,20.0,3.5,999.0,157.0,4.3,8.0,4.7,95.0,0.0,0.0,301.0,-337.0,1.0
3968500,2729500.0,1.0,17.0,21.0,3.7,999.0,161.0,3.3,8.0,4.7,95.0,0.0,0.0,308.0,-336.0,1.0
3968500,2729500.0,1.0,17.0,22.0,3.8,999.0,146.0,4.4,7.0,4.8,96.0,0.0,0.0,304.0,-334.0,1.0
3968500,2729500.0,1.0,17.0,23.0,4.4,999.0,145.0,4.2,7.0,4.9,94.0,0.0,0.0,300.0,-333.0,1.0
3968500,2729500.0,1.0,17.0,24.0,4.9,999.0,162.0,4.7,7.0,5.0,93.0,0.0,0.0,302.0,-333.0,1.0
3968500,2729500.0,1.0,18.0,1.0,5.1,999.0,164.0,3.2,7.0,5.1,93.0,0.0,0.0,303.0,-334.0,1.0
3968500,2729500.0,1.0,18.0,2.0,5.2,999.0,170.0,3.2,7.0,5.1,93.0,0.0,0.0,305.0,-334.0,1.0
3968500,2729500.0,1.0,18.0,3.0,5.3,999.0,163.0,3.1,7.0,5.2,93.0,0.0,0.0,305.0,-335.0,1.0
3968500,2729500.0,1.0,18.0,4.0,6.0,999.0,174.0,3.3,8.0,5.3,92.0,0.0,0.0,315.0,-334.0,1.0
3968500,2729500.0,1.0,18.0,5.0,6.0,999.0,189.0,3.8,8.0,5.4,91.0,0.0,0.0,324.0,-333.0,1.0
3968500,2729500.0,1.0,18.0,6.0,6.2,999.0,182.0,3.9,8.0,5.4,91.0,0.0,0.0,325.0,-333.0,1.0
3968500,2729500.0,1.0,18.0,7.0,5.8,999.0,180.0,3.5,8.0,5.4,91.0,0.0,0.0,324.0,-333.0,1.0
3968500,2729500.0,1.0,18.0,8.0,5.8,999.0,158.0,2.5,8.0,5.3,91.0,0.0,0.0,323.0,-333.0,1.0
3968500,2729500.0,1.0,18.0,9.0,5.9,999.0,140.0,1.7,8.0,5.4,92.0,0.0,4.0,323.0,-333.0,1.0
3968500,2729500.0,1.0,18.0,10.0,5.9,999.0,145.0,3.1,7.0,5.4,92.0,0.0,39.0,314.0,-334.0,1.0
3968500,2729500.0,1.0,18.0,11.0,6.5,999.0,179.0,3.4,7.0,5.5,91.0,0.0,59.0,306.0,-337.0,1.0
3968500,2729500.0,1.0,18.0,12.0,6.7,999.0,166.0,3.7,6.0,5.5,90.0,15.0,88.0,300.0,-340.0,1.0
3968500,2729500.0,1.0,18.0,13.0,7.5,999.0,163.0,3.4,7.0,5.5,87.0,0.0,55.0,300.0,-342.0,1.0
3968500,2729500.0,1.0,18.0,14.0,7.9,999.0,164.0,3.4,7.0,5.6,84.0,0.0,43.0,309.0,-344.0,1.0
3968500,2729500.0,1.0,18.0,15.0,7.9,998.0,171.0,3.0,8.0,5.6,83.0,0.0,40.0,315.0,-346.0,1.0
3968500,2729500.0,1.0,18.0,16.0,6.7,998.0,174.0,1.6,7.0,5.6,87.0,0.0,22.0,312.0,-345.0,1.0
3968500,2729500.0,1.0,18.0,17.0,5.8,998.0,159.0,0.9,7.0,5.6,93.0,0.0,2.0,301.0,-343.0,1.0
3968500,2729500.0,1.0,18.0,18.0,5.9,998.0,196.0,1.3,7.0,5.5,95.0,0.0,0.0,298.0,-340.0,1.0
3968500,2729500.0,1.0,18.0,19.0,4.8,998.0,111.0,1.6,7.0,5.3,95.0,0.0,0.0,295.0,-339.0,1.0
3968500,2729500.0,1.0,18.0,20.0,5.0,999.0,344.0,2.1,8.0,5.1,94.0,0.0,0.0,300.0,-339.0,1.0
3968500,2729500.0,1.0,18.0,21.0,3.8,999.0,328.0,2.9,8.0,5.0,94.0,0.0,0.0,304.0,-338.0,1.0
3968500,2729500.0,1.0,18.0,22.0,3.8,999.0,320.0,4.1,8.0,4.7,94.0,0.0,0.0,301.0,-336.0,1.0
3968500,2729500.0,1.0,18.0,23.0,3.4,1000.0,315.0,3.3,8.0,4.7,94.0,0.0,0.0,300.0,-334.0,1.0
3968500,2729500.0,1.0,18.0,24.0,2.9,1001.0,334.0,3.9,8.0,4.6,94.0,0.0,0.0,299.0,-333.0,1.0
3968500,2729500.0,1.0,19.0,1.0,3.3,1002.0,308.0,3.4,8.0,4.5,94.0,0.0,0.0,299.0,-331.0,1.0
3968500,2729500.0,1.0,19.0,2.0,3.1,1002.0,312.0,4.1,7.0,4.5,92.0,0.0,0.0,294.0,-327.0,1.0
3968500,2729500.0,1.0,19.0,3.0,2.9,1003.0,310.0,3.5,7.0,4.3,90.0,0.0,0.0,288.0,-321.0,1.0
3968500,2729500.0,1.0,19.0,4.0,2.8,1003.0,306.0,3.1,7.0,4.2,89.0,0.0,0.0,287.0,-318.0,1.0
3968500,2729500.0,1.0,19.0,5.0,2.6,1003.0,296.0,3.1,7.0,4.2,89.0,0.0,0.0,286.0,-317.0,1.0
3968500,2729500.0,1.0,19.0,6.0,2.5,1003.0,298.0,3.0,8.0,4.0,88.0,0.0,0.0,288.0,-317.0,1.0
3968500,2729500.0,1.0,19.0,7.0,2.6,1003.0,271.0,3.5,8.0,4.0,86.0,0.0,0.0,291.0,-317.0,1.0
3968500,2729500.0,1.0,19.0,8.0,2.3,1003.0,336.0,2.9,8.0,4.0,87.0,0.0,0.0,291.0,-317.0,1.0
3968500,2729500.0,1.0,19.0,9.0,2.4,1004.0,280.0,3.1,8.0,4.0,88.0,0.0,0.0,291.0,-317.0,1.0
3968500,2729500.0,1.0,19.0,10.0,3.0,1004.0,285.0,3.4,7.0,4.0,86.0,3.0,48.0,290.0,-319.0,1.0
3968500,2729500.0,1.0,19.0,11.0,3.3,1004.0,288.0,3.2,7.0,4.0,83.0,1.0,75.0,288.0,-322.0,1.0
3968500,2729500.0,1.0,19.0,12.0,3.4,1005.0,269.0,3.2,8.0,4.0,82.0,0.0,70.0,297.0,-325.0,1.0
3968500,2729500.0,1.0,19.0,13.0,3.6,1004.0,273.0,2.8,7.0,4.0,82.0,0.0,84.0,299.0,-328.0,1.0
3968500,2729500.0,1.0,19.0,14.0,2.4,1004.0,263.0,3.6,8.0,4.0,85.0,0.0,47.0,299.0,-331.0,1.0
3968500,2729500.0,1.0,19.0,15.0,3.4,1004.0,274.0,3.9,8.0,4.0,85.0,0.0,51.0,305.0,-331.0,1.0
3968500,2729500.0,1.0,19.0,16.0,2.9,1003.0,254.0,3.7,8.0,4.0,83.0,0.0,32.0,305.0,-330.0,1.0
3968500,2729500.0,1.0,19.0,17.0,1.5,1003.0,300.0,3.0,8.0,3.9,88.0,0.0,4.0,302.0,-327.0,1.0
3968500,2729500.0,1.0,19.0,18.0,0.9,1002.0,130.0,2.0,8.0,3.9,93.0,0.0,0.0,297.0,-325.0,1.0
3968500,2729500.0,1.0,19.0,19.0,0.5,1002.0,173.0,1.9,8.0,3.9,96.0,0.0,0.0,295.0,-323.0,1.0
3968500,2729500.0,1.0,19.0,20.0,0.3,1002.0,244.0,1.8,8.0,3.9,98.0,0.0,0.0,294.0,-322.0,1.0
3968500,2729500.0,1.0,19.0,21.0,0.4,1002.0,319.0,1.8,8.0,3.9,99.0,0.0,0.0,296.0,-321.0,1.0
3968500,2729500.0,1.0,19.0,22.0,0.7,1002.0,313.0,1.9,8.0,3.9,98.0,0.0,0.0,297.0,-321.0,1.0
3968500,2729500.0,1.0,19.0,23.0,0.8,1002.0,323.0,1.9,8.0,3.9,96.0,0.0,0.0,299.0,-321.0,1.0
3968500,2729500.0,1.0,19.0,24.0,0.9,1002.0,323.0,2.8,8.0,3.9,95.0,0.0,0.0,299.0,-321.0,1.0
3968500,2729500.0,1.0,20.0,1.0,0.9,1002.0,321.0,2.6,7.0,3.9,95.0,0.0,0.0,293.0,-320.0,1.0
3968500,2729500.0,1.0,20.0,2.0,1.0,1002.0,321.0,2.7,8.0,3.9,95.0,0.0,0.0,293.0,-320.0,1.0
3968500,2729500.0,1.0,20.0,3.0,0.9,1002.0,295.0,3.0,8.0,3.9,94.0,0.0,0.0,297.0,-320.0,1.0
3968500,2729500.0,1.0,20.0,4.0,0.8,1002.0,306.0,2.4,8.0,3.8,93.0,0.0,0.0,297.0,-320.0,1.0
3968500,2729500.0,1.0,20.0,5.0,0.8,1002.0,319.0,2.6,8.0,3.8,93.0,0.0,0.0,297.0,-320.0,1.0
3968500,2729500.0,1.0,20.0,6.0,0.7,1002.0,312.0,3.0,7.0,3.8,94.0,0.0,0.0,292.0,-319.0,1.0
3968500,2729500.0,1.0,20.0,7.0,0.5,1002.0,335.0,2.7,8.0,3.8,95.0,0.0,0.0,291.0,-319.0,1.0
3968500,2729500.0,1.0,20.0,8.0,0.7,1002.0,318.0,2.9,8.0,3.8,95.0,0.0,0.0,297.0,-318.0,1.0
3968500,2729500.0,1.0,20.0,9.0,0.8,1002.0,343.0,3.4,8.0,3.8,94.0,0.0,9.0,299.0,-318.0,1.0
3968500,2729500.0,1.0,20.0,10.0,0.9,1003.0,312.0,4.3,7.0,3.7,91.0,5.0,38.0,295.0,-317.0,1.0
3968500,2729500.0,1.0,20.0,11.0,1.2,1003.0,309.0,4.6,7.0,3.7,90.0,0.0,62.0,290.0,-317.0,1.0
3968500,2729500.0,1.0,20.0,12.0,1.2,1004.0,330.0,4.7,7.0,3.7,87.0,0.0,80.0,290.0,-317.0,1.0
3968500,2729500.0,1.0,20.0,13.0,1.1,1004.0,328.0,4.6,7.0,3.6,86.0,0.0,58.0,290.0,-317.0,1.0
3968500,2729500.0,1.0,20.0,14.0,0.9,1004.0,332.0,5.1,7.0,3.5,84.0,0.0,50.0,288.0,-317.0,1.0
3968500,2729500.0,1.0,20.0,15.0,0.5,1004.0,323.0,4.7,7.0,3.4,84.0,0.0,36.0,286.0,-317.0,1.0
3968500,2729500.0,1.0,20.0,16.0,0.0,1004.0,353.0,4.5,7.0,3.3,84.0,0.0,23.0,284.0,-317.0,1.0
3968500,2729500.0,1.0,20.0,17.0,-0.2,1005.0,345.0,4.0,7.0,3.1,83.0,0.0,1.0,280.0,-316.0,1.0
3968500,2729500.0,1.0,20.0,18.0,-0.4,1006.0,326.0,4.4,8.0,3.1,84.0,0.0,0.0,283.0,-316.0,1.0
3968500,2729500.0,1.0,20.0,19.0,-0.6,1006.0,3.0,4.2,8.0,3.0,83.0,0.0,0.0,285.0,-314.0,1.0
3968500,2729500.0,1.0,20.0,20.0,-0.7,1007.0,350.0,4.1,8.0,2.9,81.0,0.0,0.0,282.0,-313.0,1.0
3968500,2729500.0,1.0,20.0,21.0,-0.7,1007.0,354.0,4.3,8.0,2.8,78.0,0.0,0.0,281.0,-312.0,1.0
3968500,2729500.0,1.0,20.0,22.0,-0.9,1007.0,344.0,3.1,8.0,2.9,80.0,0.0,0.0,280.0,-312.0,1.0
3968500,2729500.0,1.0,20.0,23.0,-0.8,1008.0,342.0,3.0,8.0,3.0,85.0,0.0,0.0,278.0,-312.0,1.0
3968500,2729500.0,1.0,20.0,24.0,-0.8,1008.0,343.0,2.9,8.0,3.0,82.0,0.0,0.0,277.0,-312.0,1.0
3968500,2729500.0,1.0,21.0,1.0,-0.9,1009.0,344.0,3.0,8.0,2.8,79.0,0.0,0.0,275.0,-312.0,1.0
3968500,2729500.0,1.0,21.0,2.0,-1.1,1009.0,329.0,2.0,8.0,2.7,77.0,0.0,0.0,275.0,-311.0,1.0
3968500,2729500.0,1.0,21.0,3.0,-1.2,1009.0,353.0,2.5,8.0,2.8,80.0,0.0,0.0,273.0,-310.0,1.0
3968500,2729500.0,1.0,21.0,4.0,-1.2,1009.0,344.0,2.3,8.0,2.9,82.0,0.0,0.0,272.0,-308.0,1.0
3968500,2729500.0,1.0,21.0,5.0,-1.2,1009.0,344.0,2.6,8.0,2.8,79.0,0.0,0.0,270.0,-305.0,1.0
3968500,2729500.0,1.0,21.0,6.0,-1.7,1009.0,331.0,3.0,8.0,2.7,79.0,0.0,0.0,267.0,-303.0,1.0
3968500,2729500.0,1.0,21.0,7.0,-1.7,1009.0,330.0,2.5,8.0,2.7,80.0,0.0,0.0,265.0,-300.0,1.0
3968500,2729500.0,1.0,21.0,8.0,-1.6,1010.0,319.0,2.2,8.0,2.6,78.0,0.0,0.0,265.0,-299.0,1.0
3968500,2729500.0,1.0,21.0,9.0,-1.8,1010.0,301.0,3.4,8.0,2.6,79.0,0.0,11.0,264.0,-297.0,1.0
3968500,2729500.0,1.0,21.0,10.0,-1.7,1010.0,297.0,3.0,7.0,2.7,80.0,4.0,57.0,261.0,-298.0,1.0
3968500,2729500.0,1.0,21.0,11.0,-1.6,1010.0,318.0,2.8,7.0,2.7,81.0,2.0,81.0,261.0,-302.0,1.0
3968500,2729500.0,1.0,21.0,12.0,-1.5,1010.0,315.0,3.1,8.0,2.8,82.0,0.0,72.0,268.0,-307.0,1.0
3968500,2729500.0,1.0,21.0,13.0,-1.4,1010.0,323.0,3.8,8.0,2.8,83.0,0.0,60.0,276.0,-312.0,1.0
3968500,2729500.0,1.0,21.0,14.0,-1.2,1010.0,328.0,3.4,8.0,2.9,85.0,0.0,54.0,279.0,-314.0,1.0
3968500,2729500.0,1.0,21.0,15.0,-1.2,1010.0,327.0,2.7,8.0,3.0,87.0,0.0,43.0,280.0,-315.0,1.0
3968500,2729500.0,1.0,21.0,16.0,-1.2,1009.0,329.0,2.0,7.0,3.0,87.0,0.0,21.0,275.0,-315.0,1.0
3968500,2729500.0,1.0,21.0,17.0,-1.2,1009.0,324.0,2.6,8.0,3.0,87.0,0.0,2.0,274.0,-314.0,1.0
3968500,2729500.0,1.0,21.0,18.0,-1.2,1009.0,348.0,2.0,7.0,3.0,87.0,0.0,0.0,271.0,-313.0,1.0
3968500,2729500.0,1.0,21.0,19.0,-1.3,1009.0,3.0,1.8,7.0,3.1,89.0,0.0,0.0,263.0,-312.0,1.0
3968500,2729500.0,1.0,21.0,20.0,-1.2,1009.0,147.0,0.8,7.0,3.2,91.0,0.0,0.0,261.0,-312.0,1.0
3968500,2729500.0,1.0,21.0,21.0,-1.3,1009.0,264.0,0.6,8.0,3.2,92.0,0.0,0.0,264.0,-312.0,1.0
3968500,2729500.0,1.0,21.0,22.0,-1.4,1009.0,161.0,0.9,8.0,3.3,95.0,0.0,0.0,266.0,-312.0,1.0
3968500,2729500.0,1.0,21.0,23.0,-1.2,1009.0,147.0,1.1,8.0,3.3,96.0,0.0,0.0,264.0,-311.0,1.0
3968500,2729500.0,1.0,21.0,24.0,-1.1,1009.0,157.0,1.2,8.0,3.3,96.0,0.0,0.0,263.0,-308.0,1.0
3968500,2729500.0,1.0,22.0,1.0,-1.2,1009.0,126.0,1.1,8.0,3.3,96.0,0.0,0.0,264.0,-306.0,1.0
3968500,2729500.0,1.0,22.0,2.0,-1.1,1009.0,187.0,1.2,8.0,3.4,96.0,0.0,0.0,266.0,-305.0,1.0
3968500,2729500.0,1.0,22.0,3.0,-1.0,1009.0,28.0,1.2,8.0,3.4,96.0,0.0,0.0,267.0,-304.0,1.0
3968500,2729500.0,1.0,22.0,4.0,-1.0,1009.0,266.0,1.1,8.0,3.4,96.0,0.0,0.0,267.0,-302.0,1.0
3968500,2729500.0,1.0,22.0,5.0,-1.0,1008.0,164.0,1.0,8.0,3.4,96.0,0.0,0.0,267.0,-301.0,1.0
3968500,2729500.0,1.0,22.0,6.0,-1.0,1008.0,221.0,1.1,8.0,3.4,95.0,0.0,0.0,268.0,-299.0,1.0
3968500,2729500.0,1.0,22.0,7.0,-1.1,1008.0,133.0,1.0,8.0,3.2,92.0,0.0,0.0,269.0,-297.0,1.0
3968500,2729500.0,1.0,22.0,8.0,-1.1,1007.0,137.0,0.6,8.0,3.2,91.0,0.0,0.0,270.0,-296.0,1.0
3968500,2729500.0,1.0,22.0,9.0,-1.0,1007.0,137.0,1.1,8.0,3.2,92.0,0.0,12.0,271.0,-294.0,1.0
3968500,2729500.0,1.0,22.0,10.0,-0.6,1007.0,157.0,1.0,6.0,3.3,90.0,1.0,49.0,265.0,-294.0,1.0
3968500,2729500.0,1.0,22.0,11.0,-0.3,1007.0,194.0,1.0,7.0,3.3,89.0,0.0,74.0,263.0,-298.0,1.0
3968500,2729500.0,1.0,22.0,12.0,0.2,1007.0,203.0,1.2,6.0,3.3,87.0,2.0,110.0,266.0,-304.0,1.0
3968500,2729500.0,1.0,22.0,13.0,0.5,1007.0,171.0,1.9,6.0,3.3,83.0,6.0,129.0,262.0,-309.0,1.0
3968500,2729500.0,1.0,22.0,14.0,0.6,1006.0,152.0,1.7,6.0,3.3,82.0,18.0,141.0,263.0,-312.0,1.0
3968500,2729500.0,1.0,22.0,15.0,0.8,1006.0,146.0,1.7,6.0,3.3,82.0,7.0,97.0,264.0,-313.0,1.0
3968500,2729500.0,1.0,22.0,16.0,0.8,1006.0,143.0,0.9,7.0,3.3,81.0,5.0,57.0,268.0,-312.0,1.0
3968500,2729500.0,1.0,22.0,17.0,0.3,1005.0,161.0,1.3,7.0,3.3,83.0,0.0,6.0,272.0,-308.0,1.0
3968500,2729500.0,1.0,22.0,18.0,0.3,1005.0,153.0,1.3,6.0,3.3,85.0,0.0,0.0,267.0,-303.0,1.0
3968500,2729500.0,1.0,22.0,19.0,0.5,1005.0,156.0,1.0,8.0,3.4,86.0,0.0,0.0,271.0,-300.0,1.0
3968500,2729500.0,1.0,22.0,20.0,0.4,1005.0,167.0,0.9,8.0,3.4,86.0,0.0,0.0,281.0,-297.0,1.0
3968500,2729500.0,1.0,22.0,21.0,0.4,1005.0,166.0,0.9,8.0,3.4,87.0,0.0,0.0,282.0,-293.0,1.0
3968500,2729500.0,1.0,22.0,22.0,0.4,1005.0,130.0,0.9,8.0,3.5,88.0,0.0,0.0,282.0,-290.0,1.0
3968500,2729500.0,1.0,22.0,23.0,0.6,1005.0,119.0,1.1,7.0,3.6,89.0,0.0,0.0,278.0,-290.0,1.0
3968500,2729500.0,1.0,22.0,24.0,1.0,1004.0,106.0,1.5,7.0,3.8,91.0,0.0,0.0,278.0,-290.0,1.0
3968500,2729500.0,1.0,23.0,1.0,1.4,983.0,136.0,1.9,7.0,4.0,93.0,0.0,0.0,273.0,-315.0,1.0
3968500,2729500.0,1.0,23.0,2.0,1.8,983.0,145.0,2.5,8.0,4.2,93.0,0.0,0.0,289.0,-316.0,1.0
3968500,2729500.0,1.0,23.0,3.0,2.1,982.0,172.0,2.8,8.0,4.3,94.0,0.0,0.0,299.0,-317.0,1.0
3968500,2729500.0,1.0,23.0,4.0,2.2,982.0,176.0,3.2,8.0,4.4,94.0,0.0,0.0,302.0,-321.0,1.0
3968500,2729500.0,1.0,23.0,5.0,2.4,981.0,172.0,3.1,8.0,4.4,96.0,0.0,0.0,304.0,-324.0,1.0
3968500,2729500.0,1.0,23.0,6.0,2.4,981.0,183.0,3.8,8.0,4.5,98.0,0.0,0.0,307.0,-326.0,1.0
3968500,2729500.0,1.0,23.0,7.0,3.4,980.0,176.0,4.2,8.0,4.8,99.0,0.0,0.0,312.0,-329.0,1.0
3968500,2729500.0,1.0,23.0,8.0,3.7,980.0,180.0,3.3,8.0,5.0,98.0,0.0,0.0,316.0,-330.0,1.0
3968500,2729500.0,1.0,23.0,9.0,3.4,980.0,185.0,3.6,8.0,4.9,97.0,0.0,0.0,317.0,-330.0,1.0
3968500,2729500.0,1.0,23.0,10.0,3.3,981.0,186.0,4.1,8.0,4.9,98.0,0.0,21.0,317.0,-330.0,1.0
3968500,2729500.0,1.0,23.0,11.0,3.5,982.0,184.0,4.2,7.0,4.9,99.0,0.0,56.0,306.0,-331.0,1.0
3968500,2729500.0,1.0,23.0,12.0,3.7,982.0,192.0,3.3,7.0,5.0,99.0,2.0,91.0,300.0,-334.0,1.0
3968500,2729500.0,1.0,23.0,13.0,4.4,983.0,186.0,3.7,5.0,5.1,97.0,54.0,129.0,290.0,-337.0,1.0
3968500,2729500.0,1.0,23.0,14.0,4.6,983.0,186.0,3.2,5.0,5.1,94.0,21.0,115.0,280.0,-341.0,1.0
3968500,2729500.0,1.0,23.0,15.0,4.7,983.0,183.0,3.6,5.0,5.1,93.0,16.0,89.0,279.0,-343.0,1.0
3968500,2729500.0,1.0,23.0,16.0,4.7,983.0,182.0,3.6,7.0,5.1,92.0,1.0,40.0,290.0,-343.0,1.0
3968500,2729500.0,1.0,23.0,17.0,4.6,983.0,175.0,3.4,7.0,5.0,92.0,1.0,11.0,306.0,-342.0,1.0
3968500,2729500.0,1.0,23.0,18.0,4.6,983.0,169.0,3.0,7.0,5.0,92.0,0.0,0.0,307.0,-342.0,1.0
3968500,2729500.0,1.0,23.0,19.0,4.3,982.0,175.0,2.8,7.0,4.9,92.0,0.0,0.0,307.0,-341.0,1.0
3968500,2729500.0,1.0,23.0,20.0,4.4,982.0,186.0,3.0,7.0,4.9,92.0,0.0,0.0,305.0,-342.0,1.0
3968500,2729500.0,1.0,23.0,21.0,4.3,981.0,185.0,3.3,7.0,5.0,94.0,0.0,0.0,304.0,-342.0,1.0
3968500,2729500.0,1.0,23.0,22.0,4.7,981.0,171.0,3.7,7.0,5.1,95.0,0.0,0.0,306.0,-343.0,1.0
3968500,2729500.0,1.0,23.0,23.0,5.0,980.0,179.0,3.4,7.0,5.3,96.0,0.0,0.0,307.0,-344.0,1.0
3968500,2729500.0,1.0,23.0,24.0,5.0,979.0,177.0,3.5,8.0,5.4,97.0,0.0,0.0,319.0,-345.0,1.0
3968500,2729500.0,1.0,24.0,1.0,5.2,979.0,178.0,3.6,7.0,5.6,99.0,0.0,0.0,319.0,-346.0,1.0
3968500,2729500.0,1.0,24.0,2.0,6.2,978.0,177.0,4.9,7.0,5.7,97.0,0.0,0.0,309.0,-348.0,1.0
3968500,2729500.0,1.0,24.0,3.0,6.4,978.0,173.0,4.7,8.0,5.8,94.0,0.0,0.0,324.0,-350.0,1.0
3968500,2729500.0,1.0,24.0,4.0,6.0,978.0,175.0,3.7,8.0,5.8,95.0,0.0,0.0,337.0,-351.0,1.0
3968500,2729500.0,1.0,24.0,5.0,6.3,977.0,172.0,4.5,8.0,5.7,94.0,0.0,0.0,337.0,-352.0,1.0
3968500,2729500.0,1.0,24.0,6.0,6.3,976.0,168.0,3.7,8.0,5.7,92.0,0.0,0.0,337.0,-352.0,1.0
3968500,2729500.0,1.0,24.0,7.0,6.1,976.0,162.0,3.3,8.0,5.7,92.0,0.0,0.0,337.0,-353.0,1.0
3968500,2729500.0,1.0,24.0,8.0,6.3,976.0,162.0,4.1,8.0,5.8,94.0,0.0,0.0,337.0,-353.0,1.0
3968500,2729500.0,1.0,24.0,9.0,6.5,976.0,177.0,2.7,8.0,6.0,96.0,0.0,8.0,338.0,-353.0,1.0
3968500,2729500.0,1.0,24.0,10.0,7.5,975.0,184.0,4.0,7.0,6.0,93.0,4.0,44.0,328.0,-353.0,1.0
3968500,2729500.0,1.0,24.0,11.0,8.2,975.0,177.0,4.2,7.0,6.1,89.0,0.0,52.0,321.0,-353.0,1.0
3968500,2729500.0,1.0,24.0,12.0,8.3,975.0,185.0,3.8,8.0,6.3,90.0,0.0,54.0,333.0,-354.0,1.0
3968500,2729500.0,1.0,24.0,13.0,8.4,976.0,179.0,4.5,8.0,6.6,93.0,0.0,37.0,343.0,-355.0,1.0
3968500,2729500.0,1.0,24.0,14.0,8.2,976.0,177.0,3.4,8.0,6.7,95.0,0.0,38.0,342.0,-356.0,1.0
3968500,2729500.0,1.0,24.0,15.0,8.3,976.0,181.0,4.0,8.0,6.8,96.0,0.0,34.0,342.0,-356.0,1.0
3968500,2729500.0,1.0,24.0,16.0,7.8,976.0,250.0,3.7,8.0,6.5,93.0,0.0,25.0,340.0,-354.0,1.0
3968500,2729500.0,1.0,24.0,17.0,7.0,978.0,164.0,2.3,7.0,6.1,92.0,0.0,12.0,331.0,-350.0,1.0
3968500,2729500.0,1.0,24.0,18.0,6.0,978.0,182.0,2.9,7.0,5.9,94.0,0.0,0.0,322.0,-345.0,1.0
3968500,2729500.0,1.0,24.0,19.0,5.9,979.0,165.0,3.2,7.0,5.7,96.0,0.0,0.0,318.0,-344.0,1.0
3968500,2729500.0,1.0,24.0,20.0,6.1,979.0,180.0,3.0,7.0,5.8,96.0,0.0,0.0,315.0,-343.0,1.0
3968500,2729500.0,1.0,24.0,21.0,5.8,979.0,183.0,2.6,8.0,5.8,96.0,0.0,0.0,319.0,-342.0,1.0
3968500,2729500.0,1.0,24.0,22.0,5.1,980.0,170.0,2.4,7.0,5.6,97.0,0.0,0.0,316.0,-341.0,1.0
3968500,2729500.0,1.0,24.0,23.0,4.9,981.0,172.0,2.4,7.0,5.4,97.0,0.0,0.0,307.0,-340.0,1.0
3968500,2729500.0,1.0,24.0,24.0,4.9,982.0,179.0,2.3,7.0,5.3,95.0,0.0,0.0,304.0,-340.0,1.0
3968500,2729500.0,1.0,25.0,1.0,4.4,982.0,177.0,3.1,7.0,5.2,95.0,0.0,0.0,303.0,-339.0,1.0
3968500,2729500.0,1.0,25.0,2.0,3.8,983.0,159.0,3.3,6.0,5.1,98.0,0.0,0.0,296.0,-338.0,1.0
3968500,2729500.0,1.0,25.0,3.0,3.5,984.0,170.0,3.7,3.0,5.0,99.0,0.0,0.0,273.0,-337.0,1.0
3968500,2729500.0,1.0,25.0,4.0,2.8,984.0,160.0,2.6,3.0,4.9,99.0,0.0,0.0,255.0,-337.0,1.0
3968500,2729500.0,1.0,25.0,5.0,3.0,984.0,181.0,3.0,2.0,4.7,98.0,0.0,0.0,245.0,-338.0,1.0
3968500,2729500.0,1.0,25.0,6.0,2.6,984.0,181.0,3.3,2.0,4.7,98.0,0.0,0.0,234.0,-340.0,1.0
3968500,2729500.0,1.0,25.0,7.0,2.8,984.0,147.0,3.0,4.0,4.7,98.0,0.0,0.0,245.0,-340.0,1.0
3968500,2729500.0,1.0,25.0,8.0,2.9,984.0,164.0,3.1,6.0,4.7,98.0,0.0,0.0,269.0,-341.0,1.0
3968500,2729500.0,1.0,25.0,9.0,3.0,984.0,170.0,1.9,6.0,4.7,97.0,0.0,13.0,285.0,-341.0,1.0
3968500,2729500.0,1.0,25.0,10.0,3.4,984.0,183.0,3.2,7.0,4.8,97.0,14.0,64.0,294.0,-342.0,1.0
3968500,2729500.0,1.0,25.0,11.0,5.0,984.0,171.0,3.8,6.0,5.0,94.0,21.0,108.0,297.0,-344.0,1.0
3968500,2729500.0,1.0,25.0,12.0,6.0,983.0,165.0,3.2,7.0,5.2,90.0,34.0,143.0,300.0,-348.0,1.0
3968500,2729500.0,1.0,25.0,13.0,7.6,983.0,176.0,3.3,7.0,5.4,85.0,54.0,156.0,310.0,-350.0,1.0
3968500,2729500.0,1.0,25.0,14.0,9.2,983.0,174.0,3.2,4.0,5.6,79.0,131.0,144.0,296.0,-351.0,1.0
3968500,2729500.0,1.0,25.0,15.0,9.6,982.0,164.0,4.3,4.0,5.5,72.0,98.0,115.0,281.0,-352.0,1.0
3968500,2729500.0,1.0,25.0,16.0,8.2,981.0,127.0,2.8,3.0,5.2,71.0,43.0,72.0,272.0,-351.0,1.0
3968500,2729500.0,1.0,25.0,17.0,7.6,981.0,150.0,2.6,8.0,5.1,75.0,0.0,14.0,289.0,-349.0,1.0
3968500,2729500.0,1.0,25.0,18.0,6.0,981.0,158.0,2.6,8.0,5.0,79.0,0.0,0.0,318.0,-346.0,1.0
3968500,2729500.0,1.0,25.0,19.0,4.8,980.0,177.0,2.5,6.0,4.8,83.0,0.0,0.0,297.0,-343.0,1.0
3968500,2729500.0,1.0,25.0,20.0,4.5,980.0,159.0,3.4,7.0,4.7,86.0,0.0,0.0,286.0,-341.0,1.0
3968500,2729500.0,1.0,25.0,21.0,3.6,980.0,199.0,2.1,6.0,4.8,92.0,0.0,0.0,284.0,-340.0,1.0
3968500,2729500.0,1.0,25.0,22.0,3.5,981.0,185.0,1.7,7.0,5.0,98.0,0.0,0.0,282.0,-340.0,1.0
3968500,2729500.0,1.0,25.0,23.0,3.7,981.0,167.0,2.1,7.0,5.1,100.0,0.0,0.0,291.0,-340.0,1.0
3968500,2729500.0,1.0,25.0,24.0,3.9,981.0,165.0,2.0,7.0,5.2,100.0,0.0,0.0,292.0,-340.0,1.0
3968500,2729500.0,1.0,26.0,1.0,3.9,982.0,144.0,2.5,8.0,5.2,100.0,0.0,0.0,302.0,-338.0,1.0
3968500,2729500.0,1.0,26.0,2.0,3.6,982.0,172.0,2.4,7.0,5.1,100.0,0.0,0.0,304.0,-338.0,1.0
3968500,2729500.0,1.0,26.0,3.0,3.2,982.0,190.0,2.1,7.0,5.0,100.0,0.0,0.0,297.0,-336.0,1.0
3968500,2729500.0,1.0,26.0,4.0,2.8,983.0,182.0,2.6,6.0,4.8,99.0,0.0,0.0,290.0,-335.0,1.0
3968500,2729500.0,1.0,26.0,5.0,2.7,983.0,181.0,2.2,5.0,4.7,98.0,0.0,0.0,278.0,-334.0,1.0
3968500,2729500.0,1.0,26.0,6.0,2.4,983.0,174.0,2.5,6.0,4.6,99.0,0.0,0.0,277.0,-333.0,1.0
3968500,2729500.0,1.0,26.0,7.0,1.9,983.0,172.0,3.3,6.0,4.6,100.0,0.0,0.0,281.0,-333.0,1.0
3968500,2729500.0,1.0,26.0,8.0,1.9,983.0,182.0,3.2,4.0,4.4,99.0,0.0,0.0,263.0,-334.0,1.0
3968500,2729500.0,1.0,26.0,9.0,2.6,983.0,175.0,2.5,4.0,4.5,99.0,0.0,12.0,248.0,-333.0,1.0
3968500,2729500.0,1.0,26.0,10.0,2.9,983.0,188.0,2.9,7.0,4.8,100.0,2.0,52.0,275.0,-333.0,1.0
3968500,2729500.0,1.0,26.0,11.0,4.3,982.0,181.0,4.9,6.0,4.8,96.0,19.0,105.0,292.0,-335.0,1.0
3968500,2729500.0,1.0,26.0,12.0,5.6,982.0,179.0,5.5,2.0,4.9,87.0,103.0,138.0,266.0,-337.0,1.0
3968500,2729500.0,1.0,26.0,13.0,5.7,982.0,177.0,6.4,2.0,4.8,82.0,116.0,149.0,249.0,-339.0,1.0
3968500,2729500.0,1.0,26.0,14.0,5.8,981.0,186.0,5.0,5.0,4.7,80.0,5.0,107.0,265.0,-341.0,1.0
3968500,2729500.0,1.0,26.0,15.0,5.9,980.0,178.0,5.6,4.0,4.6,78.0,20.0,107.0,276.0,-340.0,1.0
3968500,2729500.0,1.0,26.0,16.0,5.1,980.0,210.0,5.3,6.0,4.6,79.0,8.0,61.0,279.0,-339.0,1.0
3968500,2729500.0,1.0,26.0,17.0,4.5,980.0,202.0,4.3,5.0,4.6,82.0,4.0,18.0,281.0,-336.0,1.0
3968500,2729500.0,1.0,26.0,18.0,4.0,980.0,178.0,3.7,6.0,4.5,84.0,0.0,0.0,278.0,-333.0,1.0
3968500,2729500.0,1.0,26.0,19.0,3.9,980.0,171.0,2.8,8.0,4.3,83.0,0.0,0.0,289.0,-332.0,1.0
3968500,2729500.0,1.0,26.0,20.0,3.8,980.0,172.0,2.4,8.0,4.3,82.0,0.0,0.0,298.0,-331.0,1.0
3968500,2729500.0,1.0,26.0,21.0,3.0,980.0,162.0,1.6,7.0,4.2,83.0,0.0,0.0,292.0,-328.0,1.0
3968500,2729500.0,1.0,26.0,22.0,2.0,979.0,185.0,2.1,5.0,4.0,86.0,0.0,0.0,278.0,-322.0,1.0
3968500,2729500.0,1.0,26.0,23.0,1.8,979.0,182.0,2.2,5.0,4.0,89.0,0.0,0.0,268.0,-319.0,1.0
3968500,2729500.0,1.0,26.0,24.0,2.2,978.0,177.0,1.5,5.0,4.1,90.0,0.0,0.0,268.0,-317.0,1.0
3968500,2729500.0,1.0,27.0,1.0,0.9,978.0,157.0,1.4,3.0,4.0,91.0,0.0,0.0,258.0,-316.0,1.0
3968500,2729500.0,1.0,27.0,2.0,1.0,977.0,183.0,1.2,2.0,3.9,93.0,0.0,0.0,241.0,-316.0,1.0
3968500,2729500.0,1.0,27.0,3.0,1.0,976.0,190.0,1.7,2.0,3.9,93.0,0.0,0.0,237.0,-316.0,1.0
3968500,2729500.0,1.0,27.0,4.0,0.5,975.0,194.0,1.0,5.0,3.9,94.0,0.0,0.0,252.0,-316.0,1.0
3968500,2729500.0,1.0,27.0,5.0,0.8,974.0,174.0,3.4,5.0,3.9,95.0,0.0,0.0,265.0,-317.0,1.0
3968500,2729500.0,1.0,27.0,6.0,1.6,973.0,152.0,1.8,6.0,4.0,92.0,0.0,0.0,272.0,-320.0,1.0
3968500,2729500.0,1.0,27.0,7.0,0.8,972.0,16.0,1.9,6.0,3.9,91.0,0.0,0.0,276.0,-323.0,1.0
3968500,2729500.0,1.0,27.0,8.0,1.2,971.0,121.0,2.9,7.0,3.9,92.0,0.0,0.0,278.0,-324.0,1.0
3968500,2729500.0,1.0,27.0,9.0,2.6,971.0,175.0,2.2,7.0,3.9,86.0,0.0,6.0,284.0,-324.0,1.0
3968500,2729500.0,1.0,27.0,10.0,2.7,970.0,125.0,1.9,7.0,3.9,81.0,0.0,34.0,285.0,-326.0,1.0
3968500,2729500.0,1.0,27.0,11.0,2.7,969.0,137.0,2.2,8.0,4.0,84.0,0.0,34.0,291.0,-328.0,1.0
3968500,2729500.0,1.0,27.0,12.0,2.3,969.0,157.0,2.9,8.0,4.3,90.0,0.0,38.0,295.0,-329.0,1.0
3968500,2729500.0,1.0,27.0,13.0,2.4,969.0,188.0,3.0,8.0,4.4,93.0,0.0,30.0,294.0,-331.0,1.0
3968500,2729500.0,1.0,27.0,14.0,2.9,968.0,181.0,4.6,8.0,4.6,96.0,0.0,39.0,295.0,-332.0,1.0
3968500,2729500.0,1.0,27.0,15.0,2.2,969.0,192.0,3.9,7.0,4.6,96.0,0.0,36.0,291.0,-331.0,1.0
3968500,2729500.0,1.0,27.0,16.0,2.4,969.0,194.0,4.7,7.0,4.4,95.0,0.0,45.0,286.0,-329.0,1.0
3968500,2729500.0,1.0,27.0,17.0,2.0,970.0,189.0,4.7,8.0,4.4,94.0,1.0,18.0,293.0,-328.0,1.0
3968500,2729500.0,1.0,27.0,18.0,1.9,972.0,200.0,4.4,8.0,4.3,94.0,0.0,0.0,298.0,-327.0,1.0
3968500,2729500.0,1.0,27.0,19.0,1.9,973.0,221.0,5.9,8.0,4.3,95.0,0.0,0.0,300.0,-326.0,1.0
3968500,2729500.0,1.0,27.0,20.0,2.3,973.0,218.0,5.7,7.0,4.3,93.0,0.0,0.0,297.0,-324.0,1.0
3968500,2729500.0,1.0,27.0,21.0,2.6,974.0,223.0,5.3,7.0,4.2,90.0,0.0,0.0,294.0,-323.0,1.0
3968500,2729500.0,1.0,27.0,22.0,2.6,974.0,227.0,4.8,8.0,4.2,89.0,0.0,0.0,300.0,-323.0,1.0
3968500,2729500.0,1.0,27.0,23.0,2.7,974.0,240.0,5.0,8.0,4.2,88.0,0.0,0.0,305.0,-324.0,1.0
3968500,2729500.0,1.0,27.0,24.0,2.8,975.0,218.0,5.0,6.0,4.1,86.0,0.0,0.0,295.0,-324.0,1.0
3968500,2729500.0,1.0,28.0,1.0,2.6,975.0,202.0,3.8,8.0,4.1,86.0,0.0,0.0,295.0,-323.0,1.0
3968500,2729500.0,1.0,28.0,2.0,2.5,975.0,192.0,3.0,8.0,4.1,86.0,0.0,0.0,304.0,-323.0,1.0
3968500,2729500.0,1.0,28.0,3.0,1.8,975.0,218.0,4.6,8.0,4.0,87.0,0.0,0.0,302.0,-321.0,1.0
3968500,2729500.0,1.0,28.0,4.0,1.5,976.0,190.0,4.6,7.0,4.0,90.0,0.0,0.0,296.0,-321.0,1.0
3968500,2729500.0,1.0,28.0,5.0,1.3,976.0,207.0,5.2,6.0,3.9,90.0,0.0,0.0,287.0,-323.0,1.0
3968500,2729500.0,1.0,28.0,6.0,1.0,976.0,168.0,2.9,5.0,3.9,90.0,0.0,0.0,278.0,-322.0,1.0
3968500,2729500.0,1.0,28.0,7.0,0.6,976.0,187.0,2.5,4.0,3.8,92.0,0.0,0.0,267.0,-319.0,1.0
3968500,2729500.0,1.0,28.0,8.0,0.1,976.0,180.0,3.7,6.0,3.8,94.0,0.0,0.0,270.0,-318.0,1.0
3968500,2729500.0,1.0,28.0,9.0,0.2,977.0,182.0,4.3,6.0,3.8,95.0,4.0,15.0,278.0,-321.0,1.0
3968500,2729500.0,1.0,28.0,10.0,1.1,977.0,207.0,3.9,3.0,3.8,93.0,65.0,65.0,264.0,-324.0,1.0
3968500,2729500.0,1.0,28.0,11.0,2.4,978.0,226.0,3.3,2.0,4.0,89.0,147.0,95.0,248.0,-327.0,1.0
3968500,2729500.0,1.0,28.0,12.0,3.7,978.0,253.0,4.4,2.0,4.1,84.0,210.0,109.0,247.0,-330.0,1.0
3968500,2729500.0,1.0,28.0,13.0,4.8,978.0,264.0,3.9,3.0,4.1,78.0,165.0,137.0,252.0,-332.0,1.0
3968500,2729500.0,1.0,28.0,14.0,5.0,978.0,261.0,3.2,6.0,4.0,72.0,28.0,137.0,271.0,-334.0,1.0
3968500,2729500.0,1.0,28.0,15.0,5.0,978.0,243.0,2.2,6.0,3.8,68.0,3.0,84.0,283.0,-335.0,1.0
3968500,2729500.0,1.0,28.0,16.0,4.7,978.0,226.0,1.4,6.0,3.8,68.0,0.0,32.0,281.0,-333.0,1.0
3968500,2729500.0,1.0,28.0,17.0,4.4,979.0,196.0,1.5,7.0,3.8,70.0,0.0,5.0,284.0,-330.0,1.0
3968500,2729500.0,1.0,28.0,18.0,3.6,979.0,192.0,2.2,8.0,3.8,73.0,0.0,0.0,291.0,-329.0,1.0
3968500,2729500.0,1.0,28.0,19.0,2.9,980.0,250.0,1.9,6.0,3.9,78.0,0.0,0.0,283.0,-328.0,1.0
3968500,2729500.0,1.0,28.0,20.0,2.8,981.0,142.0,1.4,6.0,3.9,81.0,0.0,0.0,270.0,-326.0,1.0
3968500,2729500.0,1.0,28.0,21.0,2.7,982.0,172.0,1.3,6.0,3.9,81.0,0.0,0.0,269.0,-325.0,1.0
3968500,2729500.0,1.0,28.0,22.0,2.3,982.0,159.0,0.9,7.0,3.9,83.0,0.0,0.0,272.0,-325.0,1.0
3968500,2729500.0,1.0,28.0,23.0,2.4,983.0,223.0,1.0,7.0,3.9,85.0,0.0,0.0,278.0,-324.0,1.0
3968500,2729500.0,1.0,28.0,24.0,2.5,984.0,319.0,1.2,7.0,4.1,87.0,0.0,0.0,278.0,-324.0,1.0
3968500,2729500.0,1.0,29.0,1.0,2.6,984.0,100.0,1.5,8.0,4.2,89.0,0.0,0.0,283.0,-325.0,1.0
3968500,2729500.0,1.0,29.0,2.0,1.9,985.0,47.0,1.0,7.0,4.1,90.0,0.0,0.0,282.0,-325.0,1.0
3968500,2729500.0,1.0,29.0,3.0,1.3,985.0,341.0,1.2,8.0,4.1,93.0,0.0,0.0,280.0,-324.0,1.0
3968500,2729500.0,1.0,29.0,4.0,0.8,986.0,235.0,1.5,7.0,4.0,95.0,0.0,0.0,279.0,-324.0,1.0
3968500,2729500.0,1.0,29.0,5.0,1.1,986.0,173.0,1.4,7.0,4.0,96.0,0.0,0.0,273.0,-322.0,1.0
3968500,2729500.0,1.0,29.0,6.0,0.7,987.0,212.0,1.7,7.0,4.0,97.0,0.0,0.0,271.0,-322.0,1.0
3968500,2729500.0,1.0,29.0,7.0,1.7,987.0,341.0,2.1,8.0,4.1,98.0,0.0,0.0,280.0,-323.0,1.0
3968500,2729500.0,1.0,29.0,8.0,1.7,988.0,347.0,2.3,7.0,4.2,96.0,0.0,0.0,283.0,-322.0,1.0
3968500,2729500.0,1.0,29.0,9.0,1.6,989.0,358.0,2.3,7.0,4.1,94.0,0.0,10.0,279.0,-322.0,1.0
3968500,2729500.0,1.0,29.0,10.0,1.7,990.0,327.0,2.0,7.0,4.1,93.0,1.0,53.0,280.0,-323.0,1.0
3968500,2729500.0,1.0,29.0,11.0,2.2,991.0,341.0,1.3,7.0,4.1,91.0,0.0,74.0,281.0,-326.0,1.0
3968500,2729500.0,1.0,29.0,12.0,3.1,992.0,252.0,1.9,7.0,4.1,87.0,1.0,98.0,282.0,-328.0,1.0
3968500,2729500.0,1.0,29.0,13.0,2.9,992.0,343.0,2.5,8.0,4.0,83.0,0.0,68.0,288.0,-330.0,1.0
3968500,2729500.0,1.0,29.0,14.0,2.9,993.0,8.0,2.5,8.0,3.8,80.0,0.0,51.0,292.0,-332.0,1.0
3968500,2729500.0,1.0,29.0,15.0,3.0,993.0,8.0,1.7,7.0,3.8,80.0,0.0,57.0,287.0,-334.0,1.0
3968500,2729500.0,1.0,29.0,16.0,2.8,993.0,12.0,2.0,7.0,3.9,81.0,4.0,63.0,282.0,-332.0,1.0
3968500,2729500.0,1.0,29.0,17.0,2.5,994.0,312.0,1.6,7.0,3.8,82.0,4.0,22.0,279.0,-329.0,1.0
3968500,2729500.0,1.0,29.0,18.0,2.2,994.0,329.0,1.5,7.0,3.7,82.0,0.0,0.0,276.0,-325.0,1.0
3968500,2729500.0,1.0,29.0,19.0,2.0,995.0,338.0,2.1,7.0,3.8,84.0,0.0,0.0,274.0,-321.0,1.0
3968500,2729500.0,1.0,29.0,20.0,1.6,995.0,333.0,1.4,7.0,3.8,86.0,0.0,0.0,273.0,-318.0,1.0
3968500,2729500.0,1.0,29.0,21.0,1.7,996.0,6.0,1.4,7.0,3.6,84.0,0.0,0.0,273.0,-320.0,1.0
3968500,2729500.0,1.0,29.0,22.0,1.3,996.0,35.0,1.8,8.0,3.6,84.0,0.0,0.0,277.0,-321.0,1.0
3968500,2729500.0,1.0,29.0,23.0,1.1,997.0,352.0,1.0,8.0,3.6,86.0,0.0,0.0,281.0,-321.0,1.0
3968500,2729500.0,1.0,29.0,24.0,0.8,997.0,352.0,0.6,8.0,3.6,87.0,0.0,0.0,281.0,-320.0,1.0
3968500,2729500.0,1.0,30.0,1.0,0.7,998.0,355.0,1.0,6.0,3.6,88.0,0.0,0.0,273.0,-318.0,1.0
3968500,2729500.0,1.0,30.0,2.0,0.6,997.0,7.0,1.3,4.0,3.7,91.0,0.0,0.0,258.0,-316.0,1.0
3968500,2729500.0,1.0,30.0,3.0,-0.2,997.0,212.0,0.9,4.0,3.7,94.0,0.0,0.0,249.0,-316.0,1.0
3968500,2729500.0,1.0,30.0,4.0,-0.9,997.0,253.0,1.1,4.0,3.5,95.0,0.0,0.0,247.0,-316.0,1.0
3968500,2729500.0,1.0,30.0,5.0,-1.4,997.0,245.0,1.3,5.0,3.4,97.0,0.0,0.0,251.0,-317.0,1.0
3968500,2729500.0,1.0,30.0,6.0,-1.1,997.0,203.0,1.3,7.0,3.5,99.0,0.0,0.0,264.0,-318.0,1.0
3968500,2729500.0,1.0,30.0,7.0,-0.8,997.0,187.0,1.6,7.0,3.5,98.0,0.0,0.0,273.0,-317.0,1.0
3968500,2729500.0,1.0,30.0,8.0,-0.8,998.0,215.0,1.6,7.0,3.6,98.0,0.0,0.0,274.0,-317.0,1.0
3968500,2729500.0,1.0,30.0,9.0,-0.6,998.0,3.0,1.1,6.0,3.6,98.0,0.0,12.0,269.0,-316.0,1.0
3968500,2729500.0,1.0,30.0,10.0,-0.2,998.0,5.0,0.8,5.0,3.7,99.0,24.0,73.0,261.0,-316.0,1.0
3968500,2729500.0,1.0,30.0,11.0,2.0,999.0,83.0,1.1,4.0,3.8,93.0,74.0,127.0,256.0,-317.0,1.0
3968500,2729500.0,1.0,30.0,12.0,3.4,1000.0,68.0,1.3,3.0,4.0,85.0,149.0,153.0,251.0,-322.0,1.0
3968500,2729500.0,1.0,30.0,13.0,3.4,999.0,319.0,1.2,5.0,3.9,80.0,62.0,171.0,258.0,-327.0,1.0
3968500,2729500.0,1.0,30.0,14.0,3.6,999.0,283.0,1.7,8.0,3.7,76.0,0.0,82.0,279.0,-328.0,1.0
3968500,2729500.0,1.0,30.0,15.0,3.0,999.0,302.0,2.4,8.0,3.7,77.0,0.0,32.0,291.0,-328.0,1.0
3968500,2729500.0,1.0,30.0,16.0,3.0,999.0,328.0,1.9,8.0,3.8,80.0,0.0,23.0,288.0,-326.0,1.0
3968500,2729500.0,1.0,30.0,17.0,2.6,999.0,14.0,2.2,7.0,3.9,83.0,0.0,4.0,282.0,-322.0,1.0
3968500,2729500.0,1.0,30.0,18.0,2.2,999.0,351.0,1.9,7.0,4.0,88.0,0.0,0.0,275.0,-318.0,1.0
3968500,2729500.0,1.0,30.0,19.0,1.9,1000.0,193.0,1.2,7.0,4.0,90.0,0.0,0.0,273.0,-316.0,1.0
3968500,2729500.0,1.0,30.0,20.0,1.6,1000.0,351.0,1.2,7.0,3.9,90.0,0.0,0.0,273.0,-316.0,1.0
3968500,2729500.0,1.0,30.0,21.0,1.4,1000.0,8.0,1.2,7.0,3.9,92.0,0.0,0.0,272.0,-316.0,1.0
3968500,2729500.0,1.0,30.0,22.0,1.1,1000.0,358.0,0.8,6.0,3.9,94.0,0.0,0.0,268.0,-316.0,1.0
3968500,2729500.0,1.0,30.0,23.0,0.9,1000.0,336.0,0.4,7.0,3.9,94.0,0.0,0.0,268.0,-315.0,1.0
3968500,2729500.0,1.0,30.0,24.0,0.9,999.0,7.0,0.6,7.0,3.9,94.0,0.0,0.0,271.0,-314.0,1.0
3968500,2729500.0,1.0,31.0,1.0,0.4,999.0,176.0,1.2,8.0,3.8,95.0,0.0,0.0,275.0,-313.0,1.0
3968500,2729500.0,1.0,31.0,2.0,0.2,999.0,184.0,0.9,8.0,3.8,96.0,0.0,0.0,279.0,-314.0,1.0
3968500,2729500.0,1.0,31.0,3.0,0.1,998.0,345.0,1.0,8.0,3.7,96.0,0.0,0.0,279.0,-314.0,1.0
3968500,2729500.0,1.0,31.0,4.0,0.3,998.0,63.0,0.8,7.0,3.8,97.0,0.0,0.0,275.0,-314.0,1.0
3968500,2729500.0,1.0,31.0,5.0,0.2,998.0,348.0,1.1,8.0,3.8,97.0,0.0,0.0,275.0,-315.0,1.0
3968500,2729500.0,1.0,31.0,6.0,0.0,998.0,356.0,0.6,8.0,3.8,99.0,0.0,0.0,280.0,-315.0,1.0
3968500,2729500.0,1.0,31.0,7.0,0.4,998.0,352.0,1.0,7.0,3.9,99.0,0.0,0.0,275.0,-314.0,1.0
3968500,2729500.0,1.0,31.0,8.0,0.8,999.0,350.0,1.4,7.0,3.9,97.0,0.0,0.0,273.0,-314.0,1.0
3968500,2729500.0,1.0,31.0,9.0,0.8,1000.0,327.0,1.5,7.0,3.9,96.0,1.0,14.0,274.0,-313.0,1.0
3968500,2729500.0,1.0,31.0,10.0,1.1,1000.0,334.0,2.1,8.0,3.9,95.0,1.0,51.0,280.0,-314.0,1.0
3968500,2729500.0,1.0,31.0,11.0,1.9,1000.0,8.0,2.9,8.0,4.0,93.0,0.0,62.0,288.0,-315.0,1.0
3968500,2729500.0,1.0,31.0,12.0,1.8,1000.0,37.0,1.7,7.0,4.0,90.0,0.0,81.0,285.0,-316.0,1.0
3968500,2729500.0,1.0,31.0,13.0,2.6,1000.0,20.0,2.2,7.0,3.9,87.0,0.0,102.0,281.0,-318.0,1.0
3968500,2729500.0,1.0,31.0,14.0,2.9,1000.0,337.0,2.2,8.0,3.8,82.0,0.0,72.0,287.0,-320.0,1.0
3968500,2729500.0,1.0,31.0,15.0,1.5,1000.0,19.0,2.6,8.0,3.7,83.0,0.0,35.0,290.0,-319.0,1.0
3968500,2729500.0,1.0,31.0,16.0,1.3,1000.0,354.0,2.7,8.0,3.7,88.0,0.0,34.0,288.0,-318.0,1.0
3968500,2729500.0,1.0,31.0,17.0,1.5,1000.0,21.0,2.7,7.0,3.7,86.0,0.0,16.0,282.0,-317.0,1.0
3968500,2729500.0,1.0,31.0,18.0,1.2,1001.0,343.0,1.4,6.0,3.6,84.0,0.0,0.0,270.0,-316.0,1.0
3968500,2729500.0,1.0,31.0,19.0,0.9,1001.0,360.0,2.0,7.0,3.5,85.0,0.0,0.0,267.0,-316.0,1.0
3968500,2729500.0,1.0,31.0,20.0,0.6,1000.0,352.0,1.8,7.0,3.5,86.0,0.0,0.0,269.0,-315.0,1.0
3968500,2729500.0,1.0,31.0,21.0,0.4,1001.0,25.0,2.2,6.0,3.6,91.0,0.0,0.0,264.0,-315.0,1.0
3968500,2729500.0,1.0,31.0,22.0,0.3,1001.0,359.0,2.1,6.0,3.6,91.0,0.0,0.0,260.0,-313.0,1.0
3968500,2729500.0,1.0,31.0,23.0,-0.2,1001.0,353.0,2.1,6.0,3.5,90.0,0.0,0.0,260.0,-311.0,1.0
3968500,2729500.0,1.0,31.0,24.0,-0.7,1002.0,337.0,1.4,6.0,3.4,90.0,0.0,0.0,259.0,-309.0,1.0
3968500,2729500.0,2.0,1.0,1.0,-1.2,1002.0,30.0,1.6,6.0,3.2,92.0,0.0,0.0,257.0,-308.0,1.0
3968500,2729500.0,2.0,1.0,2.0,-1.8,1002.0,229.0,1.6,5.0,3.2,94.0,0.0,0.0,253.0,-308.0,1.0
3968500,2729500.0,2.0,1.0,3.0,-1.5,1002.0,265.0,1.7,6.0,3.3,97.0,0.0,0.0,253.0,-307.0,1.0
3968500,2729500.0,2.0,1.0,4.0,-1.2,1002.0,354.0,1.7,7.0,3.4,97.0,0.0,0.0,262.0,-306.0,1.0
3968500,2729500.0,2.0,1.0,5.0,-1.2,1002.0,351.0,1.8,7.0,3.4,98.0,0.0,0.0,267.0,-307.0,1.0
3968500,2729500.0,2.0,1.0,6.0,-0.9,1002.0,314.0,1.3,6.0,3.5,98.0,0.0,0.0,262.0,-309.0,1.0
3968500,2729500.0,2.0,1.0,7.0,-0.8,1002.0,347.0,2.2,8.0,3.4,94.0,0.0,0.0,267.0,-310.0,1.0
3968500,2729500.0,2.0,1.0,8.0,-0.7,1002.0,341.0,1.9,7.0,3.3,92.0,0.0,0.0,273.0,-311.0,1.0
3968500,2729500.0,2.0,1.0,9.0,-0.6,1002.0,46.0,0.9,6.0,3.3,91.0,0.0,17.0,265.0,-312.0,1.0
3968500,2729500.0,2.0,1.0,10.0,-0.4,1002.0,169.0,1.2,6.0,3.3,91.0,60.0,42.0,262.0,-313.0,1.0
3968500,2729500.0,2.0,1.0,11.0,0.8,1002.0,179.0,2.3,6.0,3.4,88.0,41.0,88.0,265.0,-314.0,1.0
3968500,2729500.0,2.0,1.0,12.0,0.7,1002.0,197.0,2.8,8.0,3.5,87.0,0.0,93.0,279.0,-316.0,1.0
3968500,2729500.0,2.0,1.0,13.0,0.0,1002.0,270.0,2.3,8.0,3.7,93.0,0.0,46.0,289.0,-318.0,1.0
3968500,2729500.0,2.0,1.0,14.0,1.1,1001.0,277.0,3.2,7.0,3.7,92.0,0.0,41.0,284.0,-319.0,1.0
3968500,2729500.0,2.0,1.0,15.0,0.9,1001.0,292.0,3.3,6.0,3.6,86.0,0.0,56.0,273.0,-318.0,1.0
3968500,2729500.0,2.0,1.0,16.0,0.4,1000.0,303.0,5.3,6.0,3.4,86.0,0.0,55.0,265.0,-318.0,1.0
3968500,2729500.0,2.0,1.0,17.0,-0.3,1000.0,311.0,4.5,8.0,3.4,87.0,0.0,9.0,271.0,-318.0,1.0
3968500,2729500.0,2.0,1.0,18.0,-0.4,1000.0,310.0,3.7,7.0,3.4,90.0,0.0,0.0,272.0,-316.0,1.0
3968500,2729500.0,2.0,1.0,19.0,-0.4,1000.0,308.0,3.1,7.0,3.4,90.0,0.0,0.0,266.0,-313.0,1.0
3968500,2729500.0,2.0,1.0,20.0,-0.5,1000.0,311.0,2.9,6.0,3.3,88.0,0.0,0.0,264.0,-307.0,1.0
3968500,2729500.0,2.0,1.0,21.0,-0.6,1000.0,307.0,2.9,6.0,3.2,87.0,0.0,0.0,258.0,-303.0,1.0
3968500,2729500.0,2.0,1.0,22.0,-0.9,1000.0,303.0,3.1,6.0,3.1,85.0,0.0,0.0,245.0,-300.0,1.0
3968500,2729500.0,2.0,1.0,23.0,-0.5,1000.0,282.0,3.5,5.0,3.1,84.0,0.0,0.0,238.0,-297.0,1.0
3968500,2729500.0,2.0,1.0,24.0,-0.1,1000.0,263.0,4.0,5.0,3.2,82.0,0.0,0.0,238.0,-294.0,1.0
3968500,2729500.0,2.0,2.0,1.0,0.7,977.0,242.0,4.2,5.0,3.4,82.0,0.0,0.0,277.0,-312.0,1.0
3968500,2729500.0,2.0,2.0,2.0,1.4,977.0,226.0,4.4,4.0,3.5,80.0,0.0,0.0,247.0,-311.0,1.0
3968500,2729500.0,2.0,2.0,3.0,2.1,977.0,210.0,4.6,4.0,3.5,78.0,0.0,0.0,235.0,-310.0,1.0
3968500,2729500.0,2.0,2.0,4.0,2.3,977.0,209.0,4.7,4.0,3.4,74.0,0.0,0.0,235.0,-309.0,1.0
3968500,2729500.0,2.0,2.0,5.0,2.3,977.0,204.0,4.7,6.0,3.4,74.0,0.0,0.0,243.0,-310.0,1.0
3968500,2729500.0,2.0,2.0,6.0,2.6,978.0,202.0,4.9,7.0,3.3,70.0,0.0,0.0,265.0,-311.0,1.0
3968500,2729500.0,2.0,2.0,7.0,2.2,978.0,196.0,5.1,8.0,3.5,75.0,0.0,0.0,277.0,-310.0,1.0
3968500,2729500.0,2.0,2.0,8.0,1.1,979.0,206.0,3.5,8.0,3.7,83.0,0.0,0.0,280.0,-309.0,1.0
3968500,2729500.0,2.0,2.0,9.0,1.1,981.0,285.0,4.0,8.0,3.9,91.0,0.0,11.0,277.0,-308.0,1.0
3968500,2729500.0,2.0,2.0,10.0,1.1,983.0,302.0,4.1,8.0,4.0,94.0,0.0,34.0,276.0,-308.0,1.0
3968500,2729500.0,2.0,2.0,11.0,2.0,986.0,250.0,3.0,8.0,4.1,93.0,7.0,99.0,275.0,-312.0,1.0
3968500,2729500.0,2.0,2.0,12.0,3.4,988.0,284.0,4.5,7.0,4.1,86.0,13.0,130.0,272.0,-315.0,1.0
3968500,2729500.0,2.0,2.0,13.0,4.1,989.0,255.0,4.6,6.0,4.1,80.0,0.0,66.0,266.0,-316.0,1.0
3968500,2729500.0,2.0,2.0,14.0,3.8,990.0,274.0,5.6,6.0,4.0,78.0,0.0,77.0,261.0,-318.0,1.0
3968500,2729500.0,2.0,2.0,15.0,2.9,991.0,239.0,4.2,6.0,3.9,79.0,0.0,80.0,258.0,-319.0,1.0
3968500,2729500.0,2.0,2.0,16.0,2.6,992.0,261.0,4.1,4.0,3.7,79.0,12.0,77.0,247.0,-317.0,1.0
3968500,2729500.0,2.0,2.0,17.0,2.0,993.0,256.0,3.9,4.0,3.5,77.0,1.0,24.0,236.0,-316.0,1.0
3968500,2729500.0,2.0,2.0,18.0,1.1,994.0,213.0,2.9,3.0,3.3,76.0,0.0,0.0,230.0,-313.0,1.0
3968500,2729500.0,2.0,2.0,19.0,-0.1,995.0,189.0,2.9,3.0,3.3,82.0,0.0,0.0,224.0,-309.0,1.0
3968500,2729500.0,2.0,2.0,20.0,-0.7,996.0,183.0,2.3,3.0,3.3,89.0,0.0,0.0,224.0,-307.0,1.0
3968500,2729500.0,2.0,2.0,21.0,-0.9,996.0,161.0,2.1,0.0,3.3,90.0,0.0,0.0,214.0,-305.0,1.0
3968500,2729500.0,2.0,2.0,22.0,-0.7,997.0,168.0,2.9,0.0,3.2,89.0,0.0,0.0,204.0,-303.0,1.0
3968500,2729500.0,2.0,2.0,23.0,-1.1,997.0,165.0,2.9,1.0,3.2,88.0,0.0,0.0,207.0,-301.0,1.0
3968500,2729500.0,2.0,2.0,24.0,-1.7,997.0,163.0,2.6,3.0,3.1,88.0,0.0,0.0,218.0,-300.0,1.0
3968500,2729500.0,2.0,3.0,1.0,-1.8,998.0,160.0,2.3,1.0,3.0,89.0,0.0,0.0,217.0,-298.0,1.0
3968500,2729500.0,2.0,3.0,2.0,-1.8,998.0,163.0,2.9,1.0,3.0,88.0,0.0,0.0,208.0,-298.0,1.0
3968500,2729500.0,2.0,3.0,3.0,-1.6,998.0,162.0,3.2,0.0,2.9,86.0,0.0,0.0,205.0,-297.0,1.0
3968500,2729500.0,2.0,3.0,4.0,-1.8,997.0,156.0,3.0,0.0,2.9,86.0,0.0,0.0,199.0,-297.0,1.0
3968500,2729500.0,2.0,3.0,5.0,-1.9,997.0,146.0,2.4,0.0,2.9,86.0,0.0,0.0,198.0,-296.0,1.0
3968500,2729500.0,2.0,3.0,6.0,-2.6,997.0,127.0,2.4,0.0,2.9,88.0,0.0,0.0,197.0,-296.0,1.0
3968500,2729500.0,2.0,3.0,7.0,-2.7,997.0,159.0,1.8,2.0,2.9,90.0,0.0,0.0,202.0,-296.0,1.0
3968500,2729500.0,2.0,3.0,8.0,-3.4,997.0,188.0,1.7,3.0,2.8,90.0,0.0,0.0,212.0,-296.0,1.0
3968500,2729500.0,2.0,3.0,9.0,-2.6,997.0,173.0,2.2,4.0,2.8,91.0,5.0,24.0,219.0,-296.0,1.0
3968500,2729500.0,2.0,3.0,10.0,-0.8,997.0,191.0,2.7,6.0,3.0,87.0,58.0,77.0,233.0,-298.0,1.0
3968500,2729500.0,2.0,3.0,11.0,0.6,997.0,161.0,2.9,5.0,3.0,79.0,154.0,99.0,240.0,-304.0,1.0
3968500,2729500.0,2.0,3.0,12.0,2.2,997.0,156.0,4.0,4.0,3.0,71.0,223.0,107.0,235.0,-310.0,1.0
3968500,2729500.0,2.0,3.0,13.0,3.2,996.0,153.0,4.1,3.0,2.9,62.0,241.0,112.0,229.0,-314.0,1.0
3968500,2729500.0,2.0,3.0,14.0,4.1,995.0,152.0,3.9,3.0,2.8,56.0,177.0,130.0,227.0,-317.0,1.0
3968500,2729500.0,2.0,3.0,15.0,4.5,993.0,148.0,3.9,5.0,2.6,50.0,103.0,122.0,236.0,-319.0,1.0
3968500,2729500.0,2.0,3.0,16.0,4.1,992.0,128.0,3.7,5.0,2.5,47.0,58.0,83.0,243.0,-318.0,1.0
3968500,2729500.0,2.0,3.0,17.0,2.8,992.0,143.0,3.5,6.0,2.4,48.0,9.0,30.0,244.0,-316.0,1.0
3968500,2729500.0,2.0,3.0,18.0,1.0,991.0,156.0,3.0,5.0,2.4,54.0,0.0,0.0,240.0,-314.0,1.0
3968500,2729500.0,2.0,3.0,19.0,-0.1,991.0,169.0,3.1,2.0,2.5,63.0,0.0,0.0,221.0,-310.0,1.0
3968500,2729500.0,2.0,3.0,20.0,-0.3,991.0,176.0,1.6,2.0,2.6,68.0,0.0,0.0,209.0,-307.0,1.0
3968500,2729500.0,2.0,3.0,21.0,-0.5,990.0,172.0,1.7,3.0,2.7,70.0,0.0,0.0,213.0,-305.0,1.0
3968500,2729500.0,2.0,3.0,22.0,-0.3,989.0,176.0,2.1,3.0,2.7,72.0,0.0,0.0,218.0,-304.0,1.0
3968500,2729500.0,2.0,3.0,23.0,-0.8,989.0,145.0,2.5,4.0,2.8,74.0,0.0,0.0,222.0,-302.0,1.0
3968500,2729500.0,2.0,3.0,24.0,-1.0,988.0,110.0,2.6,4.0,2.8,77.0,0.0,0.0,226.0,-301.0,1.0
3968500,2729500.0,2.0,4.0,1.0,-0.2,987.0,157.0,2.4,3.0,2.8,76.0,0.0,0.0,224.0,-299.0,1.0
3968500,2729500.0,2.0,4.0,2.0,-1.6,987.0,169.0,1.4,2.0,2.8,78.0,0.0,0.0,217.0,-298.0,1.0
3968500,2729500.0,2.0,4.0,3.0,-1.8,986.0,192.0,1.5,3.0,2.8,83.0,0.0,0.0,217.0,-297.0,1.0
3968500,2729500.0,2.0,4.0,4.0,-0.5,986.0,160.0,1.2,3.0,2.9,80.0,0.0,0.0,225.0,-297.0,1.0
3968500,2729500.0,2.0,4.0,5.0,-2.1,985.0,153.0,1.3,3.0,2.8,80.0,0.0,0.0,226.0,-295.0,1.0
3968500,2729500.0,2.0,4.0,6.0,-0.9,984.0,165.0,1.2,1.0,2.8,81.0,0.0,0.0,218.0,-294.0,1.0
3968500,2729500.0,2.0,4.0,7.0,-0.1,983.0,94.0,2.0,4.0,2.9,76.0,0.0,0.0,227.0,-293.0,1.0
3968500,2729500.0,2.0,4.0,8.0,0.8,982.0,159.0,1.5,4.0,3.0,74.0,0.0,0.0,246.0,-294.0,1.0
3968500,2729500.0,2.0,4.0,9.0,1.9,982.0,100.0,2.8,5.0,3.1,71.0,13.0,19.0,254.0,-297.0,1.0
3968500,2729500.0,2.0,4.0,10.0,1.5,982.0,112.0,2.1,7.0,3.1,71.0,21.0,60.0,271.0,-302.0,1.0
3968500,2729500.0,2.0,4.0,11.0,2.3,982.0,182.0,2.4,7.0,3.2,71.0,29.0,94.0,282.0,-309.0,1.0
3968500,2729500.0,2.0,4.0,12.0,2.9,982.0,169.0,2.1,6.0,3.3,70.0,48.0,118.0,277.0,-314.0,1.0
3968500,2729500.0,2.0,4.0,13.0,3.3,982.0,170.0,3.1,7.0,3.4,70.0,0.0,84.0,277.0,-316.0,1.0
3968500,2729500.0,2.0,4.0,14.0,3.4,982.0,169.0,2.0,6.0,3.7,74.0,25.0,115.0,277.0,-320.0,1.0
3968500,2729500.0,2.0,4.0,15.0,4.5,982.0,180.0,2.6,7.0,3.9,75.0,23.0,96.0,279.0,-324.0,1.0
3968500,2729500.0,2.0,4.0,16.0,5.0,982.0,181.0,3.1,7.0,4.1,74.0,1.0,58.0,288.0,-323.0,1.0
3968500,2729500.0,2.0,4.0,17.0,4.7,983.0,176.0,3.1,7.0,4.2,76.0,0.0,11.0,290.0,-322.0,1.0
3968500,2729500.0,2.0,4.0,18.0,4.3,984.0,175.0,3.3,7.0,4.3,79.0,0.0,0.0,291.0,-320.0,1.0
3968500,2729500.0,2.0,4.0,19.0,4.0,984.0,179.0,3.3,7.0,4.3,82.0,0.0,0.0,292.0,-319.0,1.0
3968500,2729500.0,2.0,4.0,20.0,4.4,985.0,186.0,2.1,7.0,4.4,83.0,0.0,0.0,291.0,-319.0,1.0
3968500,2729500.0,2.0,4.0,21.0,3.1,987.0,158.0,2.6,7.0,4.4,85.0,0.0,0.0,288.0,-319.0,1.0
3968500,2729500.0,2.0,4.0,22.0,1.7,988.0,174.0,3.1,4.0,4.2,90.0,0.0,0.0,269.0,-318.0,1.0
3968500,2729500.0,2.0,4.0,23.0,2.0,989.0,176.0,3.2,4.0,4.1,93.0,0.0,0.0,253.0,-318.0,1.0
3968500,2729500.0,2.0,4.0,24.0,0.9,990.0,179.0,3.0,3.0,4.1,94.0,0.0,0.0,247.0,-318.0,1.0
3968500,2729500.0,2.0,5.0,1.0,1.0,991.0,188.0,2.8,6.0,4.0,95.0,0.0,0.0,254.0,-318.0,1.0
3968500,2729500.0,2.0,5.0,2.0,1.7,991.0,182.0,2.7,6.0,4.1,95.0,0.0,0.0,270.0,-318.0,1.0
3968500,2729500.0,2.0,5.0,3.0,2.4,992.0,180.0,3.4,6.0,4.2,93.0,0.0,0.0,270.0,-319.0,1.0
3968500,2729500.0,2.0,5.0,4.0,2.5,993.0,190.0,3.9,6.0,4.3,92.0,0.0,0.0,271.0,-319.0,1.0
3968500,2729500.0,2.0,5.0,5.0,2.7,993.0,181.0,4.7,6.0,4.2,90.0,0.0,0.0,272.0,-319.0,1.0
3968500,2729500.0,2.0,5.0,6.0,2.8,993.0,181.0,4.5,6.0,4.1,88.0,0.0,0.0,275.0,-320.0,1.0
3968500,2729500.0,2.0,5.0,7.0,2.8,993.0,186.0,5.2,6.0,4.1,87.0,0.0,0.0,276.0,-320.0,1.0
3968500,2729500.0,2.0,5.0,8.0,3.0,993.0,185.0,5.7,6.0,4.1,86.0,0.0,0.0,277.0,-319.0,1.0
3968500,2729500.0,2.0,5.0,9.0,3.4,993.0,188.0,5.9,5.0,4.1,84.0,5.0,15.0,272.0,-319.0,1.0
3968500,2729500.0,2.0,5.0,10.0,4.0,992.0,185.0,5.0,8.0,4.1,82.0,0.0,32.0,285.0,-320.0,1.0
3968500,2729500.0,2.0,5.0,11.0,4.5,992.0,188.0,6.7,7.0,4.1,78.0,0.0,52.0,299.0,-324.0,1.0
3968500,2729500.0,2.0,5.0,12.0,5.0,992.0,181.0,7.1,7.0,4.0,74.0,0.0,80.0,296.0,-328.0,1.0
3968500,2729500.0,2.0,5.0,13.0,5.4,991.0,181.0,7.4,7.0,3.9,70.0,0.0,100.0,297.0,-330.0,1.0
3968500,2729500.0,2.0,5.0,14.0,4.8,990.0,182.0,8.0,8.0,4.1,73.0,0.0,77.0,306.0,-330.0,1.0
3968500,2729500.0,2.0,5.0,15.0,4.0,990.0,182.0,7.0,8.0,4.3,81.0,0.0,39.0,312.0,-329.0,1.0
3968500,2729500.0,2.0,5.0,16.0,4.1,990.0,184.0,7.1,7.0,4.4,84.0,0.0,31.0,307.0,-329.0,1.0
3968500,2729500.0,2.0,5.0,17.0,4.1,989.0,186.0,6.7,8.0,4.4,84.0,0.0,9.0,309.0,-329.0,1.0
3968500,2729500.0,2.0,5.0,18.0,4.4,989.0,176.0,6.8,8.0,4.5,86.0,0.0,0.0,319.0,-329.0,1.0
3968500,2729500.0,2.0,5.0,19.0,4.3,989.0,181.0,6.1,8.0,4.6,87.0,0.0,0.0,321.0,-328.0,1.0
3968500,2729500.0,2.0,5.0,20.0,4.6,989.0,178.0,5.5,8.0,4.7,89.0,0.0,0.0,323.0,-328.0,1.0
3968500,2729500.0,2.0,5.0,21.0,5.2,989.0,178.0,5.3,8.0,4.9,89.0,0.0,0.0,326.0,-329.0,1.0
3968500,2729500.0,2.0,5.0,22.0,5.9,989.0,185.0,5.4,7.0,5.1,89.0,0.0,0.0,322.0,-330.0,1.0
3968500,2729500.0,2.0,5.0,23.0,6.6,988.0,178.0,5.9,7.0,5.4,88.0,0.0,0.0,317.0,-330.0,1.0
3968500,2729500.0,2.0,5.0,24.0,7.1,987.0,180.0,5.3,7.0,5.5,87.0,0.0,0.0,320.0,-331.0,1.0
3968500,2729500.0,2.0,6.0,1.0,7.1,987.0,182.0,5.6,7.0,5.7,88.0,0.0,0.0,321.0,-332.0,1.0
3968500,2729500.0,2.0,6.0,2.0,7.4,986.0,186.0,6.6,7.0,5.9,91.0,0.0,0.0,323.0,-334.0,1.0
3968500,2729500.0,2.0,6.0,3.0,7.6,986.0,187.0,5.8,8.0,6.1,92.0,0.0,0.0,332.0,-335.0,1.0
3968500,2729500.0,2.0,6.0,4.0,7.6,985.0,193.0,5.4,8.0,6.2,92.0,0.0,0.0,342.0,-337.0,1.0
3968500,2729500.0,2.0,6.0,5.0,7.7,985.0,209.0,4.0,8.0,6.0,90.0,0.0,0.0,342.0,-338.0,1.0
3968500,2729500.0,2.0,6.0,6.0,7.9,986.0,187.0,4.4,7.0,5.7,84.0,0.0,0.0,332.0,-338.0,1.0
3968500,2729500.0,2.0,6.0,7.0,7.6,986.0,184.0,4.5,8.0,5.6,82.0,0.0,0.0,333.0,-339.0,1.0
3968500,2729500.0,2.0,6.0,8.0,7.0,987.0,178.0,3.9,8.0,5.5,84.0,0.0,0.0,338.0,-339.0,1.0
3968500,2729500.0,2.0,6.0,9.0,6.9,987.0,175.0,3.5,7.0,5.6,87.0,0.0,11.0,331.0,-340.0,1.0
3968500,2729500.0,2.0,6.0,10.0,7.6,988.0,220.0,3.6,8.0,5.6,86.0,1.0,58.0,330.0,-341.0,1.0
3968500,2729500.0,2.0,6.0,11.0,9.0,988.0,213.0,2.0,8.0,5.7,81.0,1.0,89.0,336.0,-343.0,1.0
3968500,2729500.0,2.0,6.0,12.0,8.2,989.0,211.0,2.6,8.0,5.7,80.0,0.0,43.0,335.0,-344.0,1.0
3968500,2729500.0,2.0,6.0,13.0,8.1,990.0,214.0,4.3,8.0,5.7,82.0,0.0,39.0,333.0,-346.0,1.0
3968500,2729500.0,2.0,6.0,14.0,7.9,991.0,229.0,4.0,8.0,5.7,83.0,0.0,47.0,332.0,-348.0,1.0
3968500,2729500.0,2.0,6.0,15.0,7.7,992.0,279.0,6.0,8.0,5.5,82.0,0.0,52.0,329.0,-346.0,1.0
3968500,2729500.0,2.0,6.0,16.0,7.2,993.0,271.0,5.9,8.0,5.5,84.0,0.0,40.0,326.0,-343.0,1.0
3968500,2729500.0,2.0,6.0,17.0,6.2,995.0,298.0,5.9,8.0,5.4,87.0,0.0,22.0,322.0,-337.0,1.0
3968500,2729500.0,2.0,6.0,18.0,6.1,997.0,294.0,4.4,8.0,5.2,87.0,0.0,0.0,317.0,-332.0,1.0
3968500,2729500.0,2.0,6.0,19.0,6.0,999.0,315.0,4.3,7.0,5.1,85.0,0.0,0.0,308.0,-330.0,1.0
3968500,2729500.0,2.0,6.0,20.0,5.6,1001.0,256.0,3.6,7.0,4.8,82.0,0.0,0.0,301.0,-329.0,1.0
3968500,2729500.0,2.0,6.0,21.0,5.5,1002.0,211.0,4.2,6.0,4.6,80.0,0.0,0.0,292.0,-326.0,1.0
3968500,2729500.0,2.0,6.0,22.0,4.7,1004.0,233.0,3.6,5.0,4.5,81.0,0.0,0.0,280.0,-324.0,1.0
3968500,2729500.0,2.0,6.0,23.0,4.4,1005.0,243.0,2.8,5.0,4.3,81.0,0.0,0.0,273.0,-321.0,1.0
3968500,2729500.0,2.0,6.0,24.0,4.3,1006.0,244.0,4.0,2.0,4.2,80.0,0.0,0.0,257.0,-317.0,1.0
3968500,2729500.0,2.0,7.0,1.0,3.7,1007.0,250.0,2.9,6.0,4.0,79.0,0.0,0.0,261.0,-316.0,1.0
3968500,2729500.0,2.0,7.0,2.0,3.1,1008.0,218.0,2.3,5.0,3.8,78.0,0.0,0.0,272.0,-317.0,1.0
3968500,2729500.0,2.0,7.0,3.0,2.1,1008.0,220.0,2.5,5.0,3.8,82.0,0.0,0.0,265.0,-319.0,1.0
3968500,2729500.0,2.0,7.0,4.0,3.0,1009.0,225.0,2.8,5.0,3.8,84.0,0.0,0.0,263.0,-320.0,1.0
3968500,2729500.0,2.0,7.0,5.0,2.9,1009.0,230.0,2.5,5.0,3.8,82.0,0.0,0.0,262.0,-319.0,1.0
3968500,2729500.0,2.0,7.0,6.0,2.8,1010.0,264.0,3.0,6.0,3.8,81.0,0.0,0.0,264.0,-318.0,1.0
3968500,2729500.0,2.0,7.0,7.0,2.7,1010.0,257.0,3.6,6.0,3.7,81.0,0.0,0.0,267.0,-316.0,1.0
3968500,2729500.0,2.0,7.0,8.0,2.2,1010.0,143.0,2.4,5.0,3.7,82.0,0.0,0.0,262.0,-315.0,1.0
3968500,2729500.0,2.0,7.0,9.0,1.9,1011.0,142.0,3.0,4.0,3.7,85.0,10.0,31.0,254.0,-313.0,1.0
3968500,2729500.0,2.0,7.0,10.0,3.4,1012.0,128.0,2.8,2.0,3.8,84.0,65.0,86.0,242.0,-312.0,1.0
3968500,2729500.0,2.0,7.0,11.0,5.3,1013.0,339.0,3.0,4.0,4.0,76.0,66.0,137.0,245.0,-314.0,1.0
3968500,2729500.0,2.0,7.0,12.0,6.7,1013.0,247.0,3.6,2.0,3.9,66.0,146.0,158.0,249.0,-317.0,1.0
3968500,2729500.0,2.0,7.0,13.0,7.1,1013.0,289.0,4.0,3.0,3.8,61.0,187.0,158.0,247.0,-323.0,1.0
3968500,2729500.0,2.0,7.0,14.0,7.8,1013.0,289.0,3.5,3.0,3.7,58.0,185.0,147.0,255.0,-330.0,1.0
3968500,2729500.0,2.0,7.0,15.0,8.0,1013.0,258.0,3.4,3.0,3.7,56.0,148.0,129.0,257.0,-333.0,1.0
3968500,2729500.0,2.0,7.0,16.0,7.4,1013.0,320.0,2.8,3.0,3.7,57.0,90.0,93.0,261.0,-333.0,1.0
3968500,2729500.0,2.0,7.0,17.0,6.0,1013.0,340.0,1.6,5.0,3.7,60.0,23.0,39.0,269.0,-332.0,1.0
3968500,2729500.0,2.0,7.0,18.0,4.5,1014.0,204.0,1.4,4.0,3.7,68.0,0.0,0.0,271.0,-329.0,1.0
3968500,2729500.0,2.0,7.0,19.0,4.9,1014.0,164.0,0.8,5.0,3.8,72.0,0.0,0.0,272.0,-326.0,1.0
3968500,2729500.0,2.0,7.0,20.0,4.2,1014.0,169.0,1.0,5.0,3.9,74.0,0.0,0.0,277.0,-325.0,1.0
3968500,2729500.0,2.0,7.0,21.0,4.2,1014.0,164.0,2.1,5.0,4.0,78.0,0.0,0.0,279.0,-324.0,1.0
3968500,2729500.0,2.0,7.0,22.0,4.4,1014.0,157.0,2.0,5.0,4.0,78.0,0.0,0.0,282.0,-324.0,1.0
3968500,2729500.0,2.0,7.0,23.0,4.3,1014.0,163.0,2.0,5.0,4.1,78.0,0.0,0.0,284.0,-322.0,1.0
3968500,2729500.0,2.0,7.0,24.0,4.0,1014.0,162.0,2.4,8.0,4.1,81.0,0.0,0.0,296.0,-320.0,1.0
3968500,2729500.0,2.0,8.0,1.0,4.1,1014.0,153.0,2.7,7.0,4.1,82.0,0.0,0.0,304.0,-318.0,1.0
3968500,2729500.0,2.0,8.0,2.0,3.9,1014.0,154.0,2.8,6.0,4.1,81.0,0.0,0.0,297.0,-317.0,1.0
3968500,2729500.0,2.0,8.0,3.0,3.9,1014.0,157.0,2.8,6.0,4.0,80.0,0.0,0.0,294.0,-317.0,1.0
3968500,2729500.0,2.0,8.0,4.0,3.0,1014.0,160.0,2.9,7.0,3.9,81.0,0.0,0.0,296.0,-317.0,1.0
3968500,2729500.0,2.0,8.0,5.0,2.0,1014.0,164.0,2.6,6.0,3.8,84.0,0.0,0.0,293.0,-317.0,1.0
3968500,2729500.0,2.0,8.0,6.0,2.3,1014.0,159.0,2.5,5.0,3.8,87.0,0.0,0.0,284.0,-317.0,1.0
3968500,2729500.0,2.0,8.0,7.0,2.8,1014.0,158.0,2.5,5.0,3.9,85.0,0.0,0.0,282.0,-317.0,1.0
3968500,2729500.0,2.0,8.0,8.0,2.5,1014.0,159.0,2.5,5.0,3.8,83.0,0.0,0.0,283.0,-316.0,1.0
3968500,2729500.0,2.0,8.0,9.0,2.8,1014.0,171.0,2.6,5.0,3.8,84.0,3.0,28.0,283.0,-316.0,1.0
3968500,2729500.0,2.0,8.0,10.0,4.0,1015.0,167.0,2.7,6.0,3.9,80.0,47.0,82.0,290.0,-316.0,1.0
3968500,2729500.0,2.0,8.0,11.0,5.6,1015.0,176.0,2.5,4.0,3.9,73.0,162.0,93.0,289.0,-317.0,1.0
3968500,2729500.0,2.0,8.0,12.0,6.9,1016.0,173.0,2.9,3.0,4.0,68.0,289.0,76.0,278.0,-324.0,1.0
3968500,2729500.0,2.0,8.0,13.0,8.6,1016.0,171.0,3.3,1.0,4.0,61.0,315.0,78.0,266.0,-334.0,1.0
3968500,2729500.0,2.0,8.0,14.0,9.5,1015.0,171.0,3.0,1.0,3.9,55.0,293.0,77.0,259.0,-340.0,1.0
3968500,2729500.0,2.0,8.0,15.0,9.5,1014.0,188.0,3.0,1.0,3.8,52.0,232.0,74.0,260.0,-342.0,1.0
3968500,2729500.0,2.0,8.0,16.0,9.1,1014.0,169.0,3.0,1.0,3.6,49.0,137.0,64.0,259.0,-341.0,1.0
3968500,2729500.0,2.0,8.0,17.0,7.9,1014.0,167.0,2.1,1.0,3.5,51.0,34.0,34.0,257.0,-336.0,1.0
3968500,2729500.0,2.0,8.0,18.0,5.0,1014.0,176.0,1.9,1.0,3.7,62.0,0.0,0.0,252.0,-328.0,1.0
3968500,2729500.0,2.0,8.0,19.0,4.4,1014.0,180.0,1.8,1.0,3.7,70.0,0.0,0.0,248.0,-320.0,1.0
3968500,2729500.0,2.0,8.0,20.0,3.8,1013.0,188.0,1.5,0.0,3.6,71.0,0.0,0.0,240.0,-316.0,1.0
3968500,2729500.0,2.0,8.0,21.0,3.9,1013.0,195.0,1.6,0.0,3.6,72.0,0.0,0.0,234.0,-315.0,1.0
3968500,2729500.0,2.0,8.0,22.0,2.5,1013.0,164.0,1.9,0.0,3.6,76.0,0.0,0.0,232.0,-315.0,1.0
3968500,2729500.0,2.0,8.0,23.0,1.1,1014.0,150.0,1.9,0.0,3.7,85.0,0.0,0.0,228.0,-314.0,1.0
3968500,2729500.0,2.0,8.0,24.0,0.9,1013.0,160.0,1.6,0.0,3.6,89.0,0.0,0.0,226.0,-312.0,1.0
3968500,2729500.0,2.0,9.0,1.0,0.4,1014.0,159.0,1.7,1.0,3.6,90.0,0.0,0.0,230.0,-311.0,1.0
3968500,2729500.0,2.0,9.0,2.0,-0.3,1013.0,173.0,1.6,0.0,3.5,92.0,0.0,0.0,227.0,-310.0,1.0
3968500,2729500.0,2.0,9.0,3.0,-1.2,1013.0,141.0,1.0,0.0,3.4,95.0,0.0,0.0,220.0,-310.0,1.0
3968500,2729500.0,2.0,9.0,4.0,-1.1,1013.0,168.0,1.5,0.0,3.3,96.0,0.0,0.0,219.0,-310.0,1.0
3968500,2729500.0,2.0,9.0,5.0,-1.4,1013.0,183.0,1.6,1.0,3.4,97.0,0.0,0.0,223.0,-310.0,1.0
3968500,2729500.0,2.0,9.0,6.0,-1.7,1013.0,132.0,1.0,1.0,3.3,98.0,0.0,0.0,226.0,-310.0,1.0
3968500,2729500.0,2.0,9.0,7.0,-2.0,1013.0,158.0,1.5,1.0,3.3,99.0,0.0,0.0,227.0,-310.0,1.0
3968500,2729500.0,2.0,9.0,8.0,-1.7,1013.0,186.0,1.6,1.0,3.3,100.0,0.0,2.0,227.0,-309.0,1.0
3968500,2729500.0,2.0,9.0,9.0,0.1,1014.0,169.0,1.7,1.0,3.4,96.0,35.0,27.0,230.0,-309.0,1.0
3968500,2729500.0,2.0,9.0,10.0,2.1,1014.0,156.0,1.9,2.0,3.7,89.0,140.0,50.0,238.0,-311.0,1.0
3968500,2729500.0,2.0,9.0,11.0,4.2,1014.0,163.0,1.8,2.0,3.8,80.0,245.0,57.0,246.0,-314.0,1.0
3968500,2729500.0,2.0,9.0,12.0,6.5,1015.0,157.0,2.2,2.0,3.7,67.0,315.0,60.0,247.0,-319.0,1.0
3968500,2729500.0,2.0,9.0,13.0,8.0,1014.0,156.0,2.6,1.0,3.3,53.0,337.0,63.0,246.0,-326.0,1.0
3968500,2729500.0,2.0,9.0,14.0,9.5,1014.0,156.0,1.8,1.0,3.1,44.0,317.0,63.0,245.0,-331.0,1.0
3968500,2729500.0,2.0,9.0,15.0,10.3,1013.0,113.0,1.6,1.0,2.7,35.0,249.0,63.0,246.0,-336.0,1.0
3968500,2729500.0,2.0,9.0,16.0,10.2,1013.0,130.0,1.1,1.0,2.2,29.0,152.0,56.0,245.0,-340.0,1.0
3968500,2729500.0,2.0,9.0,17.0,8.9,1013.0,160.0,1.3,0.0,2.3,31.0,40.0,32.0,241.0,-335.0,1.0
3968500,2729500.0,2.0,9.0,18.0,6.6,1013.0,129.0,1.4,1.0,2.7,41.0,0.0,0.0,238.0,-324.0,1.0
3968500,2729500.0,2.0,9.0,19.0,5.7,1013.0,120.0,1.5,1.0,3.1,53.0,0.0,0.0,238.0,-317.0,1.0
3968500,2729500.0,2.0,9.0,20.0,4.1,1013.0,55.0,1.3,1.0,3.2,60.0,0.0,0.0,235.0,-316.0,1.0
3968500,2729500.0,2.0,9.0,21.0,3.0,1012.0,49.0,1.1,0.0,3.4,69.0,0.0,0.0,231.0,-315.0,1.0
3968500,2729500.0,2.0,9.0,22.0,2.6,1013.0,84.0,0.6,0.0,3.6,78.0,0.0,0.0,228.0,-315.0,1.0
3968500,2729500.0,2.0,9.0,23.0,1.5,1013.0,20.0,1.1,1.0,3.6,83.0,0.0,0.0,229.0,-313.0,1.0
3968500,2729500.0,2.0,9.0,24.0,0.4,1013.0,50.0,0.6,4.0,3.6,88.0,0.0,0.0,233.0,-310.0,1.0
3968500,2729500.0,2.0,10.0,1.0,0.1,1013.0,343.0,0.6,0.0,3.4,89.0,0.0,0.0,228.0,-310.0,1.0
3968500,2729500.0,2.0,10.0,2.0,0.0,1013.0,136.0,0.6,1.0,3.4,89.0,0.0,0.0,223.0,-309.0,1.0
3968500,2729500.0,2.0,10.0,3.0,-0.5,1013.0,133.0,0.8,0.0,3.4,92.0,0.0,0.0,221.0,-309.0,1.0
3968500,2729500.0,2.0,10.0,4.0,-1.1,1013.0,347.0,1.0,0.0,3.4,95.0,0.0,0.0,218.0,-308.0,1.0
3968500,2729500.0,2.0,10.0,5.0,-1.3,1013.0,333.0,0.3,0.0,3.4,97.0,0.0,0.0,215.0,-308.0,1.0
3968500,2729500.0,2.0,10.0,6.0,-1.5,1013.0,224.0,0.7,0.0,3.3,97.0,0.0,0.0,214.0,-307.0,1.0
3968500,2729500.0,2.0,10.0,7.0,-2.1,1013.0,345.0,0.3,1.0,3.2,98.0,0.0,0.0,215.0,-306.0,1.0
3968500,2729500.0,2.0,10.0,8.0,-2.0,1013.0,351.0,0.7,2.0,3.2,99.0,0.0,0.0,218.0,-304.0,1.0
3968500,2729500.0,2.0,10.0,9.0,-1.1,1013.0,348.0,0.2,5.0,3.3,98.0,24.0,31.0,226.0,-304.0,1.0
3968500,2729500.0,2.0,10.0,10.0,1.1,1014.0,348.0,0.6,6.0,3.5,92.0,100.0,70.0,238.0,-307.0,1.0
3968500,2729500.0,2.0,10.0,11.0,3.4,1014.0,3.0,0.9,5.0,3.6,81.0,185.0,92.0,243.0,-312.0,1.0
3968500,2729500.0,2.0,10.0,12.0,6.3,1015.0,15.0,1.0,5.0,3.9,73.0,260.0,98.0,249.0,-318.0,1.0
3968500,2729500.0,2.0,10.0,13.0,7.7,1014.0,253.0,0.8,3.0,4.1,66.0,269.0,107.0,251.0,-326.0,1.0
3968500,2729500.0,2.0,10.0,14.0,9.5,1014.0,202.0,0.9,3.0,4.3,61.0,285.0,88.0,254.0,-332.0,1.0
3968500,2729500.0,2.0,10.0,15.0,11.5,1013.0,219.0,0.8,4.0,4.4,56.0,204.0,91.0,262.0,-336.0,1.0
3968500,2729500.0,2.0,10.0,16.0,11.0,1013.0,73.0,1.3,4.0,4.4,53.0,110.0,77.0,266.0,-338.0,1.0
3968500,2729500.0,2.0,10.0,17.0,9.5,1012.0,169.0,0.9,1.0,4.5,58.0,35.0,36.0,259.0,-334.0,1.0
3968500,2729500.0,2.0,10.0,18.0,7.1,1013.0,99.0,0.8,1.0,4.5,65.0,0.0,0.0,251.0,-329.0,1.0
3968500,2729500.0,2.0,10.0,19.0,6.5,1013.0,67.0,1.0,1.0,4.3,71.0,0.0,0.0,246.0,-323.0,1.0
3968500,2729500.0,2.0,10.0,20.0,5.0,1013.0,102.0,1.2,1.0,4.3,75.0,0.0,0.0,243.0,-318.0,1.0
3968500,2729500.0,2.0,10.0,21.0,3.8,1014.0,91.0,1.4,1.0,4.2,82.0,0.0,0.0,240.0,-316.0,1.0
3968500,2729500.0,2.0,10.0,22.0,3.2,1013.0,83.0,1.7,2.0,4.2,86.0,0.0,0.0,239.0,-316.0,1.0
3968500,2729500.0,2.0,10.0,23.0,1.9,1013.0,56.0,1.1,1.0,4.1,89.0,0.0,0.0,237.0,-315.0,1.0
3968500,2729500.0,2.0,10.0,24.0,1.8,1013.0,57.0,1.5,2.0,4.0,92.0,0.0,0.0,235.0,-315.0,1.0
3968500,2729500.0,2.0,11.0,1.0,1.1,1013.0,73.0,1.4,0.0,4.0,94.0,0.0,0.0,232.0,-315.0,1.0
3968500,2729500.0,2.0,11.0,2.0,0.4,1013.0,44.0,1.1,0.0,3.8,96.0,0.0,0.0,227.0,-314.0,1.0
3968500,2729500.0,2.0,11.0,3.0,0.2,1013.0,55.0,1.5,0.0,3.7,96.0,0.0,0.0,223.0,-314.0,1.0
3968500,2729500.0,2.0,11.0,4.0,-0.5,1013.0,189.0,1.5,1.0,3.6,97.0,0.0,0.0,223.0,-314.0,1.0
3968500,2729500.0,2.0,11.0,5.0,-0.9,1013.0,166.0,0.9,1.0,3.5,98.0,0.0,0.0,224.0,-313.0,1.0
3968500,2729500.0,2.0,11.0,6.0,-1.2,1013.0,52.0,1.4,1.0,3.5,99.0,0.0,0.0,223.0,-313.0,1.0
3968500,2729500.0,2.0,11.0,7.0,-1.3,1013.0,43.0,1.4,4.0,3.4,100.0,0.0,0.0,233.0,-313.0,1.0
3968500,2729500.0,2.0,11.0,8.0,-1.6,1013.0,47.0,1.1,4.0,3.4,100.0,0.0,4.0,243.0,-312.0,1.0
3968500,2729500.0,2.0,11.0,9.0,-0.8,1014.0,45.0,0.8,3.0,3.5,100.0,34.0,33.0,243.0,-313.0,1.0
3968500,2729500.0,2.0,11.0,10.0,1.4,1014.0,86.0,0.9,3.0,3.7,96.0,119.0,69.0,245.0,-314.0,1.0
3968500,2729500.0,2.0,11.0,11.0,3.9,1014.0,169.0,0.7,2.0,3.9,86.0,220.0,85.0,249.0,-317.0,1.0
3968500,2729500.0,2.0,11.0,12.0,6.2,1014.0,122.0,0.7,2.0,4.2,76.0,287.0,93.0,251.0,-325.0,1.0
3968500,2729500.0,2.0,11.0,13.0,9.1,1014.0,80.0,0.7,2.0,4.4,68.0,310.0,98.0,259.0,-337.0,1.0
3968500,2729500.0,2.0,11.0,14.0,10.9,1013.0,77.0,0.8,2.0,4.7,62.0,285.0,98.0,266.0,-347.0,1.0
3968500,2729500.0,2.0,11.0,15.0,11.3,1013.0,20.0,0.7,3.0,4.8,58.0,214.0,93.0,274.0,-350.0,1.0
3968500,2729500.0,2.0,11.0,16.0,11.1,1012.0,33.0,1.2,4.0,4.7,57.0,87.0,86.0,284.0,-348.0,1.0
3968500,2729500.0,2.0,11.0,17.0,9.9,1012.0,14.0,1.8,7.0,4.6,58.0,33.0,37.0,299.0,-343.0,1.0
3968500,2729500.0,2.0,11.0,18.0,8.1,1012.0,357.0,2.0,5.0,4.5,63.0,0.0,0.0,298.0,-335.0,1.0
3968500,2729500.0,2.0,11.0,19.0,7.1,1012.0,19.0,2.1,1.0,4.2,66.0,0.0,0.0,265.0,-328.0,1.0
3968500,2729500.0,2.0,11.0,20.0,6.4,1013.0,21.0,2.0,1.0,4.1,67.0,0.0,0.0,244.0,-323.0,1.0
3968500,2729500.0,2.0,11.0,21.0,4.5,1013.0,35.0,1.5,3.0,4.1,74.0,0.0,0.0,249.0,-319.0,1.0
3968500,2729500.0,2.0,11.0,22.0,2.7,1012.0,234.0,1.3,1.0,4.1,83.0,0.0,0.0,243.0,-317.0,1.0
3968500,2729500.0,2.0,11.0,23.0,1.8,1012.0,84.0,1.3,1.0,4.0,90.0,0.0,0.0,230.0,-316.0,1.0
3968500,2729500.0,2.0,11.0,24.0,1.7,1012.0,60.0,1.8,1.0,4.0,93.0,0.0,0.0,229.0,-315.0,1.0
3968500,2729500.0,2.0,12.0,1.0,0.4,1012.0,242.0,1.3,1.0,3.9,94.0,0.0,0.0,226.0,-315.0,1.0
3968500,2729500.0,2.0,12.0,2.0,0.0,1012.0,38.0,1.3,2.0,3.7,96.0,0.0,0.0,227.0,-315.0,1.0
3968500,2729500.0,2.0,12.0,3.0,-0.3,1012.0,35.0,1.3,4.0,3.7,98.0,0.0,0.0,238.0,-314.0,1.0
3968500,2729500.0,2.0,12.0,4.0,-0.7,1012.0,51.0,1.7,4.0,3.6,98.0,0.0,0.0,244.0,-313.0,1.0
3968500,2729500.0,2.0,12.0,5.0,-1.1,1012.0,28.0,0.6,2.0,3.5,99.0,0.0,0.0,235.0,-312.0,1.0
3968500,2729500.0,2.0,12.0,6.0,-1.3,1012.0,51.0,0.9,0.0,3.5,100.0,0.0,0.0,219.0,-311.0,1.0
3968500,2729500.0,2.0,12.0,7.0,-1.4,1012.0,52.0,0.9,4.0,3.4,100.0,0.0,0.0,225.0,-311.0,1.0
3968500,2729500.0,2.0,12.0,8.0,-1.8,1012.0,3.0,1.0,4.0,3.4,100.0,0.0,4.0,240.0,-311.0,1.0
3968500,2729500.0,2.0,12.0,9.0,-0.9,1013.0,74.0,0.5,1.0,3.4,100.0,38.0,33.0,229.0,-311.0,1.0
3968500,2729500.0,2.0,12.0,10.0,0.7,1013.0,25.0,0.9,2.0,3.7,97.0,133.0,61.0,225.0,-313.0,1.0
3968500,2729500.0,2.0,12.0,11.0,2.1,1013.0,3.0,1.7,2.0,3.9,94.0,237.0,71.0,234.0,-314.0,1.0
3968500,2729500.0,2.0,12.0,12.0,3.6,1013.0,32.0,1.9,1.0,4.2,89.0,259.0,97.0,233.0,-318.0,1.0
3968500,2729500.0,2.0,12.0,13.0,4.8,1013.0,24.0,2.5,1.0,4.3,84.0,282.0,99.0,233.0,-322.0,1.0
3968500,2729500.0,2.0,12.0,14.0,6.2,1013.0,31.0,2.3,3.0,4.4,79.0,134.0,158.0,246.0,-325.0,1.0
3968500,2729500.0,2.0,12.0,15.0,6.2,1013.0,150.0,2.2,6.0,4.6,77.0,18.0,139.0,269.0,-326.0,1.0
3968500,2729500.0,2.0,12.0,16.0,5.9,1012.0,80.0,2.6,6.0,4.5,77.0,2.0,78.0,280.0,-325.0,1.0
3968500,2729500.0,2.0,12.0,17.0,5.1,1012.0,101.0,2.8,3.0,4.3,77.0,0.0,24.0,265.0,-320.0,1.0
3968500,2729500.0,2.0,12.0,18.0,4.3,1012.0,71.0,2.9,4.0,4.2,80.0,0.0,0.0,253.0,-316.0,1.0
3968500,2729500.0,2.0,12.0,19.0,4.2,1013.0,78.0,2.9,6.0,4.2,81.0,0.0,0.0,265.0,-314.0,1.0
3968500,2729500.0,2.0,12.0,20.0,3.9,1013.0,89.0,2.8,6.0,4.2,82.0,0.0,0.0,273.0,-312.0,1.0
3968500,2729500.0,2.0,12.0,21.0,3.6,1012.0,78.0,2.7,6.0,4.1,83.0,0.0,0.0,273.0,-309.0,1.0
3968500,2729500.0,2.0,12.0,22.0,3.7,1012.0,101.0,2.1,7.0,4.1,82.0,0.0,0.0,275.0,-309.0,1.0
3968500,2729500.0,2.0,12.0,23.0,3.4,1012.0,111.0,1.7,7.0,4.0,82.0,0.0,0.0,277.0,-308.0,1.0
3968500,2729500.0,2.0,12.0,24.0,3.2,1012.0,134.0,1.9,2.0,4.0,82.0,0.0,0.0,256.0,-307.0,1.0
3968500,2729500.0,2.0,13.0,1.0,1.6,1012.0,88.0,1.3,5.0,3.8,84.0,0.0,0.0,245.0,-305.0,1.0
3968500,2729500.0,2.0,13.0,2.0,1.3,1012.0,64.0,1.8,3.0,3.7,88.0,0.0,0.0,246.0,-303.0,1.0
3968500,2729500.0,2.0,13.0,3.0,1.3,1012.0,27.0,1.5,2.0,3.7,88.0,0.0,0.0,235.0,-301.0,1.0
3968500,2729500.0,2.0,13.0,4.0,0.4,1012.0,88.0,1.3,5.0,3.6,89.0,0.0,0.0,241.0,-299.0,1.0
3968500,2729500.0,2.0,13.0,5.0,-1.1,1012.0,81.0,1.3,4.0,3.4,93.0,0.0,0.0,247.0,-298.0,1.0
3968500,2729500.0,2.0,13.0,6.0,-1.0,1012.0,39.0,1.3,3.0,3.3,95.0,0.0,0.0,237.0,-297.0,1.0
3968500,2729500.0,2.0,13.0,7.0,-1.7,1012.0,67.0,1.7,4.0,3.3,96.0,0.0,0.0,237.0,-296.0,1.0
3968500,2729500.0,2.0,13.0,8.0,-1.7,1012.0,175.0,1.5,4.0,3.2,97.0,0.0,5.0,241.0,-296.0,1.0
3968500,2729500.0,2.0,13.0,9.0,-1.1,1013.0,69.0,1.3,5.0,3.3,96.0,20.0,48.0,246.0,-297.0,1.0
3968500,2729500.0,2.0,13.0,10.0,0.5,1013.0,100.0,1.3,3.0,3.4,93.0,70.0,115.0,246.0,-301.0,1.0
3968500,2729500.0,2.0,13.0,11.0,1.5,1013.0,106.0,1.3,2.0,3.6,88.0,115.0,168.0,237.0,-307.0,1.0
3968500,2729500.0,2.0,13.0,12.0,3.8,1013.0,99.0,1.2,2.0,3.8,82.0,145.0,204.0,237.0,-313.0,1.0
3968500,2729500.0,2.0,13.0,13.0,4.3,1013.0,157.0,1.9,2.0,3.9,78.0,170.0,214.0,240.0,-320.0,1.0
3968500,2729500.0,2.0,13.0,14.0,5.0,1013.0,177.0,1.9,3.0,4.0,76.0,167.0,202.0,245.0,-325.0,1.0
3968500,2729500.0,2.0,13.0,15.0,5.8,1013.0,19.0,1.6,3.0,4.0,72.0,139.0,170.0,250.0,-325.0,1.0
3968500,2729500.0,2.0,13.0,16.0,5.1,1012.0,145.0,1.9,2.0,4.0,72.0,87.0,122.0,247.0,-323.0,1.0
3968500,2729500.0,2.0,13.0,17.0,4.4,1012.0,161.0,1.6,1.0,4.0,75.0,28.0,53.0,237.0,-319.0,1.0
3968500,2729500.0,2.0,13.0,18.0,2.7,1011.0,177.0,1.5,2.0,3.9,80.0,0.0,0.0,233.0,-316.0,1.0
3968500,2729500.0,2.0,13.0,19.0,1.0,1011.0,46.0,1.6,4.0,3.8,88.0,0.0,0.0,238.0,-314.0,1.0
3968500,2729500.0,2.0,13.0,20.0,-0.8,1012.0,207.0,1.1,4.0,3.5,92.0,0.0,0.0,238.0,-312.0,1.0
3968500,2729500.0,2.0,13.0,21.0,-1.3,1012.0,239.0,1.4,2.0,3.3,94.0,0.0,0.0,229.0,-309.0,1.0
3968500,2729500.0,2.0,13.0,22.0,-2.0,1012.0,238.0,1.3,2.0,3.2,95.0,0.0,0.0,221.0,-309.0,1.0
3968500,2729500.0,2.0,13.0,23.0,-2.9,1013.0,194.0,1.5,2.0,3.1,97.0,0.0,0.0,218.0,-308.0,1.0
3968500,2729500.0,2.0,13.0,24.0,-2.6,1013.0,24.0,0.9,7.0,3.0,98.0,0.0,0.0,231.0,-308.0,1.0
3968500,2729500.0,2.0,14.0,1.0,-2.7,1013.0,151.0,0.8,2.0,3.1,99.0,0.0,0.0,231.0,-307.0,1.0
3968500,2729500.0,2.0,14.0,2.0,-2.1,1013.0,47.0,0.4,4.0,3.2,100.0,0.0,0.0,224.0,-305.0,1.0
3968500,2729500.0,2.0,14.0,3.0,-1.9,1013.0,313.0,0.5,4.0,3.3,100.0,0.0,0.0,232.0,-304.0,1.0
3968500,2729500.0,2.0,14.0,4.0,-1.2,1013.0,192.0,1.1,4.0,3.3,98.0,0.0,0.0,234.0,-303.0,1.0
3968500,2729500.0,2.0,14.0,5.0,-1.2,1013.0,21.0,0.8,4.0,3.4,98.0,0.0,0.0,237.0,-302.0,1.0
3968500,2729500.0,2.0,14.0,6.0,-1.2,1013.0,83.0,1.3,7.0,3.5,100.0,0.0,0.0,248.0,-302.0,1.0
3968500,2729500.0,2.0,14.0,7.0,-0.1,1013.0,48.0,2.5,8.0,3.6,100.0,0.0,0.0,264.0,-301.0,1.0
3968500,2729500.0,2.0,14.0,8.0,-0.2,1013.0,49.0,1.8,8.0,3.8,100.0,0.0,1.0,271.0,-301.0,1.0
3968500,2729500.0,2.0,14.0,9.0,0.0,1013.0,55.0,1.4,6.0,3.8,100.0,0.0,28.0,268.0,-301.0,1.0
3968500,2729500.0,2.0,14.0,10.0,0.2,1013.0,28.0,2.0,7.0,3.8,99.0,0.0,60.0,269.0,-304.0,1.0
3968500,2729500.0,2.0,14.0,11.0,0.4,1013.0,57.0,2.4,7.0,3.8,97.0,0.0,60.0,278.0,-310.0,1.0
3968500,2729500.0,2.0,14.0,12.0,0.7,1013.0,54.0,2.5,7.0,3.8,96.0,0.0,66.0,281.0,-316.0,1.0
3968500,2729500.0,2.0,14.0,13.0,0.5,1013.0,36.0,2.6,7.0,3.8,95.0,0.0,67.0,283.0,-322.0,1.0
3968500,2729500.0,2.0,14.0,14.0,0.7,1013.0,36.0,2.7,7.0,3.7,94.0,0.0,61.0,284.0,-327.0,1.0
3968500,2729500.0,2.0,14.0,15.0,1.0,1012.0,63.0,2.6,7.0,3.7,93.0,0.0,52.0,286.0,-327.0,1.0
3968500,2729500.0,2.0,14.0,16.0,0.7,1012.0,55.0,2.9,7.0,3.7,92.0,0.0,37.0,287.0,-326.0,1.0
3968500,2729500.0,2.0,14.0,17.0,0.6,1012.0,19.0,2.9,7.0,3.7,93.0,0.0,21.0,286.0,-322.0,1.0
3968500,2729500.0,2.0,14.0,18.0,0.5,1011.0,18.0,2.6,7.0,3.7,93.0,0.0,0.0,286.0,-317.0,1.0
3968500,2729500.0,2.0,14.0,19.0,0.6,1012.0,35.0,2.4,8.0,3.7,92.0,0.0,0.0,290.0,-315.0,1.0
3968500,2729500.0,2.0,14.0,20.0,0.6,1012.0,63.0,2.5,8.0,3.6,91.0,0.0,0.0,294.0,-312.0,1.0
3968500,2729500.0,2.0,14.0,21.0,0.6,1012.0,46.0,2.4,8.0,3.6,90.0,0.0,0.0,293.0,-310.0,1.0
3968500,2729500.0,2.0,14.0,22.0,0.7,1012.0,53.0,3.1,8.0,3.6,91.0,0.0,0.0,294.0,-309.0,1.0
3968500,2729500.0,2.0,14.0,23.0,0.7,1012.0,45.0,3.0,8.0,3.5,89.0,0.0,0.0,293.0,-309.0,1.0
3968500,2729500.0,2.0,14.0,24.0,0.8,1012.0,11.0,2.1,8.0,3.5,87.0,0.0,0.0,292.0,-308.0,1.0
3968500,2729500.0,2.0,15.0,1.0,0.8,1012.0,0.0,1.6,8.0,3.5,86.0,0.0,0.0,290.0,-307.0,1.0
3968500,2729500.0,2.0,15.0,2.0,0.9,1012.0,354.0,2.0,6.0,3.5,87.0,0.0,0.0,279.0,-308.0,1.0
3968500,2729500.0,2.0,15.0,3.0,0.7,1012.0,19.0,2.1,7.0,3.5,88.0,0.0,0.0,274.0,-307.0,1.0
3968500,2729500.0,2.0,15.0,4.0,0.8,1012.0,15.0,2.4,7.0,3.5,88.0,0.0,0.0,277.0,-307.0,1.0
3968500,2729500.0,2.0,15.0,5.0,0.6,1012.0,36.0,2.7,5.0,3.5,87.0,0.0,0.0,267.0,-307.0,1.0
3968500,2729500.0,2.0,15.0,6.0,0.1,1013.0,19.0,2.6,3.0,3.3,85.0,0.0,0.0,246.0,-307.0,1.0
3968500,2729500.0,2.0,15.0,7.0,-1.0,1013.0,39.0,3.2,1.0,3.0,82.0,0.0,0.0,224.0,-307.0,1.0
3968500,2729500.0,2.0,15.0,8.0,-1.8,1014.0,17.0,2.8,1.0,2.8,82.0,2.0,7.0,212.0,-306.0,1.0
3968500,2729500.0,2.0,15.0,9.0,-1.0,1014.0,27.0,3.2,2.0,2.7,80.0,69.0,27.0,215.0,-306.0,1.0
3968500,2729500.0,2.0,15.0,10.0,-0.1,1015.0,33.0,3.2,1.0,2.7,75.0,190.0,39.0,216.0,-306.0,1.0
3968500,2729500.0,2.0,15.0,11.0,0.8,1015.0,37.0,4.5,2.0,2.7,70.0,197.0,83.0,217.0,-309.0,1.0
3968500,2729500.0,2.0,15.0,12.0,1.6,1016.0,56.0,3.8,4.0,2.6,64.0,117.0,168.0,230.0,-312.0,1.0
3968500,2729500.0,2.0,15.0,13.0,1.0,1016.0,54.0,4.2,4.0,2.5,59.0,105.0,182.0,237.0,-314.0,1.0
3968500,2729500.0,2.0,15.0,14.0,1.2,1016.0,38.0,3.9,4.0,2.3,57.0,94.0,173.0,236.0,-315.0,1.0
3968500,2729500.0,2.0,15.0,15.0,2.2,1016.0,67.0,4.1,3.0,2.2,51.0,232.0,70.0,232.0,-316.0,1.0
3968500,2729500.0,2.0,15.0,16.0,1.8,1016.0,78.0,3.7,1.0,2.1,49.0,205.0,42.0,221.0,-315.0,1.0
3968500,2729500.0,2.0,15.0,17.0,1.3,1016.0,40.0,3.5,2.0,2.1,50.0,77.0,34.0,216.0,-312.0,1.0
3968500,2729500.0,2.0,15.0,18.0,0.1,1016.0,32.0,3.0,0.0,1.9,49.0,0.0,5.0,209.0,-306.0,1.0
3968500,2729500.0,2.0,15.0,19.0,-0.9,1016.0,25.0,2.4,2.0,2.0,53.0,0.0,0.0,205.0,-300.0,1.0
3968500,2729500.0,2.0,15.0,20.0,-2.0,1017.0,24.0,1.8,2.0,2.0,59.0,0.0,0.0,208.0,-296.0,1.0
3968500,2729500.0,2.0,15.0,21.0,-2.3,1017.0,357.0,1.9,2.0,2.0,63.0,0.0,0.0,207.0,-293.0,1.0
3968500,2729500.0,2.0,15.0,22.0,-2.6,1018.0,359.0,1.5,1.0,2.1,67.0,0.0,0.0,203.0,-290.0,1.0
3968500,2729500.0,2.0,15.0,23.0,-3.1,1018.0,356.0,2.0,1.0,2.1,70.0,0.0,0.0,199.0,-289.0,1.0
3968500,2729500.0,2.0,15.0,24.0,-3.4,1019.0,25.0,2.4,0.0,2.1,72.0,0.0,0.0,195.0,-287.0,1.0
3968500,2729500.0,2.0,16.0,1.0,-4.0,1019.0,23.0,2.2,0.0,2.1,74.0,0.0,0.0,190.0,-285.0,1.0
3968500,2729500.0,2.0,16.0,2.0,-4.3,1019.0,15.0,2.3,0.0,2.1,75.0,0.0,0.0,189.0,-284.0,1.0
3968500,2729500.0,2.0,16.0,3.0,-4.9,1019.0,25.0,2.3,0.0,2.1,77.0,0.0,0.0,188.0,-282.0,1.0
3968500,2729500.0,2.0,16.0,4.0,-5.6,1019.0,3.0,1.9,1.0,2.0,80.0,0.0,0.0,189.0,-280.0,1.0
3968500,2729500.0,2.0,16.0,5.0,-5.6,1019.0,11.0,1.7,1.0,2.0,80.0,0.0,0.0,192.0,-279.0,1.0
3968500,2729500.0,2.0,16.0,6.0,-6.7,1019.0,47.0,1.6,1.0,1.9,82.0,0.0,0.0,190.0,-278.0,1.0
3968500,2729500.0,2.0,16.0,7.0,-7.2,1019.0,58.0,1.9,1.0,1.9,87.0,0.0,0.0,188.0,-277.0,1.0
3968500,2729500.0,2.0,16.0,8.0,-6.9,1020.0,42.0,1.8,1.0,2.0,90.0,2.0,8.0,188.0,-277.0,1.0
3968500,2729500.0,2.0,16.0,9.0,-4.5,1020.0,52.0,1.1,1.0,2.0,83.0,56.0,38.0,191.0,-278.0,1.0
3968500,2729500.0,2.0,16.0,10.0,-3.2,1022.0,52.0,1.2,0.0,2.1,73.0,165.0,61.0,193.0,-282.0,1.0
3968500,2729500.0,2.0,16.0,11.0,-1.3,1022.0,62.0,1.7,0.0,2.1,66.0,271.0,71.0,194.0,-291.0,1.0
3968500,2729500.0,2.0,16.0,12.0,0.1,1023.0,95.0,2.1,0.0,2.1,59.0,345.0,75.0,198.0,-300.0,1.0
3968500,2729500.0,2.0,16.0,13.0,0.1,1023.0,70.0,2.6,0.0,2.0,54.0,369.0,77.0,200.0,-306.0,1.0
3968500,2729500.0,2.0,16.0,14.0,1.1,1022.0,81.0,2.2,0.0,1.9,50.0,342.0,80.0,202.0,-310.0,1.0
3968500,2729500.0,2.0,16.0,15.0,1.4,1022.0,125.0,2.0,0.0,1.9,46.0,285.0,73.0,204.0,-312.0,1.0
3968500,2729500.0,2.0,16.0,16.0,1.3,1021.0,119.0,1.9,0.0,1.8,45.0,187.0,65.0,205.0,-311.0,1.0
3968500,2729500.0,2.0,16.0,17.0,0.5,1021.0,137.0,1.8,1.0,1.8,46.0,69.0,45.0,208.0,-308.0,1.0
3968500,2729500.0,2.0,16.0,18.0,-1.3,1021.0,107.0,1.7,1.0,1.8,50.0,0.0,7.0,207.0,-303.0,1.0
3968500,2729500.0,2.0,16.0,19.0,-2.2,1021.0,123.0,1.2,1.0,1.9,58.0,0.0,0.0,204.0,-297.0,1.0
3968500,2729500.0,2.0,16.0,20.0,-2.4,1022.0,180.0,1.2,1.0,2.0,63.0,0.0,0.0,202.0,-293.0,1.0
3968500,2729500.0,2.0,16.0,21.0,-3.2,1021.0,242.0,1.0,0.0,2.0,66.0,0.0,0.0,199.0,-290.0,1.0
3968500,2729500.0,2.0,16.0,22.0,-4.0,1022.0,119.0,1.2,0.0,2.0,70.0,0.0,0.0,195.0,-287.0,1.0
3968500,2729500.0,2.0,16.0,23.0,-4.5,1021.0,190.0,1.4,0.0,2.0,74.0,0.0,0.0,195.0,-285.0,1.0
3968500,2729500.0,2.0,16.0,24.0,-4.7,1021.0,134.0,1.5,1.0,2.0,76.0,0.0,0.0,196.0,-284.0,1.0
3968500,2729500.0,2.0,17.0,1.0,-5.4,1020.0,131.0,1.4,0.0,2.0,79.0,0.0,0.0,195.0,-283.0,1.0
3968500,2729500.0,2.0,17.0,2.0,-5.0,1020.0,138.0,1.5,0.0,2.0,79.0,0.0,0.0,191.0,-282.0,1.0
3968500,2729500.0,2.0,17.0,3.0,-5.6,1020.0,159.0,1.4,0.0,2.0,80.0,0.0,0.0,191.0,-281.0,1.0
3968500,2729500.0,2.0,17.0,4.0,-6.0,1019.0,166.0,1.8,0.0,2.0,84.0,0.0,0.0,191.0,-280.0,1.0
3968500,2729500.0,2.0,17.0,5.0,-6.1,1019.0,180.0,2.0,0.0,2.1,87.0,0.0,0.0,191.0,-278.0,1.0
3968500,2729500.0,2.0,17.0,6.0,-6.7,1018.0,179.0,1.7,0.0,2.1,90.0,0.0,0.0,190.0,-277.0,1.0
3968500,2729500.0,2.0,17.0,7.0,-6.9,1018.0,191.0,2.1,1.0,2.1,93.0,0.0,0.0,191.0,-276.0,1.0
3968500,2729500.0,2.0,17.0,8.0,-6.3,1018.0,182.0,2.0,2.0,2.1,92.0,1.0,9.0,196.0,-276.0,1.0
3968500,2729500.0,2.0,17.0,9.0,-5.6,1018.0,166.0,2.4,4.0,2.2,90.0,44.0,45.0,202.0,-278.0,1.0
3968500,2729500.0,2.0,17.0,10.0,-3.3,1019.0,162.0,3.1,5.0,2.2,82.0,127.0,84.0,211.0,-283.0,1.0
3968500,2729500.0,2.0,17.0,11.0,-1.6,1018.0,161.0,4.0,6.0,2.2,71.0,228.0,103.0,219.0,-292.0,1.0
3968500,2729500.0,2.0,17.0,12.0,0.4,1017.0,160.0,4.2,6.0,2.2,62.0,297.0,112.0,224.0,-301.0,1.0
3968500,2729500.0,2.0,17.0,13.0,2.3,1017.0,171.0,4.4,3.0,2.2,54.0,324.0,117.0,222.0,-308.0,1.0
3968500,2729500.0,2.0,17.0,14.0,3.4,1016.0,169.0,4.1,2.0,2.1,46.0,303.0,116.0,217.0,-312.0,1.0
3968500,2729500.0,2.0,17.0,15.0,4.2,1015.0,179.0,3.6,3.0,2.1,43.0,248.0,103.0,219.0,-315.0,1.0
3968500,2729500.0,2.0,17.0,16.0,3.1,1014.0,173.0,3.6,3.0,2.2,44.0,155.0,84.0,221.0,-316.0,1.0
3968500,2729500.0,2.0,17.0,17.0,3.4,1014.0,161.0,3.4,5.0,2.2,46.0,57.0,50.0,224.0,-315.0,1.0
3968500,2729500.0,2.0,17.0,18.0,1.1,1013.0,159.0,2.8,5.0,2.2,50.0,0.0,6.0,225.0,-311.0,1.0
3968500,2729500.0,2.0,17.0,19.0,-0.6,1013.0,162.0,2.4,1.0,2.3,58.0,0.0,0.0,212.0,-306.0,1.0
3968500,2729500.0,2.0,17.0,20.0,-0.9,1014.0,170.0,2.4,2.0,2.3,63.0,0.0,0.0,205.0,-301.0,1.0
3968500,2729500.0,2.0,17.0,21.0,-2.1,1014.0,165.0,2.6,4.0,2.3,68.0,0.0,0.0,208.0,-298.0,1.0
3968500,2729500.0,2.0,17.0,22.0,-1.9,1014.0,160.0,2.6,2.0,2.4,72.0,0.0,0.0,207.0,-296.0,1.0
3968500,2729500.0,2.0,17.0,23.0,-2.6,1013.0,160.0,2.6,2.0,2.4,74.0,0.0,0.0,205.0,-294.0,1.0
3968500,2729500.0,2.0,17.0,24.0,-2.9,1013.0,162.0,2.3,3.0,2.4,76.0,0.0,0.0,205.0,-292.0,1.0
3968500,2729500.0,2.0,18.0,1.0,-3.0,1013.0,158.0,2.2,2.0,2.3,77.0,0.0,0.0,204.0,-291.0,1.0
3968500,2729500.0,2.0,18.0,2.0,-3.8,1012.0,158.0,2.6,2.0,2.3,80.0,0.0,0.0,202.0,-290.0,1.0
3968500,2729500.0,2.0,18.0,3.0,-4.5,1012.0,149.0,1.9,2.0,2.3,82.0,0.0,0.0,201.0,-289.0,1.0
3968500,2729500.0,2.0,18.0,4.0,-5.2,1011.0,157.0,2.2,1.0,2.3,86.0,0.0,0.0,197.0,-288.0,1.0
3968500,2729500.0,2.0,18.0,5.0,-5.4,1011.0,152.0,1.1,2.0,2.3,88.0,0.0,0.0,196.0,-287.0,1.0
3968500,2729500.0,2.0,18.0,6.0,-4.9,1011.0,35.0,1.0,3.0,2.2,87.0,0.0,0.0,201.0,-286.0,1.0
3968500,2729500.0,2.0,18.0,7.0,-5.4,1011.0,129.0,1.4,4.0,2.3,87.0,0.0,0.0,204.0,-286.0,1.0
3968500,2729500.0,2.0,18.0,8.0,-5.5,1010.0,153.0,1.5,5.0,2.2,88.0,6.0,6.0,206.0,-286.0,1.0
3968500,2729500.0,2.0,18.0,9.0,-3.4,1010.0,155.0,1.8,2.0,2.2,82.0,85.0,17.0,204.0,-287.0,1.0
3968500,2729500.0,2.0,18.0,10.0,-1.6,1010.0,86.0,2.1,2.0,2.4,75.0,185.0,37.0,203.0,-291.0,1.0
3968500,2729500.0,2.0,18.0,11.0,-0.3,1010.0,114.0,1.9,5.0,2.5,70.0,55.0,129.0,212.0,-300.0,1.0
3968500,2729500.0,2.0,18.0,12.0,1.4,1010.0,54.0,1.9,6.0,2.7,69.0,28.0,156.0,222.0,-309.0,1.0
3968500,2729500.0,2.0,18.0,13.0,1.7,1009.0,123.0,2.0,7.0,2.9,68.0,0.0,129.0,227.0,-317.0,1.0
3968500,2729500.0,2.0,18.0,14.0,1.8,1009.0,128.0,2.0,7.0,2.9,66.0,0.0,95.0,230.0,-323.0,1.0
3968500,2729500.0,2.0,18.0,15.0,2.6,1008.0,344.0,2.3,7.0,3.0,66.0,0.0,96.0,232.0,-326.0,1.0
3968500,2729500.0,2.0,18.0,16.0,2.9,1007.0,107.0,2.1,6.0,3.1,67.0,13.0,93.0,233.0,-324.0,1.0
3968500,2729500.0,2.0,18.0,17.0,3.1,1008.0,43.0,2.5,7.0,3.1,66.0,0.0,30.0,234.0,-320.0,1.0
3968500,2729500.0,2.0,18.0,18.0,2.1,1007.0,62.0,2.1,7.0,3.2,70.0,0.0,0.0,235.0,-316.0,1.0
3968500,2729500.0,2.0,18.0,19.0,1.4,1007.0,215.0,2.0,7.0,3.2,75.0,0.0,0.0,232.0,-314.0,1.0
3968500,2729500.0,2.0,18.0,20.0,1.4,1007.0,189.0,1.7,7.0,3.4,81.0,0.0,0.0,231.0,-311.0,1.0
3968500,2729500.0,2.0,18.0,21.0,1.2,1007.0,186.0,1.7,7.0,3.6,86.0,0.0,0.0,230.0,-309.0,1.0
3968500,2729500.0,2.0,18.0,22.0,1.2,1007.0,158.0,1.2,7.0,3.7,89.0,0.0,0.0,230.0,-307.0,1.0
3968500,2729500.0,2.0,18.0,23.0,1.4,1007.0,147.0,1.3,7.0,3.8,90.0,0.0,0.0,231.0,-305.0,1.0
3968500,2729500.0,2.0,18.0,24.0,1.8,1006.0,56.0,2.2,8.0,4.0,93.0,0.0,0.0,233.0,-303.0,1.0
3968500,2729500.0,2.0,19.0,1.0,1.2,1006.0,42.0,2.0,7.0,4.1,97.0,0.0,0.0,236.0,-302.0,1.0
3968500,2729500.0,2.0,19.0,2.0,1.2,1006.0,42.0,1.6,5.0,4.1,98.0,0.0,0.0,233.0,-300.0,1.0
3968500,2729500.0,2.0,19.0,3.0,0.9,1006.0,122.0,1.6,6.0,4.0,98.0,0.0,0.0,233.0,-299.0,1.0
3968500,2729500.0,2.0,19.0,4.0,1.0,1005.0,166.0,1.7,7.0,4.0,99.0,0.0,0.0,238.0,-298.0,1.0
3968500,2729500.0,2.0,19.0,5.0,1.3,1005.0,218.0,1.7,7.0,4.1,99.0,0.0,0.0,243.0,-296.0,1.0
3968500,2729500.0,2.0,19.0,6.0,1.4,1005.0,46.0,1.3,7.0,4.1,98.0,0.0,0.0,245.0,-295.0,1.0
3968500,2729500.0,2.0,19.0,7.0,1.6,1005.0,57.0,1.4,8.0,4.1,97.0,0.0,0.0,249.0,-293.0,1.0
3968500,2729500.0,2.0,19.0,8.0,1.5,1004.0,23.0,1.1,8.0,4.1,97.0,0.0,3.0,253.0,-292.0,1.0
3968500,2729500.0,2.0,19.0,9.0,1.7,1004.0,252.0,0.6,8.0,4.2,97.0,0.0,34.0,255.0,-292.0,1.0
3968500,2729500.0,2.0,19.0,10.0,1.8,1004.0,250.0,1.2,8.0,4.2,97.0,0.0,64.0,257.0,-296.0,1.0
3968500,2729500.0,2.0,19.0,11.0,2.3,1005.0,52.0,1.6,8.0,4.2,94.0,0.0,68.0,258.0,-305.0,1.0
3968500,2729500.0,2.0,19.0,12.0,2.3,1005.0,111.0,1.4,8.0,4.2,93.0,0.0,76.0,259.0,-312.0,1.0
3968500,2729500.0,2.0,19.0,13.0,2.7,1005.0,84.0,1.5,7.0,4.2,92.0,0.0,85.0,258.0,-320.0,1.0
3968500,2729500.0,2.0,19.0,14.0,3.2,1005.0,98.0,1.3,7.0,4.1,88.0,0.0,119.0,257.0,-326.0,1.0
3968500,2729500.0,2.0,19.0,15.0,3.2,1004.0,177.0,1.4,6.0,4.1,85.0,21.0,174.0,256.0,-328.0,1.0
3968500,2729500.0,2.0,19.0,16.0,2.9,1003.0,178.0,1.7,3.0,4.1,85.0,80.0,136.0,243.0,-325.0,1.0
3968500,2729500.0,2.0,19.0,17.0,2.6,1003.0,174.0,1.5,3.0,4.1,88.0,49.0,72.0,235.0,-321.0,1.0
3968500,2729500.0,2.0,19.0,18.0,0.2,1002.0,152.0,1.4,4.0,3.9,92.0,0.0,11.0,234.0,-317.0,1.0
3968500,2729500.0,2.0,19.0,19.0,0.0,1001.0,193.0,1.3,3.0,3.7,97.0,0.0,0.0,231.0,-314.0,1.0
3968500,2729500.0,2.0,19.0,20.0,0.7,1001.0,150.0,1.2,3.0,3.9,99.0,0.0,0.0,229.0,-311.0,1.0
3968500,2729500.0,2.0,19.0,21.0,0.8,1001.0,171.0,1.4,3.0,4.0,99.0,0.0,0.0,231.0,-309.0,1.0
3968500,2729500.0,2.0,19.0,22.0,0.5,1001.0,157.0,1.1,3.0,4.0,100.0,0.0,0.0,231.0,-308.0,1.0
3968500,2729500.0,2.0,19.0,23.0,0.5,1001.0,170.0,1.6,1.0,4.0,100.0,0.0,0.0,225.0,-306.0,1.0
3968500,2729500.0,2.0,19.0,24.0,0.1,1001.0,163.0,1.6,5.0,3.9,100.0,0.0,0.0,230.0,-304.0,1.0
3968500,2729500.0,2.0,20.0,1.0,0.1,1000.0,126.0,1.4,7.0,3.9,100.0,0.0,0.0,244.0,-304.0,1.0
3968500,2729500.0,2.0,20.0,2.0,-0.4,1000.0,156.0,1.9,6.0,3.8,100.0,0.0,0.0,246.0,-305.0,1.0
3968500,2729500.0,2.0,20.0,3.0,-0.8,999.0,143.0,1.5,6.0,3.7,100.0,0.0,0.0,243.0,-306.0,1.0
3968500,2729500.0,2.0,20.0,4.0,-1.0,999.0,118.0,1.4,5.0,3.6,100.0,0.0,0.0,239.0,-307.0,1.0
3968500,2729500.0,2.0,20.0,5.0,-1.4,998.0,127.0,1.3,3.0,3.5,100.0,0.0,0.0,230.0,-307.0,1.0
3968500,2729500.0,2.0,20.0,6.0,-1.5,998.0,134.0,1.5,5.0,3.5,100.0,0.0,0.0,230.0,-307.0,1.0
3968500,2729500.0,2.0,20.0,7.0,-1.7,997.0,121.0,1.3,6.0,3.4,100.0,0.0,0.0,239.0,-308.0,1.0
3968500,2729500.0,2.0,20.0,8.0,-2.0,997.0,148.0,1.7,6.0,3.4,100.0,7.0,5.0,243.0,-308.0,1.0
3968500,2729500.0,2.0,20.0,9.0,-1.9,997.0,145.0,2.6,4.0,3.3,100.0,64.0,16.0,236.0,-308.0,1.0
3968500,2729500.0,2.0,20.0,10.0,-1.0,997.0,159.0,3.0,6.0,3.5,100.0,36.0,90.0,239.0,-311.0,1.0
3968500,2729500.0,2.0,20.0,11.0,-0.2,997.0,158.0,2.5,6.0,3.7,100.0,26.0,127.0,249.0,-315.0,1.0
3968500,2729500.0,2.0,20.0,12.0,1.2,998.0,169.0,2.8,7.0,3.9,97.0,0.0,130.0,256.0,-322.0,1.0
3968500,2729500.0,2.0,20.0,13.0,2.9,998.0,167.0,3.0,7.0,4.0,89.0,7.0,148.0,265.0,-329.0,1.0
3968500,2729500.0,2.0,20.0,14.0,3.8,997.0,171.0,3.5,6.0,4.0,82.0,26.0,146.0,268.0,-333.0,1.0
3968500,2729500.0,2.0,20.0,15.0,3.9,996.0,160.0,3.1,6.0,4.1,81.0,10.0,126.0,268.0,-338.0,1.0
3968500,2729500.0,2.0,20.0,16.0,3.4,996.0,158.0,3.0,6.0,4.3,85.0,0.0,75.0,269.0,-338.0,1.0
3968500,2729500.0,2.0,20.0,17.0,2.8,996.0,155.0,2.6,7.0,4.3,90.0,0.0,35.0,275.0,-334.0,1.0
3968500,2729500.0,2.0,20.0,18.0,2.4,996.0,159.0,2.4,7.0,4.3,93.0,0.0,1.0,281.0,-328.0,1.0
3968500,2729500.0,2.0,20.0,19.0,2.7,996.0,145.0,2.7,8.0,4.4,94.0,0.0,0.0,289.0,-321.0,1.0
3968500,2729500.0,2.0,20.0,20.0,2.9,996.0,161.0,2.9,8.0,4.4,94.0,0.0,0.0,300.0,-318.0,1.0
3968500,2729500.0,2.0,20.0,21.0,2.7,997.0,155.0,2.1,8.0,4.4,94.0,0.0,0.0,303.0,-317.0,1.0
3968500,2729500.0,2.0,20.0,22.0,2.7,997.0,153.0,2.1,8.0,4.4,94.0,0.0,0.0,305.0,-319.0,1.0
3968500,2729500.0,2.0,20.0,23.0,2.7,997.0,166.0,2.4,8.0,4.4,94.0,0.0,0.0,309.0,-322.0,1.0
3968500,2729500.0,2.0,20.0,24.0,2.5,997.0,170.0,2.5,8.0,4.4,96.0,0.0,0.0,312.0,-325.0,1.0
3968500,2729500.0,2.0,21.0,1.0,2.6,997.0,152.0,2.2,7.0,4.4,96.0,0.0,0.0,306.0,-326.0,1.0
3968500,2729500.0,2.0,21.0,2.0,2.0,998.0,157.0,2.4,7.0,4.4,96.0,0.0,0.0,298.0,-327.0,1.0
3968500,2729500.0,2.0,21.0,3.0,1.2,998.0,171.0,1.9,5.0,4.2,97.0,0.0,0.0,279.0,-328.0,1.0
3968500,2729500.0,2.0,21.0,4.0,1.3,998.0,154.0,2.5,5.0,4.1,97.0,0.0,0.0,254.0,-328.0,1.0
3968500,2729500.0,2.0,21.0,5.0,1.0,998.0,160.0,2.4,6.0,4.1,98.0,0.0,0.0,257.0,-328.0,1.0
3968500,2729500.0,2.0,21.0,6.0,0.6,998.0,155.0,2.4,5.0,4.0,99.0,0.0,0.0,248.0,-328.0,1.0
3968500,2729500.0,2.0,21.0,7.0,0.9,998.0,179.0,2.4,7.0,4.0,99.0,0.0,0.0,259.0,-328.0,1.0
3968500,2729500.0,2.0,21.0,8.0,1.4,999.0,172.0,3.5,7.0,4.2,100.0,0.0,1.0,296.0,-329.0,1.0
3968500,2729500.0,2.0,21.0,9.0,2.3,999.0,187.0,4.3,7.0,4.4,99.0,0.0,26.0,303.0,-330.0,1.0
3968500,2729500.0,2.0,21.0,10.0,3.2,999.0,165.0,4.1,8.0,4.6,98.0,0.0,45.0,318.0,-332.0,1.0
3968500,2729500.0,2.0,21.0,11.0,3.9,999.0,161.0,3.6,8.0,4.7,95.0,0.0,64.0,329.0,-334.0,1.0
3968500,2729500.0,2.0,21.0,12.0,4.7,999.0,174.0,3.9,7.0,4.8,91.0,3.0,143.0,322.0,-336.0,1.0
3968500,2729500.0,2.0,21.0,13.0,5.5,999.0,165.0,4.2,7.0,4.8,88.0,0.0,140.0,316.0,-339.0,1.0
3968500,2729500.0,2.0,21.0,14.0,7.0,999.0,181.0,4.8,6.0,5.0,84.0,64.0,170.0,311.0,-342.0,1.0
3968500,2729500.0,2.0,21.0,15.0,7.4,998.0,196.0,3.7,7.0,5.2,81.0,8.0,134.0,314.0,-345.0,1.0
3968500,2729500.0,2.0,21.0,16.0,8.2,998.0,188.0,3.8,7.0,5.2,78.0,6.0,95.0,324.0,-347.0,1.0
3968500,2729500.0,2.0,21.0,17.0,8.0,998.0,194.0,4.3,7.0,5.1,75.0,3.0,48.0,327.0,-349.0,1.0
3968500,2729500.0,2.0,21.0,18.0,7.6,998.0,180.0,3.5,8.0,5.1,76.0,0.0,5.0,333.0,-350.0,1.0
3968500,2729500.0,2.0,21.0,19.0,7.6,998.0,183.0,3.5,8.0,5.2,78.0,0.0,0.0,340.0,-349.0,1.0
3968500,2729500.0,2.0,21.0,20.0,7.5,998.0,181.0,3.3,8.0,5.2,80.0,0.0,0.0,339.0,-347.0,1.0
3968500,2729500.0,2.0,21.0,21.0,8.0,998.0,175.0,3.5,7.0,5.3,79.0,0.0,0.0,334.0,-346.0,1.0
3968500,2729500.0,2.0,21.0,22.0,7.4,998.0,194.0,4.0,7.0,5.3,80.0,0.0,0.0,327.0,-345.0,1.0
3968500,2729500.0,2.0,21.0,23.0,7.3,998.0,192.0,4.6,8.0,5.4,83.0,0.0,0.0,331.0,-344.0,1.0
3968500,2729500.0,2.0,21.0,24.0,7.4,998.0,185.0,4.4,8.0,5.3,82.0,0.0,0.0,338.0,-344.0,1.0
3968500,2729500.0,2.0,22.0,1.0,7.3,998.0,178.0,4.6,8.0,5.3,82.0,0.0,0.0,338.0,-344.0,1.0
3968500,2729500.0,2.0,22.0,2.0,7.3,997.0,178.0,4.0,8.0,5.3,82.0,0.0,0.0,337.0,-344.0,1.0
3968500,2729500.0,2.0,22.0,3.0,7.2,997.0,182.0,4.7,8.0,5.4,83.0,0.0,0.0,337.0,-344.0,1.0
3968500,2729500.0,2.0,22.0,4.0,7.6,997.0,177.0,3.7,8.0,5.4,84.0,0.0,0.0,337.0,-344.0,1.0
3968500,2729500.0,2.0,22.0,5.0,7.8,997.0,188.0,4.4,8.0,5.5,82.0,0.0,0.0,337.0,-344.0,1.0
3968500,2729500.0,2.0,22.0,6.0,7.7,997.0,201.0,4.3,8.0,5.5,82.0,0.0,0.0,337.0,-343.0,1.0
3968500,2729500.0,2.0,22.0,7.0,7.6,997.0,203.0,4.7,8.0,5.5,84.0,0.0,0.0,336.0,-342.0,1.0
3968500,2729500.0,2.0,22.0,8.0,7.6,998.0,196.0,4.6,8.0,5.5,83.0,0.0,1.0,334.0,-341.0,1.0
3968500,2729500.0,2.0,22.0,9.0,8.5,998.0,191.0,4.4,8.0,5.5,80.0,0.0,18.0,336.0,-341.0,1.0
3968500,2729500.0,2.0,22.0,10.0,8.6,998.0,213.0,4.0,8.0,5.5,78.0,0.0,41.0,336.0,-343.0,1.0
3968500,2729500.0,2.0,22.0,11.0,8.6,998.0,209.0,4.1,7.0,5.5,78.0,0.0,65.0,326.0,-348.0,1.0
3968500,2729500.0,2.0,22.0,12.0,9.0,998.0,193.0,4.0,7.0,5.6,78.0,0.0,76.0,317.0,-353.0,1.0
3968500,2729500.0,2.0,22.0,13.0,9.2,998.0,208.0,4.5,6.0,5.6,77.0,0.0,89.0,310.0,-359.0,1.0
3968500,2729500.0,2.0,22.0,14.0,10.0,998.0,202.0,4.4,7.0,5.6,74.0,0.0,82.0,314.0,-364.0,1.0
3968500,2729500.0,2.0,22.0,15.0,10.2,997.0,192.0,3.8,6.0,5.5,70.0,0.0,78.0,318.0,-366.0,1.0
3968500,2729500.0,2.0,22.0,16.0,10.2,997.0,179.0,3.1,7.0,5.4,69.0,0.0,64.0,320.0,-365.0,1.0
3968500,2729500.0,2.0,22.0,17.0,10.1,997.0,220.0,3.9,8.0,5.4,69.0,0.0,31.0,332.0,-362.0,1.0
3968500,2729500.0,2.0,22.0,18.0,9.8,996.0,203.0,4.6,7.0,5.4,69.0,0.0,3.0,332.0,-358.0,1.0
3968500,2729500.0,2.0,22.0,19.0,9.6,997.0,212.0,4.9,7.0,5.4,71.0,0.0,0.0,324.0,-355.0,1.0
3968500,2729500.0,2.0,22.0,20.0,9.0,997.0,202.0,5.4,7.0,5.6,75.0,0.0,0.0,321.0,-353.0,1.0
3968500,2729500.0,2.0,22.0,21.0,9.0,996.0,200.0,6.9,7.0,5.7,78.0,0.0,0.0,322.0,-353.0,1.0
3968500,2729500.0,2.0,22.0,22.0,9.4,996.0,243.0,5.7,7.0,5.7,77.0,0.0,0.0,322.0,-353.0,1.0
3968500,2729500.0,2.0,22.0,23.0,9.5,997.0,243.0,4.4,8.0,5.7,77.0,0.0,0.0,330.0,-353.0,1.0
3968500,2729500.0,2.0,22.0,24.0,9.8,998.0,220.0,4.6,7.0,5.7,75.0,0.0,0.0,330.0,-353.0,1.0
3968500,2729500.0,2.0,23.0,1.0,9.7,998.0,248.0,5.0,7.0,5.5,72.0,0.0,0.0,320.0,-352.0,1.0
3968500,2729500.0,2.0,23.0,2.0,9.7,999.0,256.0,4.2,7.0,5.4,71.0,0.0,0.0,319.0,-352.0,1.0
3968500,2729500.0,2.0,23.0,3.0,10.3,999.0,266.0,5.3,7.0,5.4,69.0,0.0,0.0,320.0,-350.0,1.0
3968500,2729500.0,2.0,23.0,4.0,9.7,999.0,295.0,5.9,7.0,5.3,69.0,0.0,0.0,319.0,-349.0,1.0
3968500,2729500.0,2.0,23.0,5.0,9.2,1000.0,286.0,3.5,7.0,5.2,70.0,0.0,0.0,316.0,-349.0,1.0
3968500,2729500.0,2.0,23.0,6.0,7.4,1001.0,241.0,3.5,7.0,4.6,67.0,0.0,0.0,308.0,-348.0,1.0
3968500,2729500.0,2.0,23.0,7.0,6.2,1002.0,238.0,3.2,3.0,3.8,61.0,0.0,0.0,265.0,-347.0,1.0
3968500,2729500.0,2.0,23.0,8.0,6.0,1002.0,269.0,2.4,4.0,3.6,61.0,4.0,12.0,228.0,-344.0,1.0
3968500,2729500.0,2.0,23.0,9.0,6.2,1003.0,213.0,2.8,4.0,3.7,63.0,57.0,55.0,236.0,-343.0,1.0
3968500,2729500.0,2.0,23.0,10.0,7.6,1004.0,179.0,2.8,6.0,3.9,63.0,46.0,128.0,260.0,-346.0,1.0
3968500,2729500.0,2.0,23.0,11.0,8.0,1004.0,236.0,3.5,7.0,4.0,61.0,31.0,169.0,290.0,-353.0,1.0
3968500,2729500.0,2.0,23.0,12.0,9.4,1004.0,223.0,3.2,8.0,4.3,61.0,20.0,187.0,309.0,-362.0,1.0
3968500,2729500.0,2.0,23.0,13.0,10.3,1004.0,196.0,3.5,6.0,4.6,61.0,12.0,180.0,307.0,-368.0,1.0
3968500,2729500.0,2.0,23.0,14.0,12.0,1004.0,221.0,4.6,5.0,4.9,59.0,112.0,205.0,296.0,-369.0,1.0
3968500,2729500.0,2.0,23.0,15.0,12.2,1003.0,230.0,3.9,5.0,4.9,56.0,113.0,172.0,296.0,-370.0,1.0
3968500,2729500.0,2.0,23.0,16.0,12.2,1003.0,238.0,3.5,5.0,4.9,55.0,110.0,117.0,300.0,-372.0,1.0
3968500,2729500.0,2.0,23.0,17.0,10.8,1003.0,207.0,2.8,7.0,4.9,58.0,97.0,53.0,309.0,-369.0,1.0
3968500,2729500.0,2.0,23.0,18.0,8.7,1002.0,171.0,2.0,7.0,4.9,65.0,8.0,14.0,313.0,-365.0,1.0
3968500,2729500.0,2.0,23.0,19.0,9.0,1002.0,178.0,3.2,5.0,5.0,70.0,0.0,0.0,303.0,-361.0,1.0
3968500,2729500.0,2.0,23.0,20.0,9.0,1002.0,184.0,3.2,4.0,5.2,72.0,0.0,0.0,292.0,-356.0,1.0
3968500,2729500.0,2.0,23.0,21.0,8.4,1002.0,180.0,3.0,5.0,5.2,73.0,0.0,0.0,290.0,-350.0,1.0
3968500,2729500.0,2.0,23.0,22.0,7.7,1002.0,168.0,3.7,5.0,5.2,77.0,0.0,0.0,292.0,-347.0,1.0
3968500,2729500.0,2.0,23.0,23.0,7.3,1001.0,159.0,3.7,5.0,5.2,80.0,0.0,0.0,290.0,-345.0,1.0
3968500,2729500.0,2.0,23.0,24.0,6.3,1001.0,161.0,3.4,5.0,5.2,84.0,0.0,0.0,288.0,-345.0,1.0
3968500,2729500.0,2.0,24.0,1.0,5.3,1001.0,167.0,2.9,5.0,5.0,87.0,0.0,0.0,284.0,-345.0,1.0
3968500,2729500.0,2.0,24.0,2.0,5.4,1001.0,147.0,2.7,5.0,4.9,88.0,0.0,0.0,282.0,-346.0,1.0
3968500,2729500.0,2.0,24.0,3.0,4.8,1000.0,141.0,2.6,5.0,4.9,89.0,0.0,0.0,280.0,-345.0,1.0
3968500,2729500.0,2.0,24.0,4.0,4.4,1000.0,146.0,2.4,4.0,4.8,91.0,0.0,0.0,276.0,-344.0,1.0
3968500,2729500.0,2.0,24.0,5.0,3.6,1000.0,162.0,2.4,4.0,4.7,92.0,0.0,0.0,271.0,-343.0,1.0
3968500,2729500.0,2.0,24.0,6.0,3.7,999.0,154.0,2.2,3.0,4.6,93.0,0.0,0.0,267.0,-344.0,1.0
3968500,2729500.0,2.0,24.0,7.0,3.3,999.0,150.0,2.5,5.0,4.6,94.0,0.0,0.0,268.0,-345.0,1.0
3968500,2729500.0,2.0,24.0,8.0,3.9,999.0,141.0,3.1,5.0,4.7,94.0,8.0,14.0,274.0,-345.0,1.0
3968500,2729500.0,2.0,24.0,9.0,4.8,999.0,140.0,3.7,2.0,4.8,91.0,84.0,56.0,266.0,-345.0,1.0
3968500,2729500.0,2.0,24.0,10.0,8.0,999.0,163.0,3.0,1.0,5.1,84.0,190.0,88.0,258.0,-347.0,1.0
3968500,2729500.0,2.0,24.0,11.0,8.3,999.0,163.0,2.8,2.0,5.3,77.0,196.0,150.0,261.0,-352.0,1.0
3968500,2729500.0,2.0,24.0,12.0,9.2,998.0,268.0,2.7,3.0,5.4,76.0,150.0,208.0,266.0,-360.0,1.0
3968500,2729500.0,2.0,24.0,13.0,11.0,998.0,185.0,3.6,3.0,5.6,72.0,135.0,226.0,271.0,-369.0,1.0
3968500,2729500.0,2.0,24.0,14.0,11.3,997.0,189.0,3.1,3.0,5.7,69.0,127.0,215.0,271.0,-375.0,1.0
3968500,2729500.0,2.0,24.0,15.0,11.7,997.0,195.0,3.6,1.0,5.8,68.0,264.0,119.0,268.0,-378.0,1.0
3968500,2729500.0,2.0,24.0,16.0,11.7,996.0,217.0,3.6,0.0,5.9,68.0,197.0,93.0,264.0,-375.0,1.0
3968500,2729500.0,2.0,24.0,17.0,10.9,996.0,207.0,2.8,3.0,5.9,69.0,76.0,67.0,267.0,-370.0,1.0
3968500,2729500.0,2.0,24.0,18.0,8.8,994.0,252.0,2.8,4.0,5.7,74.0,2.0,16.0,268.0,-364.0,1.0
3968500,2729500.0,2.0,24.0,19.0,6.5,994.0,199.0,1.5,1.0,5.5,82.0,0.0,0.0,258.0,-356.0,1.0
3968500,2729500.0,2.0,24.0,20.0,5.9,995.0,351.0,1.7,1.0,5.4,89.0,0.0,0.0,248.0,-350.0,1.0
3968500,2729500.0,2.0,24.0,21.0,6.1,995.0,124.0,1.2,1.0,5.4,91.0,0.0,0.0,249.0,-346.0,1.0
3968500,2729500.0,2.0,24.0,22.0,4.7,995.0,121.0,0.5,3.0,5.3,94.0,0.0,0.0,254.0,-345.0,1.0
3968500,2729500.0,2.0,24.0,23.0,4.5,995.0,129.0,1.5,4.0,5.2,96.0,0.0,0.0,261.0,-344.0,1.0
3968500,2729500.0,2.0,24.0,24.0,3.3,995.0,154.0,1.7,1.0,4.9,96.0,0.0,0.0,254.0,-343.0,1.0
3968500,2729500.0,2.0,25.0,1.0,3.3,994.0,172.0,1.8,3.0,4.8,98.0,0.0,0.0,251.0,-342.0,1.0
3968500,2729500.0,2.0,25.0,2.0,3.4,994.0,169.0,1.8,4.0,4.9,99.0,0.0,0.0,264.0,-342.0,1.0
3968500,2729500.0,2.0,25.0,3.0,4.9,994.0,159.0,2.0,4.0,5.1,98.0,0.0,0.0,273.0,-342.0,1.0
3968500,2729500.0,2.0,25.0,4.0,5.4,993.0,155.0,2.9,5.0,5.3,95.0,0.0,0.0,282.0,-343.0,1.0
3968500,2729500.0,2.0,25.0,5.0,6.6,992.0,178.0,3.3,8.0,5.5,93.0,0.0,0.0,301.0,-344.0,1.0
3968500,2729500.0,2.0,25.0,6.0,6.7,992.0,171.0,2.5,8.0,5.8,93.0,0.0,0.0,317.0,-344.0,1.0
3968500,2729500.0,2.0,25.0,7.0,7.7,993.0,246.0,3.6,8.0,6.1,94.0,0.0,0.0,321.0,-344.0,1.0
3968500,2729500.0,2.0,25.0,8.0,7.7,994.0,268.0,3.2,8.0,6.2,93.0,0.0,14.0,324.0,-345.0,1.0
3968500,2729500.0,2.0,25.0,9.0,7.8,996.0,296.0,3.9,8.0,6.0,89.0,4.0,61.0,325.0,-346.0,1.0
3968500,2729500.0,2.0,25.0,10.0,7.3,997.0,295.0,4.5,6.0,5.4,83.0,11.0,117.0,314.0,-347.0,1.0
3968500,2729500.0,2.0,25.0,11.0,7.0,999.0,326.0,3.3,7.0,4.8,75.0,29.0,174.0,306.0,-350.0,1.0
3968500,2729500.0,2.0,25.0,12.0,7.5,1000.0,4.0,3.5,5.0,4.3,67.0,181.0,198.0,300.0,-354.0,1.0
3968500,2729500.0,2.0,25.0,13.0,8.3,1000.0,211.0,3.0,2.0,4.0,60.0,362.0,130.0,273.0,-357.0,1.0
3968500,2729500.0,2.0,25.0,14.0,9.8,999.0,229.0,2.2,2.0,3.9,53.0,350.0,124.0,259.0,-360.0,1.0
3968500,2729500.0,2.0,25.0,15.0,10.1,999.0,214.0,2.0,3.0,3.5,46.0,293.0,113.0,263.0,-362.0,1.0
3968500,2729500.0,2.0,25.0,16.0,9.8,998.0,222.0,1.7,4.0,3.5,46.0,200.0,94.0,271.0,-362.0,1.0
3968500,2729500.0,2.0,25.0,17.0,9.5,998.0,111.0,1.6,7.0,3.9,52.0,88.0,65.0,292.0,-361.0,1.0
3968500,2729500.0,2.0,25.0,18.0,7.7,997.0,135.0,0.9,6.0,4.0,57.0,8.0,16.0,299.0,-358.0,1.0
3968500,2729500.0,2.0,25.0,19.0,5.6,997.0,224.0,1.8,2.0,4.1,66.0,0.0,0.0,268.0,-354.0,1.0
3968500,2729500.0,2.0,25.0,20.0,5.1,997.0,159.0,1.3,2.0,4.1,73.0,0.0,0.0,245.0,-352.0,1.0
3968500,2729500.0,2.0,25.0,21.0,4.9,997.0,165.0,2.1,5.0,4.3,77.0,0.0,0.0,262.0,-352.0,1.0
3968500,2729500.0,2.0,25.0,22.0,4.8,996.0,181.0,2.5,3.0,4.5,82.0,0.0,0.0,268.0,-352.0,1.0
3968500,2729500.0,2.0,25.0,23.0,4.7,996.0,217.0,1.9,3.0,4.7,87.0,0.0,0.0,262.0,-352.0,1.0
3968500,2729500.0,2.0,25.0,24.0,5.7,996.0,183.0,3.2,3.0,5.1,91.0,0.0,0.0,266.0,-353.0,1.0
3968500,2729500.0,2.0,26.0,1.0,5.4,995.0,193.0,3.5,6.0,5.4,94.0,0.0,0.0,283.0,-352.0,1.0
3968500,2729500.0,2.0,26.0,2.0,5.6,994.0,187.0,3.4,6.0,5.3,93.0,0.0,0.0,298.0,-351.0,1.0
3968500,2729500.0,2.0,26.0,3.0,6.4,993.0,166.0,3.4,7.0,5.4,91.0,0.0,0.0,306.0,-349.0,1.0
3968500,2729500.0,2.0,26.0,4.0,6.9,992.0,157.0,2.8,7.0,5.7,92.0,0.0,0.0,314.0,-347.0,1.0
3968500,2729500.0,2.0,26.0,5.0,7.3,991.0,168.0,3.6,7.0,5.9,92.0,0.0,0.0,318.0,-344.0,1.0
3968500,2729500.0,2.0,26.0,6.0,7.9,990.0,175.0,4.5,8.0,6.1,91.0,0.0,0.0,325.0,-343.0,1.0
3968500,2729500.0,2.0,26.0,7.0,8.1,989.0,181.0,4.4,6.0,6.2,90.0,0.0,0.0,325.0,-343.0,1.0
3968500,2729500.0,2.0,26.0,8.0,8.4,988.0,179.0,5.3,6.0,6.2,89.0,0.0,7.0,319.0,-344.0,1.0
3968500,2729500.0,2.0,26.0,9.0,9.2,989.0,174.0,6.0,7.0,6.2,86.0,2.0,46.0,325.0,-344.0,1.0
3968500,2729500.0,2.0,26.0,10.0,9.8,988.0,183.0,6.5,7.0,6.2,82.0,99.0,64.0,331.0,-346.0,1.0
3968500,2729500.0,2.0,26.0,11.0,10.6,987.0,188.0,6.7,7.0,6.1,77.0,143.0,83.0,333.0,-350.0,1.0
3968500,2729500.0,2.0,26.0,12.0,11.0,987.0,191.0,6.8,8.0,6.1,74.0,5.0,142.0,340.0,-356.0,1.0
3968500,2729500.0,2.0,26.0,13.0,11.2,986.0,179.0,6.6,7.0,6.1,72.0,2.0,136.0,342.0,-359.0,1.0
3968500,2729500.0,2.0,26.0,14.0,11.0,985.0,191.0,6.7,8.0,6.4,75.0,0.0,110.0,343.0,-359.0,1.0
3968500,2729500.0,2.0,26.0,15.0,11.7,984.0,199.0,7.1,8.0,6.5,76.0,0.0,88.0,349.0,-358.0,1.0
3968500,2729500.0,2.0,26.0,16.0,11.9,983.0,201.0,6.4,8.0,6.5,73.0,0.0,67.0,351.0,-358.0,1.0
3968500,2729500.0,2.0,26.0,17.0,11.2,983.0,196.0,5.6,7.0,6.6,75.0,5.0,53.0,347.0,-358.0,1.0
3968500,2729500.0,2.0,26.0,18.0,10.4,983.0,195.0,5.4,7.0,6.8,82.0,0.0,9.0,341.0,-358.0,1.0
3968500,2729500.0,2.0,26.0,19.0,10.4,983.0,187.0,4.6,8.0,6.9,85.0,0.0,0.0,346.0,-358.0,1.0
3968500,2729500.0,2.0,26.0,20.0,9.9,984.0,186.0,4.0,8.0,6.8,85.0,0.0,0.0,349.0,-359.0,1.0
3968500,2729500.0,2.0,26.0,21.0,8.9,984.0,257.0,5.0,8.0,6.4,85.0,0.0,0.0,346.0,-358.0,1.0
3968500,2729500.0,2.0,26.0,22.0,8.6,985.0,250.0,4.9,8.0,5.9,82.0,0.0,0.0,343.0,-354.0,1.0
3968500,2729500.0,2.0,26.0,23.0,7.4,985.0,259.0,4.0,7.0,5.7,82.0,0.0,0.0,335.0,-349.0,1.0
3968500,2729500.0,2.0,26.0,24.0,7.5,985.0,266.0,4.3,6.0,5.4,82.0,0.0,0.0,321.0,-345.0,1.0
3968500,2729500.0,2.0,27.0,1.0,6.5,985.0,221.0,2.6,7.0,5.2,82.0,0.0,0.0,318.0,-339.0,1.0
3968500,2729500.0,2.0,27.0,2.0,6.8,985.0,263.0,2.8,7.0,5.1,82.0,0.0,0.0,321.0,-333.0,1.0
3968500,2729500.0,2.0,27.0,3.0,6.2,986.0,258.0,3.4,6.0,4.9,80.0,0.0,0.0,312.0,-330.0,1.0
3968500,2729500.0,2.0,27.0,4.0,6.7,987.0,233.0,3.7,7.0,4.7,76.0,0.0,0.0,309.0,-328.0,1.0
3968500,2729500.0,2.0,27.0,5.0,6.3,987.0,207.0,3.4,7.0,4.5,73.0,0.0,0.0,313.0,-327.0,1.0
3968500,2729500.0,2.0,27.0,6.0,6.0,987.0,224.0,3.7,8.0,4.4,73.0,0.0,0.0,312.0,-326.0,1.0
3968500,2729500.0,2.0,27.0,7.0,6.2,988.0,222.0,4.0,7.0,4.3,71.0,0.0,0.0,306.0,-325.0,1.0
3968500,2729500.0,2.0,27.0,8.0,6.2,988.0,236.0,3.2,6.0,4.2,69.0,14.0,4.0,293.0,-325.0,1.0
3968500,2729500.0,2.0,27.0,9.0,6.4,989.0,224.0,2.7,7.0,4.2,69.0,53.0,32.0,292.0,-327.0,1.0
3968500,2729500.0,2.0,27.0,10.0,6.7,990.0,221.0,3.6,8.0,4.2,68.0,8.0,94.0,303.0,-333.0,1.0
3968500,2729500.0,2.0,27.0,11.0,7.2,990.0,250.0,5.0,8.0,4.2,66.0,0.0,94.0,309.0,-341.0,1.0
3968500,2729500.0,2.0,27.0,12.0,7.8,990.0,259.0,5.2,8.0,4.2,63.0,0.0,92.0,309.0,-346.0,1.0
3968500,2729500.0,2.0,27.0,13.0,8.0,991.0,262.0,5.0,6.0,4.1,61.0,0.0,133.0,301.0,-350.0,1.0
3968500,2729500.0,2.0,27.0,14.0,8.3,991.0,269.0,4.3,5.0,4.0,58.0,17.0,148.0,288.0,-352.0,1.0
3968500,2729500.0,2.0,27.0,15.0,8.7,991.0,267.0,4.5,6.0,3.9,55.0,65.0,125.0,289.0,-353.0,1.0
3968500,2729500.0,2.0,27.0,16.0,8.2,992.0,242.0,4.0,7.0,3.8,54.0,8.0,94.0,298.0,-352.0,1.0
3968500,2729500.0,2.0,27.0,17.0,8.2,992.0,237.0,4.3,8.0,3.8,56.0,50.0,37.0,305.0,-348.0,1.0
3968500,2729500.0,2.0,27.0,18.0,7.0,993.0,236.0,3.3,5.0,3.9,59.0,0.0,11.0,297.0,-342.0,1.0
3968500,2729500.0,2.0,27.0,19.0,5.9,994.0,228.0,2.8,5.0,3.9,64.0,0.0,0.0,281.0,-335.0,1.0
3968500,2729500.0,2.0,27.0,20.0,4.3,994.0,238.0,2.6,5.0,3.9,71.0,0.0,0.0,278.0,-330.0,1.0
3968500,2729500.0,2.0,27.0,21.0,4.4,995.0,220.0,2.2,4.0,4.0,75.0,0.0,0.0,271.0,-327.0,1.0
3968500,2729500.0,2.0,27.0,22.0,4.5,996.0,208.0,2.4,3.0,4.0,75.0,0.0,0.0,263.0,-324.0,1.0
3968500,2729500.0,2.0,27.0,23.0,2.9,996.0,191.0,2.1,2.0,3.9,77.0,0.0,0.0,251.0,-322.0,1.0
3968500,2729500.0,2.0,27.0,24.0,1.8,997.0,150.0,1.4,3.0,3.7,82.0,0.0,0.0,246.0,-319.0,1.0
3968500,2729500.0,2.0,28.0,1.0,2.5,997.0,143.0,2.3,6.0,3.8,85.0,0.0,0.0,265.0,-317.0,1.0
3968500,2729500.0,2.0,28.0,2.0,3.3,997.0,164.0,2.4,6.0,4.0,84.0,0.0,0.0,282.0,-316.0,1.0
3968500,2729500.0,2.0,28.0,3.0,1.2,998.0,188.0,1.6,5.0,3.8,85.0,0.0,0.0,272.0,-316.0,1.0
3968500,2729500.0,2.0,28.0,4.0,0.4,998.0,237.0,1.7,6.0,3.6,89.0,0.0,0.0,266.0,-315.0,1.0
3968500,2729500.0,2.0,28.0,5.0,0.0,998.0,232.0,1.2,5.0,3.6,92.0,0.0,0.0,263.0,-313.0,1.0
3968500,2729500.0,2.0,28.0,6.0,-0.2,997.0,156.0,1.3,5.0,3.6,95.0,0.0,0.0,253.0,-312.0,1.0
3968500,2729500.0,2.0,28.0,7.0,0.2,997.0,150.0,2.2,2.0,3.6,94.0,0.0,0.0,230.0,-311.0,1.0
3968500,2729500.0,2.0,28.0,8.0,0.8,999.0,146.0,2.2,3.0,3.7,92.0,1.0,14.0,215.0,-310.0,1.0
3968500,2729500.0,2.0,28.0,9.0,1.7,999.0,150.0,2.3,5.0,3.8,91.0,52.0,69.0,235.0,-311.0,1.0
3968500,2729500.0,2.0,28.0,10.0,3.9,999.0,142.0,2.7,6.0,4.0,86.0,128.0,119.0,260.0,-314.0,1.0
3968500,2729500.0,2.0,28.0,11.0,5.7,999.0,157.0,2.9,7.0,4.4,80.0,118.0,187.0,280.0,-321.0,1.0
3968500,2729500.0,2.0,28.0,12.0,7.2,999.0,163.0,2.7,6.0,4.6,75.0,142.0,222.0,286.0,-334.0,1.0
3968500,2729500.0,2.0,28.0,13.0,8.5,999.0,175.0,3.5,5.0,4.6,69.0,95.0,243.0,277.0,-345.0,1.0
3968500,2729500.0,2.0,28.0,14.0,8.5,998.0,183.0,3.6,6.0,4.5,64.0,47.0,219.0,278.0,-351.0,1.0
3968500,2729500.0,2.0,28.0,15.0,9.0,998.0,187.0,3.5,6.0,4.3,60.0,12.0,164.0,285.0,-355.0,1.0
3968500,2729500.0,2.0,28.0,16.0,8.6,997.0,214.0,3.2,7.0,4.0,56.0,3.0,104.0,290.0,-355.0,1.0
3968500,2729500.0,2.0,28.0,17.0,8.2,997.0,176.0,3.1,8.0,4.0,58.0,0.0,52.0,300.0,-351.0,1.0
3968500,2729500.0,2.0,28.0,18.0,7.8,997.0,175.0,2.5,7.0,4.1,61.0,0.0,2.0,299.0,-345.0,1.0
3968500,2729500.0,2.0,28.0,19.0,6.4,997.0,171.0,1.8,7.0,4.1,64.0,0.0,0.0,289.0,-336.0,1.0
3968500,2729500.0,2.0,28.0,20.0,6.2,997.0,160.0,1.6,7.0,4.1,67.0,0.0,0.0,288.0,-330.0,1.0
3968500,2729500.0,2.0,28.0,21.0,6.3,997.0,149.0,1.9,7.0,4.1,68.0,0.0,0.0,291.0,-325.0,1.0
3968500,2729500.0,2.0,28.0,22.0,6.0,997.0,162.0,1.5,6.0,4.1,68.0,0.0,0.0,287.0,-323.0,1.0
3968500,2729500.0,2.0,28.0,23.0,5.5,997.0,166.0,2.0,6.0,4.1,70.0,0.0,0.0,283.0,-321.0,1.0
3968500,2729500.0,2.0,28.0,24.0,5.2,997.0,180.0,1.8,8.0,4.0,71.0,0.0,0.0,294.0,-319.0,1.0
3968500,2729500.0,3.0,1.0,1.0,5.3,996.0,194.0,1.7,8.0,4.0,71.0,0.0,0.0,305.0,-319.0,1.0
3968500,2729500.0,3.0,1.0,2.0,5.2,996.0,174.0,1.6,7.0,4.1,72.0,0.0,0.0,301.0,-319.0,1.0
3968500,2729500.0,3.0,1.0,3.0,5.4,995.0,178.0,1.8,8.0,4.2,75.0,0.0,0.0,302.0,-318.0,1.0
3968500,2729500.0,3.0,1.0,4.0,4.8,995.0,156.0,1.8,8.0,4.5,82.0,0.0,0.0,308.0,-317.0,1.0
3968500,2729500.0,3.0,1.0,5.0,4.1,994.0,141.0,1.6,8.0,4.8,90.0,0.0,0.0,308.0,-318.0,1.0
3968500,2729500.0,3.0,1.0,6.0,4.1,994.0,162.0,1.0,8.0,4.9,94.0,0.0,0.0,309.0,-320.0,1.0
3968500,2729500.0,3.0,1.0,7.0,4.2,994.0,179.0,0.8,7.0,4.9,95.0,0.0,0.0,307.0,-322.0,1.0
3968500,2729500.0,3.0,1.0,8.0,4.4,993.0,174.0,1.3,7.0,5.0,95.0,0.0,12.0,301.0,-323.0,1.0
3968500,2729500.0,3.0,1.0,9.0,4.7,993.0,170.0,1.3,7.0,5.1,95.0,0.0,36.0,301.0,-325.0,1.0
3968500,2729500.0,3.0,1.0,10.0,5.1,993.0,168.0,1.7,8.0,5.2,95.0,0.0,73.0,307.0,-331.0,1.0
3968500,2729500.0,3.0,1.0,11.0,5.5,992.0,154.0,1.5,8.0,5.3,94.0,0.0,98.0,315.0,-340.0,1.0
3968500,2729500.0,3.0,1.0,12.0,6.4,992.0,168.0,1.6,8.0,5.5,92.0,0.0,82.0,317.0,-348.0,1.0
3968500,2729500.0,3.0,1.0,13.0,6.9,992.0,213.0,2.4,6.0,5.6,90.0,0.0,113.0,303.0,-354.0,1.0
3968500,2729500.0,3.0,1.0,14.0,8.2,990.0,192.0,1.9,7.0,5.8,87.0,0.0,80.0,296.0,-354.0,1.0
3968500,2729500.0,3.0,1.0,15.0,9.0,990.0,212.0,2.8,6.0,5.7,80.0,51.0,173.0,297.0,-356.0,1.0
3968500,2729500.0,3.0,1.0,16.0,9.2,990.0,203.0,3.3,7.0,5.3,72.0,46.0,128.0,299.0,-359.0,1.0
3968500,2729500.0,3.0,1.0,17.0,8.6,989.0,205.0,2.8,7.0,4.8,66.0,24.0,69.0,309.0,-358.0,1.0
3968500,2729500.0,3.0,1.0,18.0,8.0,987.0,208.0,3.3,8.0,4.6,66.0,17.0,13.0,317.0,-355.0,1.0
3968500,2729500.0,3.0,1.0,19.0,8.0,986.0,209.0,3.5,8.0,4.7,69.0,0.0,0.0,326.0,-352.0,1.0
3968500,2729500.0,3.0,1.0,20.0,7.7,985.0,184.0,4.3,8.0,4.9,72.0,0.0,0.0,328.0,-350.0,1.0
3968500,2729500.0,3.0,1.0,21.0,7.3,984.0,212.0,5.1,8.0,5.0,76.0,0.0,0.0,331.0,-350.0,1.0
3968500,2729500.0,3.0,1.0,22.0,6.4,982.0,190.0,4.8,8.0,5.2,82.0,0.0,0.0,332.0,-351.0,1.0
3968500,2729500.0,3.0,1.0,23.0,7.2,980.0,185.0,5.4,8.0,5.5,87.0,0.0,0.0,335.0,-353.0,1.0
3968500,2729500.0,3.0,1.0,24.0,7.5,978.0,217.0,6.5,8.0,5.8,87.0,0.0,0.0,339.0,-354.0,1.0
3968500,2729500.0,3.0,2.0,1.0,7.5,974.0,207.0,5.7,8.0,5.9,87.0,0.0,0.0,342.0,-354.0,1.0
3968500,2729500.0,3.0,2.0,2.0,7.6,974.0,202.0,6.2,8.0,5.9,87.0,0.0,0.0,343.0,-353.0,1.0
3968500,2729500.0,3.0,2.0,3.0,8.0,972.0,202.0,5.6,8.0,6.0,88.0,0.0,0.0,344.0,-352.0,1.0
3968500,2729500.0,3.0,2.0,4.0,8.3,969.0,225.0,6.3,8.0,6.3,89.0,0.0,0.0,345.0,-352.0,1.0
3968500,2729500.0,3.0,2.0,5.0,8.7,967.0,231.0,6.2,8.0,6.5,90.0,0.0,0.0,346.0,-353.0,1.0
3968500,2729500.0,3.0,2.0,6.0,8.8,965.0,214.0,5.8,8.0,6.6,90.0,0.0,0.0,346.0,-354.0,1.0
3968500,2729500.0,3.0,2.0,7.0,3.9,963.0,290.0,9.8,8.0,5.8,92.0,0.0,0.0,336.0,-348.0,1.0
3968500,2729500.0,3.0,2.0,8.0,4.8,965.0,266.0,6.5,8.0,5.0,91.0,9.0,18.0,329.0,-337.0,1.0
3968500,2729500.0,3.0,2.0,9.0,4.5,967.0,268.0,8.1,6.0,4.9,88.0,23.0,61.0,316.0,-333.0,1.0
3968500,2729500.0,3.0,2.0,10.0,7.1,968.0,273.0,9.5,6.0,4.8,80.0,46.0,100.0,306.0,-338.0,1.0
3968500,2729500.0,3.0,2.0,11.0,7.4,969.0,260.0,9.1,5.0,4.8,73.0,4.0,133.0,302.0,-345.0,1.0
3968500,2729500.0,3.0,2.0,12.0,6.3,970.0,264.0,8.0,7.0,5.1,79.0,0.0,100.0,306.0,-347.0,1.0
3968500,2729500.0,3.0,2.0,13.0,6.3,972.0,264.0,8.8,8.0,5.2,85.0,0.0,77.0,322.0,-347.0,1.0
3968500,2729500.0,3.0,2.0,14.0,6.0,973.0,280.0,9.2,8.0,5.2,86.0,0.0,61.0,327.0,-347.0,1.0
3968500,2729500.0,3.0,2.0,15.0,6.6,975.0,282.0,8.9,6.0,5.0,81.0,0.0,120.0,316.0,-347.0,1.0
3968500,2729500.0,3.0,2.0,16.0,7.5,977.0,274.0,9.1,6.0,4.6,72.0,65.0,87.0,307.0,-344.0,1.0
3968500,2729500.0,3.0,2.0,17.0,7.8,978.0,282.0,8.0,8.0,4.3,64.0,23.0,60.0,318.0,-342.0,1.0
3968500,2729500.0,3.0,2.0,18.0,7.2,980.0,272.0,7.1,7.0,4.2,63.0,0.0,12.0,322.0,-340.0,1.0
3968500,2729500.0,3.0,2.0,19.0,6.9,981.0,268.0,7.9,7.0,4.1,64.0,0.0,0.0,315.0,-338.0,1.0
3968500,2729500.0,3.0,2.0,20.0,6.5,982.0,263.0,6.4,7.0,4.2,67.0,0.0,0.0,313.0,-337.0,1.0
3968500,2729500.0,3.0,2.0,21.0,6.3,982.0,259.0,6.0,8.0,4.3,70.0,0.0,0.0,316.0,-336.0,1.0
3968500,2729500.0,3.0,2.0,22.0,6.1,982.0,258.0,5.6,8.0,4.5,74.0,0.0,0.0,319.0,-334.0,1.0
3968500,2729500.0,3.0,2.0,23.0,5.6,983.0,259.0,5.2,8.0,4.6,78.0,0.0,0.0,318.0,-331.0,1.0
3968500,2729500.0,3.0,2.0,24.0,5.0,982.0,265.0,5.1,8.0,4.5,81.0,0.0,0.0,314.0,-332.0,1.0
3968500,2729500.0,3.0,3.0,1.0,4.2,987.0,269.0,4.9,8.0,4.4,83.0,0.0,0.0,292.0,-320.0,1.0
3968500,2729500.0,3.0,3.0,2.0,3.4,988.0,274.0,4.9,8.0,4.2,84.0,0.0,0.0,296.0,-320.0,1.0
3968500,2729500.0,3.0,3.0,3.0,2.7,989.0,279.0,5.5,7.0,4.0,84.0,0.0,0.0,296.0,-319.0,1.0
3968500,2729500.0,3.0,3.0,4.0,2.5,990.0,283.0,5.8,7.0,3.9,84.0,0.0,0.0,290.0,-319.0,1.0
3968500,2729500.0,3.0,3.0,5.0,2.4,991.0,282.0,5.6,6.0,3.9,83.0,0.0,0.0,276.0,-319.0,1.0
3968500,2729500.0,3.0,3.0,6.0,2.0,992.0,290.0,4.9,5.0,3.7,82.0,0.0,0.0,265.0,-319.0,1.0
3968500,2729500.0,3.0,3.0,7.0,1.9,993.0,283.0,4.6,7.0,3.6,80.0,0.0,0.0,273.0,-318.0,1.0
3968500,2729500.0,3.0,3.0,8.0,1.8,995.0,282.0,3.7,6.0,3.5,80.0,2.0,22.0,276.0,-317.0,1.0
3968500,2729500.0,3.0,3.0,9.0,2.1,996.0,244.0,2.3,4.0,3.6,82.0,25.0,84.0,260.0,-318.0,1.0
3968500,2729500.0,3.0,3.0,10.0,3.2,996.0,257.0,4.4,4.0,3.7,80.0,57.0,144.0,251.0,-321.0,1.0
3968500,2729500.0,3.0,3.0,11.0,4.2,997.0,253.0,5.1,7.0,3.7,73.0,35.0,180.0,264.0,-325.0,1.0
3968500,2729500.0,3.0,3.0,12.0,4.7,997.0,259.0,5.2,6.0,3.4,64.0,27.0,198.0,272.0,-330.0,1.0
3968500,2729500.0,3.0,3.0,13.0,5.6,997.0,251.0,4.3,5.0,3.2,58.0,17.0,196.0,266.0,-334.0,1.0
3968500,2729500.0,3.0,3.0,14.0,5.5,997.0,251.0,4.9,5.0,3.2,56.0,53.0,208.0,266.0,-337.0,1.0
3968500,2729500.0,3.0,3.0,15.0,5.6,996.0,241.0,3.9,6.0,3.2,56.0,109.0,183.0,273.0,-337.0,1.0
3968500,2729500.0,3.0,3.0,16.0,4.9,996.0,225.0,4.4,7.0,3.3,59.0,33.0,135.0,283.0,-333.0,1.0
3968500,2729500.0,3.0,3.0,17.0,4.9,995.0,202.0,5.4,6.0,3.4,62.0,28.0,86.0,285.0,-331.0,1.0
3968500,2729500.0,3.0,3.0,18.0,4.8,995.0,187.0,5.5,7.0,3.4,62.0,4.0,30.0,287.0,-329.0,1.0
3968500,2729500.0,3.0,3.0,19.0,4.2,994.0,189.0,6.2,7.0,3.4,63.0,0.0,0.0,292.0,-326.0,1.0
3968500,2729500.0,3.0,3.0,20.0,3.8,994.0,180.0,6.8,8.0,3.4,66.0,0.0,0.0,296.0,-324.0,1.0
3968500,2729500.0,3.0,3.0,21.0,3.7,993.0,208.0,7.1,8.0,3.6,70.0,0.0,0.0,303.0,-323.0,1.0
3968500,2729500.0,3.0,3.0,22.0,3.7,992.0,200.0,6.5,7.0,3.8,75.0,0.0,0.0,302.0,-324.0,1.0
3968500,2729500.0,3.0,3.0,23.0,3.4,991.0,175.0,6.9,7.0,4.0,80.0,0.0,0.0,299.0,-324.0,1.0
3968500,2729500.0,3.0,3.0,24.0,3.1,989.0,203.0,6.4,8.0,4.2,86.0,0.0,0.0,306.0,-324.0,1.0
3968500,2729500.0,3.0,4.0,1.0,3.6,988.0,184.0,7.7,8.0,4.4,89.0,0.0,0.0,314.0,-324.0,1.0
3968500,2729500.0,3.0,4.0,2.0,3.5,986.0,205.0,7.7,8.0,4.5,90.0,0.0,0.0,317.0,-324.0,1.0
3968500,2729500.0,3.0,4.0,3.0,3.2,985.0,205.0,7.6,8.0,4.6,92.0,0.0,0.0,318.0,-324.0,1.0
3968500,2729500.0,3.0,4.0,4.0,3.4,984.0,201.0,5.6,8.0,4.7,94.0,0.0,0.0,320.0,-325.0,1.0
3968500,2729500.0,3.0,4.0,5.0,3.6,982.0,203.0,5.1,8.0,4.7,93.0,0.0,0.0,322.0,-328.0,1.0
3968500,2729500.0,3.0,4.0,6.0,4.2,982.0,200.0,6.1,8.0,4.8,92.0,0.0,0.0,323.0,-330.0,1.0
3968500,2729500.0,3.0,4.0,7.0,4.9,981.0,207.0,6.1,8.0,5.0,92.0,0.0,0.0,327.0,-332.0,1.0
3968500,2729500.0,3.0,4.0,8.0,5.3,980.0,207.0,6.6,8.0,5.2,93.0,0.0,16.0,329.0,-333.0,1.0
3968500,2729500.0,3.0,4.0,9.0,5.8,979.0,202.0,7.2,7.0,5.4,93.0,0.0,43.0,322.0,-335.0,1.0
3968500,2729500.0,3.0,4.0,10.0,6.9,979.0,188.0,8.1,7.0,5.6,90.0,0.0,78.0,317.0,-337.0,1.0
3968500,2729500.0,3.0,4.0,11.0,7.1,979.0,189.0,8.2,8.0,5.7,88.0,0.0,84.0,325.0,-340.0,1.0
3968500,2729500.0,3.0,4.0,12.0,7.7,977.0,205.0,7.8,8.0,5.7,86.0,0.0,89.0,331.0,-344.0,1.0
3968500,2729500.0,3.0,4.0,13.0,7.8,977.0,269.0,6.1,7.0,5.6,83.0,0.0,102.0,325.0,-347.0,1.0
3968500,2729500.0,3.0,4.0,14.0,5.1,977.0,291.0,7.6,7.0,5.2,83.0,0.0,71.0,313.0,-346.0,1.0
3968500,2729500.0,3.0,4.0,15.0,4.6,978.0,261.0,7.2,8.0,4.7,84.0,0.0,54.0,315.0,-342.0,1.0
3968500,2729500.0,3.0,4.0,16.0,5.2,979.0,242.0,5.5,8.0,4.4,79.0,0.0,53.0,318.0,-341.0,1.0
3968500,2729500.0,3.0,4.0,17.0,4.8,980.0,252.0,3.5,7.0,4.2,74.0,0.0,40.0,309.0,-337.0,1.0
3968500,2729500.0,3.0,4.0,18.0,4.2,981.0,239.0,2.8,7.0,4.2,78.0,0.0,11.0,299.0,-333.0,1.0
3968500,2729500.0,3.0,4.0,19.0,3.8,981.0,230.0,4.0,7.0,4.2,81.0,0.0,0.0,295.0,-329.0,1.0
3968500,2729500.0,3.0,4.0,20.0,3.2,982.0,237.0,3.9,5.0,4.2,83.0,0.0,0.0,279.0,-326.0,1.0
3968500,2729500.0,3.0,4.0,21.0,2.7,982.0,233.0,2.8,5.0,4.2,87.0,0.0,0.0,263.0,-324.0,1.0
3968500,2729500.0,3.0,4.0,22.0,2.5,982.0,198.0,2.6,7.0,4.2,88.0,0.0,0.0,272.0,-321.0,1.0
3968500,2729500.0,3.0,4.0,23.0,2.3,982.0,196.0,3.0,7.0,4.2,90.0,0.0,0.0,283.0,-319.0,1.0
3968500,2729500.0,3.0,4.0,24.0,1.9,983.0,206.0,2.7,7.0,4.3,93.0,0.0,0.0,281.0,-320.0,1.0
3968500,2729500.0,3.0,5.0,1.0,1.8,983.0,199.0,3.7,8.0,4.2,94.0,0.0,0.0,284.0,-319.0,1.0
3968500,2729500.0,3.0,5.0,2.0,2.0,983.0,256.0,3.5,8.0,4.1,92.0,0.0,0.0,286.0,-318.0,1.0
3968500,2729500.0,3.0,5.0,3.0,1.8,983.0,265.0,2.6,8.0,4.1,91.0,0.0,0.0,284.0,-316.0,1.0
3968500,2729500.0,3.0,5.0,4.0,1.6,983.0,282.0,2.9,8.0,4.0,91.0,0.0,0.0,281.0,-315.0,1.0
3968500,2729500.0,3.0,5.0,5.0,1.6,984.0,272.0,3.5,6.0,4.0,90.0,0.0,0.0,269.0,-313.0,1.0
3968500,2729500.0,3.0,5.0,6.0,1.9,985.0,280.0,4.7,5.0,3.8,87.0,0.0,0.0,253.0,-313.0,1.0
3968500,2729500.0,3.0,5.0,7.0,1.1,986.0,284.0,7.3,6.0,3.7,85.0,0.0,0.0,251.0,-312.0,1.0
3968500,2729500.0,3.0,5.0,8.0,0.6,987.0,290.0,6.6,6.0,3.5,85.0,7.0,25.0,252.0,-311.0,1.0
3968500,2729500.0,3.0,5.0,9.0,1.0,989.0,269.0,5.3,2.0,3.4,83.0,89.0,69.0,232.0,-311.0,1.0
3968500,2729500.0,3.0,5.0,10.0,1.4,990.0,294.0,4.3,2.0,3.4,79.0,147.0,116.0,213.0,-313.0,1.0
3968500,2729500.0,3.0,5.0,11.0,2.9,992.0,280.0,6.4,5.0,3.4,76.0,84.0,183.0,228.0,-315.0,1.0
3968500,2729500.0,3.0,5.0,12.0,3.4,992.0,268.0,6.4,4.0,3.5,72.0,103.0,214.0,241.0,-320.0,1.0
3968500,2729500.0,3.0,5.0,13.0,0.6,993.0,267.0,5.8,5.0,3.4,77.0,61.0,218.0,240.0,-325.0,1.0
3968500,2729500.0,3.0,5.0,14.0,2.0,994.0,288.0,7.1,5.0,3.4,80.0,25.0,192.0,244.0,-327.0,1.0
3968500,2729500.0,3.0,5.0,15.0,2.1,994.0,255.0,6.5,5.0,3.4,76.0,71.0,182.0,245.0,-327.0,1.0
3968500,2729500.0,3.0,5.0,16.0,1.8,994.0,248.0,6.1,6.0,3.3,73.0,26.0,133.0,247.0,-326.0,1.0
3968500,2729500.0,3.0,5.0,17.0,1.7,995.0,259.0,5.4,3.0,3.1,70.0,54.0,83.0,236.0,-321.0,1.0
3968500,2729500.0,3.0,5.0,18.0,0.9,995.0,273.0,9.6,6.0,3.0,71.0,3.0,29.0,234.0,-317.0,1.0
3968500,2729500.0,3.0,5.0,19.0,0.5,996.0,270.0,6.6,6.0,3.0,74.0,0.0,0.0,244.0,-316.0,1.0
3968500,2729500.0,3.0,5.0,20.0,0.0,997.0,272.0,5.3,7.0,3.0,76.0,0.0,0.0,247.0,-313.0,1.0
3968500,2729500.0,3.0,5.0,21.0,-0.1,997.0,282.0,6.5,6.0,3.0,78.0,0.0,0.0,248.0,-310.0,1.0
3968500,2729500.0,3.0,5.0,22.0,-0.1,998.0,287.0,6.4,7.0,3.0,78.0,0.0,0.0,248.0,-309.0,1.0
3968500,2729500.0,3.0,5.0,23.0,-0.2,999.0,291.0,5.6,7.0,3.0,79.0,0.0,0.0,251.0,-309.0,1.0
3968500,2729500.0,3.0,5.0,24.0,-0.2,1000.0,285.0,5.6,6.0,3.0,78.0,0.0,0.0,246.0,-308.0,1.0
3968500,2729500.0,3.0,6.0,1.0,-0.6,1000.0,271.0,4.4,6.0,2.9,77.0,0.0,0.0,242.0,-308.0,1.0
3968500,2729500.0,3.0,6.0,2.0,-0.5,1001.0,277.0,4.6,6.0,2.8,77.0,0.0,0.0,244.0,-308.0,1.0
3968500,2729500.0,3.0,6.0,3.0,-0.3,1001.0,271.0,4.4,5.0,2.8,76.0,0.0,0.0,241.0,-308.0,1.0
3968500,2729500.0,3.0,6.0,4.0,-0.5,1002.0,294.0,3.5,5.0,2.8,76.0,0.0,0.0,239.0,-308.0,1.0
3968500,2729500.0,3.0,6.0,5.0,0.1,1002.0,283.0,4.2,6.0,2.8,75.0,0.0,0.0,244.0,-307.0,1.0
3968500,2729500.0,3.0,6.0,6.0,0.0,1002.0,291.0,4.5,7.0,2.9,74.0,0.0,0.0,254.0,-307.0,1.0
3968500,2729500.0,3.0,6.0,7.0,-0.2,1003.0,287.0,4.0,7.0,2.9,76.0,0.0,0.0,256.0,-307.0,1.0
3968500,2729500.0,3.0,6.0,8.0,-0.1,1003.0,286.0,4.3,7.0,2.9,76.0,0.0,16.0,256.0,-307.0,1.0
3968500,2729500.0,3.0,6.0,9.0,0.4,1004.0,277.0,3.8,6.0,2.9,75.0,1.0,70.0,253.0,-309.0,1.0
3968500,2729500.0,3.0,6.0,10.0,1.0,1005.0,263.0,3.8,7.0,3.0,74.0,0.0,90.0,256.0,-312.0,1.0
3968500,2729500.0,3.0,6.0,11.0,1.9,1005.0,259.0,4.4,7.0,3.1,72.0,4.0,157.0,263.0,-315.0,1.0
3968500,2729500.0,3.0,6.0,12.0,2.3,1005.0,280.0,4.4,7.0,3.1,69.0,0.0,138.0,263.0,-321.0,1.0
3968500,2729500.0,3.0,6.0,13.0,2.5,1006.0,279.0,4.8,7.0,3.1,68.0,9.0,198.0,264.0,-327.0,1.0
3968500,2729500.0,3.0,6.0,14.0,3.4,1007.0,270.0,3.8,6.0,3.1,66.0,17.0,208.0,263.0,-328.0,1.0
3968500,2729500.0,3.0,6.0,15.0,3.7,1007.0,261.0,4.5,6.0,3.1,64.0,35.0,207.0,262.0,-330.0,1.0
3968500,2729500.0,3.0,6.0,16.0,3.0,1007.0,259.0,3.4,7.0,3.2,67.0,12.0,138.0,267.0,-332.0,1.0
3968500,2729500.0,3.0,6.0,17.0,2.8,1007.0,255.0,2.6,8.0,3.4,72.0,0.0,61.0,274.0,-331.0,1.0
3968500,2729500.0,3.0,6.0,18.0,2.1,1006.0,278.0,2.2,7.0,3.7,81.0,2.0,29.0,273.0,-327.0,1.0
3968500,2729500.0,3.0,6.0,19.0,1.2,1006.0,221.0,1.9,6.0,3.8,89.0,0.0,0.0,262.0,-322.0,1.0
3968500,2729500.0,3.0,6.0,20.0,0.8,1007.0,205.0,1.5,6.0,3.8,91.0,0.0,0.0,256.0,-318.0,1.0
3968500,2729500.0,3.0,6.0,21.0,0.7,1007.0,175.0,2.0,7.0,3.7,92.0,0.0,0.0,257.0,-316.0,1.0
3968500,2729500.0,3.0,6.0,22.0,0.3,1007.0,168.0,1.8,6.0,3.7,94.0,0.0,0.0,256.0,-316.0,1.0
3968500,2729500.0,3.0,6.0,23.0,0.3,1007.0,172.0,2.1,6.0,3.7,96.0,0.0,0.0,251.0,-316.0,1.0
3968500,2729500.0,3.0,6.0,24.0,0.4,1007.0,164.0,2.7,5.0,3.8,97.0,0.0,0.0,249.0,-316.0,1.0
3968500,2729500.0,3.0,7.0,1.0,0.4,1007.0,157.0,2.5,3.0,3.8,96.0,0.0,0.0,239.0,-314.0,1.0
3968500,2729500.0,3.0,7.0,2.0,0.1,1006.0,165.0,2.6,2.0,3.8,98.0,0.0,0.0,228.0,-312.0,1.0
3968500,2729500.0,3.0,7.0,3.0,-0.7,1006.0,166.0,2.0,1.0,3.7,100.0,0.0,0.0,220.0,-310.0,1.0
3968500,2729500.0,3.0,7.0,4.0,-0.7,1006.0,169.0,2.1,1.0,3.6,98.0,0.0,0.0,215.0,-309.0,1.0
3968500,2729500.0,3.0,7.0,5.0,-0.4,1006.0,191.0,1.1,1.0,3.6,97.0,0.0,0.0,216.0,-308.0,1.0
3968500,2729500.0,3.0,7.0,6.0,-0.4,1005.0,164.0,2.2,3.0,3.6,98.0,0.0,0.0,225.0,-308.0,1.0
3968500,2729500.0,3.0,7.0,7.0,-0.2,1005.0,171.0,2.5,5.0,3.6,96.0,0.0,0.0,240.0,-308.0,1.0
3968500,2729500.0,3.0,7.0,8.0,0.5,1005.0,175.0,3.2,5.0,3.6,93.0,12.0,26.0,250.0,-307.0,1.0
3968500,2729500.0,3.0,7.0,9.0,1.8,1005.0,196.0,3.3,4.0,3.7,90.0,153.0,44.0,248.0,-308.0,1.0
3968500,2729500.0,3.0,7.0,10.0,3.9,1006.0,210.0,3.8,3.0,3.7,79.0,304.0,62.0,245.0,-312.0,1.0
3968500,2729500.0,3.0,7.0,11.0,6.2,1005.0,195.0,4.8,3.0,3.7,67.0,390.0,80.0,246.0,-316.0,1.0
3968500,2729500.0,3.0,7.0,12.0,6.8,1005.0,197.0,4.6,4.0,3.6,60.0,167.0,200.0,256.0,-324.0,1.0
3968500,2729500.0,3.0,7.0,13.0,7.2,1004.0,222.0,5.1,5.0,3.6,58.0,101.0,218.0,268.0,-331.0,1.0
3968500,2729500.0,3.0,7.0,14.0,6.9,1004.0,236.0,4.1,7.0,3.6,57.0,15.0,180.0,285.0,-337.0,1.0
3968500,2729500.0,3.0,7.0,15.0,7.5,1003.0,248.0,4.0,7.0,3.5,55.0,16.0,159.0,298.0,-342.0,1.0
3968500,2729500.0,3.0,7.0,16.0,7.3,1003.0,222.0,4.5,6.0,3.5,54.0,22.0,130.0,298.0,-343.0,1.0
3968500,2729500.0,3.0,7.0,17.0,7.2,1002.0,218.0,4.4,8.0,3.5,55.0,6.0,74.0,306.0,-339.0,1.0
3968500,2729500.0,3.0,7.0,18.0,6.9,1002.0,224.0,3.8,6.0,3.5,56.0,2.0,27.0,309.0,-332.0,1.0
3968500,2729500.0,3.0,7.0,19.0,6.8,1001.0,210.0,2.5,7.0,3.7,59.0,0.0,0.0,305.0,-324.0,1.0
3968500,2729500.0,3.0,7.0,20.0,6.3,1001.0,190.0,2.7,8.0,3.8,63.0,0.0,0.0,321.0,-318.0,1.0
3968500,2729500.0,3.0,7.0,21.0,6.0,1001.0,182.0,2.6,8.0,3.9,65.0,0.0,0.0,329.0,-317.0,1.0
3968500,2729500.0,3.0,7.0,22.0,5.9,1001.0,168.0,3.3,7.0,3.9,67.0,0.0,0.0,319.0,-316.0,1.0
3968500,2729500.0,3.0,7.0,23.0,5.9,1001.0,184.0,3.3,7.0,4.0,68.0,0.0,0.0,312.0,-315.0,1.0
3968500,2729500.0,3.0,7.0,24.0,4.7,1001.0,181.0,3.4,6.0,4.0,71.0,0.0,0.0,304.0,-314.0,1.0
3968500,2729500.0,3.0,8.0,1.0,4.6,1000.0,166.0,3.7,7.0,4.0,74.0,0.0,0.0,300.0,-313.0,1.0
3968500,2729500.0,3.0,8.0,2.0,4.9,1000.0,214.0,3.6,8.0,4.0,75.0,0.0,0.0,311.0,-313.0,1.0
3968500,2729500.0,3.0,8.0,3.0,5.4,1000.0,206.0,4.2,8.0,4.2,76.0,0.0,0.0,318.0,-313.0,1.0
3968500,2729500.0,3.0,8.0,4.0,5.2,999.0,182.0,4.0,8.0,4.4,78.0,0.0,0.0,319.0,-313.0,1.0
3968500,2729500.0,3.0,8.0,5.0,5.4,999.0,177.0,5.4,8.0,4.4,79.0,0.0,0.0,320.0,-314.0,1.0
3968500,2729500.0,3.0,8.0,6.0,5.7,998.0,173.0,4.1,8.0,4.6,81.0,0.0,0.0,322.0,-316.0,1.0
3968500,2729500.0,3.0,8.0,7.0,5.7,998.0,198.0,3.6,8.0,4.7,81.0,0.0,0.0,323.0,-316.0,1.0
3968500,2729500.0,3.0,8.0,8.0,5.3,998.0,161.0,4.4,8.0,4.6,81.0,6.0,23.0,324.0,-316.0,1.0
3968500,2729500.0,3.0,8.0,9.0,6.0,998.0,172.0,4.0,6.0,4.7,82.0,32.0,70.0,315.0,-317.0,1.0
3968500,2729500.0,3.0,8.0,10.0,7.2,998.0,172.0,4.8,6.0,5.1,83.0,20.0,124.0,309.0,-318.0,1.0
3968500,2729500.0,3.0,8.0,11.0,8.1,998.0,180.0,4.4,6.0,5.4,81.0,0.0,125.0,311.0,-322.0,1.0
3968500,2729500.0,3.0,8.0,12.0,8.8,998.0,173.0,4.6,5.0,5.6,80.0,27.0,172.0,309.0,-328.0,1.0
3968500,2729500.0,3.0,8.0,13.0,8.6,998.0,171.0,4.8,5.0,5.7,80.0,55.0,181.0,305.0,-335.0,1.0
3968500,2729500.0,3.0,8.0,14.0,9.0,998.0,203.0,5.4,6.0,5.7,80.0,0.0,128.0,310.0,-343.0,1.0
3968500,2729500.0,3.0,8.0,15.0,9.5,997.0,214.0,3.8,7.0,5.8,79.0,0.0,81.0,323.0,-347.0,1.0
3968500,2729500.0,3.0,8.0,16.0,9.4,997.0,196.0,4.8,8.0,5.9,79.0,0.0,49.0,335.0,-348.0,1.0
3968500,2729500.0,3.0,8.0,17.0,9.3,996.0,215.0,4.9,8.0,6.0,80.0,0.0,62.0,339.0,-347.0,1.0
3968500,2729500.0,3.0,8.0,18.0,9.5,996.0,194.0,3.8,7.0,5.9,79.0,2.0,25.0,334.0,-346.0,1.0
3968500,2729500.0,3.0,8.0,19.0,9.7,995.0,210.0,4.3,7.0,5.7,75.0,0.0,0.0,330.0,-345.0,1.0
3968500,2729500.0,3.0,8.0,20.0,9.5,995.0,194.0,4.9,8.0,5.7,75.0,0.0,0.0,336.0,-344.0,1.0
3968500,2729500.0,3.0,8.0,21.0,9.5,995.0,189.0,5.1,8.0,5.8,77.0,0.0,0.0,342.0,-344.0,1.0
3968500,2729500.0,3.0,8.0,22.0,9.3,995.0,187.0,3.8,8.0,5.8,78.0,0.0,0.0,342.0,-343.0,1.0
3968500,2729500.0,3.0,8.0,23.0,8.9,995.0,204.0,4.3,8.0,5.9,80.0,0.0,0.0,342.0,-343.0,1.0
3968500,2729500.0,3.0,8.0,24.0,8.6,995.0,223.0,3.9,8.0,5.9,82.0,0.0,0.0,341.0,-343.0,1.0
3968500,2729500.0,3.0,9.0,1.0,8.3,995.0,230.0,2.8,8.0,5.9,84.0,0.0,0.0,341.0,-345.0,1.0
3968500,2729500.0,3.0,9.0,2.0,7.9,996.0,222.0,2.7,8.0,6.0,88.0,0.0,0.0,339.0,-347.0,1.0
3968500,2729500.0,3.0,9.0,3.0,8.0,996.0,210.0,2.5,7.0,6.2,91.0,0.0,0.0,333.0,-349.0,1.0
3968500,2729500.0,3.0,9.0,4.0,8.2,996.0,212.0,2.3,7.0,6.3,92.0,0.0,0.0,328.0,-349.0,1.0
3968500,2729500.0,3.0,9.0,5.0,8.4,995.0,216.0,2.7,6.0,6.3,91.0,0.0,0.0,322.0,-349.0,1.0
3968500,2729500.0,3.0,9.0,6.0,8.6,995.0,211.0,2.5,7.0,6.3,90.0,0.0,0.0,323.0,-350.0,1.0
3968500,2729500.0,3.0,9.0,7.0,8.7,995.0,207.0,3.8,8.0,6.4,90.0,0.0,0.0,337.0,-351.0,1.0
3968500,2729500.0,3.0,9.0,8.0,9.1,994.0,194.0,4.7,8.0,6.5,90.0,0.0,10.0,345.0,-352.0,1.0
3968500,2729500.0,3.0,9.0,9.0,9.3,994.0,204.0,4.6,8.0,6.7,91.0,0.0,26.0,347.0,-353.0,1.0
3968500,2729500.0,3.0,9.0,10.0,9.4,994.0,208.0,3.9,8.0,6.9,92.0,0.0,40.0,347.0,-354.0,1.0
3968500,2729500.0,3.0,9.0,11.0,9.7,994.0,215.0,4.4,8.0,7.0,93.0,0.0,50.0,348.0,-356.0,1.0
3968500,2729500.0,3.0,9.0,12.0,9.8,993.0,215.0,3.8,8.0,7.2,93.0,0.0,50.0,349.0,-358.0,1.0
3968500,2729500.0,3.0,9.0,13.0,10.2,994.0,218.0,3.3,8.0,7.4,94.0,0.0,49.0,350.0,-360.0,1.0
3968500,2729500.0,3.0,9.0,14.0,10.8,994.0,240.0,2.5,8.0,7.6,94.0,0.0,47.0,352.0,-361.0,1.0
3968500,2729500.0,3.0,9.0,15.0,11.2,994.0,244.0,2.3,7.0,7.6,91.0,0.0,42.0,349.0,-361.0,1.0
3968500,2729500.0,3.0,9.0,16.0,10.9,993.0,231.0,2.6,8.0,7.5,89.0,0.0,38.0,349.0,-361.0,1.0
3968500,2729500.0,3.0,9.0,17.0,11.1,993.0,249.0,2.4,8.0,7.4,89.0,0.0,37.0,355.0,-361.0,1.0
3968500,2729500.0,3.0,9.0,18.0,10.6,993.0,245.0,3.4,8.0,7.5,91.0,0.0,12.0,355.0,-362.0,1.0
3968500,2729500.0,3.0,9.0,19.0,11.2,993.0,252.0,4.0,8.0,7.3,88.0,0.0,0.0,356.0,-364.0,1.0
3968500,2729500.0,3.0,9.0,20.0,11.1,993.0,250.0,3.7,8.0,7.1,84.0,0.0,0.0,356.0,-365.0,1.0
3968500,2729500.0,3.0,9.0,21.0,11.0,993.0,247.0,4.1,8.0,7.3,87.0,0.0,0.0,356.0,-366.0,1.0
3968500,2729500.0,3.0,9.0,22.0,10.4,993.0,246.0,4.2,8.0,7.6,92.0,0.0,0.0,356.0,-366.0,1.0
3968500,2729500.0,3.0,9.0,23.0,10.9,993.0,245.0,5.0,8.0,7.8,96.0,0.0,0.0,356.0,-367.0,1.0
3968500,2729500.0,3.0,9.0,24.0,11.4,992.0,262.0,5.2,8.0,8.0,95.0,0.0,0.0,358.0,-367.0,1.0
3968500,2729500.0,3.0,10.0,1.0,12.0,992.0,260.0,5.9,8.0,8.1,92.0,0.0,0.0,361.0,-367.0,1.0
3968500,2729500.0,3.0,10.0,2.0,11.9,992.0,262.0,5.8,8.0,8.2,91.0,0.0,0.0,361.0,-367.0,1.0
3968500,2729500.0,3.0,10.0,3.0,12.0,992.0,253.0,5.3,8.0,8.2,92.0,0.0,0.0,363.0,-367.0,1.0
3968500,2729500.0,3.0,10.0,4.0,11.8,992.0,246.0,4.8,8.0,8.1,91.0,0.0,0.0,362.0,-367.0,1.0
3968500,2729500.0,3.0,10.0,5.0,11.6,991.0,259.0,4.1,8.0,8.0,91.0,0.0,0.0,360.0,-367.0,1.0
3968500,2729500.0,3.0,10.0,6.0,11.6,990.0,230.0,4.9,8.0,8.0,92.0,0.0,0.0,360.0,-367.0,1.0
3968500,2729500.0,3.0,10.0,7.0,11.8,990.0,262.0,3.2,8.0,7.9,90.0,0.0,0.0,359.0,-366.0,1.0
3968500,2729500.0,3.0,10.0,8.0,11.5,990.0,241.0,5.1,8.0,7.9,90.0,0.0,9.0,358.0,-366.0,1.0
3968500,2729500.0,3.0,10.0,9.0,10.8,990.0,272.0,5.4,8.0,7.8,92.0,0.0,20.0,355.0,-365.0,1.0
3968500,2729500.0,3.0,10.0,10.0,11.2,990.0,263.0,6.7,7.0,7.7,91.0,0.0,97.0,347.0,-365.0,1.0
3968500,2729500.0,3.0,10.0,11.0,12.5,991.0,262.0,6.7,3.0,7.5,84.0,99.0,190.0,318.0,-362.0,1.0
3968500,2729500.0,3.0,10.0,12.0,12.0,991.0,274.0,7.7,4.0,7.3,80.0,37.0,210.0,300.0,-358.0,1.0
3968500,2729500.0,3.0,10.0,13.0,11.1,992.0,267.0,7.4,7.0,7.2,83.0,0.0,68.0,321.0,-358.0,1.0
3968500,2729500.0,3.0,10.0,14.0,11.5,993.0,269.0,7.6,7.0,6.9,80.0,0.0,57.0,337.0,-361.0,1.0
3968500,2729500.0,3.0,10.0,15.0,11.4,993.0,281.0,8.1,5.0,6.3,73.0,1.0,134.0,322.0,-359.0,1.0
3968500,2729500.0,3.0,10.0,16.0,11.4,993.0,274.0,9.5,5.0,6.0,70.0,12.0,126.0,308.0,-355.0,1.0
3968500,2729500.0,3.0,10.0,17.0,10.9,994.0,293.0,9.2,6.0,5.8,69.0,0.0,43.0,311.0,-350.0,1.0
3968500,2729500.0,3.0,10.0,18.0,10.4,994.0,280.0,6.9,7.0,5.7,70.0,0.0,17.0,319.0,-344.0,1.0
3968500,2729500.0,3.0,10.0,19.0,10.0,994.0,274.0,7.2,7.0,5.6,70.0,0.0,0.0,322.0,-337.0,1.0
3968500,2729500.0,3.0,10.0,20.0,9.4,994.0,269.0,8.5,8.0,5.5,72.0,0.0,0.0,322.0,-331.0,1.0
3968500,2729500.0,3.0,10.0,21.0,8.9,994.0,274.0,5.9,8.0,5.6,76.0,0.0,0.0,325.0,-327.0,1.0
3968500,2729500.0,3.0,10.0,22.0,8.9,995.0,273.0,5.1,8.0,5.7,79.0,0.0,0.0,324.0,-324.0,1.0
3968500,2729500.0,3.0,10.0,23.0,8.5,995.0,293.0,4.9,8.0,5.8,82.0,0.0,0.0,323.0,-321.0,1.0
3968500,2729500.0,3.0,10.0,24.0,7.6,996.0,299.0,4.3,8.0,6.0,88.0,0.0,0.0,320.0,-319.0,1.0
3968500,2729500.0,3.0,11.0,1.0,5.1,997.0,324.0,3.7,8.0,5.5,90.0,0.0,0.0,313.0,-317.0,1.0
3968500,2729500.0,3.0,11.0,2.0,4.2,998.0,330.0,3.8,8.0,4.9,91.0,0.0,0.0,306.0,-317.0,1.0
3968500,2729500.0,3.0,11.0,3.0,3.5,999.0,350.0,3.2,8.0,4.5,89.0,0.0,0.0,302.0,-317.0,1.0
3968500,2729500.0,3.0,11.0,4.0,3.1,1000.0,350.0,3.3,8.0,4.0,81.0,0.0,0.0,299.0,-317.0,1.0
3968500,2729500.0,3.0,11.0,5.0,2.9,1000.0,345.0,2.7,8.0,3.6,76.0,0.0,0.0,297.0,-318.0,1.0
3968500,2729500.0,3.0,11.0,6.0,2.7,1001.0,5.0,2.4,7.0,3.5,75.0,0.0,0.0,292.0,-320.0,1.0
3968500,2729500.0,3.0,11.0,7.0,2.8,1001.0,332.0,2.6,7.0,3.5,74.0,0.0,0.0,287.0,-321.0,1.0
3968500,2729500.0,3.0,11.0,8.0,2.7,1002.0,321.0,2.8,6.0,3.4,73.0,0.0,16.0,281.0,-320.0,1.0
3968500,2729500.0,3.0,11.0,9.0,3.0,1002.0,336.0,3.4,8.0,3.3,70.0,9.0,94.0,288.0,-321.0,1.0
3968500,2729500.0,3.0,11.0,10.0,4.1,1003.0,316.0,3.7,7.0,3.2,65.0,43.0,172.0,298.0,-324.0,1.0
3968500,2729500.0,3.0,11.0,11.0,4.2,1003.0,318.0,3.7,7.0,3.2,62.0,41.0,214.0,296.0,-327.0,1.0
3968500,2729500.0,3.0,11.0,12.0,4.8,1004.0,333.0,3.1,6.0,3.1,59.0,135.0,257.0,292.0,-330.0,1.0
3968500,2729500.0,3.0,11.0,13.0,5.2,1004.0,223.0,3.3,6.0,3.1,56.0,195.0,262.0,286.0,-333.0,1.0
3968500,2729500.0,3.0,11.0,14.0,6.2,1003.0,261.0,3.0,4.0,3.0,53.0,202.0,250.0,275.0,-335.0,1.0
3968500,2729500.0,3.0,11.0,15.0,7.3,1003.0,177.0,2.1,3.0,3.1,50.0,262.0,190.0,259.0,-337.0,1.0
3968500,2729500.0,3.0,11.0,16.0,7.3,1002.0,202.0,2.4,4.0,3.1,49.0,156.0,164.0,263.0,-338.0,1.0
3968500,2729500.0,3.0,11.0,17.0,6.9,1002.0,223.0,2.1,6.0,3.2,51.0,27.0,107.0,283.0,-340.0,1.0
3968500,2729500.0,3.0,11.0,18.0,6.8,1001.0,190.0,1.1,8.0,3.4,55.0,6.0,40.0,310.0,-342.0,1.0
3968500,2729500.0,3.0,11.0,19.0,6.4,1000.0,169.0,1.5,8.0,3.6,59.0,0.0,1.0,324.0,-348.0,1.0
3968500,2729500.0,3.0,11.0,20.0,6.2,999.0,174.0,2.2,8.0,3.8,63.0,0.0,0.0,324.0,-354.0,1.0
3968500,2729500.0,3.0,11.0,21.0,6.1,999.0,193.0,3.2,8.0,4.3,72.0,0.0,0.0,325.0,-354.0,1.0
3968500,2729500.0,3.0,11.0,22.0,5.3,998.0,194.0,4.0,8.0,5.0,86.0,0.0,0.0,327.0,-353.0,1.0
3968500,2729500.0,3.0,11.0,23.0,5.6,996.0,192.0,4.4,8.0,5.3,94.0,0.0,0.0,327.0,-352.0,1.0
3968500,2729500.0,3.0,11.0,24.0,6.3,995.0,185.0,3.5,8.0,5.6,95.0,0.0,0.0,330.0,-351.0,1.0
3968500,2729500.0,3.0,12.0,1.0,6.6,994.0,258.0,3.6,8.0,5.9,97.0,0.0,0.0,333.0,-351.0,1.0
3968500,2729500.0,3.0,12.0,2.0,7.1,992.0,249.0,2.9,8.0,6.2,98.0,0.0,0.0,335.0,-350.0,1.0
3968500,2729500.0,3.0,12.0,3.0,7.4,992.0,252.0,3.1,8.0,6.2,96.0,0.0,0.0,337.0,-351.0,1.0
3968500,2729500.0,3.0,12.0,4.0,7.5,991.0,209.0,2.8,8.0,6.1,93.0,0.0,0.0,338.0,-351.0,1.0
3968500,2729500.0,3.0,12.0,5.0,7.3,990.0,242.0,3.6,8.0,6.1,93.0,0.0,0.0,338.0,-352.0,1.0
3968500,2729500.0,3.0,12.0,6.0,7.3,989.0,209.0,2.4,8.0,6.1,93.0,0.0,0.0,338.0,-353.0,1.0
3968500,2729500.0,3.0,12.0,7.0,7.8,988.0,247.0,3.6,8.0,6.1,91.0,0.0,0.0,339.0,-354.0,1.0
3968500,2729500.0,3.0,12.0,8.0,8.0,988.0,245.0,3.2,8.0,6.1,89.0,3.0,28.0,340.0,-355.0,1.0
3968500,2729500.0,3.0,12.0,9.0,8.6,987.0,242.0,4.1,7.0,6.1,87.0,3.0,73.0,336.0,-356.0,1.0
3968500,2729500.0,3.0,12.0,10.0,8.9,988.0,262.0,5.3,6.0,6.1,85.0,18.0,121.0,325.0,-356.0,1.0
3968500,2729500.0,3.0,12.0,11.0,8.7,988.0,264.0,5.6,7.0,6.1,84.0,0.0,101.0,325.0,-357.0,1.0
3968500,2729500.0,3.0,12.0,12.0,8.8,988.0,286.0,5.4,7.0,6.1,84.0,0.0,107.0,330.0,-357.0,1.0
3968500,2729500.0,3.0,12.0,13.0,9.6,988.0,278.0,8.6,6.0,5.6,76.0,0.0,130.0,324.0,-356.0,1.0
3968500,2729500.0,3.0,12.0,14.0,9.5,989.0,272.0,8.3,6.0,5.1,67.0,0.0,124.0,318.0,-360.0,1.0
3968500,2729500.0,3.0,12.0,15.0,8.3,989.0,289.0,4.9,8.0,5.3,72.0,0.0,59.0,327.0,-361.0,1.0
3968500,2729500.0,3.0,12.0,16.0,9.1,988.0,298.0,6.5,8.0,5.3,74.0,0.0,71.0,338.0,-357.0,1.0
3968500,2729500.0,3.0,12.0,17.0,8.4,989.0,283.0,6.0,6.0,5.0,69.0,22.0,73.0,325.0,-355.0,1.0
3968500,2729500.0,3.0,12.0,18.0,7.7,990.0,292.0,6.5,7.0,4.9,72.0,26.0,24.0,316.0,-350.0,1.0
3968500,2729500.0,3.0,12.0,19.0,7.5,991.0,308.0,4.7,7.0,5.0,75.0,0.0,1.0,319.0,-347.0,1.0
3968500,2729500.0,3.0,12.0,20.0,7.5,992.0,302.0,4.9,7.0,4.9,74.0,0.0,0.0,317.0,-345.0,1.0
3968500,2729500.0,3.0,12.0,21.0,7.0,993.0,313.0,3.6,8.0,4.9,75.0,0.0,0.0,322.0,-344.0,1.0
3968500,2729500.0,3.0,12.0,22.0,6.6,994.0,299.0,4.2,8.0,5.0,79.0,0.0,0.0,326.0,-343.0,1.0
3968500,2729500.0,3.0,12.0,23.0,6.5,995.0,296.0,3.5,8.0,5.1,82.0,0.0,0.0,326.0,-343.0,1.0
3968500,2729500.0,3.0,12.0,24.0,6.3,996.0,278.0,3.7,8.0,5.1,84.0,0.0,0.0,326.0,-342.0,1.0
3968500,2729500.0,3.0,13.0,1.0,5.6,997.0,337.0,4.2,8.0,5.2,89.0,0.0,0.0,324.0,-341.0,1.0
3968500,2729500.0,3.0,13.0,2.0,4.4,998.0,338.0,3.2,8.0,5.1,93.0,0.0,0.0,320.0,-338.0,1.0
3968500,2729500.0,3.0,13.0,3.0,4.1,999.0,231.0,3.4,8.0,4.8,92.0,0.0,0.0,317.0,-337.0,1.0
3968500,2729500.0,3.0,13.0,4.0,3.6,999.0,352.0,3.9,7.0,4.6,90.0,0.0,0.0,308.0,-338.0,1.0
3968500,2729500.0,3.0,13.0,5.0,3.1,1000.0,327.0,2.8,7.0,4.4,90.0,0.0,0.0,299.0,-338.0,1.0
3968500,2729500.0,3.0,13.0,6.0,3.2,1000.0,338.0,2.5,7.0,4.3,89.0,0.0,0.0,297.0,-338.0,1.0
3968500,2729500.0,3.0,13.0,7.0,3.1,1001.0,327.0,1.7,8.0,4.2,88.0,0.0,0.0,302.0,-338.0,1.0
3968500,2729500.0,3.0,13.0,8.0,3.1,1002.0,286.0,1.1,8.0,4.2,88.0,0.0,32.0,308.0,-338.0,1.0
3968500,2729500.0,3.0,13.0,9.0,3.5,1002.0,301.0,1.6,8.0,4.2,86.0,5.0,87.0,306.0,-340.0,1.0
3968500,2729500.0,3.0,13.0,10.0,4.0,1002.0,270.0,2.0,8.0,4.2,83.0,0.0,105.0,307.0,-344.0,1.0
3968500,2729500.0,3.0,13.0,11.0,4.0,1003.0,218.0,1.9,8.0,4.2,83.0,0.0,94.0,308.0,-346.0,1.0
3968500,2729500.0,3.0,13.0,12.0,4.8,1003.0,13.0,1.5,8.0,4.4,84.0,0.0,98.0,311.0,-347.0,1.0
3968500,2729500.0,3.0,13.0,13.0,5.6,1003.0,4.0,1.9,7.0,4.4,80.0,1.0,164.0,308.0,-351.0,1.0
3968500,2729500.0,3.0,13.0,14.0,6.9,1003.0,67.0,1.9,6.0,4.5,75.0,30.0,200.0,300.0,-355.0,1.0
3968500,2729500.0,3.0,13.0,15.0,7.6,1002.0,308.0,1.0,6.0,4.4,69.0,33.0,181.0,299.0,-357.0,1.0
3968500,2729500.0,3.0,13.0,16.0,7.7,1002.0,236.0,1.7,6.0,4.3,65.0,3.0,122.0,299.0,-356.0,1.0
3968500,2729500.0,3.0,13.0,17.0,7.8,1002.0,343.0,1.6,7.0,4.2,64.0,5.0,85.0,304.0,-352.0,1.0
3968500,2729500.0,3.0,13.0,18.0,6.7,1002.0,251.0,1.6,7.0,4.4,69.0,0.0,31.0,308.0,-349.0,1.0
3968500,2729500.0,3.0,13.0,19.0,6.3,1002.0,258.0,1.3,7.0,4.6,76.0,0.0,0.0,304.0,-344.0,1.0
3968500,2729500.0,3.0,13.0,20.0,5.9,1002.0,195.0,0.9,7.0,4.7,79.0,0.0,0.0,302.0,-338.0,1.0
3968500,2729500.0,3.0,13.0,21.0,5.6,1002.0,65.0,0.7,7.0,4.8,82.0,0.0,0.0,301.0,-335.0,1.0
3968500,2729500.0,3.0,13.0,22.0,5.5,1002.0,7.0,1.0,8.0,4.8,85.0,0.0,0.0,306.0,-334.0,1.0
3968500,2729500.0,3.0,13.0,23.0,5.3,1002.0,267.0,0.8,8.0,4.9,86.0,0.0,0.0,310.0,-333.0,1.0
3968500,2729500.0,3.0,13.0,24.0,4.8,1002.0,210.0,1.0,8.0,4.8,88.0,0.0,0.0,310.0,-333.0,1.0
3968500,2729500.0,3.0,14.0,1.0,4.4,1002.0,206.0,0.7,8.0,4.8,91.0,0.0,0.0,309.0,-332.0,1.0
3968500,2729500.0,3.0,14.0,2.0,4.2,1002.0,180.0,0.8,8.0,4.8,92.0,0.0,0.0,308.0,-330.0,1.0
3968500,2729500.0,3.0,14.0,3.0,4.2,1002.0,144.0,1.2,8.0,4.7,92.0,0.0,0.0,308.0,-326.0,1.0
3968500,2729500.0,3.0,14.0,4.0,4.3,1002.0,130.0,0.4,8.0,4.8,92.0,0.0,0.0,309.0,-323.0,1.0
3968500,2729500.0,3.0,14.0,5.0,4.1,1002.0,145.0,0.8,8.0,4.9,94.0,0.0,0.0,310.0,-321.0,1.0
3968500,2729500.0,3.0,14.0,6.0,3.4,1002.0,135.0,1.4,6.0,4.9,97.0,0.0,0.0,298.0,-319.0,1.0
3968500,2729500.0,3.0,14.0,7.0,3.2,1002.0,140.0,1.3,6.0,4.7,97.0,0.0,0.0,287.0,-317.0,1.0
3968500,2729500.0,3.0,14.0,8.0,3.4,1002.0,141.0,1.3,3.0,4.7,96.0,14.0,48.0,273.0,-317.0,1.0
3968500,2729500.0,3.0,14.0,9.0,5.4,1002.0,171.0,2.2,2.0,5.0,94.0,89.0,113.0,256.0,-322.0,1.0
3968500,2729500.0,3.0,14.0,10.0,7.4,1002.0,190.0,2.5,3.0,5.1,84.0,177.0,163.0,261.0,-333.0,1.0
3968500,2729500.0,3.0,14.0,11.0,9.3,1002.0,180.0,3.1,2.0,4.7,68.0,320.0,170.0,265.0,-347.0,1.0
3968500,2729500.0,3.0,14.0,12.0,10.4,1001.0,164.0,2.8,2.0,4.6,60.0,380.0,186.0,265.0,-359.0,1.0
3968500,2729500.0,3.0,14.0,13.0,11.6,1001.0,193.0,3.0,1.0,4.7,57.0,368.0,209.0,265.0,-367.0,1.0
3968500,2729500.0,3.0,14.0,14.0,11.7,1001.0,163.0,3.2,2.0,4.7,54.0,350.0,204.0,268.0,-372.0,1.0
3968500,2729500.0,3.0,14.0,15.0,12.3,1000.0,201.0,3.2,3.0,4.6,52.0,293.0,186.0,278.0,-373.0,1.0
3968500,2729500.0,3.0,14.0,16.0,12.2,1000.0,192.0,3.0,4.0,4.5,50.0,152.0,173.0,290.0,-371.0,1.0
3968500,2729500.0,3.0,14.0,17.0,11.4,999.0,213.0,2.5,7.0,4.5,52.0,30.0,116.0,310.0,-367.0,1.0
3968500,2729500.0,3.0,14.0,18.0,11.2,999.0,168.0,1.6,7.0,4.7,56.0,0.0,37.0,325.0,-363.0,1.0
3968500,2729500.0,3.0,14.0,19.0,10.6,999.0,318.0,2.3,6.0,4.8,59.0,0.0,0.0,320.0,-355.0,1.0
3968500,2729500.0,3.0,14.0,20.0,10.0,999.0,291.0,2.4,7.0,5.1,64.0,0.0,0.0,319.0,-348.0,1.0
3968500,2729500.0,3.0,14.0,21.0,9.0,999.0,195.0,1.5,7.0,5.5,73.0,0.0,0.0,323.0,-344.0,1.0
3968500,2729500.0,3.0,14.0,22.0,8.8,999.0,192.0,1.8,8.0,5.8,80.0,0.0,0.0,328.0,-342.0,1.0
3968500,2729500.0,3.0,14.0,23.0,8.8,999.0,217.0,1.9,8.0,5.8,81.0,0.0,0.0,334.0,-341.0,1.0
3968500,2729500.0,3.0,14.0,24.0,8.3,999.0,179.0,2.1,8.0,6.0,86.0,0.0,0.0,334.0,-341.0,1.0
3968500,2729500.0,3.0,15.0,1.0,8.5,999.0,190.0,2.2,8.0,6.1,88.0,0.0,0.0,334.0,-342.0,1.0
3968500,2729500.0,3.0,15.0,2.0,8.4,998.0,198.0,2.0,8.0,6.1,88.0,0.0,0.0,335.0,-342.0,1.0
3968500,2729500.0,3.0,15.0,3.0,8.4,998.0,201.0,2.4,8.0,6.2,89.0,0.0,0.0,335.0,-342.0,1.0
3968500,2729500.0,3.0,15.0,4.0,8.1,997.0,212.0,2.1,8.0,6.3,91.0,0.0,0.0,337.0,-343.0,1.0
3968500,2729500.0,3.0,15.0,5.0,7.8,997.0,209.0,2.1,8.0,6.3,93.0,0.0,0.0,337.0,-344.0,1.0
3968500,2729500.0,3.0,15.0,6.0,7.8,996.0,196.0,2.7,8.0,6.3,95.0,0.0,0.0,338.0,-345.0,1.0
3968500,2729500.0,3.0,15.0,7.0,8.0,996.0,195.0,3.1,8.0,6.4,95.0,0.0,0.0,339.0,-345.0,1.0
3968500,2729500.0,3.0,15.0,8.0,8.3,995.0,197.0,2.8,8.0,6.5,94.0,0.0,6.0,340.0,-346.0,1.0
3968500,2729500.0,3.0,15.0,9.0,8.1,995.0,195.0,2.9,8.0,6.5,94.0,0.0,53.0,341.0,-347.0,1.0
3968500,2729500.0,3.0,15.0,10.0,8.5,994.0,194.0,1.9,7.0,6.6,95.0,0.0,102.0,336.0,-351.0,1.0
3968500,2729500.0,3.0,15.0,11.0,9.2,994.0,213.0,3.2,7.0,6.8,94.0,0.0,110.0,332.0,-356.0,1.0
3968500,2729500.0,3.0,15.0,12.0,10.2,993.0,201.0,2.6,6.0,7.1,93.0,7.0,186.0,330.0,-358.0,1.0
3968500,2729500.0,3.0,15.0,13.0,10.9,993.0,228.0,2.7,6.0,7.1,87.0,0.0,149.0,327.0,-360.0,1.0
3968500,2729500.0,3.0,15.0,14.0,10.6,992.0,235.0,4.0,8.0,6.9,84.0,0.0,83.0,338.0,-363.0,1.0
3968500,2729500.0,3.0,15.0,15.0,10.6,991.0,226.0,3.5,8.0,6.8,84.0,0.0,58.0,347.0,-363.0,1.0
3968500,2729500.0,3.0,15.0,16.0,9.7,990.0,238.0,4.3,8.0,6.6,83.0,0.0,39.0,342.0,-360.0,1.0
3968500,2729500.0,3.0,15.0,17.0,8.8,989.0,218.0,3.8,8.0,6.5,87.0,0.0,44.0,337.0,-355.0,1.0
3968500,2729500.0,3.0,15.0,18.0,8.4,989.0,264.0,5.5,8.0,6.4,89.0,0.0,26.0,332.0,-350.0,1.0
3968500,2729500.0,3.0,15.0,19.0,5.1,988.0,299.0,6.2,8.0,5.6,89.0,0.0,0.0,322.0,-345.0,1.0
3968500,2729500.0,3.0,15.0,20.0,4.9,990.0,302.0,6.0,7.0,5.0,89.0,0.0,0.0,305.0,-340.0,1.0
3968500,2729500.0,3.0,15.0,21.0,3.7,991.0,296.0,6.1,7.0,4.8,90.0,0.0,0.0,292.0,-337.0,1.0
3968500,2729500.0,3.0,15.0,22.0,3.9,992.0,301.0,5.7,6.0,4.5,88.0,0.0,0.0,281.0,-334.0,1.0
3968500,2729500.0,3.0,15.0,23.0,3.9,992.0,281.0,6.0,6.0,4.3,85.0,0.0,0.0,275.0,-332.0,1.0
3968500,2729500.0,3.0,15.0,24.0,3.4,993.0,296.0,6.8,6.0,4.2,83.0,0.0,0.0,276.0,-330.0,1.0
3968500,2729500.0,3.0,16.0,1.0,3.4,994.0,319.0,5.9,4.0,3.8,78.0,0.0,0.0,263.0,-328.0,1.0
3968500,2729500.0,3.0,16.0,2.0,1.0,995.0,342.0,6.5,4.0,3.7,81.0,0.0,0.0,251.0,-325.0,1.0
3968500,2729500.0,3.0,16.0,3.0,1.6,996.0,295.0,6.8,4.0,3.7,88.0,0.0,0.0,250.0,-323.0,1.0
3968500,2729500.0,3.0,16.0,4.0,1.4,996.0,300.0,5.1,3.0,3.5,81.0,0.0,0.0,246.0,-322.0,1.0
3968500,2729500.0,3.0,16.0,5.0,1.5,997.0,283.0,5.4,4.0,3.4,78.0,0.0,0.0,246.0,-320.0,1.0
3968500,2729500.0,3.0,16.0,6.0,1.7,998.0,302.0,5.8,5.0,3.4,78.0,0.0,0.0,253.0,-319.0,1.0
3968500,2729500.0,3.0,16.0,7.0,1.7,998.0,305.0,6.7,6.0,3.3,76.0,0.0,1.0,260.0,-317.0,1.0
3968500,2729500.0,3.0,16.0,8.0,1.7,999.0,302.0,6.5,5.0,3.2,74.0,51.0,38.0,259.0,-316.0,1.0
3968500,2729500.0,3.0,16.0,9.0,2.7,1000.0,293.0,6.8,3.0,3.2,72.0,145.0,70.0,247.0,-317.0,1.0
3968500,2729500.0,3.0,16.0,10.0,2.4,1001.0,293.0,6.8,4.0,3.3,71.0,124.0,150.0,243.0,-321.0,1.0
3968500,2729500.0,3.0,16.0,11.0,3.7,1001.0,317.0,7.1,4.0,3.2,66.0,139.0,192.0,248.0,-326.0,1.0
3968500,2729500.0,3.0,16.0,12.0,4.4,1002.0,305.0,6.7,6.0,3.1,61.0,1.0,170.0,261.0,-330.0,1.0
3968500,2729500.0,3.0,16.0,13.0,4.7,1002.0,291.0,7.0,6.0,3.2,60.0,30.0,220.0,272.0,-333.0,1.0
3968500,2729500.0,3.0,16.0,14.0,4.2,1002.0,289.0,6.9,8.0,3.3,62.0,11.0,190.0,281.0,-334.0,1.0
3968500,2729500.0,3.0,16.0,15.0,4.3,1002.0,291.0,6.2,5.0,3.3,63.0,91.0,193.0,278.0,-337.0,1.0
3968500,2729500.0,3.0,16.0,16.0,4.6,1003.0,293.0,4.5,6.0,3.2,61.0,0.0,109.0,271.0,-337.0,1.0
3968500,2729500.0,3.0,16.0,17.0,5.0,1003.0,290.0,5.2,6.0,3.2,59.0,15.0,101.0,278.0,-336.0,1.0
3968500,2729500.0,3.0,16.0,18.0,4.7,1003.0,282.0,5.2,8.0,3.2,59.0,18.0,46.0,288.0,-335.0,1.0
3968500,2729500.0,3.0,16.0,19.0,4.0,1003.0,249.0,4.2,6.0,3.5,67.0,0.0,5.0,289.0,-333.0,1.0
3968500,2729500.0,3.0,16.0,20.0,3.9,1002.0,255.0,4.9,7.0,3.8,75.0,0.0,0.0,282.0,-331.0,1.0
3968500,2729500.0,3.0,16.0,21.0,3.7,1002.0,253.0,5.3,7.0,4.1,81.0,0.0,0.0,288.0,-332.0,1.0
3968500,2729500.0,3.0,16.0,22.0,3.6,1001.0,255.0,5.9,8.0,4.3,86.0,0.0,0.0,301.0,-332.0,1.0
3968500,2729500.0,3.0,16.0,23.0,4.3,1000.0,239.0,5.8,8.0,4.5,87.0,0.0,0.0,310.0,-332.0,1.0
3968500,2729500.0,3.0,16.0,24.0,5.2,999.0,218.0,5.3,8.0,4.8,87.0,0.0,0.0,313.0,-333.0,1.0
3968500,2729500.0,3.0,17.0,1.0,6.2,1007.0,192.0,4.1,7.0,5.0,85.0,0.0,0.0,288.0,-348.0,1.0
3968500,2729500.0,3.0,17.0,2.0,6.9,1007.0,172.0,3.2,7.0,5.2,84.0,0.0,0.0,315.0,-348.0,1.0
3968500,2729500.0,3.0,17.0,3.0,7.5,1007.0,158.0,2.7,7.0,5.3,82.0,0.0,0.0,316.0,-347.0,1.0
3968500,2729500.0,3.0,17.0,4.0,7.4,1007.0,161.0,2.8,7.0,5.4,83.0,0.0,0.0,304.0,-345.0,1.0
3968500,2729500.0,3.0,17.0,5.0,7.5,1007.0,155.0,3.1,7.0,5.4,83.0,0.0,0.0,311.0,-343.0,1.0
3968500,2729500.0,3.0,17.0,6.0,7.3,1007.0,156.0,3.4,7.0,5.5,84.0,0.0,0.0,317.0,-344.0,1.0
3968500,2729500.0,3.0,17.0,7.0,7.5,1007.0,151.0,3.5,7.0,5.5,85.0,0.0,1.0,318.0,-345.0,1.0
3968500,2729500.0,3.0,17.0,8.0,8.1,1007.0,156.0,3.4,7.0,5.7,86.0,1.0,41.0,320.0,-347.0,1.0
3968500,2729500.0,3.0,17.0,9.0,9.6,1007.0,163.0,4.0,7.0,6.0,84.0,28.0,130.0,323.0,-349.0,1.0
3968500,2729500.0,3.0,17.0,10.0,11.2,1008.0,164.0,3.7,6.0,6.2,79.0,59.0,202.0,323.0,-354.0,1.0
3968500,2729500.0,3.0,17.0,11.0,12.0,1008.0,165.0,4.1,6.0,6.4,74.0,61.0,253.0,322.0,-363.0,1.0
3968500,2729500.0,3.0,17.0,12.0,14.4,1008.0,173.0,4.3,6.0,6.6,70.0,120.0,296.0,329.0,-376.0,1.0
3968500,2729500.0,3.0,17.0,13.0,15.2,1008.0,185.0,4.3,6.0,6.7,64.0,149.0,306.0,335.0,-389.0,1.0
3968500,2729500.0,3.0,17.0,14.0,16.4,1008.0,174.0,4.2,7.0,6.8,60.0,94.0,284.0,347.0,-398.0,1.0
3968500,2729500.0,3.0,17.0,15.0,16.7,1008.0,172.0,3.9,7.0,7.0,59.0,55.0,238.0,357.0,-403.0,1.0
3968500,2729500.0,3.0,17.0,16.0,16.6,1007.0,165.0,4.4,7.0,7.0,59.0,53.0,192.0,359.0,-402.0,1.0
3968500,2729500.0,3.0,17.0,17.0,16.4,1007.0,179.0,4.3,8.0,7.0,59.0,13.0,113.0,364.0,-396.0,1.0
3968500,2729500.0,3.0,17.0,18.0,16.0,1007.0,178.0,3.8,6.0,6.8,59.0,12.0,52.0,355.0,-385.0,1.0
3968500,2729500.0,3.0,17.0,19.0,14.5,1007.0,162.0,2.7,4.0,6.7,62.0,0.0,6.0,326.0,-372.0,1.0
3968500,2729500.0,3.0,17.0,20.0,13.3,1008.0,140.0,1.5,5.0,6.6,66.0,0.0,0.0,314.0,-360.0,1.0
3968500,2729500.0,3.0,17.0,21.0,11.7,1007.0,123.0,1.8,5.0,6.5,72.0,0.0,0.0,314.0,-353.0,1.0
3968500,2729500.0,3.0,17.0,22.0,9.9,1007.0,90.0,1.3,2.0,6.6,81.0,0.0,0.0,295.0,-350.0,1.0
3968500,2729500.0,3.0,17.0,23.0,8.8,1007.0,157.0,1.8,2.0,6.4,87.0,0.0,0.0,278.0,-346.0,1.0
3968500,2729500.0,3.0,17.0,24.0,8.0,1007.0,169.0,2.3,4.0,6.1,88.0,0.0,0.0,284.0,-342.0,1.0
3968500,2729500.0,3.0,18.0,1.0,6.9,1007.0,202.0,2.4,3.0,5.9,91.0,0.0,0.0,287.0,-339.0,1.0
3968500,2729500.0,3.0,18.0,2.0,6.2,1007.0,187.0,2.6,2.0,5.6,92.0,0.0,0.0,275.0,-336.0,1.0
3968500,2729500.0,3.0,18.0,3.0,5.9,1007.0,186.0,2.9,2.0,5.4,92.0,0.0,0.0,268.0,-334.0,1.0
3968500,2729500.0,3.0,18.0,4.0,5.5,1006.0,185.0,2.6,2.0,5.3,93.0,0.0,0.0,267.0,-332.0,1.0
3968500,2729500.0,3.0,18.0,5.0,4.4,1006.0,200.0,2.4,1.0,5.2,96.0,0.0,0.0,260.0,-330.0,1.0
3968500,2729500.0,3.0,18.0,6.0,4.0,1006.0,181.0,2.7,6.0,5.0,97.0,0.0,0.0,274.0,-328.0,1.0
3968500,2729500.0,3.0,18.0,7.0,3.8,1006.0,196.0,3.1,6.0,5.0,98.0,0.0,5.0,291.0,-327.0,1.0
3968500,2729500.0,3.0,18.0,8.0,4.9,1007.0,193.0,3.5,3.0,5.1,98.0,44.0,57.0,278.0,-327.0,1.0
3968500,2729500.0,3.0,18.0,9.0,7.0,1007.0,184.0,3.3,3.0,5.5,94.0,145.0,107.0,269.0,-334.0,1.0
3968500,2729500.0,3.0,18.0,10.0,9.9,1006.0,167.0,3.0,2.0,6.0,86.0,255.0,137.0,272.0,-347.0,1.0
3968500,2729500.0,3.0,18.0,11.0,13.0,1006.0,169.0,2.6,2.0,6.4,76.0,357.0,153.0,276.0,-362.0,1.0
3968500,2729500.0,3.0,18.0,12.0,15.5,1006.0,164.0,3.0,0.0,6.8,66.0,428.0,160.0,279.0,-377.0,1.0
3968500,2729500.0,3.0,18.0,13.0,17.6,1005.0,160.0,4.2,0.0,6.9,58.0,446.0,167.0,281.0,-391.0,1.0
3968500,2729500.0,3.0,18.0,14.0,19.6,1005.0,171.0,4.4,0.0,6.7,50.0,418.0,169.0,288.0,-401.0,1.0
3968500,2729500.0,3.0,18.0,15.0,20.1,1004.0,168.0,4.8,0.0,6.4,44.0,376.0,146.0,292.0,-407.0,1.0
3968500,2729500.0,3.0,18.0,16.0,19.6,1004.0,168.0,5.0,0.0,6.2,42.0,276.0,130.0,293.0,-407.0,1.0
3968500,2729500.0,3.0,18.0,17.0,19.0,1003.0,169.0,3.8,0.0,6.0,43.0,162.0,101.0,291.0,-402.0,1.0
3968500,2729500.0,3.0,18.0,18.0,17.3,1003.0,184.0,2.2,0.0,6.1,47.0,53.0,56.0,289.0,-391.0,1.0
3968500,2729500.0,3.0,18.0,19.0,14.2,1003.0,174.0,2.0,1.0,6.0,53.0,2.0,10.0,285.0,-379.0,1.0
3968500,2729500.0,3.0,18.0,20.0,12.1,1003.0,140.0,1.5,0.0,5.7,60.0,0.0,0.0,279.0,-369.0,1.0
3968500,2729500.0,3.0,18.0,21.0,11.1,1003.0,173.0,1.1,0.0,5.5,64.0,0.0,0.0,273.0,-364.0,1.0
3968500,2729500.0,3.0,18.0,22.0,11.3,1003.0,151.0,2.1,0.0,5.5,65.0,0.0,0.0,274.0,-361.0,1.0
3968500,2729500.0,3.0,18.0,23.0,9.1,1003.0,123.0,2.4,0.0,5.6,71.0,0.0,0.0,273.0,-358.0,1.0
3968500,2729500.0,3.0,18.0,24.0,8.4,1003.0,154.0,1.7,0.0,5.4,77.0,0.0,0.0,271.0,-358.0,1.0
3968500,2729500.0,3.0,19.0,1.0,7.6,1003.0,189.0,2.3,0.0,5.4,79.0,0.0,0.0,269.0,-358.0,1.0
3968500,2729500.0,3.0,19.0,2.0,6.9,1003.0,19.0,1.7,0.0,5.3,83.0,0.0,0.0,267.0,-356.0,1.0
3968500,2729500.0,3.0,19.0,3.0,6.0,1003.0,13.0,1.3,2.0,5.2,86.0,0.0,0.0,268.0,-355.0,1.0
3968500,2729500.0,3.0,19.0,4.0,5.8,1003.0,222.0,1.2,1.0,5.2,89.0,0.0,0.0,266.0,-356.0,1.0
3968500,2729500.0,3.0,19.0,5.0,5.7,1003.0,180.0,1.0,0.0,5.2,90.0,0.0,0.0,256.0,-357.0,1.0
3968500,2729500.0,3.0,19.0,6.0,5.2,1003.0,116.0,1.1,0.0,5.1,91.0,0.0,0.0,248.0,-358.0,1.0
3968500,2729500.0,3.0,19.0,7.0,5.0,1003.0,192.0,1.3,3.0,5.0,91.0,0.0,3.0,255.0,-358.0,1.0
3968500,2729500.0,3.0,19.0,8.0,5.8,1003.0,237.0,0.8,7.0,5.1,91.0,16.0,61.0,284.0,-359.0,1.0
3968500,2729500.0,3.0,19.0,9.0,8.0,1003.0,279.0,0.9,5.0,5.4,87.0,59.0,150.0,297.0,-360.0,1.0
3968500,2729500.0,3.0,19.0,10.0,10.6,1002.0,150.0,1.3,5.0,5.9,80.0,113.0,225.0,296.0,-363.0,1.0
3968500,2729500.0,3.0,19.0,11.0,13.5,1002.0,150.0,1.3,6.0,6.2,70.0,111.0,284.0,310.0,-368.0,1.0
3968500,2729500.0,3.0,19.0,12.0,15.1,1002.0,133.0,1.6,6.0,6.4,62.0,113.0,318.0,323.0,-374.0,1.0
3968500,2729500.0,3.0,19.0,13.0,16.4,1001.0,266.0,1.5,6.0,6.6,58.0,142.0,331.0,329.0,-380.0,1.0
3968500,2729500.0,3.0,19.0,14.0,17.4,1000.0,226.0,1.6,6.0,6.8,56.0,136.0,316.0,335.0,-380.0,1.0
3968500,2729500.0,3.0,19.0,15.0,18.7,999.0,227.0,2.7,5.0,6.9,53.0,123.0,276.0,335.0,-377.0,1.0
3968500,2729500.0,3.0,19.0,16.0,18.7,997.0,169.0,2.9,6.0,6.8,50.0,58.0,204.0,338.0,-376.0,1.0
3968500,2729500.0,3.0,19.0,17.0,18.0,997.0,211.0,2.1,7.0,7.0,52.0,7.0,109.0,347.0,-376.0,1.0
3968500,2729500.0,3.0,19.0,18.0,17.1,996.0,179.0,2.7,7.0,6.9,54.0,2.0,48.0,349.0,-375.0,1.0
3968500,2729500.0,3.0,19.0,19.0,16.3,996.0,172.0,3.3,7.0,6.6,54.0,0.0,6.0,347.0,-372.0,1.0
3968500,2729500.0,3.0,19.0,20.0,15.2,996.0,160.0,3.2,7.0,6.3,56.0,0.0,0.0,343.0,-369.0,1.0
3968500,2729500.0,3.0,19.0,21.0,14.6,996.0,169.0,2.9,6.0,6.1,57.0,0.0,0.0,334.0,-367.0,1.0
3968500,2729500.0,3.0,19.0,22.0,13.8,996.0,188.0,3.0,5.0,6.0,58.0,0.0,0.0,321.0,-366.0,1.0
3968500,2729500.0,3.0,19.0,23.0,12.3,996.0,159.0,2.3,5.0,5.9,62.0,0.0,0.0,311.0,-366.0,1.0
3968500,2729500.0,3.0,19.0,24.0,12.7,996.0,148.0,2.8,8.0,6.1,66.0,0.0,0.0,329.0,-366.0,1.0
3968500,2729500.0,3.0,20.0,1.0,14.4,996.0,188.0,2.6,7.0,6.4,65.0,0.0,0.0,347.0,-365.0,1.0
3968500,2729500.0,3.0,20.0,2.0,13.0,996.0,179.0,2.6,6.0,6.6,66.0,0.0,0.0,335.0,-364.0,1.0
3968500,2729500.0,3.0,20.0,3.0,12.9,996.0,190.0,3.7,6.0,6.6,70.0,0.0,0.0,326.0,-362.0,1.0
3968500,2729500.0,3.0,20.0,4.0,11.2,996.0,197.0,4.7,5.0,5.6,62.0,0.0,0.0,316.0,-363.0,1.0
3968500,2729500.0,3.0,20.0,5.0,10.6,996.0,224.0,2.7,7.0,4.7,57.0,0.0,0.0,318.0,-362.0,1.0
3968500,2729500.0,3.0,20.0,6.0,10.5,996.0,257.0,2.9,8.0,5.0,62.0,0.0,0.0,337.0,-362.0,1.0
3968500,2729500.0,3.0,20.0,7.0,10.3,996.0,179.0,2.9,8.0,5.2,66.0,0.0,7.0,345.0,-362.0,1.0
3968500,2729500.0,3.0,20.0,8.0,10.3,996.0,178.0,2.6,8.0,5.4,68.0,0.0,36.0,345.0,-361.0,1.0
3968500,2729500.0,3.0,20.0,9.0,10.6,996.0,188.0,2.9,8.0,5.6,70.0,0.0,81.0,345.0,-361.0,1.0
3968500,2729500.0,3.0,20.0,10.0,10.8,996.0,170.0,3.6,7.0,5.8,71.0,4.0,128.0,338.0,-363.0,1.0
3968500,2729500.0,3.0,20.0,11.0,11.2,997.0,187.0,5.0,8.0,5.9,70.0,0.0,115.0,338.0,-365.0,1.0
3968500,2729500.0,3.0,20.0,12.0,11.3,996.0,179.0,6.3,8.0,5.8,69.0,0.0,156.0,344.0,-366.0,1.0
3968500,2729500.0,3.0,20.0,13.0,12.6,995.0,202.0,6.6,8.0,5.7,65.0,0.0,145.0,346.0,-366.0,1.0
3968500,2729500.0,3.0,20.0,14.0,12.1,994.0,178.0,8.1,8.0,5.6,62.0,0.0,137.0,346.0,-367.0,1.0
3968500,2729500.0,3.0,20.0,15.0,12.6,993.0,191.0,8.5,7.0,5.6,61.0,0.0,102.0,341.0,-370.0,1.0
3968500,2729500.0,3.0,20.0,16.0,12.4,992.0,200.0,9.2,7.0,5.5,60.0,0.0,97.0,335.0,-370.0,1.0
3968500,2729500.0,3.0,20.0,17.0,12.1,991.0,187.0,9.3,6.0,5.5,61.0,56.0,67.0,328.0,-367.0,1.0
3968500,2729500.0,3.0,20.0,18.0,11.7,990.0,216.0,8.8,7.0,5.5,62.0,43.0,25.0,325.0,-363.0,1.0
3968500,2729500.0,3.0,20.0,19.0,11.4,989.0,183.0,9.4,7.0,5.5,63.0,0.0,5.0,329.0,-357.0,1.0
3968500,2729500.0,3.0,20.0,20.0,11.1,989.0,189.0,9.0,7.0,5.7,67.0,0.0,0.0,328.0,-355.0,1.0
3968500,2729500.0,3.0,20.0,21.0,10.5,988.0,188.0,7.9,8.0,6.0,72.0,0.0,0.0,335.0,-355.0,1.0
3968500,2729500.0,3.0,20.0,22.0,10.0,988.0,183.0,6.7,8.0,6.3,79.0,0.0,0.0,344.0,-355.0,1.0
3968500,2729500.0,3.0,20.0,23.0,9.8,987.0,220.0,6.8,8.0,6.4,83.0,0.0,0.0,345.0,-355.0,1.0
3968500,2729500.0,3.0,20.0,24.0,9.7,987.0,196.0,5.8,8.0,6.5,85.0,0.0,0.0,346.0,-354.0,1.0
3968500,2729500.0,3.0,21.0,1.0,9.4,987.0,209.0,5.9,8.0,6.7,87.0,0.0,0.0,345.0,-349.0,1.0
3968500,2729500.0,3.0,21.0,2.0,8.3,987.0,273.0,6.2,8.0,6.3,86.0,0.0,0.0,342.0,-341.0,1.0
3968500,2729500.0,3.0,21.0,3.0,7.6,987.0,228.0,2.9,5.0,5.6,82.0,0.0,0.0,317.0,-334.0,1.0
3968500,2729500.0,3.0,21.0,4.0,7.7,988.0,230.0,2.9,6.0,5.3,79.0,0.0,0.0,303.0,-330.0,1.0
3968500,2729500.0,3.0,21.0,5.0,6.9,988.0,198.0,2.2,8.0,5.2,79.0,0.0,0.0,318.0,-328.0,1.0
3968500,2729500.0,3.0,21.0,6.0,6.8,988.0,199.0,2.2,6.0,5.1,81.0,0.0,0.0,314.0,-326.0,1.0
3968500,2729500.0,3.0,21.0,7.0,7.4,989.0,181.0,2.4,6.0,5.1,80.0,0.0,2.0,304.0,-324.0,1.0
3968500,2729500.0,3.0,21.0,8.0,7.7,988.0,202.0,3.9,8.0,5.2,78.0,0.0,26.0,316.0,-323.0,1.0
3968500,2729500.0,3.0,21.0,9.0,8.3,988.0,187.0,5.2,7.0,5.2,76.0,0.0,88.0,325.0,-329.0,1.0
3968500,2729500.0,3.0,21.0,10.0,8.1,988.0,179.0,6.6,7.0,5.3,76.0,0.0,125.0,318.0,-339.0,1.0
3968500,2729500.0,3.0,21.0,11.0,7.7,987.0,182.0,7.4,7.0,5.7,83.0,0.0,104.0,317.0,-344.0,1.0
3968500,2729500.0,3.0,21.0,12.0,8.2,986.0,187.0,7.1,7.0,6.2,90.0,0.0,100.0,318.0,-346.0,1.0
3968500,2729500.0,3.0,21.0,13.0,10.6,986.0,195.0,7.0,8.0,6.7,88.0,0.0,88.0,331.0,-346.0,1.0
3968500,2729500.0,3.0,21.0,14.0,12.8,986.0,194.0,6.4,7.0,7.0,80.0,0.0,150.0,339.0,-346.0,1.0
3968500,2729500.0,3.0,21.0,15.0,13.4,985.0,197.0,7.3,8.0,7.2,75.0,0.0,108.0,346.0,-347.0,1.0
3968500,2729500.0,3.0,21.0,16.0,12.8,984.0,189.0,6.4,8.0,7.3,75.0,0.0,47.0,355.0,-350.0,1.0
3968500,2729500.0,3.0,21.0,17.0,13.1,983.0,178.0,7.7,8.0,7.4,77.0,0.0,35.0,357.0,-353.0,1.0
3968500,2729500.0,3.0,21.0,18.0,13.0,981.0,189.0,9.2,8.0,7.4,77.0,0.0,31.0,359.0,-356.0,1.0
3968500,2729500.0,3.0,21.0,19.0,12.5,980.0,193.0,10.0,8.0,7.4,78.0,0.0,8.0,359.0,-359.0,1.0
3968500,2729500.0,3.0,21.0,20.0,12.7,979.0,195.0,10.6,7.0,7.3,77.0,0.0,0.0,353.0,-362.0,1.0
3968500,2729500.0,3.0,21.0,21.0,12.4,979.0,219.0,10.2,7.0,7.3,78.0,0.0,0.0,346.0,-363.0,1.0
3968500,2729500.0,3.0,21.0,22.0,12.3,978.0,232.0,6.9,8.0,7.3,79.0,0.0,0.0,356.0,-362.0,1.0
3968500,2729500.0,3.0,21.0,23.0,12.5,978.0,213.0,8.9,8.0,7.3,78.0,0.0,0.0,362.0,-360.0,1.0
3968500,2729500.0,3.0,21.0,24.0,12.8,978.0,203.0,6.8,8.0,7.0,74.0,0.0,0.0,360.0,-354.0,1.0
3968500,2729500.0,3.0,22.0,1.0,11.5,977.0,228.0,7.1,8.0,6.8,74.0,0.0,0.0,356.0,-349.0,1.0
3968500,2729500.0,3.0,22.0,2.0,10.2,977.0,245.0,10.8,8.0,6.5,78.0,0.0,0.0,350.0,-345.0,1.0
3968500,2729500.0,3.0,22.0,3.0,9.6,978.0,253.0,9.1,7.0,5.9,75.0,0.0,0.0,338.0,-340.0,1.0
3968500,2729500.0,3.0,22.0,4.0,8.6,979.0,242.0,9.2,7.0,5.1,69.0,0.0,0.0,326.0,-338.0,1.0
3968500,2729500.0,3.0,22.0,5.0,8.6,979.0,255.0,8.3,7.0,4.5,63.0,0.0,0.0,322.0,-338.0,1.0
3968500,2729500.0,3.0,22.0,6.0,7.9,979.0,259.0,5.4,7.0,4.6,65.0,0.0,0.0,320.0,-339.0,1.0
3968500,2729500.0,3.0,22.0,7.0,7.6,979.0,221.0,5.0,7.0,4.8,71.0,0.0,10.0,319.0,-339.0,1.0
3968500,2729500.0,3.0,22.0,8.0,7.6,979.0,232.0,5.4,5.0,4.7,70.0,43.0,61.0,306.0,-339.0,1.0
3968500,2729500.0,3.0,22.0,9.0,8.5,980.0,227.0,5.0,4.0,4.6,66.0,68.0,137.0,288.0,-340.0,1.0
3968500,2729500.0,3.0,22.0,10.0,8.8,980.0,237.0,6.0,5.0,4.7,64.0,42.0,199.0,288.0,-344.0,1.0
3968500,2729500.0,3.0,22.0,11.0,10.0,980.0,254.0,5.8,3.0,4.8,63.0,155.0,245.0,282.0,-347.0,1.0
3968500,2729500.0,3.0,22.0,12.0,10.7,981.0,262.0,6.8,3.0,4.7,58.0,239.0,257.0,277.0,-349.0,1.0
3968500,2729500.0,3.0,22.0,13.0,12.0,981.0,255.0,6.5,2.0,4.4,52.0,234.0,270.0,279.0,-353.0,1.0
3968500,2729500.0,3.0,22.0,14.0,10.0,981.0,239.0,7.3,2.0,4.6,55.0,212.0,261.0,274.0,-360.0,1.0
3968500,2729500.0,3.0,22.0,15.0,10.3,981.0,263.0,7.6,3.0,4.6,57.0,131.0,236.0,274.0,-362.0,1.0
3968500,2729500.0,3.0,22.0,16.0,11.0,981.0,237.0,5.1,3.0,4.4,53.0,145.0,180.0,277.0,-359.0,1.0
3968500,2729500.0,3.0,22.0,17.0,10.2,981.0,234.0,8.8,4.0,4.2,52.0,69.0,124.0,278.0,-355.0,1.0
3968500,2729500.0,3.0,22.0,18.0,8.5,981.0,257.0,6.6,2.0,4.2,56.0,42.0,59.0,268.0,-349.0,1.0
3968500,2729500.0,3.0,22.0,19.0,8.7,981.0,247.0,4.4,5.0,4.3,60.0,4.0,12.0,269.0,-343.0,1.0
3968500,2729500.0,3.0,22.0,20.0,5.4,981.0,219.0,3.8,6.0,4.5,70.0,0.0,0.0,281.0,-338.0,1.0
3968500,2729500.0,3.0,22.0,21.0,5.5,981.0,263.0,4.6,7.0,4.9,85.0,0.0,0.0,287.0,-335.0,1.0
3968500,2729500.0,3.0,22.0,22.0,4.4,981.0,234.0,4.4,7.0,4.8,86.0,0.0,0.0,291.0,-333.0,1.0
3968500,2729500.0,3.0,22.0,23.0,4.3,982.0,239.0,4.4,7.0,4.6,86.0,0.0,0.0,289.0,-333.0,1.0
3968500,2729500.0,3.0,22.0,24.0,4.9,982.0,195.0,3.4,5.0,4.7,86.0,0.0,0.0,280.0,-333.0,1.0
3968500,2729500.0,3.0,23.0,1.0,4.5,982.0,178.0,2.5,7.0,4.8,88.0,0.0,0.0,280.0,-333.0,1.0
3968500,2729500.0,3.0,23.0,2.0,4.5,982.0,178.0,3.8,6.0,4.9,90.0,0.0,0.0,286.0,-334.0,1.0
3968500,2729500.0,3.0,23.0,3.0,5.0,982.0,201.0,4.8,6.0,4.8,88.0,0.0,0.0,284.0,-334.0,1.0
3968500,2729500.0,3.0,23.0,4.0,3.4,981.0,191.0,3.9,7.0,4.7,88.0,0.0,0.0,290.0,-334.0,1.0
3968500,2729500.0,3.0,23.0,5.0,3.9,981.0,186.0,3.5,6.0,4.5,89.0,0.0,0.0,290.0,-335.0,1.0
3968500,2729500.0,3.0,23.0,6.0,4.7,981.0,177.0,4.6,5.0,4.6,86.0,0.0,0.0,284.0,-335.0,1.0
3968500,2729500.0,3.0,23.0,7.0,4.5,981.0,179.0,4.2,5.0,4.6,85.0,0.0,7.0,281.0,-335.0,1.0
3968500,2729500.0,3.0,23.0,8.0,4.7,982.0,177.0,4.1,6.0,4.7,86.0,20.0,59.0,287.0,-335.0,1.0
3968500,2729500.0,3.0,23.0,9.0,5.2,982.0,189.0,4.7,7.0,4.8,86.0,0.0,94.0,298.0,-339.0,1.0
3968500,2729500.0,3.0,23.0,10.0,5.3,982.0,212.0,5.1,8.0,4.8,84.0,0.0,84.0,308.0,-345.0,1.0
3968500,2729500.0,3.0,23.0,11.0,4.9,983.0,225.0,6.3,8.0,4.8,86.0,0.0,115.0,313.0,-347.0,1.0
3968500,2729500.0,3.0,23.0,12.0,7.0,983.0,195.0,5.6,6.0,4.9,82.0,54.0,245.0,306.0,-348.0,1.0
3968500,2729500.0,3.0,23.0,13.0,7.5,983.0,207.0,5.5,4.0,4.9,76.0,182.0,242.0,295.0,-354.0,1.0
3968500,2729500.0,3.0,23.0,14.0,6.0,983.0,272.0,7.2,5.0,5.0,79.0,46.0,236.0,289.0,-357.0,1.0
3968500,2729500.0,3.0,23.0,15.0,6.3,984.0,257.0,5.0,6.0,4.9,82.0,80.0,211.0,289.0,-358.0,1.0
3968500,2729500.0,3.0,23.0,16.0,8.2,984.0,223.0,4.6,5.0,4.8,74.0,135.0,149.0,287.0,-358.0,1.0
3968500,2729500.0,3.0,23.0,17.0,7.2,985.0,227.0,3.3,6.0,4.7,70.0,123.0,89.0,286.0,-354.0,1.0
3968500,2729500.0,3.0,23.0,18.0,5.1,985.0,196.0,2.4,7.0,4.7,77.0,41.0,50.0,286.0,-348.0,1.0
3968500,2729500.0,3.0,23.0,19.0,3.6,986.0,193.0,2.2,5.0,4.6,86.0,0.0,5.0,276.0,-341.0,1.0
3968500,2729500.0,3.0,23.0,20.0,2.5,987.0,244.0,2.1,5.0,4.5,93.0,0.0,0.0,264.0,-337.0,1.0
3968500,2729500.0,3.0,23.0,21.0,3.3,987.0,215.0,2.0,4.0,4.4,92.0,0.0,0.0,258.0,-335.0,1.0
3968500,2729500.0,3.0,23.0,22.0,2.3,988.0,168.0,1.5,3.0,4.3,91.0,0.0,0.0,249.0,-334.0,1.0
3968500,2729500.0,3.0,23.0,23.0,1.8,988.0,161.0,2.3,3.0,4.2,93.0,0.0,0.0,242.0,-333.0,1.0
3968500,2729500.0,3.0,23.0,24.0,2.8,988.0,172.0,2.1,5.0,4.2,91.0,0.0,0.0,252.0,-331.0,1.0
3968500,2729500.0,3.0,24.0,1.0,1.5,989.0,185.0,1.5,6.0,4.2,91.0,0.0,0.0,266.0,-331.0,1.0
3968500,2729500.0,3.0,24.0,2.0,1.0,989.0,185.0,1.9,4.0,4.0,95.0,0.0,0.0,257.0,-329.0,1.0
3968500,2729500.0,3.0,24.0,3.0,0.0,989.0,154.0,2.0,1.0,3.9,96.0,0.0,0.0,229.0,-327.0,1.0
3968500,2729500.0,3.0,24.0,4.0,0.0,989.0,174.0,1.4,3.0,3.8,97.0,0.0,0.0,222.0,-327.0,1.0
3968500,2729500.0,3.0,24.0,5.0,-0.1,989.0,158.0,1.6,4.0,3.7,96.0,0.0,0.0,237.0,-326.0,1.0
3968500,2729500.0,3.0,24.0,6.0,0.0,990.0,159.0,1.6,6.0,3.8,98.0,0.0,0.0,253.0,-323.0,1.0
3968500,2729500.0,3.0,24.0,7.0,0.0,990.0,138.0,1.4,5.0,3.8,98.0,4.0,14.0,259.0,-321.0,1.0
3968500,2729500.0,3.0,24.0,8.0,0.7,990.0,33.0,1.2,2.0,3.9,98.0,59.0,64.0,233.0,-324.0,1.0
3968500,2729500.0,3.0,24.0,9.0,1.3,990.0,162.0,1.1,3.0,4.1,98.0,149.0,118.0,222.0,-330.0,1.0
3968500,2729500.0,3.0,24.0,10.0,2.7,990.0,146.0,1.5,3.0,4.4,98.0,228.0,163.0,233.0,-340.0,1.0
3968500,2729500.0,3.0,24.0,11.0,3.5,990.0,173.0,1.5,4.0,4.6,95.0,255.0,213.0,246.0,-351.0,1.0
3968500,2729500.0,3.0,24.0,12.0,6.0,990.0,214.0,1.3,3.0,4.8,88.0,380.0,200.0,256.0,-357.0,1.0
3968500,2729500.0,3.0,24.0,13.0,8.9,990.0,9.0,1.8,5.0,4.7,71.0,66.0,287.0,277.0,-360.0,1.0
3968500,2729500.0,3.0,24.0,14.0,7.4,990.0,42.0,1.6,6.0,4.3,63.0,29.0,246.0,294.0,-366.0,1.0
3968500,2729500.0,3.0,24.0,15.0,9.4,989.0,16.0,3.8,3.0,4.2,60.0,221.0,222.0,285.0,-369.0,1.0
3968500,2729500.0,3.0,24.0,16.0,8.8,989.0,11.0,3.7,6.0,4.0,54.0,50.0,185.0,282.0,-364.0,1.0
3968500,2729500.0,3.0,24.0,17.0,8.2,988.0,300.0,2.6,4.0,3.9,55.0,100.0,123.0,279.0,-355.0,1.0
3968500,2729500.0,3.0,24.0,18.0,7.3,989.0,345.0,3.2,5.0,3.8,57.0,29.0,65.0,271.0,-350.0,1.0
3968500,2729500.0,3.0,24.0,19.0,6.2,989.0,42.0,3.0,5.0,3.8,61.0,1.0,11.0,268.0,-347.0,1.0
3968500,2729500.0,3.0,24.0,20.0,5.1,989.0,178.0,2.6,5.0,4.0,69.0,0.0,0.0,263.0,-343.0,1.0
3968500,2729500.0,3.0,24.0,21.0,4.7,990.0,327.0,2.6,5.0,4.0,72.0,0.0,0.0,261.0,-339.0,1.0
3968500,2729500.0,3.0,24.0,22.0,4.3,990.0,356.0,2.7,3.0,3.9,72.0,0.0,0.0,251.0,-337.0,1.0
3968500,2729500.0,3.0,24.0,23.0,3.9,990.0,342.0,2.6,3.0,3.7,72.0,0.0,0.0,242.0,-334.0,1.0
3968500,2729500.0,3.0,24.0,24.0,3.6,990.0,9.0,3.3,3.0,3.7,73.0,0.0,0.0,242.0,-333.0,1.0
3968500,2729500.0,3.0,25.0,1.0,2.9,990.0,6.0,3.0,5.0,3.6,74.0,0.0,0.0,250.0,-333.0,1.0
3968500,2729500.0,3.0,25.0,2.0,2.6,990.0,10.0,2.8,4.0,3.6,76.0,0.0,0.0,254.0,-331.0,1.0
3968500,2729500.0,3.0,25.0,3.0,2.2,991.0,20.0,2.6,3.0,3.7,79.0,0.0,0.0,245.0,-327.0,1.0
3968500,2729500.0,3.0,25.0,4.0,2.2,990.0,10.0,3.3,2.0,3.8,83.0,0.0,0.0,237.0,-324.0,1.0
3968500,2729500.0,3.0,25.0,5.0,2.5,990.0,17.0,3.5,2.0,3.8,83.0,0.0,0.0,234.0,-322.0,1.0
3968500,2729500.0,3.0,25.0,6.0,2.4,991.0,19.0,3.6,5.0,3.8,83.0,0.0,0.0,248.0,-321.0,1.0
3968500,2729500.0,3.0,25.0,7.0,1.7,991.0,348.0,3.7,8.0,3.9,86.0,0.0,7.0,276.0,-319.0,1.0
3968500,2729500.0,3.0,25.0,8.0,2.8,991.0,344.0,3.7,6.0,3.9,86.0,6.0,67.0,282.0,-320.0,1.0
3968500,2729500.0,3.0,25.0,9.0,3.3,992.0,350.0,4.9,6.0,4.1,84.0,52.0,154.0,274.0,-326.0,1.0
3968500,2729500.0,3.0,25.0,10.0,4.8,992.0,343.0,5.6,6.0,4.3,82.0,86.0,224.0,277.0,-335.0,1.0
3968500,2729500.0,3.0,25.0,11.0,6.0,992.0,354.0,5.3,7.0,4.4,78.0,61.0,264.0,286.0,-344.0,1.0
3968500,2729500.0,3.0,25.0,12.0,7.1,992.0,342.0,5.5,7.0,4.4,71.0,59.0,293.0,292.0,-352.0,1.0
3968500,2729500.0,3.0,25.0,13.0,7.1,992.0,359.0,6.0,6.0,4.1,64.0,78.0,312.0,290.0,-357.0,1.0
3968500,2729500.0,3.0,25.0,14.0,7.7,991.0,355.0,6.3,6.0,3.9,59.0,81.0,295.0,288.0,-359.0,1.0
3968500,2729500.0,3.0,25.0,15.0,7.8,991.0,353.0,6.2,6.0,3.8,56.0,77.0,258.0,291.0,-359.0,1.0
3968500,2729500.0,3.0,25.0,16.0,7.5,991.0,339.0,6.9,7.0,3.7,55.0,35.0,191.0,293.0,-355.0,1.0
3968500,2729500.0,3.0,25.0,17.0,6.4,991.0,333.0,7.7,7.0,3.7,59.0,23.0,133.0,293.0,-351.0,1.0
3968500,2729500.0,3.0,25.0,18.0,5.1,991.0,335.0,7.0,6.0,3.8,65.0,9.0,65.0,285.0,-347.0,1.0
3968500,2729500.0,3.0,25.0,19.0,3.7,992.0,357.0,5.9,6.0,3.7,69.0,0.0,10.0,275.0,-341.0,1.0
3968500,2729500.0,3.0,25.0,20.0,3.3,992.0,330.0,5.5,5.0,3.6,73.0,0.0,0.0,268.0,-335.0,1.0
3968500,2729500.0,3.0,25.0,21.0,3.2,993.0,335.0,5.0,6.0,3.6,74.0,0.0,0.0,267.0,-331.0,1.0
3968500,2729500.0,3.0,25.0,22.0,2.7,993.0,333.0,5.1,4.0,3.7,77.0,0.0,0.0,263.0,-328.0,1.0
3968500,2729500.0,3.0,25.0,23.0,2.2,993.0,323.0,4.2,4.0,3.6,79.0,0.0,0.0,253.0,-327.0,1.0
3968500,2729500.0,3.0,25.0,24.0,2.0,993.0,338.0,4.2,5.0,3.6,80.0,0.0,0.0,255.0,-326.0,1.0
3968500,2729500.0,3.0,26.0,1.0,2.3,994.0,339.0,4.0,5.0,3.7,81.0,0.0,0.0,260.0,-325.0,1.0
3968500,2729500.0,3.0,26.0,2.0,2.3,994.0,329.0,4.2,6.0,3.7,81.0,0.0,0.0,266.0,-324.0,1.0
3968500,2729500.0,3.0,26.0,3.0,2.1,994.0,329.0,4.4,7.0,3.6,80.0,0.0,0.0,277.0,-322.0,1.0
3968500,2729500.0,3.0,26.0,4.0,2.0,993.0,338.0,4.4,7.0,3.5,78.0,0.0,0.0,284.0,-322.0,1.0
3968500,2729500.0,3.0,26.0,5.0,1.6,993.0,329.0,3.9,6.0,3.5,79.0,0.0,0.0,280.0,-321.0,1.0
3968500,2729500.0,3.0,26.0,6.0,1.7,993.0,327.0,4.1,8.0,3.6,82.0,0.0,0.0,286.0,-320.0,1.0
3968500,2729500.0,3.0,26.0,7.0,1.7,993.0,335.0,4.5,7.0,3.7,84.0,0.0,9.0,293.0,-319.0,1.0
3968500,2729500.0,3.0,26.0,8.0,1.9,993.0,348.0,4.8,6.0,3.7,84.0,42.0,50.0,283.0,-319.0,1.0
3968500,2729500.0,3.0,26.0,9.0,2.3,993.0,4.0,4.9,6.0,3.6,79.0,71.0,107.0,277.0,-321.0,1.0
3968500,2729500.0,3.0,26.0,10.0,3.2,994.0,3.0,4.6,6.0,3.3,71.0,49.0,166.0,278.0,-323.0,1.0
3968500,2729500.0,3.0,26.0,11.0,3.9,994.0,28.0,4.9,6.0,3.2,64.0,13.0,189.0,279.0,-326.0,1.0
3968500,2729500.0,3.0,26.0,12.0,5.5,994.0,358.0,4.1,6.0,3.1,58.0,33.0,220.0,284.0,-328.0,1.0
3968500,2729500.0,3.0,26.0,13.0,5.4,994.0,332.0,3.7,6.0,3.2,56.0,51.0,227.0,286.0,-331.0,1.0
3968500,2729500.0,3.0,26.0,14.0,4.4,994.0,358.0,4.5,7.0,3.3,61.0,0.0,149.0,290.0,-338.0,1.0
3968500,2729500.0,3.0,26.0,15.0,5.4,994.0,338.0,4.6,8.0,3.4,63.0,0.0,94.0,299.0,-342.0,1.0
3968500,2729500.0,3.0,26.0,16.0,4.3,994.0,341.0,3.8,8.0,3.6,65.0,0.0,65.0,302.0,-340.0,1.0
3968500,2729500.0,3.0,26.0,17.0,4.4,994.0,346.0,3.9,7.0,3.5,67.0,11.0,100.0,294.0,-338.0,1.0
3968500,2729500.0,3.0,26.0,18.0,4.0,994.0,335.0,3.1,7.0,3.5,67.0,8.0,52.0,286.0,-334.0,1.0
3968500,2729500.0,3.0,26.0,19.0,3.6,994.0,330.0,3.0,5.0,3.5,70.0,2.0,11.0,273.0,-331.0,1.0
3968500,2729500.0,3.0,26.0,20.0,3.6,995.0,341.0,2.8,5.0,3.5,69.0,0.0,0.0,262.0,-327.0,1.0
3968500,2729500.0,3.0,26.0,21.0,2.6,995.0,338.0,3.3,4.0,3.3,68.0,0.0,0.0,254.0,-323.0,1.0
3968500,2729500.0,3.0,26.0,22.0,1.6,996.0,345.0,3.7,1.0,3.1,70.0,0.0,0.0,231.0,-320.0,1.0
3968500,2729500.0,3.0,26.0,23.0,1.0,996.0,352.0,3.4,0.0,3.0,71.0,0.0,0.0,208.0,-318.0,1.0
3968500,2729500.0,3.0,26.0,24.0,0.0,997.0,342.0,3.0,4.0,2.9,72.0,0.0,0.0,224.0,-317.0,1.0
3968500,2729500.0,3.0,27.0,1.0,-0.9,996.0,352.0,2.1,1.0,2.8,76.0,0.0,0.0,227.0,-317.0,1.0
3968500,2729500.0,3.0,27.0,2.0,-1.5,996.0,344.0,2.2,1.0,2.8,78.0,0.0,0.0,213.0,-316.0,1.0
3968500,2729500.0,3.0,27.0,3.0,-2.1,996.0,328.0,2.5,1.0,2.7,80.0,0.0,0.0,212.0,-315.0,1.0
3968500,2729500.0,3.0,27.0,4.0,-2.1,996.0,330.0,2.6,3.0,2.7,81.0,0.0,0.0,223.0,-315.0,1.0
3968500,2729500.0,3.0,27.0,5.0,-3.2,996.0,1.0,2.2,2.0,2.7,84.0,0.0,0.0,226.0,-315.0,1.0
3968500,2729500.0,3.0,27.0,6.0,-2.0,996.0,329.0,2.8,4.0,2.7,85.0,0.0,0.0,230.0,-315.0,1.0
3968500,2729500.0,3.0,27.0,7.0,-3.0,996.0,144.0,1.5,3.0,2.8,86.0,4.0,17.0,235.0,-316.0,1.0
3968500,2729500.0,3.0,27.0,8.0,-1.5,996.0,320.0,1.6,4.0,2.8,87.0,42.0,83.0,236.0,-316.0,1.0
3968500,2729500.0,3.0,27.0,9.0,-0.7,995.0,298.0,2.0,5.0,3.0,84.0,27.0,154.0,247.0,-319.0,1.0
3968500,2729500.0,3.0,27.0,10.0,0.3,996.0,41.0,2.5,8.0,3.1,82.0,0.0,153.0,267.0,-324.0,1.0
3968500,2729500.0,3.0,27.0,11.0,0.6,996.0,72.0,2.8,8.0,3.3,83.0,0.0,102.0,282.0,-330.0,1.0
3968500,2729500.0,3.0,27.0,12.0,0.0,996.0,41.0,3.8,7.0,3.4,87.0,0.0,165.0,281.0,-332.0,1.0
3968500,2729500.0,3.0,27.0,13.0,1.0,996.0,339.0,4.4,5.0,3.5,87.0,53.0,305.0,270.0,-332.0,1.0
3968500,2729500.0,3.0,27.0,14.0,1.9,995.0,347.0,3.7,4.0,3.2,76.0,114.0,307.0,258.0,-337.0,1.0
3968500,2729500.0,3.0,27.0,15.0,2.5,995.0,303.0,4.1,6.0,2.9,64.0,10.0,203.0,262.0,-344.0,1.0
3968500,2729500.0,3.0,27.0,16.0,2.3,995.0,333.0,4.2,6.0,2.9,64.0,12.0,172.0,272.0,-345.0,1.0
3968500,2729500.0,3.0,27.0,17.0,0.5,995.0,332.0,3.9,5.0,3.2,76.0,53.0,145.0,264.0,-342.0,1.0
3968500,2729500.0,3.0,27.0,18.0,0.7,995.0,351.0,3.5,6.0,3.3,83.0,32.0,75.0,262.0,-337.0,1.0
3968500,2729500.0,3.0,27.0,19.0,0.0,995.0,354.0,2.9,8.0,3.3,83.0,1.0,14.0,275.0,-332.0,1.0
3968500,2729500.0,3.0,27.0,20.0,-0.6,995.0,261.0,2.4,6.0,3.2,87.0,0.0,0.0,276.0,-325.0,1.0
3968500,2729500.0,3.0,27.0,21.0,-1.2,994.0,276.0,2.1,4.0,3.2,88.0,0.0,0.0,255.0,-319.0,1.0
3968500,2729500.0,3.0,27.0,22.0,-1.7,995.0,238.0,1.8,3.0,3.1,90.0,0.0,0.0,232.0,-316.0,1.0
3968500,2729500.0,3.0,27.0,23.0,-1.9,995.0,269.0,1.8,2.0,3.1,90.0,0.0,0.0,222.0,-315.0,1.0
3968500,2729500.0,3.0,27.0,24.0,-2.0,995.0,252.0,1.8,1.0,3.0,89.0,0.0,0.0,217.0,-315.0,1.0
3968500,2729500.0,3.0,28.0,1.0,-2.1,1009.0,218.0,1.9,0.0,3.0,89.0,0.0,0.0,204.0,-315.0,1.0
3968500,2729500.0,3.0,28.0,2.0,-2.2,1009.0,193.0,1.8,0.0,2.9,89.0,0.0,0.0,201.0,-314.0,1.0
3968500,2729500.0,3.0,28.0,3.0,-2.3,1009.0,190.0,1.8,0.0,2.9,89.0,0.0,0.0,198.0,-313.0,1.0
3968500,2729500.0,3.0,28.0,4.0,-2.8,1009.0,148.0,1.6,0.0,2.9,90.0,0.0,0.0,197.0,-312.0,1.0
3968500,2729500.0,3.0,28.0,5.0,-2.9,1009.0,122.0,1.5,0.0,2.9,92.0,0.0,0.0,196.0,-311.0,1.0
3968500,2729500.0,3.0,28.0,6.0,-4.3,1009.0,76.0,1.3,0.0,2.8,95.0,0.0,0.0,194.0,-311.0,1.0
3968500,2729500.0,3.0,28.0,7.0,-3.1,1009.0,62.0,1.2,0.0,2.8,97.0,9.0,15.0,194.0,-310.0,1.0
3968500,2729500.0,3.0,28.0,8.0,-1.2,1009.0,49.0,0.9,0.0,3.0,92.0,95.0,70.0,198.0,-311.0,1.0
3968500,2729500.0,3.0,28.0,9.0,1.2,1009.0,66.0,1.1,0.0,3.1,81.0,229.0,100.0,201.0,-315.0,1.0
3968500,2729500.0,3.0,28.0,10.0,4.0,1009.0,63.0,1.1,0.0,3.1,68.0,367.0,113.0,206.0,-326.0,1.0
3968500,2729500.0,3.0,28.0,11.0,5.7,1010.0,93.0,1.5,0.0,3.2,59.0,489.0,115.0,212.0,-345.0,1.0
3968500,2729500.0,3.0,28.0,12.0,7.3,1009.0,60.0,2.1,1.0,3.1,52.0,564.0,114.0,223.0,-360.0,1.0
3968500,2729500.0,3.0,28.0,13.0,9.1,1009.0,43.0,3.3,1.0,3.0,44.0,575.0,118.0,234.0,-368.0,1.0
3968500,2729500.0,3.0,28.0,14.0,10.5,1008.0,84.0,2.8,1.0,2.9,39.0,541.0,120.0,239.0,-372.0,1.0
3968500,2729500.0,3.0,28.0,15.0,11.6,1007.0,71.0,2.6,0.0,2.6,32.0,479.0,110.0,238.0,-374.0,1.0
3968500,2729500.0,3.0,28.0,16.0,12.0,1006.0,57.0,3.1,0.0,2.5,30.0,372.0,100.0,236.0,-373.0,1.0
3968500,2729500.0,3.0,28.0,17.0,11.3,1006.0,67.0,4.2,0.0,2.7,31.0,235.0,86.0,237.0,-366.0,1.0
3968500,2729500.0,3.0,28.0,18.0,10.1,1005.0,58.0,4.0,0.0,2.6,33.0,96.0,59.0,235.0,-357.0,1.0
3968500,2729500.0,3.0,28.0,19.0,7.9,1005.0,80.0,3.4,1.0,2.6,37.0,8.0,13.0,233.0,-347.0,1.0
3968500,2729500.0,3.0,28.0,20.0,6.8,1006.0,98.0,3.5,1.0,2.8,44.0,0.0,0.0,232.0,-338.0,1.0
3968500,2729500.0,3.0,28.0,21.0,5.2,1006.0,83.0,2.6,2.0,3.2,55.0,0.0,0.0,233.0,-331.0,1.0
3968500,2729500.0,3.0,28.0,22.0,4.2,1006.0,105.0,1.8,0.0,3.4,64.0,0.0,0.0,226.0,-326.0,1.0
3968500,2729500.0,3.0,28.0,23.0,3.9,1006.0,136.0,3.4,0.0,3.4,67.0,0.0,0.0,220.0,-322.0,1.0
3968500,2729500.0,3.0,28.0,24.0,3.7,1006.0,122.0,3.6,1.0,3.4,68.0,0.0,0.0,222.0,-320.0,1.0
3968500,2729500.0,3.0,29.0,1.0,2.2,1006.0,112.0,3.0,0.0,3.4,72.0,0.0,0.0,220.0,-318.0,1.0
3968500,2729500.0,3.0,29.0,2.0,1.9,1005.0,103.0,2.6,0.0,3.4,76.0,0.0,0.0,215.0,-317.0,1.0
3968500,2729500.0,3.0,29.0,3.0,0.4,1004.0,139.0,1.8,1.0,3.4,81.0,0.0,0.0,215.0,-316.0,1.0
3968500,2729500.0,3.0,29.0,4.0,0.6,1004.0,63.0,2.4,1.0,3.4,86.0,0.0,0.0,216.0,-315.0,1.0
3968500,2729500.0,3.0,29.0,5.0,-0.4,1004.0,75.0,2.3,1.0,3.4,88.0,0.0,0.0,215.0,-315.0,1.0
3968500,2729500.0,3.0,29.0,6.0,-1.2,1004.0,347.0,2.0,1.0,3.3,91.0,0.0,0.0,212.0,-314.0,1.0
3968500,2729500.0,3.0,29.0,7.0,-0.5,1004.0,347.0,2.5,2.0,3.3,92.0,3.0,14.0,215.0,-313.0,1.0
3968500,2729500.0,3.0,29.0,8.0,1.1,1004.0,7.0,2.2,2.0,3.4,87.0,86.0,70.0,221.0,-313.0,1.0
3968500,2729500.0,3.0,29.0,9.0,3.9,1005.0,11.0,1.4,2.0,3.5,77.0,235.0,97.0,225.0,-318.0,1.0
3968500,2729500.0,3.0,29.0,10.0,7.2,1004.0,154.0,1.0,3.0,3.3,59.0,379.0,108.0,234.0,-334.0,1.0
3968500,2729500.0,3.0,29.0,11.0,9.4,1004.0,36.0,2.4,3.0,3.1,46.0,496.0,111.0,243.0,-353.0,1.0
3968500,2729500.0,3.0,29.0,12.0,11.5,1003.0,121.0,2.3,3.0,3.1,39.0,566.0,112.0,248.0,-364.0,1.0
3968500,2729500.0,3.0,29.0,13.0,12.9,1002.0,114.0,2.5,2.0,2.9,33.0,585.0,113.0,250.0,-372.0,1.0
3968500,2729500.0,3.0,29.0,14.0,14.6,1003.0,119.0,2.7,2.0,2.8,28.0,558.0,111.0,252.0,-379.0,1.0
3968500,2729500.0,3.0,29.0,15.0,15.6,1002.0,128.0,2.5,1.0,2.7,25.0,489.0,105.0,255.0,-382.0,1.0
3968500,2729500.0,3.0,29.0,16.0,16.3,1001.0,164.0,2.9,1.0,2.4,21.0,378.0,97.0,255.0,-381.0,1.0
3968500,2729500.0,3.0,29.0,17.0,16.2,1001.0,101.0,2.7,2.0,2.6,22.0,240.0,84.0,258.0,-375.0,1.0
3968500,2729500.0,3.0,29.0,18.0,14.8,1000.0,113.0,3.0,2.0,3.1,28.0,105.0,58.0,260.0,-365.0,1.0
3968500,2729500.0,3.0,29.0,19.0,12.2,1000.0,126.0,2.9,2.0,3.4,35.0,11.0,13.0,255.0,-353.0,1.0
3968500,2729500.0,3.0,29.0,20.0,9.8,999.0,113.0,2.9,2.0,3.6,44.0,0.0,0.0,249.0,-343.0,1.0
3968500,2729500.0,3.0,29.0,21.0,7.9,1000.0,126.0,2.2,1.0,3.8,53.0,0.0,0.0,243.0,-338.0,1.0
3968500,2729500.0,3.0,29.0,22.0,7.1,1000.0,25.0,1.6,0.0,3.9,60.0,0.0,0.0,238.0,-334.0,1.0
3968500,2729500.0,3.0,29.0,23.0,5.1,1000.0,8.0,1.3,0.0,3.9,66.0,0.0,0.0,234.0,-331.0,1.0
3968500,2729500.0,3.0,29.0,24.0,4.5,1000.0,157.0,1.3,2.0,3.9,72.0,0.0,0.0,232.0,-329.0,1.0
3968500,2729500.0,3.0,30.0,1.0,3.2,1000.0,29.0,1.3,0.0,3.9,78.0,0.0,0.0,230.0,-326.0,1.0
3968500,2729500.0,3.0,30.0,2.0,2.2,1000.0,87.0,1.1,0.0,4.0,86.0,0.0,0.0,225.0,-325.0,1.0
3968500,2729500.0,3.0,30.0,3.0,1.3,1000.0,100.0,1.0,1.0,3.9,90.0,0.0,0.0,224.0,-323.0,1.0
3968500,2729500.0,3.0,30.0,4.0,1.3,1000.0,9.0,1.7,2.0,3.9,93.0,0.0,0.0,225.0,-321.0,1.0
3968500,2729500.0,3.0,30.0,5.0,0.1,1000.0,94.0,1.3,2.0,3.9,97.0,0.0,0.0,226.0,-319.0,1.0
3968500,2729500.0,3.0,30.0,6.0,-0.4,999.0,109.0,1.8,1.0,3.8,100.0,0.0,0.0,222.0,-318.0,1.0
3968500,2729500.0,3.0,30.0,7.0,0.7,999.0,111.0,1.4,1.0,3.9,100.0,13.0,18.0,221.0,-316.0,1.0
3968500,2729500.0,3.0,30.0,8.0,1.8,1000.0,158.0,1.4,1.0,4.1,96.0,116.0,69.0,223.0,-318.0,1.0
3968500,2729500.0,3.0,30.0,9.0,5.1,1000.0,185.0,1.2,1.0,4.3,87.0,253.0,98.0,227.0,-326.0,1.0
3968500,2729500.0,3.0,30.0,10.0,8.2,1000.0,135.0,1.2,2.0,4.5,73.0,382.0,114.0,236.0,-340.0,1.0
3968500,2729500.0,3.0,30.0,11.0,12.2,1000.0,96.0,1.6,3.0,4.7,60.0,477.0,127.0,253.0,-355.0,1.0
3968500,2729500.0,3.0,30.0,12.0,13.5,1000.0,65.0,1.2,4.0,4.6,49.0,301.0,253.0,267.0,-368.0,1.0
3968500,2729500.0,3.0,30.0,13.0,14.9,1000.0,42.0,1.5,6.0,4.0,39.0,109.0,309.0,281.0,-378.0,1.0
3968500,2729500.0,3.0,30.0,14.0,15.4,999.0,351.0,1.6,7.0,3.9,36.0,72.0,285.0,295.0,-386.0,1.0
3968500,2729500.0,3.0,30.0,15.0,15.0,999.0,350.0,2.3,5.0,3.8,35.0,108.0,256.0,295.0,-389.0,1.0
3968500,2729500.0,3.0,30.0,16.0,14.4,999.0,342.0,2.6,6.0,3.7,35.0,17.0,175.0,291.0,-386.0,1.0
3968500,2729500.0,3.0,30.0,17.0,13.7,999.0,330.0,2.3,7.0,4.0,39.0,0.0,97.0,298.0,-379.0,1.0
3968500,2729500.0,3.0,30.0,18.0,12.8,998.0,325.0,1.7,7.0,4.2,44.0,3.0,61.0,301.0,-372.0,1.0
3968500,2729500.0,3.0,30.0,19.0,11.2,998.0,347.0,1.9,7.0,4.2,48.0,0.0,12.0,298.0,-364.0,1.0
3968500,2729500.0,3.0,30.0,20.0,10.5,997.0,337.0,1.9,7.0,4.1,50.0,0.0,0.0,297.0,-356.0,1.0
3968500,2729500.0,3.0,30.0,21.0,8.7,998.0,157.0,1.4,8.0,4.2,56.0,0.0,0.0,298.0,-351.0,1.0
3968500,2729500.0,3.0,30.0,22.0,7.6,998.0,79.0,1.0,8.0,4.5,65.0,0.0,0.0,300.0,-349.0,1.0
3968500,2729500.0,3.0,30.0,23.0,7.6,998.0,31.0,1.4,8.0,4.6,70.0,0.0,0.0,300.0,-348.0,1.0
3968500,2729500.0,3.0,30.0,24.0,6.2,998.0,109.0,1.3,8.0,4.7,75.0,0.0,0.0,300.0,-348.0,1.0
3968500,2729500.0,3.0,31.0,1.0,6.0,998.0,170.0,2.1,8.0,4.5,77.0,0.0,0.0,299.0,-348.0,1.0
3968500,2729500.0,3.0,31.0,2.0,5.0,998.0,136.0,1.9,8.0,4.4,77.0,0.0,0.0,299.0,-347.0,1.0
3968500,2729500.0,3.0,31.0,3.0,4.4,998.0,116.0,1.7,7.0,4.4,81.0,0.0,0.0,294.0,-346.0,1.0
3968500,2729500.0,3.0,31.0,4.0,4.0,998.0,161.0,1.8,7.0,4.4,84.0,0.0,0.0,289.0,-345.0,1.0
3968500,2729500.0,3.0,31.0,5.0,3.9,997.0,151.0,2.1,7.0,4.3,84.0,0.0,0.0,289.0,-345.0,1.0
3968500,2729500.0,3.0,31.0,6.0,3.1,997.0,134.0,1.5,7.0,4.3,87.0,0.0,0.0,289.0,-346.0,1.0
3968500,2729500.0,3.0,31.0,7.0,3.5,997.0,144.0,2.4,8.0,4.3,88.0,0.0,11.0,294.0,-347.0,1.0
3968500,2729500.0,3.0,31.0,8.0,4.0,997.0,155.0,1.8,7.0,4.4,87.0,2.0,61.0,295.0,-349.0,1.0
3968500,2729500.0,3.0,31.0,9.0,5.5,997.0,166.0,2.1,7.0,4.7,86.0,66.0,166.0,293.0,-351.0,1.0
3968500,2729500.0,3.0,31.0,10.0,8.3,997.0,154.0,2.9,6.0,5.1,80.0,136.0,238.0,295.0,-357.0,1.0
3968500,2729500.0,3.0,31.0,11.0,10.6,997.0,169.0,2.4,6.0,5.3,71.0,179.0,296.0,299.0,-366.0,1.0
3968500,2729500.0,3.0,31.0,12.0,13.5,997.0,160.0,2.9,5.0,5.4,60.0,344.0,287.0,304.0,-371.0,1.0
3968500,2729500.0,3.0,31.0,13.0,15.1,996.0,167.0,3.2,4.0,4.9,48.0,389.0,283.0,302.0,-373.0,1.0
3968500,2729500.0,3.0,31.0,14.0,15.9,996.0,191.0,3.3,4.0,4.4,39.0,372.0,273.0,301.0,-370.0,1.0
3968500,2729500.0,3.0,31.0,15.0,16.4,995.0,173.0,3.1,2.0,4.2,36.0,322.0,248.0,295.0,-369.0,1.0
3968500,2729500.0,3.0,31.0,16.0,16.3,994.0,177.0,2.9,2.0,3.9,34.0,236.0,211.0,289.0,-372.0,1.0
3968500,2729500.0,3.0,31.0,17.0,15.8,994.0,174.0,3.1,3.0,3.7,32.0,125.0,158.0,291.0,-371.0,1.0
3968500,2729500.0,3.0,31.0,18.0,14.6,994.0,176.0,3.1,3.0,3.8,34.0,57.0,85.0,292.0,-368.0,1.0
3968500,2729500.0,3.0,31.0,19.0,10.7,994.0,215.0,1.9,5.0,3.9,42.0,5.0,16.0,291.0,-361.0,1.0
3968500,2729500.0,3.0,31.0,20.0,9.8,993.0,240.0,1.9,5.0,4.1,52.0,0.0,0.0,291.0,-355.0,1.0
3968500,2729500.0,3.0,31.0,21.0,9.6,994.0,23.0,1.9,4.0,4.3,57.0,0.0,0.0,287.0,-350.0,1.0
3968500,2729500.0,3.0,31.0,22.0,9.0,994.0,63.0,0.9,3.0,4.5,60.0,0.0,0.0,280.0,-344.0,1.0
3968500,2729500.0,3.0,31.0,23.0,6.9,994.0,42.0,0.8,3.0,4.5,66.0,0.0,0.0,274.0,-338.0,1.0
3968500,2729500.0,3.0,31.0,24.0,6.3,994.0,73.0,1.2,4.0,4.5,72.0,0.0,0.0,275.0,-332.0,1.0
3968500,2729500.0,4.0,1.0,1.0,4.7,995.0,123.0,1.3,3.0,4.2,78.0,0.0,0.0,265.0,-331.0,1.0
3968500,2729500.0,4.0,1.0,2.0,3.7,995.0,137.0,1.4,3.0,4.2,80.0,0.0,0.0,265.0,-330.0,1.0
3968500,2729500.0,4.0,1.0,3.0,3.3,995.0,200.0,0.8,3.0,4.2,84.0,0.0,0.0,262.0,-328.0,1.0
3968500,2729500.0,4.0,1.0,4.0,1.8,995.0,130.0,1.0,3.0,4.2,90.0,0.0,0.0,259.0,-327.0,1.0
3968500,2729500.0,4.0,1.0,5.0,2.1,995.0,128.0,0.9,2.0,4.1,93.0,0.0,0.0,253.0,-325.0,1.0
3968500,2729500.0,4.0,1.0,6.0,1.1,995.0,84.0,0.4,2.0,4.1,93.0,0.0,0.0,246.0,-323.0,1.0
3968500,2729500.0,4.0,1.0,7.0,2.3,995.0,145.0,0.7,2.0,4.2,96.0,2.0,27.0,245.0,-322.0,1.0
3968500,2729500.0,4.0,1.0,8.0,4.0,995.0,155.0,1.0,2.0,4.4,90.0,34.0,115.0,248.0,-325.0,1.0
3968500,2729500.0,4.0,1.0,9.0,6.5,995.0,166.0,1.2,1.0,4.5,80.0,134.0,180.0,248.0,-336.0,1.0
3968500,2729500.0,4.0,1.0,10.0,10.0,995.0,123.0,1.5,1.0,4.8,70.0,227.0,229.0,253.0,-351.0,1.0
3968500,2729500.0,4.0,1.0,11.0,13.2,996.0,158.0,1.5,2.0,4.9,57.0,302.0,264.0,267.0,-367.0,1.0
3968500,2729500.0,4.0,1.0,12.0,15.6,995.0,159.0,1.7,2.0,4.7,46.0,334.0,290.0,280.0,-380.0,1.0
3968500,2729500.0,4.0,1.0,13.0,15.9,995.0,144.0,2.2,2.0,4.3,38.0,345.0,296.0,284.0,-391.0,1.0
3968500,2729500.0,4.0,1.0,14.0,16.5,995.0,180.0,2.4,2.0,4.0,34.0,355.0,273.0,286.0,-399.0,1.0
3968500,2729500.0,4.0,1.0,15.0,17.0,994.0,169.0,2.5,1.0,4.2,35.0,289.0,257.0,286.0,-403.0,1.0
3968500,2729500.0,4.0,1.0,16.0,17.0,994.0,177.0,2.3,1.0,4.3,35.0,194.0,227.0,284.0,-400.0,1.0
3968500,2729500.0,4.0,1.0,17.0,16.8,994.0,215.0,2.4,2.0,4.1,34.0,143.0,159.0,286.0,-393.0,1.0
3968500,2729500.0,4.0,1.0,18.0,15.7,994.0,171.0,1.7,2.0,4.1,35.0,63.0,95.0,285.0,-384.0,1.0
3968500,2729500.0,4.0,1.0,19.0,13.5,994.0,78.0,2.2,5.0,4.2,40.0,6.0,25.0,286.0,-373.0,1.0
3968500,2729500.0,4.0,1.0,20.0,11.9,994.0,297.0,1.3,4.0,4.2,45.0,0.0,0.0,285.0,-361.0,1.0
3968500,2729500.0,4.0,1.0,21.0,10.3,995.0,13.0,1.2,1.0,4.3,52.0,0.0,0.0,270.0,-351.0,1.0
3968500,2729500.0,4.0,1.0,22.0,9.3,995.0,325.0,1.6,1.0,4.6,60.0,0.0,0.0,259.0,-343.0,1.0
3968500,2729500.0,4.0,1.0,23.0,7.6,995.0,89.0,1.3,1.0,4.7,67.0,0.0,0.0,256.0,-336.0,1.0
3968500,2729500.0,4.0,1.0,24.0,6.1,996.0,85.0,1.1,0.0,4.7,75.0,0.0,0.0,249.0,-333.0,1.0
3968500,2729500.0,4.0,2.0,1.0,5.2,996.0,116.0,0.9,1.0,4.7,81.0,0.0,0.0,246.0,-332.0,1.0
3968500,2729500.0,4.0,2.0,2.0,5.4,996.0,86.0,1.0,1.0,4.6,82.0,0.0,0.0,248.0,-333.0,1.0
3968500,2729500.0,4.0,2.0,3.0,3.9,996.0,45.0,1.0,2.0,4.5,84.0,0.0,0.0,249.0,-333.0,1.0
3968500,2729500.0,4.0,2.0,4.0,3.9,996.0,54.0,1.1,2.0,4.6,89.0,0.0,0.0,250.0,-333.0,1.0
3968500,2729500.0,4.0,2.0,5.0,2.8,996.0,51.0,1.0,1.0,4.5,92.0,0.0,0.0,245.0,-329.0,1.0
3968500,2729500.0,4.0,2.0,6.0,2.6,996.0,48.0,1.5,1.0,4.5,96.0,0.0,0.0,241.0,-323.0,1.0
3968500,2729500.0,4.0,2.0,7.0,2.6,997.0,46.0,1.0,1.0,4.5,96.0,8.0,32.0,240.0,-319.0,1.0
3968500,2729500.0,4.0,2.0,8.0,6.1,997.0,36.0,0.8,0.0,4.7,89.0,85.0,91.0,241.0,-322.0,1.0
3968500,2729500.0,4.0,2.0,9.0,8.2,997.0,338.0,1.0,1.0,4.9,77.0,215.0,125.0,248.0,-336.0,1.0
3968500,2729500.0,4.0,2.0,10.0,12.7,996.0,326.0,1.3,1.0,5.0,62.0,332.0,152.0,261.0,-356.0,1.0
3968500,2729500.0,4.0,2.0,11.0,15.9,997.0,159.0,1.3,1.0,5.0,48.0,421.0,172.0,273.0,-374.0,1.0
3968500,2729500.0,4.0,2.0,12.0,17.4,996.0,115.0,4.0,1.0,4.6,38.0,483.0,180.0,280.0,-390.0,1.0
3968500,2729500.0,4.0,2.0,13.0,17.8,996.0,83.0,4.4,1.0,4.0,32.0,520.0,169.0,283.0,-402.0,1.0
3968500,2729500.0,4.0,2.0,14.0,18.2,995.0,96.0,4.8,1.0,3.7,28.0,502.0,161.0,284.0,-409.0,1.0
3968500,2729500.0,4.0,2.0,15.0,18.4,995.0,74.0,4.6,1.0,3.6,27.0,418.0,162.0,285.0,-410.0,1.0
3968500,2729500.0,4.0,2.0,16.0,17.6,994.0,80.0,4.5,1.0,3.9,30.0,305.0,153.0,285.0,-407.0,1.0
3968500,2729500.0,4.0,2.0,17.0,17.3,993.0,79.0,4.6,1.0,4.2,33.0,191.0,125.0,285.0,-399.0,1.0
3968500,2729500.0,4.0,2.0,18.0,16.4,993.0,96.0,4.9,1.0,4.3,35.0,84.0,81.0,282.0,-387.0,1.0
3968500,2729500.0,4.0,2.0,19.0,15.0,993.0,91.0,3.6,2.0,4.3,38.0,11.0,25.0,281.0,-373.0,1.0
3968500,2729500.0,4.0,2.0,20.0,13.5,994.0,97.0,3.7,2.0,4.3,42.0,0.0,0.0,279.0,-361.0,1.0
3968500,2729500.0,4.0,2.0,21.0,12.6,994.0,109.0,3.5,1.0,4.4,46.0,0.0,0.0,272.0,-355.0,1.0
3968500,2729500.0,4.0,2.0,22.0,11.2,995.0,94.0,4.2,1.0,4.4,50.0,0.0,0.0,265.0,-350.0,1.0
3968500,2729500.0,4.0,2.0,23.0,11.1,994.0,107.0,4.2,1.0,4.4,53.0,0.0,0.0,263.0,-348.0,1.0
3968500,2729500.0,4.0,2.0,24.0,10.7,994.0,94.0,4.7,0.0,4.4,54.0,0.0,0.0,260.0,-346.0,1.0
3968500,2729500.0,4.0,3.0,1.0,10.2,994.0,88.0,3.4,0.0,4.2,53.0,0.0,0.0,255.0,-344.0,1.0
3968500,2729500.0,4.0,3.0,2.0,9.4,993.0,118.0,2.6,1.0,4.1,54.0,0.0,0.0,256.0,-342.0,1.0
3968500,2729500.0,4.0,3.0,3.0,7.7,993.0,100.0,2.4,1.0,4.2,59.0,0.0,0.0,255.0,-340.0,1.0
3968500,2729500.0,4.0,3.0,4.0,6.6,993.0,50.0,2.5,1.0,4.2,66.0,0.0,0.0,253.0,-338.0,1.0
3968500,2729500.0,4.0,3.0,5.0,6.7,992.0,63.0,2.9,1.0,4.3,69.0,0.0,0.0,251.0,-335.0,1.0
3968500,2729500.0,4.0,3.0,6.0,5.9,992.0,93.0,3.7,1.0,4.2,70.0,0.0,0.0,250.0,-334.0,1.0
3968500,2729500.0,4.0,3.0,7.0,8.1,992.0,81.0,4.2,1.0,4.2,66.0,12.0,34.0,251.0,-335.0,1.0
3968500,2729500.0,4.0,3.0,8.0,9.8,992.0,43.0,3.9,0.0,4.2,58.0,97.0,88.0,252.0,-337.0,1.0
3968500,2729500.0,4.0,3.0,9.0,11.3,992.0,74.0,4.3,0.0,4.1,51.0,235.0,117.0,251.0,-344.0,1.0
3968500,2729500.0,4.0,3.0,10.0,13.1,992.0,76.0,5.4,0.0,4.0,44.0,358.0,137.0,254.0,-355.0,1.0
3968500,2729500.0,4.0,3.0,11.0,14.2,991.0,81.0,7.0,0.0,3.9,39.0,465.0,145.0,258.0,-368.0,1.0
3968500,2729500.0,4.0,3.0,12.0,14.7,991.0,80.0,7.3,0.0,3.9,37.0,527.0,152.0,262.0,-382.0,1.0
3968500,2729500.0,4.0,3.0,13.0,15.3,991.0,68.0,7.6,0.0,4.0,37.0,553.0,149.0,266.0,-392.0,1.0
3968500,2729500.0,4.0,3.0,14.0,16.3,990.0,79.0,6.9,0.0,4.2,37.0,528.0,146.0,270.0,-398.0,1.0
3968500,2729500.0,4.0,3.0,15.0,16.9,990.0,75.0,6.3,0.0,4.0,33.0,453.0,143.0,274.0,-400.0,1.0
3968500,2729500.0,4.0,3.0,16.0,16.8,989.0,75.0,6.5,0.0,3.6,30.0,352.0,130.0,273.0,-398.0,1.0
3968500,2729500.0,4.0,3.0,17.0,16.1,988.0,81.0,8.6,0.0,3.5,30.0,216.0,113.0,272.0,-392.0,1.0
3968500,2729500.0,4.0,3.0,18.0,15.3,988.0,68.0,7.7,0.0,3.6,32.0,92.0,79.0,270.0,-383.0,1.0
3968500,2729500.0,4.0,3.0,19.0,13.8,988.0,86.0,7.6,1.0,3.8,36.0,13.0,25.0,271.0,-372.0,1.0
3968500,2729500.0,4.0,3.0,20.0,12.8,989.0,87.0,6.5,1.0,4.1,42.0,0.0,0.0,271.0,-362.0,1.0
3968500,2729500.0,4.0,3.0,21.0,11.6,990.0,96.0,6.0,1.0,4.0,44.0,0.0,0.0,268.0,-354.0,1.0
3968500,2729500.0,4.0,3.0,22.0,10.4,990.0,91.0,3.9,1.0,3.8,46.0,0.0,0.0,264.0,-349.0,1.0
3968500,2729500.0,4.0,3.0,23.0,9.4,990.0,97.0,2.5,1.0,3.7,47.0,0.0,0.0,260.0,-346.0,1.0
3968500,2729500.0,4.0,3.0,24.0,8.9,989.0,87.0,3.2,0.0,3.6,49.0,0.0,0.0,254.0,-343.0,1.0
3968500,2729500.0,4.0,4.0,1.0,7.9,989.0,59.0,2.8,1.0,3.6,51.0,0.0,0.0,251.0,-341.0,1.0
3968500,2729500.0,4.0,4.0,2.0,6.9,990.0,70.0,2.4,0.0,3.5,54.0,0.0,0.0,247.0,-340.0,1.0
3968500,2729500.0,4.0,4.0,3.0,6.2,990.0,70.0,3.5,1.0,3.5,57.0,0.0,0.0,244.0,-339.0,1.0
3968500,2729500.0,4.0,4.0,4.0,5.6,990.0,17.0,3.4,0.0,3.5,59.0,0.0,0.0,242.0,-339.0,1.0
3968500,2729500.0,4.0,4.0,5.0,4.5,989.0,3.0,3.6,2.0,3.4,60.0,0.0,0.0,243.0,-341.0,1.0
3968500,2729500.0,4.0,4.0,6.0,2.9,989.0,47.0,3.4,2.0,3.3,65.0,0.0,0.0,248.0,-343.0,1.0
3968500,2729500.0,4.0,4.0,7.0,4.0,989.0,7.0,3.7,3.0,3.3,66.0,13.0,35.0,253.0,-344.0,1.0
3968500,2729500.0,4.0,4.0,8.0,5.4,989.0,27.0,3.6,3.0,3.3,60.0,89.0,96.0,262.0,-347.0,1.0
3968500,2729500.0,4.0,4.0,9.0,7.0,989.0,42.0,4.4,3.0,3.2,53.0,203.0,139.0,267.0,-351.0,1.0
3968500,2729500.0,4.0,4.0,10.0,9.4,989.0,83.0,4.3,5.0,3.1,45.0,319.0,170.0,284.0,-354.0,1.0
3968500,2729500.0,4.0,4.0,11.0,12.2,990.0,46.0,5.1,5.0,3.2,39.0,407.0,193.0,302.0,-358.0,1.0
3968500,2729500.0,4.0,4.0,12.0,13.1,989.0,75.0,5.4,5.0,3.3,35.0,456.0,210.0,306.0,-366.0,1.0
3968500,2729500.0,4.0,4.0,13.0,14.2,989.0,75.0,5.0,5.0,3.1,32.0,459.0,222.0,307.0,-376.0,1.0
3968500,2729500.0,4.0,4.0,14.0,15.1,988.0,90.0,5.6,6.0,3.0,28.0,323.0,275.0,311.0,-386.0,1.0
3968500,2729500.0,4.0,4.0,15.0,15.2,987.0,73.0,4.7,6.0,2.9,26.0,179.0,287.0,312.0,-392.0,1.0
3968500,2729500.0,4.0,4.0,16.0,14.4,987.0,55.0,5.1,5.0,2.9,27.0,140.0,236.0,303.0,-392.0,1.0
3968500,2729500.0,4.0,4.0,17.0,13.9,986.0,63.0,5.1,7.0,2.9,29.0,62.0,173.0,302.0,-388.0,1.0
3968500,2729500.0,4.0,4.0,18.0,12.9,986.0,43.0,5.4,6.0,3.0,31.0,37.0,93.0,302.0,-379.0,1.0
3968500,2729500.0,4.0,4.0,19.0,10.6,986.0,50.0,6.1,7.0,2.9,33.0,10.0,26.0,297.0,-367.0,1.0
3968500,2729500.0,4.0,4.0,20.0,9.1,987.0,43.0,4.7,6.0,2.7,35.0,0.0,0.0,291.0,-356.0,1.0
3968500,2729500.0,4.0,4.0,21.0,8.2,987.0,56.0,4.4,3.0,2.7,38.0,0.0,0.0,273.0,-348.0,1.0
3968500,2729500.0,4.0,4.0,22.0,7.3,987.0,23.0,3.1,1.0,2.8,41.0,0.0,0.0,253.0,-344.0,1.0
3968500,2729500.0,4.0,4.0,23.0,6.4,987.0,50.0,2.8,1.0,2.7,43.0,0.0,0.0,243.0,-340.0,1.0
3968500,2729500.0,4.0,4.0,24.0,5.4,987.0,66.0,3.1,2.0,2.6,44.0,0.0,0.0,243.0,-337.0,1.0
3968500,2729500.0,4.0,5.0,1.0,5.0,987.0,0.0,2.6,1.0,2.5,45.0,0.0,0.0,240.0,-335.0,1.0
3968500,2729500.0,4.0,5.0,2.0,4.1,987.0,71.0,2.5,1.0,2.5,46.0,0.0,0.0,234.0,-332.0,1.0
3968500,2729500.0,4.0,5.0,3.0,3.4,987.0,350.0,2.6,1.0,2.5,50.0,0.0,0.0,231.0,-331.0,1.0
3968500,2729500.0,4.0,5.0,4.0,2.3,987.0,338.0,3.6,1.0,2.6,54.0,0.0,0.0,228.0,-332.0,1.0
3968500,2729500.0,4.0,5.0,5.0,1.7,987.0,328.0,3.8,1.0,2.6,57.0,0.0,0.0,224.0,-333.0,1.0
3968500,2729500.0,4.0,5.0,6.0,1.5,987.0,61.0,4.0,1.0,2.6,58.0,0.0,0.0,222.0,-332.0,1.0
3968500,2729500.0,4.0,5.0,7.0,2.7,988.0,11.0,3.8,0.0,2.6,57.0,21.0,38.0,217.0,-331.0,1.0
3968500,2729500.0,4.0,5.0,8.0,5.1,988.0,20.0,3.6,1.0,2.6,52.0,97.0,92.0,220.0,-331.0,1.0
3968500,2729500.0,4.0,5.0,9.0,6.6,988.0,47.0,4.6,1.0,2.5,43.0,237.0,121.0,228.0,-333.0,1.0
3968500,2729500.0,4.0,5.0,10.0,8.5,988.0,89.0,6.4,1.0,2.4,36.0,383.0,134.0,231.0,-336.0,1.0
3968500,2729500.0,4.0,5.0,11.0,9.6,988.0,71.0,7.3,0.0,2.4,32.0,489.0,144.0,231.0,-341.0,1.0
3968500,2729500.0,4.0,5.0,12.0,11.1,989.0,91.0,7.2,0.0,2.5,32.0,547.0,151.0,233.0,-346.0,1.0
3968500,2729500.0,4.0,5.0,13.0,11.0,989.0,86.0,7.7,0.0,2.7,32.0,562.0,155.0,239.0,-352.0,1.0
3968500,2729500.0,4.0,5.0,14.0,11.4,989.0,51.0,8.0,0.0,2.8,33.0,532.0,155.0,242.0,-361.0,1.0
3968500,2729500.0,4.0,5.0,15.0,11.3,989.0,45.0,7.0,1.0,2.8,33.0,463.0,147.0,249.0,-371.0,1.0
3968500,2729500.0,4.0,5.0,16.0,10.2,989.0,67.0,7.5,1.0,2.8,34.0,362.0,132.0,250.0,-373.0,1.0
3968500,2729500.0,4.0,5.0,17.0,9.1,989.0,53.0,8.4,1.0,2.8,37.0,231.0,112.0,248.0,-369.0,1.0
3968500,2729500.0,4.0,5.0,18.0,7.9,989.0,50.0,8.1,1.0,2.8,40.0,103.0,79.0,244.0,-361.0,1.0
3968500,2729500.0,4.0,5.0,19.0,6.3,989.0,45.0,6.4,1.0,2.7,43.0,15.0,26.0,239.0,-351.0,1.0
3968500,2729500.0,4.0,5.0,20.0,5.3,990.0,49.0,4.9,1.0,2.7,46.0,0.0,0.0,234.0,-342.0,1.0
3968500,2729500.0,4.0,5.0,21.0,4.5,991.0,35.0,3.9,0.0,2.6,48.0,0.0,0.0,228.0,-334.0,1.0
3968500,2729500.0,4.0,5.0,22.0,3.7,992.0,52.0,3.2,1.0,2.6,51.0,0.0,0.0,225.0,-328.0,1.0
3968500,2729500.0,4.0,5.0,23.0,3.0,992.0,32.0,3.7,1.0,2.6,53.0,0.0,0.0,225.0,-322.0,1.0
3968500,2729500.0,4.0,5.0,24.0,2.3,993.0,46.0,3.5,2.0,2.7,57.0,0.0,0.0,225.0,-318.0,1.0
3968500,2729500.0,4.0,6.0,1.0,1.3,993.0,34.0,2.8,1.0,2.8,63.0,0.0,0.0,222.0,-315.0,1.0
3968500,2729500.0,4.0,6.0,2.0,0.8,994.0,31.0,3.2,1.0,2.8,67.0,0.0,0.0,217.0,-314.0,1.0
3968500,2729500.0,4.0,6.0,3.0,-0.5,994.0,37.0,3.0,2.0,2.7,70.0,0.0,0.0,217.0,-311.0,1.0
3968500,2729500.0,4.0,6.0,4.0,-1.6,993.0,31.0,2.8,2.0,2.7,74.0,0.0,0.0,218.0,-308.0,1.0
3968500,2729500.0,4.0,6.0,5.0,-1.4,994.0,11.0,2.4,1.0,2.7,77.0,0.0,0.0,214.0,-307.0,1.0
3968500,2729500.0,4.0,6.0,6.0,-2.4,994.0,24.0,2.1,1.0,2.6,78.0,0.0,0.0,209.0,-307.0,1.0
3968500,2729500.0,4.0,6.0,7.0,-1.3,995.0,40.0,3.2,1.0,2.6,77.0,26.0,38.0,208.0,-306.0,1.0
3968500,2729500.0,4.0,6.0,8.0,-0.2,995.0,32.0,3.9,0.0,2.6,71.0,135.0,83.0,205.0,-308.0,1.0
3968500,2729500.0,4.0,6.0,9.0,1.4,997.0,26.0,4.9,0.0,2.5,63.0,272.0,108.0,203.0,-313.0,1.0
3968500,2729500.0,4.0,6.0,10.0,1.8,997.0,41.0,5.8,2.0,2.5,57.0,371.0,133.0,213.0,-320.0,1.0
3968500,2729500.0,4.0,6.0,11.0,3.7,997.0,64.0,5.6,3.0,2.5,53.0,369.0,207.0,230.0,-333.0,1.0
3968500,2729500.0,4.0,6.0,12.0,4.2,997.0,46.0,5.2,2.0,2.5,50.0,502.0,170.0,235.0,-347.0,1.0
3968500,2729500.0,4.0,6.0,13.0,5.9,997.0,59.0,4.4,2.0,2.6,48.0,579.0,142.0,234.0,-357.0,1.0
3968500,2729500.0,4.0,6.0,14.0,6.2,997.0,23.0,4.3,2.0,2.7,45.0,540.0,145.0,238.0,-363.0,1.0
3968500,2729500.0,4.0,6.0,15.0,7.1,996.0,43.0,4.7,1.0,2.7,43.0,488.0,131.0,235.0,-366.0,1.0
3968500,2729500.0,4.0,6.0,16.0,7.6,996.0,34.0,5.0,1.0,2.8,44.0,389.0,117.0,234.0,-364.0,1.0
3968500,2729500.0,4.0,6.0,17.0,6.8,996.0,30.0,5.4,2.0,2.9,45.0,246.0,104.0,238.0,-358.0,1.0
3968500,2729500.0,4.0,6.0,18.0,6.1,996.0,33.0,5.3,1.0,2.9,48.0,115.0,75.0,236.0,-349.0,1.0
3968500,2729500.0,4.0,6.0,19.0,5.0,996.0,25.0,4.2,1.0,3.0,52.0,19.0,25.0,229.0,-338.0,1.0
3968500,2729500.0,4.0,6.0,20.0,3.6,997.0,119.0,3.1,1.0,3.0,58.0,0.0,0.0,226.0,-328.0,1.0
3968500,2729500.0,4.0,6.0,21.0,2.3,998.0,168.0,2.3,0.0,3.0,63.0,0.0,0.0,216.0,-320.0,1.0
3968500,2729500.0,4.0,6.0,22.0,1.0,998.0,194.0,1.9,0.0,3.0,69.0,0.0,0.0,208.0,-316.0,1.0
3968500,2729500.0,4.0,6.0,23.0,0.2,998.0,236.0,1.9,0.0,2.9,71.0,0.0,0.0,204.0,-314.0,1.0
3968500,2729500.0,4.0,6.0,24.0,-0.1,998.0,246.0,2.1,0.0,2.8,70.0,0.0,0.0,201.0,-312.0,1.0
3968500,2729500.0,4.0,7.0,1.0,-0.2,995.0,280.0,2.2,0.0,2.7,68.0,0.0,0.0,219.0,-311.0,1.0
3968500,2729500.0,4.0,7.0,2.0,-0.1,996.0,309.0,2.3,0.0,2.5,65.0,0.0,0.0,203.0,-309.0,1.0
3968500,2729500.0,4.0,7.0,3.0,0.0,997.0,278.0,2.4,0.0,2.5,63.0,0.0,0.0,197.0,-308.0,1.0
3968500,2729500.0,4.0,7.0,4.0,-0.2,997.0,207.0,2.4,1.0,2.4,64.0,0.0,0.0,201.0,-308.0,1.0
3968500,2729500.0,4.0,7.0,5.0,-0.1,998.0,177.0,2.4,1.0,2.4,63.0,0.0,0.0,208.0,-309.0,1.0
3968500,2729500.0,4.0,7.0,6.0,-0.6,998.0,14.0,2.9,1.0,2.4,65.0,0.0,0.0,208.0,-310.0,1.0
3968500,2729500.0,4.0,7.0,7.0,0.2,999.0,344.0,2.3,1.0,2.4,64.0,33.0,38.0,210.0,-312.0,1.0
3968500,2729500.0,4.0,7.0,8.0,1.5,1000.0,336.0,2.9,0.0,2.5,61.0,153.0,73.0,209.0,-314.0,1.0
3968500,2729500.0,4.0,7.0,9.0,2.9,1002.0,16.0,3.6,0.0,2.6,59.0,307.0,81.0,209.0,-317.0,1.0
3968500,2729500.0,4.0,7.0,10.0,3.8,1003.0,87.0,3.6,0.0,2.7,55.0,450.0,82.0,212.0,-327.0,1.0
3968500,2729500.0,4.0,7.0,11.0,5.3,1003.0,351.0,4.4,1.0,2.7,51.0,563.0,80.0,220.0,-343.0,1.0
3968500,2729500.0,4.0,7.0,12.0,7.0,1004.0,7.0,4.4,0.0,2.5,42.0,632.0,83.0,224.0,-356.0,1.0
3968500,2729500.0,4.0,7.0,13.0,7.5,1004.0,344.0,3.8,0.0,2.3,36.0,684.0,60.0,221.0,-362.0,1.0
3968500,2729500.0,4.0,7.0,14.0,8.1,1004.0,359.0,3.9,0.0,2.3,35.0,645.0,65.0,224.0,-365.0,1.0
3968500,2729500.0,4.0,7.0,15.0,9.2,1004.0,343.0,4.6,0.0,2.2,32.0,568.0,66.0,226.0,-365.0,1.0
3968500,2729500.0,4.0,7.0,16.0,9.5,1004.0,343.0,4.8,0.0,2.2,30.0,456.0,63.0,228.0,-363.0,1.0
3968500,2729500.0,4.0,7.0,17.0,9.5,1004.0,342.0,4.9,0.0,2.3,31.0,285.0,75.0,230.0,-361.0,1.0
3968500,2729500.0,4.0,7.0,18.0,8.7,1004.0,342.0,4.7,1.0,2.5,35.0,120.0,68.0,238.0,-356.0,1.0
3968500,2729500.0,4.0,7.0,19.0,7.9,1004.0,349.0,3.8,2.0,3.0,44.0,20.0,27.0,250.0,-350.0,1.0
3968500,2729500.0,4.0,7.0,20.0,6.8,1005.0,346.0,2.7,2.0,3.5,54.0,0.0,0.0,256.0,-346.0,1.0
3968500,2729500.0,4.0,7.0,21.0,6.1,1006.0,346.0,2.0,3.0,3.9,64.0,0.0,0.0,260.0,-342.0,1.0
3968500,2729500.0,4.0,7.0,22.0,4.8,1006.0,349.0,1.7,1.0,4.0,71.0,0.0,0.0,253.0,-338.0,1.0
3968500,2729500.0,4.0,7.0,23.0,4.3,1007.0,342.0,1.6,1.0,4.0,76.0,0.0,0.0,241.0,-333.0,1.0
3968500,2729500.0,4.0,7.0,24.0,3.5,1007.0,356.0,2.1,1.0,4.1,81.0,0.0,0.0,240.0,-329.0,1.0
3968500,2729500.0,4.0,8.0,1.0,2.8,1008.0,342.0,1.9,0.0,4.1,86.0,0.0,0.0,232.0,-326.0,1.0
3968500,2729500.0,4.0,8.0,2.0,2.0,1007.0,344.0,1.7,1.0,4.1,90.0,0.0,0.0,230.0,-323.0,1.0
3968500,2729500.0,4.0,8.0,3.0,1.0,1008.0,92.0,1.4,1.0,3.9,92.0,0.0,0.0,231.0,-321.0,1.0
3968500,2729500.0,4.0,8.0,4.0,0.1,1008.0,70.0,1.5,1.0,3.8,95.0,0.0,0.0,228.0,-319.0,1.0
3968500,2729500.0,4.0,8.0,5.0,-0.9,1008.0,124.0,1.6,2.0,3.6,98.0,0.0,0.0,231.0,-317.0,1.0
3968500,2729500.0,4.0,8.0,6.0,-0.7,1008.0,233.0,1.9,3.0,3.5,98.0,0.0,0.0,240.0,-316.0,1.0
3968500,2729500.0,4.0,8.0,7.0,0.2,1008.0,355.0,1.8,5.0,3.6,97.0,15.0,38.0,257.0,-316.0,1.0
3968500,2729500.0,4.0,8.0,8.0,1.4,1008.0,348.0,1.8,5.0,3.8,94.0,82.0,98.0,270.0,-318.0,1.0
3968500,2729500.0,4.0,8.0,9.0,3.5,1008.0,340.0,1.9,5.0,4.0,88.0,131.0,164.0,275.0,-328.0,1.0
3968500,2729500.0,4.0,8.0,10.0,5.8,1009.0,316.0,2.4,6.0,4.0,75.0,254.0,188.0,284.0,-343.0,1.0
3968500,2729500.0,4.0,8.0,11.0,8.1,1008.0,336.0,3.8,6.0,3.7,59.0,461.0,142.0,294.0,-355.0,1.0
3968500,2729500.0,4.0,8.0,12.0,9.3,1008.0,314.0,4.8,5.0,3.6,51.0,524.0,146.0,294.0,-364.0,1.0
3968500,2729500.0,4.0,8.0,13.0,10.0,1007.0,317.0,5.2,4.0,3.6,48.0,381.0,237.0,287.0,-370.0,1.0
3968500,2729500.0,4.0,8.0,14.0,10.1,1006.0,325.0,6.1,4.0,3.5,46.0,220.0,287.0,283.0,-374.0,1.0
3968500,2729500.0,4.0,8.0,15.0,10.5,1006.0,328.0,5.4,2.0,3.6,46.0,339.0,197.0,274.0,-375.0,1.0
3968500,2729500.0,4.0,8.0,16.0,10.5,1006.0,330.0,5.4,3.0,3.7,47.0,126.0,216.0,270.0,-373.0,1.0
3968500,2729500.0,4.0,8.0,17.0,10.9,1006.0,342.0,5.8,5.0,3.7,46.0,59.0,160.0,285.0,-369.0,1.0
3968500,2729500.0,4.0,8.0,18.0,10.1,1005.0,327.0,4.6,4.0,3.6,45.0,56.0,86.0,288.0,-363.0,1.0
3968500,2729500.0,4.0,8.0,19.0,9.0,1005.0,353.0,4.0,4.0,3.5,47.0,13.0,28.0,279.0,-356.0,1.0
3968500,2729500.0,4.0,8.0,20.0,7.8,1005.0,326.0,1.3,3.0,3.5,50.0,0.0,0.0,269.0,-347.0,1.0
3968500,2729500.0,4.0,8.0,21.0,5.7,1005.0,356.0,1.5,2.0,3.6,58.0,0.0,0.0,255.0,-340.0,1.0
3968500,2729500.0,4.0,8.0,22.0,4.8,1005.0,15.0,2.1,2.0,3.7,66.0,0.0,0.0,247.0,-335.0,1.0
3968500,2729500.0,4.0,8.0,23.0,4.2,1006.0,351.0,1.8,2.0,3.8,72.0,0.0,0.0,244.0,-331.0,1.0
3968500,2729500.0,4.0,8.0,24.0,2.8,1006.0,315.0,1.5,2.0,4.0,81.0,0.0,0.0,241.0,-326.0,1.0
3968500,2729500.0,4.0,9.0,1.0,1.6,1006.0,24.0,1.8,2.0,4.0,89.0,0.0,0.0,238.0,-320.0,1.0
3968500,2729500.0,4.0,9.0,2.0,0.7,1005.0,340.0,1.2,1.0,3.8,92.0,0.0,0.0,230.0,-318.0,1.0
3968500,2729500.0,4.0,9.0,3.0,0.4,1004.0,7.0,1.1,0.0,3.8,95.0,0.0,0.0,219.0,-318.0,1.0
3968500,2729500.0,4.0,9.0,4.0,-0.9,1004.0,340.0,0.8,0.0,3.7,98.0,0.0,0.0,211.0,-317.0,1.0
3968500,2729500.0,4.0,9.0,5.0,-1.1,1004.0,17.0,0.7,1.0,3.6,100.0,0.0,0.0,211.0,-315.0,1.0
3968500,2729500.0,4.0,9.0,6.0,-1.7,1004.0,46.0,0.3,3.0,3.5,100.0,0.0,0.0,222.0,-315.0,1.0
3968500,2729500.0,4.0,9.0,7.0,-0.6,1004.0,56.0,0.3,3.0,3.5,100.0,13.0,52.0,230.0,-315.0,1.0
3968500,2729500.0,4.0,9.0,8.0,1.3,1003.0,67.0,0.8,3.0,3.8,97.0,58.0,137.0,233.0,-316.0,1.0
3968500,2729500.0,4.0,9.0,9.0,2.8,1004.0,53.0,1.0,5.0,4.0,91.0,62.0,221.0,246.0,-329.0,1.0
3968500,2729500.0,4.0,9.0,10.0,4.8,1004.0,10.0,1.2,6.0,4.3,85.0,114.0,303.0,263.0,-348.0,1.0
3968500,2729500.0,4.0,9.0,11.0,6.9,1003.0,62.0,1.1,6.0,4.6,79.0,163.0,362.0,273.0,-365.0,1.0
3968500,2729500.0,4.0,9.0,12.0,8.3,1002.0,356.0,1.1,7.0,4.8,73.0,95.0,378.0,283.0,-379.0,1.0
3968500,2729500.0,4.0,9.0,13.0,9.5,1002.0,336.0,1.6,6.0,4.7,66.0,135.0,403.0,285.0,-388.0,1.0
3968500,2729500.0,4.0,9.0,14.0,10.5,1001.0,212.0,0.9,6.0,4.6,60.0,128.0,386.0,285.0,-393.0,1.0
3968500,2729500.0,4.0,9.0,15.0,10.9,1000.0,172.0,1.4,4.0,4.7,58.0,150.0,350.0,280.0,-391.0,1.0
3968500,2729500.0,4.0,9.0,16.0,10.5,999.0,138.0,1.6,5.0,4.6,57.0,86.0,277.0,276.0,-386.0,1.0
3968500,2729500.0,4.0,9.0,17.0,10.7,998.0,110.0,2.0,7.0,4.4,54.0,26.0,180.0,283.0,-381.0,1.0
3968500,2729500.0,4.0,9.0,18.0,10.5,997.0,128.0,1.3,7.0,4.1,51.0,5.0,88.0,287.0,-373.0,1.0
3968500,2729500.0,4.0,9.0,19.0,9.8,996.0,60.0,1.7,8.0,4.1,52.0,0.0,14.0,287.0,-363.0,1.0
3968500,2729500.0,4.0,9.0,20.0,8.8,996.0,325.0,1.3,7.0,4.2,56.0,0.0,0.0,283.0,-352.0,1.0
3968500,2729500.0,4.0,9.0,21.0,8.4,996.0,26.0,1.1,7.0,4.3,60.0,0.0,0.0,279.0,-345.0,1.0
3968500,2729500.0,4.0,9.0,22.0,8.0,996.0,29.0,1.4,6.0,4.3,62.0,0.0,0.0,276.0,-340.0,1.0
3968500,2729500.0,4.0,9.0,23.0,7.3,996.0,20.0,1.9,6.0,4.3,66.0,0.0,0.0,272.0,-337.0,1.0
3968500,2729500.0,4.0,9.0,24.0,6.7,996.0,49.0,1.1,7.0,4.6,72.0,0.0,0.0,274.0,-336.0,1.0
3968500,2729500.0,4.0,10.0,1.0,6.6,995.0,4.0,1.4,6.0,4.7,76.0,0.0,0.0,274.0,-334.0,1.0
3968500,2729500.0,4.0,10.0,2.0,5.7,995.0,356.0,1.9,5.0,4.7,78.0,0.0,0.0,266.0,-332.0,1.0
3968500,2729500.0,4.0,10.0,3.0,5.4,994.0,334.0,1.8,5.0,4.6,80.0,0.0,0.0,261.0,-329.0,1.0
3968500,2729500.0,4.0,10.0,4.0,5.3,994.0,336.0,1.9,5.0,4.5,80.0,0.0,0.0,262.0,-327.0,1.0
3968500,2729500.0,4.0,10.0,5.0,4.9,993.0,342.0,1.3,5.0,4.6,82.0,0.0,0.0,261.0,-325.0,1.0
3968500,2729500.0,4.0,10.0,6.0,4.8,993.0,329.0,1.6,6.0,4.6,84.0,0.0,0.0,264.0,-323.0,1.0
3968500,2729500.0,4.0,10.0,7.0,4.9,993.0,8.0,3.8,6.0,4.6,83.0,0.0,28.0,269.0,-322.0,1.0
3968500,2729500.0,4.0,10.0,8.0,5.9,993.0,10.0,3.1,5.0,4.7,82.0,38.0,120.0,266.0,-324.0,1.0
3968500,2729500.0,4.0,10.0,9.0,7.8,993.0,351.0,2.8,5.0,4.8,77.0,110.0,191.0,266.0,-330.0,1.0
3968500,2729500.0,4.0,10.0,10.0,9.4,993.0,66.0,3.0,6.0,4.6,64.0,231.0,226.0,274.0,-339.0,1.0
3968500,2729500.0,4.0,10.0,11.0,10.2,992.0,67.0,4.5,6.0,4.1,54.0,220.0,290.0,281.0,-349.0,1.0
3968500,2729500.0,4.0,10.0,12.0,10.8,993.0,87.0,4.9,6.0,4.0,50.0,214.0,325.0,283.0,-358.0,1.0
3968500,2729500.0,4.0,10.0,13.0,11.0,993.0,75.0,4.8,5.0,4.1,50.0,338.0,295.0,282.0,-365.0,1.0
3968500,2729500.0,4.0,10.0,14.0,11.0,993.0,78.0,5.8,5.0,4.1,50.0,355.0,270.0,278.0,-369.0,1.0
3968500,2729500.0,4.0,10.0,15.0,11.2,992.0,58.0,5.0,5.0,4.1,48.0,133.0,293.0,279.0,-370.0,1.0
3968500,2729500.0,4.0,10.0,16.0,10.7,991.0,59.0,6.5,7.0,4.1,49.0,4.0,172.0,287.0,-367.0,1.0
3968500,2729500.0,4.0,10.0,17.0,9.8,991.0,44.0,6.9,5.0,4.2,53.0,68.0,172.0,284.0,-361.0,1.0
3968500,2729500.0,4.0,10.0,18.0,8.7,990.0,47.0,5.8,4.0,4.3,58.0,68.0,97.0,272.0,-352.0,1.0
3968500,2729500.0,4.0,10.0,19.0,7.5,990.0,40.0,4.9,6.0,4.4,65.0,8.0,31.0,273.0,-342.0,1.0
3968500,2729500.0,4.0,10.0,20.0,6.8,990.0,40.0,4.4,7.0,4.5,70.0,0.0,0.0,281.0,-333.0,1.0
3968500,2729500.0,4.0,10.0,21.0,6.2,991.0,35.0,3.3,7.0,4.4,72.0,0.0,0.0,285.0,-327.0,1.0
3968500,2729500.0,4.0,10.0,22.0,5.2,991.0,29.0,2.6,5.0,4.2,73.0,0.0,0.0,278.0,-323.0,1.0
3968500,2729500.0,4.0,10.0,23.0,4.7,991.0,13.0,2.3,5.0,4.1,74.0,0.0,0.0,268.0,-320.0,1.0
3968500,2729500.0,4.0,10.0,24.0,4.2,991.0,2.0,2.2,3.0,3.9,74.0,0.0,0.0,258.0,-317.0,1.0
3968500,2729500.0,4.0,11.0,1.0,3.2,991.0,1.0,2.9,1.0,3.7,73.0,0.0,0.0,237.0,-316.0,1.0
3968500,2729500.0,4.0,11.0,2.0,2.5,991.0,353.0,2.4,2.0,3.5,73.0,0.0,0.0,229.0,-315.0,1.0
3968500,2729500.0,4.0,11.0,3.0,2.1,991.0,351.0,2.7,2.0,3.3,72.0,0.0,0.0,231.0,-314.0,1.0
3968500,2729500.0,4.0,11.0,4.0,1.5,991.0,351.0,2.0,2.0,3.2,73.0,0.0,0.0,228.0,-311.0,1.0
3968500,2729500.0,4.0,11.0,5.0,0.6,990.0,343.0,2.1,4.0,3.2,77.0,0.0,0.0,234.0,-309.0,1.0
3968500,2729500.0,4.0,11.0,6.0,0.7,990.0,345.0,2.8,4.0,3.2,79.0,0.0,1.0,242.0,-309.0,1.0
3968500,2729500.0,4.0,11.0,7.0,0.9,990.0,350.0,3.5,3.0,3.2,78.0,16.0,43.0,239.0,-309.0,1.0
3968500,2729500.0,4.0,11.0,8.0,2.5,990.0,5.0,2.7,3.0,3.4,78.0,111.0,96.0,238.0,-312.0,1.0
3968500,2729500.0,4.0,11.0,9.0,4.7,990.0,18.0,2.9,2.0,3.6,72.0,326.0,87.0,238.0,-317.0,1.0
3968500,2729500.0,4.0,11.0,10.0,6.5,990.0,43.0,3.1,2.0,3.6,62.0,479.0,84.0,238.0,-327.0,1.0
3968500,2729500.0,4.0,11.0,11.0,8.6,990.0,52.0,3.2,2.0,3.7,56.0,574.0,87.0,245.0,-341.0,1.0
3968500,2729500.0,4.0,11.0,12.0,9.2,989.0,77.0,3.3,2.0,3.8,53.0,552.0,143.0,250.0,-352.0,1.0
3968500,2729500.0,4.0,11.0,13.0,11.1,989.0,37.0,3.5,3.0,3.9,50.0,606.0,122.0,261.0,-363.0,1.0
3968500,2729500.0,4.0,11.0,14.0,10.5,988.0,38.0,3.4,5.0,3.9,48.0,150.0,311.0,280.0,-369.0,1.0
3968500,2729500.0,4.0,11.0,15.0,11.1,988.0,36.0,3.7,6.0,3.8,46.0,53.0,266.0,295.0,-371.0,1.0
3968500,2729500.0,4.0,11.0,16.0,10.8,987.0,50.0,3.6,6.0,3.8,46.0,29.0,210.0,300.0,-370.0,1.0
3968500,2729500.0,4.0,11.0,17.0,10.6,986.0,49.0,3.2,7.0,3.8,46.0,15.0,149.0,303.0,-365.0,1.0
3968500,2729500.0,4.0,11.0,18.0,10.2,986.0,70.0,2.6,6.0,3.8,47.0,8.0,86.0,300.0,-357.0,1.0
3968500,2729500.0,4.0,11.0,19.0,9.3,986.0,72.0,3.2,6.0,3.8,50.0,4.0,27.0,292.0,-347.0,1.0
3968500,2729500.0,4.0,11.0,20.0,8.1,985.0,57.0,2.1,6.0,3.8,53.0,0.0,0.0,288.0,-336.0,1.0
3968500,2729500.0,4.0,11.0,21.0,6.5,984.0,340.0,1.8,6.0,3.9,60.0,0.0,0.0,283.0,-329.0,1.0
3968500,2729500.0,4.0,11.0,22.0,6.0,984.0,350.0,1.5,3.0,4.1,68.0,0.0,0.0,267.0,-324.0,1.0
3968500,2729500.0,4.0,11.0,23.0,4.9,984.0,96.0,1.1,2.0,4.1,71.0,0.0,0.0,244.0,-320.0,1.0
3968500,2729500.0,4.0,11.0,24.0,4.6,984.0,20.0,1.1,2.0,4.0,73.0,0.0,0.0,237.0,-316.0,1.0
3968500,2729500.0,4.0,12.0,1.0,3.0,983.0,124.0,1.5,1.0,4.0,77.0,0.0,0.0,231.0,-315.0,1.0
3968500,2729500.0,4.0,12.0,2.0,1.8,982.0,122.0,1.3,0.0,3.9,83.0,0.0,0.0,217.0,-315.0,1.0
3968500,2729500.0,4.0,12.0,3.0,1.0,981.0,23.0,0.9,1.0,3.8,88.0,0.0,0.0,214.0,-313.0,1.0
3968500,2729500.0,4.0,12.0,4.0,0.2,981.0,350.0,0.9,1.0,3.8,92.0,0.0,0.0,216.0,-311.0,1.0
3968500,2729500.0,4.0,12.0,5.0,-1.0,980.0,3.0,0.8,1.0,3.7,96.0,0.0,0.0,212.0,-310.0,1.0
3968500,2729500.0,4.0,12.0,6.0,-1.3,979.0,13.0,0.9,1.0,3.6,98.0,0.0,2.0,209.0,-309.0,1.0
3968500,2729500.0,4.0,12.0,7.0,-0.2,979.0,23.0,0.3,3.0,3.6,98.0,25.0,54.0,220.0,-310.0,1.0
3968500,2729500.0,4.0,12.0,8.0,1.6,979.0,149.0,0.7,2.0,3.8,92.0,88.0,125.0,228.0,-312.0,1.0
3968500,2729500.0,4.0,12.0,9.0,4.7,978.0,243.0,0.3,2.0,3.9,80.0,197.0,183.0,230.0,-319.0,1.0
3968500,2729500.0,4.0,12.0,10.0,7.9,978.0,188.0,1.1,3.0,4.2,69.0,290.0,232.0,245.0,-334.0,1.0
3968500,2729500.0,4.0,12.0,11.0,9.7,977.0,170.0,2.0,3.0,4.3,59.0,369.0,265.0,258.0,-353.0,1.0
3968500,2729500.0,4.0,12.0,12.0,11.1,976.0,155.0,2.5,3.0,3.9,48.0,435.0,276.0,262.0,-366.0,1.0
3968500,2729500.0,4.0,12.0,13.0,12.3,975.0,144.0,2.4,2.0,3.5,40.0,381.0,316.0,259.0,-374.0,1.0
3968500,2729500.0,4.0,12.0,14.0,12.8,974.0,186.0,2.5,2.0,3.5,38.0,280.0,339.0,258.0,-379.0,1.0
3968500,2729500.0,4.0,12.0,15.0,13.1,973.0,161.0,2.1,3.0,3.5,37.0,218.0,313.0,265.0,-379.0,1.0
3968500,2729500.0,4.0,12.0,16.0,13.2,973.0,150.0,3.2,5.0,3.4,35.0,78.0,254.0,280.0,-377.0,1.0
3968500,2729500.0,4.0,12.0,17.0,12.8,972.0,146.0,2.6,5.0,3.3,34.0,63.0,187.0,289.0,-372.0,1.0
3968500,2729500.0,4.0,12.0,18.0,12.3,971.0,153.0,2.6,4.0,3.3,35.0,71.0,113.0,281.0,-364.0,1.0
3968500,2729500.0,4.0,12.0,19.0,11.1,971.0,155.0,3.1,5.0,3.4,38.0,7.0,35.0,278.0,-354.0,1.0
3968500,2729500.0,4.0,12.0,20.0,10.6,971.0,133.0,2.4,6.0,3.6,43.0,0.0,0.0,287.0,-344.0,1.0
3968500,2729500.0,4.0,12.0,21.0,10.1,971.0,161.0,2.0,6.0,3.7,46.0,0.0,0.0,291.0,-335.0,1.0
3968500,2729500.0,4.0,12.0,22.0,9.1,971.0,167.0,2.0,7.0,4.1,52.0,0.0,0.0,296.0,-329.0,1.0
3968500,2729500.0,4.0,12.0,23.0,8.2,970.0,181.0,2.0,6.0,4.6,64.0,0.0,0.0,296.0,-325.0,1.0
3968500,2729500.0,4.0,12.0,24.0,7.0,970.0,191.0,1.0,4.0,5.0,73.0,0.0,0.0,278.0,-322.0,1.0
3968500,2729500.0,4.0,13.0,1.0,6.1,970.0,229.0,1.6,1.0,5.0,80.0,0.0,0.0,248.0,-318.0,1.0
3968500,2729500.0,4.0,13.0,2.0,5.8,969.0,204.0,1.2,2.0,5.1,85.0,0.0,0.0,236.0,-316.0,1.0
3968500,2729500.0,4.0,13.0,3.0,6.0,968.0,171.0,1.6,4.0,5.3,88.0,0.0,0.0,253.0,-315.0,1.0
3968500,2729500.0,4.0,13.0,4.0,5.7,968.0,116.0,1.3,5.0,5.4,89.0,0.0,0.0,270.0,-314.0,1.0
3968500,2729500.0,4.0,13.0,5.0,6.1,967.0,172.0,1.9,7.0,5.5,91.0,0.0,0.0,287.0,-312.0,1.0
3968500,2729500.0,4.0,13.0,6.0,6.1,967.0,160.0,2.2,7.0,5.8,94.0,0.0,1.0,301.0,-310.0,1.0
3968500,2729500.0,4.0,13.0,7.0,6.1,966.0,169.0,2.7,8.0,5.8,95.0,0.0,23.0,309.0,-311.0,1.0
3968500,2729500.0,4.0,13.0,8.0,6.3,966.0,169.0,3.2,6.0,5.7,93.0,6.0,103.0,305.0,-314.0,1.0
3968500,2729500.0,4.0,13.0,9.0,6.5,967.0,202.0,3.2,6.0,5.6,90.0,12.0,166.0,293.0,-322.0,1.0
3968500,2729500.0,4.0,13.0,10.0,7.1,967.0,187.0,5.1,7.0,5.6,86.0,0.0,138.0,300.0,-339.0,1.0
3968500,2729500.0,4.0,13.0,11.0,5.4,967.0,203.0,4.3,7.0,5.4,87.0,0.0,130.0,305.0,-356.0,1.0
3968500,2729500.0,4.0,13.0,12.0,6.0,968.0,191.0,4.6,8.0,5.2,88.0,0.0,189.0,311.0,-369.0,1.0
3968500,2729500.0,4.0,13.0,13.0,8.1,969.0,185.0,4.8,6.0,5.2,79.0,69.0,316.0,310.0,-380.0,1.0
3968500,2729500.0,4.0,13.0,14.0,10.7,969.0,183.0,6.8,6.0,4.6,60.0,116.0,307.0,304.0,-386.0,1.0
3968500,2729500.0,4.0,13.0,15.0,9.5,969.0,213.0,6.3,4.0,3.6,45.0,226.0,251.0,290.0,-387.0,1.0
3968500,2729500.0,4.0,13.0,16.0,9.7,970.0,197.0,6.8,3.0,3.5,45.0,205.0,198.0,269.0,-382.0,1.0
3968500,2729500.0,4.0,13.0,17.0,8.6,970.0,193.0,6.6,3.0,3.6,48.0,253.0,98.0,260.0,-372.0,1.0
3968500,2729500.0,4.0,13.0,18.0,7.4,971.0,191.0,6.1,2.0,3.5,51.0,150.0,64.0,247.0,-362.0,1.0
3968500,2729500.0,4.0,13.0,19.0,4.5,972.0,185.0,3.1,4.0,4.0,67.0,5.0,31.0,246.0,-355.0,1.0
3968500,2729500.0,4.0,13.0,20.0,3.9,972.0,169.0,1.2,3.0,4.5,85.0,0.0,0.0,249.0,-351.0,1.0
3968500,2729500.0,4.0,13.0,21.0,2.9,972.0,181.0,1.0,2.0,4.4,87.0,0.0,0.0,235.0,-348.0,1.0
3968500,2729500.0,4.0,13.0,22.0,2.6,973.0,160.0,0.7,3.0,4.2,87.0,0.0,0.0,232.0,-347.0,1.0
3968500,2729500.0,4.0,13.0,23.0,1.8,973.0,175.0,0.3,3.0,4.0,86.0,0.0,0.0,234.0,-346.0,1.0
3968500,2729500.0,4.0,13.0,24.0,2.0,973.0,204.0,1.4,3.0,3.9,86.0,0.0,0.0,234.0,-345.0,1.0
3968500,2729500.0,4.0,14.0,1.0,2.0,973.0,170.0,1.6,5.0,4.0,87.0,0.0,0.0,246.0,-344.0,1.0
3968500,2729500.0,4.0,14.0,2.0,2.7,973.0,174.0,2.3,6.0,4.0,86.0,0.0,0.0,262.0,-344.0,1.0
3968500,2729500.0,4.0,14.0,3.0,3.4,972.0,171.0,2.8,7.0,4.2,85.0,0.0,0.0,275.0,-343.0,1.0
3968500,2729500.0,4.0,14.0,4.0,3.6,972.0,183.0,3.2,8.0,4.6,90.0,0.0,0.0,289.0,-341.0,1.0
3968500,2729500.0,4.0,14.0,5.0,3.7,972.0,168.0,3.3,8.0,4.8,94.0,0.0,0.0,297.0,-339.0,1.0
3968500,2729500.0,4.0,14.0,6.0,3.9,972.0,170.0,3.2,8.0,4.8,93.0,0.0,2.0,299.0,-336.0,1.0
3968500,2729500.0,4.0,14.0,7.0,4.5,972.0,166.0,4.2,7.0,5.0,93.0,18.0,44.0,296.0,-334.0,1.0
3968500,2729500.0,4.0,14.0,8.0,2.9,972.0,208.0,4.3,7.0,4.8,92.0,0.0,74.0,291.0,-334.0,1.0
3968500,2729500.0,4.0,14.0,9.0,4.2,973.0,177.0,5.3,6.0,4.6,89.0,240.0,109.0,286.0,-339.0,1.0
3968500,2729500.0,4.0,14.0,10.0,5.8,974.0,183.0,5.2,6.0,4.4,78.0,166.0,215.0,284.0,-347.0,1.0
3968500,2729500.0,4.0,14.0,11.0,6.9,975.0,207.0,5.9,7.0,4.1,67.0,13.0,245.0,294.0,-356.0,1.0
3968500,2729500.0,4.0,14.0,12.0,8.8,975.0,183.0,6.8,5.0,4.1,60.0,209.0,280.0,296.0,-363.0,1.0
3968500,2729500.0,4.0,14.0,13.0,9.6,974.0,204.0,7.4,4.0,3.9,52.0,344.0,235.0,289.0,-368.0,1.0
3968500,2729500.0,4.0,14.0,14.0,10.7,974.0,208.0,6.2,5.0,3.8,48.0,190.0,280.0,293.0,-372.0,1.0
3968500,2729500.0,4.0,14.0,15.0,11.5,974.0,167.0,5.5,6.0,3.8,44.0,97.0,262.0,300.0,-375.0,1.0
3968500,2729500.0,4.0,14.0,16.0,11.3,973.0,166.0,7.2,6.0,3.6,42.0,67.0,214.0,300.0,-373.0,1.0
3968500,2729500.0,4.0,14.0,17.0,11.1,972.0,178.0,7.3,7.0,3.4,40.0,9.0,141.0,298.0,-367.0,1.0
3968500,2729500.0,4.0,14.0,18.0,10.6,972.0,183.0,5.5,6.0,3.4,41.0,12.0,86.0,296.0,-358.0,1.0
3968500,2729500.0,4.0,14.0,19.0,8.3,973.0,168.0,5.2,7.0,4.2,55.0,0.0,19.0,293.0,-349.0,1.0
3968500,2729500.0,4.0,14.0,20.0,6.2,973.0,157.0,3.9,7.0,4.9,75.0,0.0,0.0,294.0,-341.0,1.0
3968500,2729500.0,4.0,14.0,21.0,5.9,974.0,175.0,2.4,7.0,5.0,82.0,0.0,0.0,292.0,-336.0,1.0
3968500,2729500.0,4.0,14.0,22.0,5.9,975.0,180.0,2.9,7.0,5.1,85.0,0.0,0.0,292.0,-332.0,1.0
3968500,2729500.0,4.0,14.0,23.0,6.4,975.0,167.0,3.2,7.0,5.2,85.0,0.0,0.0,294.0,-330.0,1.0
3968500,2729500.0,4.0,14.0,24.0,6.6,975.0,175.0,2.9,7.0,5.2,83.0,0.0,0.0,295.0,-329.0,1.0
3968500,2729500.0,4.0,15.0,1.0,6.5,975.0,186.0,3.9,7.0,5.3,84.0,0.0,0.0,295.0,-330.0,1.0
3968500,2729500.0,4.0,15.0,2.0,7.0,976.0,181.0,3.9,7.0,5.3,84.0,0.0,0.0,296.0,-330.0,1.0
3968500,2729500.0,4.0,15.0,3.0,7.0,976.0,179.0,3.3,6.0,5.2,80.0,0.0,0.0,292.0,-330.0,1.0
3968500,2729500.0,4.0,15.0,4.0,6.5,976.0,221.0,2.8,6.0,5.0,79.0,0.0,0.0,285.0,-329.0,1.0
3968500,2729500.0,4.0,15.0,5.0,6.2,977.0,181.0,3.6,6.0,4.9,80.0,0.0,0.0,285.0,-328.0,1.0
3968500,2729500.0,4.0,15.0,6.0,5.6,977.0,215.0,3.9,7.0,4.9,82.0,0.0,3.0,289.0,-330.0,1.0
3968500,2729500.0,4.0,15.0,7.0,5.9,978.0,180.0,2.7,6.0,4.9,82.0,25.0,32.0,288.0,-334.0,1.0
3968500,2729500.0,4.0,15.0,8.0,6.3,978.0,177.0,2.4,6.0,5.0,82.0,22.0,91.0,284.0,-339.0,1.0
3968500,2729500.0,4.0,15.0,9.0,6.9,978.0,181.0,3.7,7.0,5.1,81.0,0.0,107.0,289.0,-345.0,1.0
3968500,2729500.0,4.0,15.0,10.0,7.4,978.0,192.0,4.3,8.0,5.1,79.0,0.0,129.0,302.0,-351.0,1.0
3968500,2729500.0,4.0,15.0,11.0,8.2,979.0,188.0,4.5,7.0,5.1,76.0,0.0,158.0,306.0,-356.0,1.0
3968500,2729500.0,4.0,15.0,12.0,8.3,979.0,189.0,4.4,7.0,5.1,72.0,0.0,216.0,304.0,-362.0,1.0
3968500,2729500.0,4.0,15.0,13.0,8.1,979.0,161.0,5.1,8.0,5.1,73.0,0.0,212.0,312.0,-365.0,1.0
3968500,2729500.0,4.0,15.0,14.0,7.2,979.0,188.0,3.4,8.0,5.5,82.0,0.0,175.0,320.0,-364.0,1.0
3968500,2729500.0,4.0,15.0,15.0,8.1,979.0,183.0,4.2,8.0,5.9,88.0,0.0,132.0,323.0,-361.0,1.0
3968500,2729500.0,4.0,15.0,16.0,8.3,979.0,188.0,4.8,7.0,5.8,83.0,0.0,142.0,319.0,-360.0,1.0
3968500,2729500.0,4.0,15.0,17.0,8.2,978.0,184.0,2.8,8.0,5.5,78.0,0.0,108.0,318.0,-361.0,1.0
3968500,2729500.0,4.0,15.0,18.0,8.0,978.0,217.0,2.2,7.0,5.6,80.0,12.0,77.0,317.0,-361.0,1.0
3968500,2729500.0,4.0,15.0,19.0,7.3,978.0,251.0,2.0,5.0,5.7,85.0,25.0,17.0,297.0,-359.0,1.0
3968500,2729500.0,4.0,15.0,20.0,5.4,978.0,241.0,1.6,3.0,5.5,88.0,0.0,0.0,265.0,-357.0,1.0
3968500,2729500.0,4.0,15.0,21.0,4.6,978.0,191.0,1.5,2.0,5.1,92.0,0.0,0.0,239.0,-356.0,1.0
3968500,2729500.0,4.0,15.0,22.0,4.9,978.0,171.0,1.5,5.0,5.2,94.0,0.0,0.0,255.0,-356.0,1.0
3968500,2729500.0,4.0,15.0,23.0,4.6,978.0,1.0,0.9,5.0,5.3,96.0,0.0,0.0,277.0,-356.0,1.0
3968500,2729500.0,4.0,15.0,24.0,3.9,978.0,165.0,0.8,6.0,5.2,98.0,0.0,0.0,283.0,-356.0,1.0
3968500,2729500.0,4.0,16.0,1.0,4.5,978.0,325.0,0.9,7.0,5.2,98.0,0.0,0.0,297.0,-356.0,1.0
3968500,2729500.0,4.0,16.0,2.0,4.9,977.0,348.0,1.0,7.0,5.3,96.0,0.0,0.0,305.0,-356.0,1.0
3968500,2729500.0,4.0,16.0,3.0,4.8,977.0,343.0,1.3,7.0,5.3,96.0,0.0,0.0,305.0,-355.0,1.0
3968500,2729500.0,4.0,16.0,4.0,4.5,977.0,329.0,1.7,7.0,5.3,97.0,0.0,0.0,304.0,-354.0,1.0
3968500,2729500.0,4.0,16.0,5.0,5.2,976.0,15.0,1.1,7.0,5.2,94.0,0.0,0.0,303.0,-351.0,1.0
3968500,2729500.0,4.0,16.0,6.0,5.4,976.0,354.0,0.0,7.0,5.1,89.0,0.0,4.0,304.0,-348.0,1.0
3968500,2729500.0,4.0,16.0,7.0,5.7,976.0,165.0,0.3,8.0,5.2,88.0,15.0,51.0,311.0,-347.0,1.0
3968500,2729500.0,4.0,16.0,8.0,7.7,976.0,171.0,2.0,5.0,5.5,86.0,106.0,108.0,304.0,-350.0,1.0
3968500,2729500.0,4.0,16.0,9.0,9.1,975.0,158.0,1.2,5.0,5.9,82.0,124.0,184.0,292.0,-355.0,1.0
3968500,2729500.0,4.0,16.0,10.0,11.2,975.0,172.0,1.7,6.0,6.2,77.0,123.0,248.0,303.0,-359.0,1.0
3968500,2729500.0,4.0,16.0,11.0,12.8,975.0,185.0,3.7,6.0,6.6,73.0,97.0,297.0,314.0,-361.0,1.0
3968500,2729500.0,4.0,16.0,12.0,12.0,975.0,171.0,4.1,6.0,6.7,72.0,12.0,272.0,317.0,-365.0,1.0
3968500,2729500.0,4.0,16.0,13.0,10.2,975.0,176.0,4.5,7.0,6.6,77.0,0.0,161.0,320.0,-367.0,1.0
3968500,2729500.0,4.0,16.0,14.0,9.9,976.0,171.0,3.8,8.0,6.7,84.0,0.0,151.0,326.0,-371.0,1.0
3968500,2729500.0,4.0,16.0,15.0,9.9,976.0,181.0,3.4,7.0,6.6,84.0,0.0,155.0,324.0,-375.0,1.0
3968500,2729500.0,4.0,16.0,16.0,9.4,977.0,174.0,4.2,7.0,6.5,84.0,0.0,99.0,317.0,-373.0,1.0
3968500,2729500.0,4.0,16.0,17.0,9.7,977.0,175.0,3.3,8.0,6.2,80.0,0.0,58.0,318.0,-369.0,1.0
3968500,2729500.0,4.0,16.0,18.0,9.8,977.0,201.0,3.5,6.0,5.9,75.0,4.0,85.0,312.0,-364.0,1.0
3968500,2729500.0,4.0,16.0,19.0,9.4,977.0,164.0,3.3,7.0,5.7,73.0,12.0,35.0,307.0,-360.0,1.0
3968500,2729500.0,4.0,16.0,20.0,8.5,976.0,155.0,1.3,6.0,5.6,75.0,0.0,2.0,303.0,-354.0,1.0
3968500,2729500.0,4.0,16.0,21.0,7.5,977.0,187.0,1.9,4.0,5.5,80.0,0.0,0.0,285.0,-349.0,1.0
3968500,2729500.0,4.0,16.0,22.0,7.2,977.0,167.0,2.3,4.0,5.5,83.0,0.0,0.0,273.0,-347.0,1.0
3968500,2729500.0,4.0,16.0,23.0,6.9,978.0,174.0,2.6,3.0,5.3,82.0,0.0,0.0,268.0,-345.0,1.0
3968500,2729500.0,4.0,16.0,24.0,6.4,978.0,165.0,2.8,4.0,5.2,82.0,0.0,0.0,268.0,-341.0,1.0
3968500,2729500.0,4.0,17.0,1.0,6.4,978.0,163.0,3.6,5.0,5.1,83.0,0.0,0.0,275.0,-338.0,1.0
3968500,2729500.0,4.0,17.0,2.0,6.3,978.0,170.0,2.8,4.0,5.1,83.0,0.0,0.0,275.0,-334.0,1.0
3968500,2729500.0,4.0,17.0,3.0,5.6,978.0,162.0,3.0,3.0,5.0,84.0,0.0,0.0,266.0,-332.0,1.0
3968500,2729500.0,4.0,17.0,4.0,5.3,978.0,163.0,2.7,3.0,4.8,83.0,0.0,0.0,261.0,-331.0,1.0
3968500,2729500.0,4.0,17.0,5.0,5.0,978.0,159.0,2.4,4.0,4.6,81.0,0.0,0.0,264.0,-331.0,1.0
3968500,2729500.0,4.0,17.0,6.0,4.5,978.0,175.0,1.3,4.0,4.6,83.0,0.0,4.0,268.0,-332.0,1.0
3968500,2729500.0,4.0,17.0,7.0,4.6,979.0,173.0,1.7,5.0,4.7,86.0,11.0,53.0,272.0,-335.0,1.0
3968500,2729500.0,4.0,17.0,8.0,6.1,979.0,170.0,3.6,4.0,4.9,85.0,114.0,109.0,273.0,-339.0,1.0
3968500,2729500.0,4.0,17.0,9.0,7.2,980.0,179.0,4.5,3.0,4.9,78.0,175.0,165.0,269.0,-344.0,1.0
3968500,2729500.0,4.0,17.0,10.0,7.8,980.0,180.0,5.3,5.0,4.7,70.0,137.0,243.0,275.0,-353.0,1.0
3968500,2729500.0,4.0,17.0,11.0,9.5,980.0,174.0,4.7,4.0,4.4,62.0,188.0,283.0,284.0,-364.0,1.0
3968500,2729500.0,4.0,17.0,12.0,10.7,980.0,184.0,5.3,3.0,4.2,53.0,373.0,247.0,283.0,-373.0,1.0
3968500,2729500.0,4.0,17.0,13.0,12.5,980.0,194.0,4.7,2.0,4.1,47.0,580.0,149.0,280.0,-380.0,1.0
3968500,2729500.0,4.0,17.0,14.0,12.9,979.0,195.0,4.2,2.0,4.0,43.0,646.0,102.0,283.0,-385.0,1.0
3968500,2729500.0,4.0,17.0,15.0,13.8,979.0,182.0,4.6,1.0,4.0,41.0,560.0,112.0,284.0,-389.0,1.0
3968500,2729500.0,4.0,17.0,16.0,14.7,979.0,200.0,3.4,1.0,4.0,38.0,470.0,81.0,284.0,-389.0,1.0
3968500,2729500.0,4.0,17.0,17.0,14.5,978.0,181.0,3.7,4.0,3.6,34.0,221.0,127.0,292.0,-387.0,1.0
3968500,2729500.0,4.0,17.0,18.0,14.1,978.0,182.0,2.4,6.0,3.5,34.0,21.0,102.0,307.0,-383.0,1.0
3968500,2729500.0,4.0,17.0,19.0,13.1,978.0,170.0,1.6,6.0,3.7,37.0,0.0,29.0,310.0,-376.0,1.0
3968500,2729500.0,4.0,17.0,20.0,10.8,978.0,127.0,1.6,6.0,3.7,41.0,0.0,0.0,306.0,-368.0,1.0
3968500,2729500.0,4.0,17.0,21.0,10.4,978.0,73.0,2.2,6.0,4.0,48.0,0.0,0.0,304.0,-364.0,1.0
3968500,2729500.0,4.0,17.0,22.0,9.8,978.0,15.0,1.4,6.0,4.3,54.0,0.0,0.0,305.0,-363.0,1.0
3968500,2729500.0,4.0,17.0,23.0,9.3,977.0,335.0,1.4,6.0,4.4,58.0,0.0,0.0,304.0,-362.0,1.0
3968500,2729500.0,4.0,17.0,24.0,8.4,977.0,351.0,1.4,6.0,4.5,61.0,0.0,0.0,302.0,-361.0,1.0
3968500,2729500.0,4.0,18.0,1.0,8.7,977.0,0.0,1.0,6.0,4.5,63.0,0.0,0.0,300.0,-360.0,1.0
3968500,2729500.0,4.0,18.0,2.0,7.6,976.0,323.0,1.4,6.0,4.7,67.0,0.0,0.0,298.0,-360.0,1.0
3968500,2729500.0,4.0,18.0,3.0,8.4,975.0,215.0,0.9,6.0,4.8,69.0,0.0,0.0,297.0,-359.0,1.0
3968500,2729500.0,4.0,18.0,4.0,7.6,975.0,164.0,1.0,6.0,4.9,71.0,0.0,0.0,296.0,-359.0,1.0
3968500,2729500.0,4.0,18.0,5.0,6.7,975.0,76.0,0.8,7.0,5.0,76.0,0.0,0.0,299.0,-360.0,1.0
3968500,2729500.0,4.0,18.0,6.0,6.1,975.0,183.0,1.0,6.0,5.1,82.0,0.0,5.0,295.0,-359.0,1.0
3968500,2729500.0,4.0,18.0,7.0,7.6,975.0,158.0,1.3,7.0,5.2,81.0,24.0,53.0,292.0,-359.0,1.0
3968500,2729500.0,4.0,18.0,8.0,9.2,976.0,152.0,1.3,5.0,5.4,76.0,13.0,108.0,284.0,-360.0,1.0
3968500,2729500.0,4.0,18.0,9.0,10.7,977.0,172.0,2.2,6.0,5.8,73.0,164.0,154.0,277.0,-365.0,1.0
3968500,2729500.0,4.0,18.0,10.0,12.9,977.0,179.0,3.6,5.0,6.2,69.0,204.0,203.0,282.0,-373.0,1.0
3968500,2729500.0,4.0,18.0,11.0,13.3,978.0,201.0,3.5,7.0,6.5,67.0,20.0,259.0,295.0,-381.0,1.0
3968500,2729500.0,4.0,18.0,12.0,13.4,978.0,201.0,3.9,6.0,6.4,64.0,39.0,294.0,308.0,-387.0,1.0
3968500,2729500.0,4.0,18.0,13.0,14.2,979.0,186.0,5.2,6.0,6.0,59.0,86.0,310.0,300.0,-391.0,1.0
3968500,2729500.0,4.0,18.0,14.0,13.9,979.0,180.0,5.6,6.0,5.7,56.0,5.0,233.0,307.0,-390.0,1.0
3968500,2729500.0,4.0,18.0,15.0,13.6,980.0,198.0,4.8,7.0,5.6,56.0,0.0,130.0,317.0,-387.0,1.0
3968500,2729500.0,4.0,18.0,16.0,13.3,981.0,204.0,5.3,7.0,5.6,57.0,0.0,128.0,324.0,-387.0,1.0
3968500,2729500.0,4.0,18.0,17.0,12.9,981.0,183.0,4.3,7.0,5.6,58.0,0.0,98.0,323.0,-384.0,1.0
3968500,2729500.0,4.0,18.0,18.0,12.2,982.0,186.0,3.9,7.0,5.3,57.0,0.0,57.0,321.0,-379.0,1.0
3968500,2729500.0,4.0,18.0,19.0,11.6,982.0,169.0,3.8,7.0,5.2,58.0,0.0,21.0,319.0,-374.0,1.0
3968500,2729500.0,4.0,18.0,20.0,10.5,983.0,203.0,3.1,7.0,5.3,62.0,0.0,0.0,316.0,-371.0,1.0
3968500,2729500.0,4.0,18.0,21.0,9.8,984.0,188.0,3.0,7.0,5.4,68.0,0.0,0.0,314.0,-368.0,1.0
3968500,2729500.0,4.0,18.0,22.0,9.4,985.0,185.0,3.1,7.0,5.5,72.0,0.0,0.0,313.0,-365.0,1.0
3968500,2729500.0,4.0,18.0,23.0,9.1,985.0,178.0,2.8,7.0,5.4,72.0,0.0,0.0,314.0,-364.0,1.0
3968500,2729500.0,4.0,18.0,24.0,8.8,985.0,197.0,3.0,8.0,5.4,74.0,0.0,0.0,322.0,-362.0,1.0
3968500,2729500.0,4.0,19.0,1.0,8.4,986.0,189.0,2.4,8.0,5.5,77.0,0.0,0.0,332.0,-361.0,1.0
3968500,2729500.0,4.0,19.0,2.0,8.5,986.0,191.0,2.5,8.0,5.6,79.0,0.0,0.0,333.0,-359.0,1.0
3968500,2729500.0,4.0,19.0,3.0,8.4,986.0,192.0,2.8,8.0,5.6,79.0,0.0,0.0,334.0,-357.0,1.0
3968500,2729500.0,4.0,19.0,4.0,8.0,986.0,172.0,2.6,8.0,5.5,80.0,0.0,0.0,333.0,-356.0,1.0
3968500,2729500.0,4.0,19.0,5.0,7.7,986.0,171.0,2.0,8.0,5.5,81.0,0.0,0.0,332.0,-355.0,1.0
3968500,2729500.0,4.0,19.0,6.0,7.4,986.0,146.0,1.7,8.0,5.5,82.0,0.0,2.0,331.0,-354.0,1.0
3968500,2729500.0,4.0,19.0,7.0,7.5,986.0,164.0,2.1,8.0,5.6,85.0,0.0,26.0,331.0,-355.0,1.0
3968500,2729500.0,4.0,19.0,8.0,8.2,987.0,168.0,2.4,8.0,5.9,86.0,0.0,47.0,333.0,-359.0,1.0
3968500,2729500.0,4.0,19.0,9.0,9.2,988.0,178.0,3.1,8.0,6.0,84.0,0.0,82.0,336.0,-365.0,1.0
3968500,2729500.0,4.0,19.0,10.0,9.8,989.0,167.0,3.1,8.0,6.2,82.0,0.0,132.0,338.0,-369.0,1.0
3968500,2729500.0,4.0,19.0,11.0,10.8,989.0,169.0,3.3,8.0,6.4,80.0,0.0,177.0,341.0,-375.0,1.0
3968500,2729500.0,4.0,19.0,12.0,11.7,989.0,175.0,3.4,8.0,6.5,76.0,0.0,212.0,343.0,-382.0,1.0
3968500,2729500.0,4.0,19.0,13.0,12.5,989.0,163.0,3.2,7.0,6.4,71.0,17.0,261.0,339.0,-387.0,1.0
3968500,2729500.0,4.0,19.0,14.0,12.8,988.0,179.0,3.6,7.0,6.1,66.0,9.0,236.0,334.0,-386.0,1.0
3968500,2729500.0,4.0,19.0,15.0,13.0,988.0,146.0,2.8,7.0,5.9,62.0,0.0,173.0,332.0,-387.0,1.0
3968500,2729500.0,4.0,19.0,16.0,13.0,988.0,202.0,2.7,8.0,5.6,59.0,0.0,128.0,335.0,-386.0,1.0
3968500,2729500.0,4.0,19.0,17.0,12.7,987.0,182.0,2.4,8.0,5.4,57.0,0.0,93.0,336.0,-380.0,1.0
3968500,2729500.0,4.0,19.0,18.0,12.1,987.0,180.0,2.6,7.0,5.6,61.0,0.0,61.0,328.0,-375.0,1.0
3968500,2729500.0,4.0,19.0,19.0,11.6,987.0,196.0,1.5,8.0,5.7,64.0,0.0,27.0,326.0,-370.0,1.0
3968500,2729500.0,4.0,19.0,20.0,10.9,987.0,60.0,0.3,8.0,5.5,65.0,0.0,1.0,327.0,-364.0,1.0
3968500,2729500.0,4.0,19.0,21.0,10.4,987.0,338.0,0.9,8.0,5.6,68.0,0.0,0.0,324.0,-360.0,1.0
3968500,2729500.0,4.0,19.0,22.0,10.4,988.0,1.0,1.2,8.0,5.6,69.0,0.0,0.0,321.0,-357.0,1.0
3968500,2729500.0,4.0,19.0,23.0,9.4,987.0,348.0,0.9,8.0,6.1,78.0,0.0,0.0,320.0,-354.0,1.0
3968500,2729500.0,4.0,19.0,24.0,8.8,987.0,329.0,1.1,8.0,6.7,91.0,0.0,0.0,318.0,-349.0,1.0
3968500,2729500.0,4.0,20.0,1.0,8.5,987.0,322.0,1.4,7.0,6.7,94.0,0.0,0.0,312.0,-345.0,1.0
3968500,2729500.0,4.0,20.0,2.0,8.6,987.0,333.0,1.9,8.0,6.7,94.0,0.0,0.0,312.0,-343.0,1.0
3968500,2729500.0,4.0,20.0,3.0,8.4,987.0,358.0,1.8,8.0,6.8,95.0,0.0,0.0,318.0,-341.0,1.0
3968500,2729500.0,4.0,20.0,4.0,8.3,986.0,352.0,2.1,8.0,6.8,96.0,0.0,0.0,318.0,-338.0,1.0
3968500,2729500.0,4.0,20.0,5.0,8.3,986.0,320.0,1.4,8.0,6.8,97.0,0.0,0.0,320.0,-337.0,1.0
3968500,2729500.0,4.0,20.0,6.0,8.4,986.0,348.0,1.1,8.0,6.9,97.0,0.0,1.0,321.0,-335.0,1.0
3968500,2729500.0,4.0,20.0,7.0,8.7,985.0,309.0,1.2,8.0,7.0,98.0,0.0,11.0,323.0,-336.0,1.0
3968500,2729500.0,4.0,20.0,8.0,8.8,986.0,316.0,1.3,8.0,7.1,98.0,0.0,43.0,324.0,-344.0,1.0
3968500,2729500.0,4.0,20.0,9.0,9.7,986.0,300.0,1.2,7.0,7.2,96.0,0.0,132.0,321.0,-356.0,1.0
3968500,2729500.0,4.0,20.0,10.0,10.0,986.0,255.0,0.9,8.0,7.3,94.0,0.0,122.0,323.0,-369.0,1.0
3968500,2729500.0,4.0,20.0,11.0,10.5,986.0,279.0,1.6,8.0,7.4,92.0,0.0,145.0,330.0,-384.0,1.0
3968500,2729500.0,4.0,20.0,12.0,11.1,987.0,276.0,1.3,8.0,7.4,90.0,0.0,210.0,332.0,-395.0,1.0
3968500,2729500.0,4.0,20.0,13.0,11.9,987.0,338.0,1.7,8.0,7.6,87.0,6.0,264.0,333.0,-402.0,1.0
3968500,2729500.0,4.0,20.0,14.0,12.6,987.0,160.0,1.1,7.0,7.6,83.0,57.0,342.0,330.0,-406.0,1.0
3968500,2729500.0,4.0,20.0,15.0,13.4,988.0,16.0,1.5,6.0,7.5,78.0,130.0,327.0,323.0,-409.0,1.0
3968500,2729500.0,4.0,20.0,16.0,15.0,988.0,337.0,2.2,5.0,7.4,72.0,269.0,233.0,318.0,-408.0,1.0
3968500,2729500.0,4.0,20.0,17.0,14.6,988.0,120.0,0.8,4.0,7.3,68.0,206.0,173.0,311.0,-400.0,1.0
3968500,2729500.0,4.0,20.0,18.0,15.0,989.0,162.0,1.2,6.0,7.1,66.0,21.0,118.0,315.0,-391.0,1.0
3968500,2729500.0,4.0,20.0,19.0,14.9,989.0,151.0,1.8,5.0,6.9,64.0,11.0,46.0,321.0,-383.0,1.0
3968500,2729500.0,4.0,20.0,20.0,12.6,990.0,236.0,1.8,5.0,6.8,68.0,0.0,2.0,314.0,-373.0,1.0
3968500,2729500.0,4.0,20.0,21.0,11.1,991.0,27.0,1.1,4.0,6.7,76.0,0.0,0.0,304.0,-366.0,1.0
3968500,2729500.0,4.0,20.0,22.0,9.9,991.0,56.0,0.3,5.0,6.8,84.0,0.0,0.0,301.0,-360.0,1.0
3968500,2729500.0,4.0,20.0,23.0,9.6,992.0,170.0,0.4,6.0,6.7,87.0,0.0,0.0,308.0,-353.0,1.0
3968500,2729500.0,4.0,20.0,24.0,8.4,991.0,152.0,1.2,5.0,6.4,88.0,0.0,0.0,306.0,-346.0,1.0
3968500,2729500.0,4.0,21.0,1.0,7.2,992.0,151.0,1.5,1.0,6.2,92.0,0.0,0.0,277.0,-342.0,1.0
3968500,2729500.0,4.0,21.0,2.0,6.9,992.0,117.0,1.2,1.0,6.0,93.0,0.0,0.0,253.0,-340.0,1.0
3968500,2729500.0,4.0,21.0,3.0,5.9,992.0,166.0,2.3,2.0,5.8,95.0,0.0,0.0,256.0,-338.0,1.0
3968500,2729500.0,4.0,21.0,4.0,6.0,992.0,134.0,1.6,1.0,5.7,97.0,0.0,0.0,254.0,-336.0,1.0
3968500,2729500.0,4.0,21.0,5.0,4.7,993.0,146.0,1.4,1.0,5.5,97.0,0.0,0.0,245.0,-334.0,1.0
3968500,2729500.0,4.0,21.0,6.0,4.7,993.0,159.0,1.3,1.0,5.3,99.0,1.0,13.0,241.0,-332.0,1.0
3968500,2729500.0,4.0,21.0,7.0,5.3,993.0,52.0,0.7,1.0,5.4,98.0,56.0,70.0,240.0,-333.0,1.0
3968500,2729500.0,4.0,21.0,8.0,7.2,993.0,126.0,1.0,2.0,5.8,96.0,175.0,115.0,250.0,-341.0,1.0
3968500,2729500.0,4.0,21.0,9.0,10.5,993.0,158.0,1.4,2.0,6.3,87.0,315.0,140.0,265.0,-354.0,1.0
3968500,2729500.0,4.0,21.0,10.0,13.2,994.0,176.0,1.3,0.0,6.6,75.0,457.0,149.0,263.0,-365.0,1.0
3968500,2729500.0,4.0,21.0,11.0,15.9,993.0,179.0,2.3,0.0,6.6,63.0,567.0,153.0,261.0,-367.0,1.0
3968500,2729500.0,4.0,21.0,12.0,17.3,993.0,171.0,2.5,0.0,6.5,54.0,616.0,163.0,270.0,-367.0,1.0
3968500,2729500.0,4.0,21.0,13.0,18.5,993.0,176.0,2.4,0.0,6.3,48.0,631.0,164.0,278.0,-370.0,1.0
3968500,2729500.0,4.0,21.0,14.0,18.7,992.0,160.0,1.8,1.0,6.3,46.0,491.0,222.0,288.0,-368.0,1.0
3968500,2729500.0,4.0,21.0,15.0,18.6,992.0,126.0,2.0,2.0,6.4,46.0,467.0,185.0,301.0,-366.0,1.0
3968500,2729500.0,4.0,21.0,16.0,19.7,992.0,186.0,3.0,2.0,6.2,44.0,322.0,191.0,309.0,-367.0,1.0
3968500,2729500.0,4.0,21.0,17.0,19.9,991.0,174.0,2.3,2.0,6.1,41.0,159.0,179.0,312.0,-369.0,1.0
3968500,2729500.0,4.0,21.0,18.0,19.3,991.0,180.0,1.4,1.0,6.0,41.0,77.0,116.0,308.0,-371.0,1.0
3968500,2729500.0,4.0,21.0,19.0,18.0,990.0,177.0,1.0,1.0,6.1,44.0,34.0,50.0,304.0,-372.0,1.0
3968500,2729500.0,4.0,21.0,20.0,15.1,991.0,203.0,0.5,2.0,6.1,50.0,0.0,8.0,307.0,-370.0,1.0
3968500,2729500.0,4.0,21.0,21.0,13.3,991.0,205.0,0.9,2.0,6.1,59.0,0.0,0.0,308.0,-368.0,1.0
3968500,2729500.0,4.0,21.0,22.0,13.2,992.0,242.0,1.2,1.0,6.3,65.0,0.0,0.0,304.0,-366.0,1.0
3968500,2729500.0,4.0,21.0,23.0,11.6,992.0,238.0,0.9,1.0,6.3,69.0,0.0,0.0,299.0,-364.0,1.0
3968500,2729500.0,4.0,21.0,24.0,11.7,992.0,280.0,1.7,1.0,6.2,71.0,0.0,0.0,292.0,-362.0,1.0
3968500,2729500.0,4.0,22.0,1.0,11.7,992.0,340.0,1.1,3.0,6.1,70.0,0.0,0.0,294.0,-362.0,1.0
3968500,2729500.0,4.0,22.0,2.0,11.2,992.0,124.0,0.9,5.0,6.3,73.0,0.0,0.0,307.0,-363.0,1.0
3968500,2729500.0,4.0,22.0,3.0,9.6,992.0,149.0,0.8,3.0,6.3,79.0,0.0,0.0,302.0,-364.0,1.0
3968500,2729500.0,4.0,22.0,4.0,8.8,991.0,194.0,0.5,1.0,6.2,84.0,0.0,0.0,278.0,-366.0,1.0
3968500,2729500.0,4.0,22.0,5.0,7.7,990.0,14.0,0.1,2.0,6.2,89.0,0.0,0.0,267.0,-366.0,1.0
3968500,2729500.0,4.0,22.0,6.0,8.0,990.0,175.0,1.8,4.0,6.2,92.0,0.0,12.0,280.0,-367.0,1.0
3968500,2729500.0,4.0,22.0,7.0,9.3,990.0,194.0,0.9,5.0,6.3,89.0,16.0,69.0,297.0,-369.0,1.0
3968500,2729500.0,4.0,22.0,8.0,11.6,992.0,164.0,1.0,2.0,6.7,82.0,136.0,137.0,290.0,-373.0,1.0
3968500,2729500.0,4.0,22.0,9.0,13.9,992.0,145.0,2.2,1.0,7.0,74.0,288.0,170.0,277.0,-377.0,1.0
3968500,2729500.0,4.0,22.0,10.0,16.6,991.0,168.0,3.2,0.0,7.3,66.0,411.0,195.0,282.0,-385.0,1.0
3968500,2729500.0,4.0,22.0,11.0,18.4,991.0,148.0,3.5,2.0,7.6,60.0,506.0,210.0,298.0,-393.0,1.0
3968500,2729500.0,4.0,22.0,12.0,20.5,991.0,171.0,3.9,3.0,7.7,53.0,549.0,225.0,320.0,-403.0,1.0
3968500,2729500.0,4.0,22.0,13.0,21.7,991.0,169.0,3.6,5.0,7.5,47.0,510.0,256.0,339.0,-413.0,1.0
3968500,2729500.0,4.0,22.0,14.0,21.0,991.0,185.0,4.9,6.0,7.2,44.0,219.0,355.0,349.0,-418.0,1.0
3968500,2729500.0,4.0,22.0,15.0,20.8,991.0,239.0,4.1,7.0,6.8,43.0,25.0,285.0,351.0,-419.0,1.0
3968500,2729500.0,4.0,22.0,16.0,20.7,992.0,202.0,3.0,7.0,6.7,43.0,18.0,234.0,352.0,-417.0,1.0
3968500,2729500.0,4.0,22.0,17.0,21.0,992.0,205.0,2.9,6.0,6.9,44.0,71.0,205.0,346.0,-411.0,1.0
3968500,2729500.0,4.0,22.0,18.0,19.6,992.0,250.0,2.5,7.0,7.0,46.0,14.0,115.0,343.0,-402.0,1.0
3968500,2729500.0,4.0,22.0,19.0,19.1,992.0,253.0,1.7,8.0,6.5,45.0,0.0,31.0,345.0,-391.0,1.0
3968500,2729500.0,4.0,22.0,20.0,17.6,993.0,39.0,1.1,8.0,6.6,50.0,0.0,2.0,343.0,-379.0,1.0
3968500,2729500.0,4.0,22.0,21.0,16.5,993.0,26.0,0.8,8.0,7.2,58.0,0.0,0.0,339.0,-372.0,1.0
3968500,2729500.0,4.0,22.0,22.0,15.0,994.0,28.0,0.4,6.0,7.1,62.0,0.0,0.0,328.0,-367.0,1.0
3968500,2729500.0,4.0,22.0,23.0,14.6,995.0,73.0,1.4,6.0,6.7,62.0,0.0,0.0,317.0,-365.0,1.0
3968500,2729500.0,4.0,22.0,24.0,13.4,995.0,346.0,0.9,6.0,6.6,65.0,0.0,0.0,315.0,-364.0,1.0
3968500,2729500.0,4.0,23.0,1.0,12.5,995.0,87.0,0.8,5.0,6.2,66.0,0.0,0.0,307.0,-362.0,1.0
3968500,2729500.0,4.0,23.0,2.0,11.2,995.0,353.0,1.8,6.0,5.7,65.0,0.0,0.0,304.0,-361.0,1.0
3968500,2729500.0,4.0,23.0,3.0,11.6,995.0,354.0,1.8,5.0,5.7,66.0,0.0,0.0,304.0,-360.0,1.0
3968500,2729500.0,4.0,23.0,4.0,11.5,994.0,37.0,1.8,3.0,5.7,66.0,0.0,0.0,291.0,-359.0,1.0
3968500,2729500.0,4.0,23.0,5.0,11.0,994.0,357.0,2.3,4.0,5.7,68.0,0.0,0.0,286.0,-357.0,1.0
3968500,2729500.0,4.0,23.0,6.0,10.1,994.0,322.0,1.9,5.0,5.9,72.0,0.0,3.0,296.0,-357.0,1.0
3968500,2729500.0,4.0,23.0,7.0,11.5,994.0,14.0,1.5,6.0,6.1,74.0,9.0,69.0,308.0,-361.0,1.0
3968500,2729500.0,4.0,23.0,8.0,13.3,993.0,26.0,1.4,5.0,6.5,71.0,67.0,158.0,313.0,-369.0,1.0
3968500,2729500.0,4.0,23.0,9.0,16.8,993.0,70.0,1.1,4.0,6.8,62.0,188.0,224.0,312.0,-379.0,1.0
3968500,2729500.0,4.0,23.0,10.0,19.0,992.0,141.0,0.9,4.0,7.0,53.0,331.0,250.0,316.0,-384.0,1.0
3968500,2729500.0,4.0,23.0,11.0,21.4,991.0,128.0,1.9,4.0,7.2,48.0,408.0,281.0,323.0,-381.0,1.0
3968500,2729500.0,4.0,23.0,12.0,23.6,991.0,146.0,2.7,3.0,7.4,42.0,451.0,300.0,328.0,-379.0,1.0
3968500,2729500.0,4.0,23.0,13.0,24.7,990.0,133.0,4.5,4.0,7.3,38.0,466.0,302.0,340.0,-387.0,1.0
3968500,2729500.0,4.0,23.0,14.0,25.6,989.0,147.0,4.8,5.0,7.1,35.0,433.0,298.0,358.0,-403.0,1.0
3968500,2729500.0,4.0,23.0,15.0,26.1,988.0,169.0,3.8,4.0,6.6,31.0,350.0,286.0,362.0,-410.0,1.0
3968500,2729500.0,4.0,23.0,16.0,25.0,988.0,166.0,3.6,4.0,6.4,31.0,188.0,277.0,360.0,-410.0,1.0
3968500,2729500.0,4.0,23.0,17.0,25.2,987.0,163.0,3.9,6.0,6.7,33.0,99.0,214.0,367.0,-407.0,1.0
3968500,2729500.0,4.0,23.0,18.0,24.3,987.0,162.0,3.1,6.0,7.0,35.0,89.0,133.0,374.0,-401.0,1.0
3968500,2729500.0,4.0,23.0,19.0,21.9,987.0,187.0,1.4,7.0,7.3,40.0,21.0,57.0,374.0,-393.0,1.0
3968500,2729500.0,4.0,23.0,20.0,20.8,987.0,206.0,1.3,7.0,7.5,46.0,0.0,3.0,371.0,-389.0,1.0
3968500,2729500.0,4.0,23.0,21.0,19.0,986.0,248.0,1.2,7.0,7.6,51.0,0.0,0.0,366.0,-386.0,1.0
3968500,2729500.0,4.0,23.0,22.0,17.8,986.0,331.0,0.8,3.0,7.6,56.0,0.0,0.0,343.0,-384.0,1.0
3968500,2729500.0,4.0,23.0,23.0,17.0,986.0,45.0,0.9,4.0,7.7,61.0,0.0,0.0,326.0,-381.0,1.0
3968500,2729500.0,4.0,23.0,24.0,16.3,986.0,357.0,1.2,7.0,7.7,63.0,0.0,0.0,341.0,-380.0,1.0
3968500,2729500.0,4.0,24.0,1.0,15.1,986.0,59.0,0.9,7.0,7.6,67.0,0.0,0.0,351.0,-379.0,1.0
3968500,2729500.0,4.0,24.0,2.0,13.5,986.0,138.0,1.4,6.0,7.7,74.0,0.0,0.0,342.0,-379.0,1.0
3968500,2729500.0,4.0,24.0,3.0,13.4,985.0,113.0,1.4,5.0,7.7,78.0,0.0,0.0,329.0,-378.0,1.0
3968500,2729500.0,4.0,24.0,4.0,12.9,985.0,65.0,0.9,5.0,7.7,79.0,0.0,0.0,323.0,-378.0,1.0
3968500,2729500.0,4.0,24.0,5.0,12.0,985.0,208.0,2.6,7.0,7.7,83.0,0.0,0.0,330.0,-379.0,1.0
3968500,2729500.0,4.0,24.0,6.0,11.9,986.0,344.0,0.7,7.0,7.7,86.0,0.0,0.0,338.0,-379.0,1.0
3968500,2729500.0,4.0,24.0,7.0,13.2,986.0,182.0,0.9,7.0,7.7,83.0,5.0,64.0,339.0,-380.0,1.0
3968500,2729500.0,4.0,24.0,8.0,16.3,986.0,190.0,1.9,6.0,7.9,73.0,2.0,110.0,339.0,-384.0,1.0
3968500,2729500.0,4.0,24.0,9.0,17.6,986.0,192.0,1.8,6.0,7.9,64.0,6.0,178.0,341.0,-387.0,1.0
3968500,2729500.0,4.0,24.0,10.0,18.9,985.0,174.0,3.6,6.0,7.9,59.0,115.0,298.0,348.0,-391.0,1.0
3968500,2729500.0,4.0,24.0,11.0,21.1,986.0,174.0,4.3,5.0,7.9,53.0,327.0,295.0,352.0,-393.0,1.0
3968500,2729500.0,4.0,24.0,12.0,21.8,986.0,178.0,4.6,6.0,7.7,47.0,283.0,347.0,356.0,-392.0,1.0
3968500,2729500.0,4.0,24.0,13.0,22.3,986.0,184.0,4.1,6.0,7.9,46.0,306.0,350.0,361.0,-389.0,1.0
3968500,2729500.0,4.0,24.0,14.0,21.9,986.0,176.0,3.8,6.0,8.0,47.0,285.0,339.0,361.0,-385.0,1.0
3968500,2729500.0,4.0,24.0,15.0,22.3,986.0,184.0,4.2,6.0,7.9,46.0,148.0,334.0,358.0,-386.0,1.0
3968500,2729500.0,4.0,24.0,16.0,21.9,986.0,156.0,3.8,6.0,7.7,45.0,61.0,274.0,356.0,-389.0,1.0
3968500,2729500.0,4.0,24.0,17.0,21.5,985.0,166.0,3.1,6.0,7.6,46.0,48.0,205.0,354.0,-387.0,1.0
3968500,2729500.0,4.0,24.0,18.0,20.5,986.0,246.0,1.5,7.0,7.8,49.0,0.0,85.0,355.0,-382.0,1.0
3968500,2729500.0,4.0,24.0,19.0,19.9,985.0,279.0,2.2,7.0,7.5,49.0,0.0,41.0,357.0,-378.0,1.0
3968500,2729500.0,4.0,24.0,20.0,18.5,984.0,357.0,1.5,7.0,7.4,52.0,0.0,5.0,352.0,-375.0,1.0
3968500,2729500.0,4.0,24.0,21.0,17.2,984.0,295.0,1.7,8.0,8.0,61.0,0.0,0.0,357.0,-373.0,1.0
3968500,2729500.0,4.0,24.0,22.0,16.8,985.0,303.0,2.5,8.0,8.5,68.0,0.0,0.0,360.0,-371.0,1.0
3968500,2729500.0,4.0,24.0,23.0,16.4,985.0,279.0,2.6,8.0,8.7,72.0,0.0,0.0,359.0,-370.0,1.0
3968500,2729500.0,4.0,24.0,24.0,15.8,985.0,310.0,3.4,7.0,8.6,73.0,0.0,0.0,350.0,-368.0,1.0
3968500,2729500.0,4.0,25.0,1.0,15.2,985.0,94.0,1.3,8.0,8.7,77.0,0.0,0.0,347.0,-367.0,1.0
3968500,2729500.0,4.0,25.0,2.0,14.0,985.0,251.0,1.1,8.0,9.2,86.0,0.0,0.0,351.0,-365.0,1.0
3968500,2729500.0,4.0,25.0,3.0,13.4,985.0,343.0,2.4,7.0,9.5,94.0,0.0,0.0,343.0,-364.0,1.0
3968500,2729500.0,4.0,25.0,4.0,12.9,985.0,355.0,2.7,8.0,9.4,96.0,0.0,0.0,342.0,-364.0,1.0
3968500,2729500.0,4.0,25.0,5.0,12.3,985.0,4.0,1.7,8.0,8.8,94.0,0.0,0.0,347.0,-364.0,1.0
3968500,2729500.0,4.0,25.0,6.0,12.2,985.0,24.0,1.0,7.0,8.6,94.0,0.0,7.0,341.0,-364.0,1.0
3968500,2729500.0,4.0,25.0,7.0,12.1,986.0,8.0,1.9,5.0,8.6,95.0,4.0,69.0,325.0,-364.0,1.0
3968500,2729500.0,4.0,25.0,8.0,11.6,986.0,357.0,1.9,7.0,8.4,94.0,0.0,68.0,323.0,-368.0,1.0
3968500,2729500.0,4.0,25.0,9.0,10.4,986.0,312.0,3.1,8.0,7.9,94.0,0.0,62.0,337.0,-375.0,1.0
3968500,2729500.0,4.0,25.0,10.0,10.2,987.0,238.0,1.3,8.0,7.4,93.0,0.0,79.0,340.0,-385.0,1.0
3968500,2729500.0,4.0,25.0,11.0,10.5,989.0,315.0,2.3,7.0,7.3,90.0,0.0,125.0,334.0,-390.0,1.0
3968500,2729500.0,4.0,25.0,12.0,10.6,989.0,294.0,2.8,7.0,7.1,88.0,0.0,141.0,331.0,-389.0,1.0
3968500,2729500.0,4.0,25.0,13.0,10.3,989.0,355.0,3.7,7.0,6.9,86.0,0.0,134.0,331.0,-391.0,1.0
3968500,2729500.0,4.0,25.0,14.0,10.7,990.0,336.0,3.6,7.0,7.0,87.0,0.0,162.0,330.0,-390.0,1.0
3968500,2729500.0,4.0,25.0,15.0,11.5,990.0,335.0,3.2,7.0,7.2,85.0,0.0,165.0,330.0,-391.0,1.0
3968500,2729500.0,4.0,25.0,16.0,11.6,990.0,333.0,3.4,7.0,7.1,81.0,0.0,157.0,331.0,-394.0,1.0
3968500,2729500.0,4.0,25.0,17.0,11.5,990.0,291.0,3.3,7.0,6.9,80.0,0.0,124.0,331.0,-391.0,1.0
3968500,2729500.0,4.0,25.0,18.0,11.0,990.0,301.0,3.0,8.0,6.8,80.0,0.0,30.0,335.0,-384.0,1.0
3968500,2729500.0,4.0,25.0,19.0,10.9,991.0,317.0,1.7,7.0,6.6,80.0,0.0,31.0,333.0,-377.0,1.0
3968500,2729500.0,4.0,25.0,20.0,10.1,991.0,327.0,1.2,6.0,6.5,81.0,0.0,4.0,324.0,-368.0,1.0
3968500,2729500.0,4.0,25.0,21.0,7.8,991.0,359.0,0.4,4.0,6.4,87.0,0.0,0.0,305.0,-360.0,1.0
3968500,2729500.0,4.0,25.0,22.0,7.3,991.0,315.0,1.1,2.0,6.2,94.0,0.0,0.0,282.0,-354.0,1.0
3968500,2729500.0,4.0,25.0,23.0,6.7,991.0,357.0,1.4,2.0,6.1,95.0,0.0,0.0,270.0,-350.0,1.0
3968500,2729500.0,4.0,25.0,24.0,6.0,992.0,26.0,1.7,1.0,5.9,96.0,0.0,0.0,263.0,-347.0,1.0
3968500,2729500.0,4.0,26.0,1.0,5.3,992.0,205.0,1.3,2.0,5.6,97.0,0.0,0.0,261.0,-345.0,1.0
3968500,2729500.0,4.0,26.0,2.0,4.9,992.0,64.0,1.3,3.0,5.4,98.0,0.0,0.0,269.0,-345.0,1.0
3968500,2729500.0,4.0,26.0,3.0,5.1,992.0,75.0,1.4,2.0,5.4,98.0,0.0,0.0,270.0,-346.0,1.0
3968500,2729500.0,4.0,26.0,4.0,4.2,992.0,191.0,1.1,6.0,5.4,99.0,0.0,0.0,284.0,-347.0,1.0
3968500,2729500.0,4.0,26.0,5.0,4.3,992.0,115.0,0.5,7.0,5.3,100.0,0.0,0.0,309.0,-348.0,1.0
3968500,2729500.0,4.0,26.0,6.0,4.2,992.0,142.0,0.1,8.0,5.3,100.0,0.0,9.0,319.0,-349.0,1.0
3968500,2729500.0,4.0,26.0,7.0,4.2,992.0,137.0,0.1,8.0,5.2,100.0,4.0,69.0,323.0,-352.0,1.0
3968500,2729500.0,4.0,26.0,8.0,5.0,993.0,165.0,0.4,7.0,5.4,100.0,16.0,147.0,319.0,-359.0,1.0
3968500,2729500.0,4.0,26.0,9.0,6.0,993.0,174.0,1.5,7.0,5.7,100.0,29.0,228.0,317.0,-368.0,1.0
3968500,2729500.0,4.0,26.0,10.0,7.5,993.0,107.0,1.7,3.0,6.2,99.0,158.0,313.0,301.0,-377.0,1.0
3968500,2729500.0,4.0,26.0,11.0,10.8,993.0,156.0,1.8,5.0,6.2,85.0,359.0,311.0,298.0,-384.0,1.0
3968500,2729500.0,4.0,26.0,12.0,13.5,993.0,167.0,1.9,5.0,5.8,64.0,458.0,302.0,315.0,-393.0,1.0
3968500,2729500.0,4.0,26.0,13.0,14.8,992.0,181.0,2.5,5.0,5.5,54.0,483.0,299.0,320.0,-404.0,1.0
3968500,2729500.0,4.0,26.0,14.0,15.9,992.0,207.0,2.2,5.0,5.4,49.0,441.0,299.0,323.0,-411.0,1.0
3968500,2729500.0,4.0,26.0,15.0,16.9,991.0,116.0,1.7,4.0,5.6,47.0,359.0,287.0,323.0,-414.0,1.0
3968500,2729500.0,4.0,26.0,16.0,17.9,991.0,230.0,1.6,4.0,6.0,48.0,292.0,243.0,323.0,-412.0,1.0
3968500,2729500.0,4.0,26.0,17.0,18.3,990.0,156.0,2.2,5.0,5.7,43.0,201.0,195.0,329.0,-407.0,1.0
3968500,2729500.0,4.0,26.0,18.0,18.6,990.0,200.0,1.6,5.0,5.2,39.0,102.0,134.0,332.0,-403.0,1.0
3968500,2729500.0,4.0,26.0,19.0,17.1,989.0,125.0,1.9,5.0,5.2,40.0,38.0,63.0,330.0,-397.0,1.0
3968500,2729500.0,4.0,26.0,20.0,15.0,989.0,116.0,1.4,4.0,5.5,49.0,2.0,10.0,321.0,-388.0,1.0
3968500,2729500.0,4.0,26.0,21.0,13.6,990.0,85.0,1.3,2.0,5.6,55.0,0.0,0.0,305.0,-379.0,1.0
3968500,2729500.0,4.0,26.0,22.0,12.4,990.0,65.0,1.3,2.0,5.8,61.0,0.0,0.0,292.0,-374.0,1.0
3968500,2729500.0,4.0,26.0,23.0,11.9,990.0,96.0,1.3,2.0,6.1,67.0,0.0,0.0,286.0,-372.0,1.0
3968500,2729500.0,4.0,26.0,24.0,11.4,991.0,132.0,1.4,3.0,6.4,72.0,0.0,0.0,280.0,-370.0,1.0
3968500,2729500.0,4.0,27.0,1.0,11.1,978.0,152.0,1.2,5.0,6.7,77.0,0.0,0.0,351.0,-361.0,1.0
3968500,2729500.0,4.0,27.0,2.0,10.7,978.0,134.0,0.9,6.0,6.9,81.0,0.0,0.0,341.0,-359.0,1.0
3968500,2729500.0,4.0,27.0,3.0,10.3,978.0,102.0,0.6,7.0,7.1,85.0,0.0,0.0,338.0,-358.0,1.0
3968500,2729500.0,4.0,27.0,4.0,9.9,978.0,65.0,0.3,7.0,7.0,87.0,0.0,0.0,337.0,-357.0,1.0
3968500,2729500.0,4.0,27.0,5.0,10.1,978.0,154.0,0.7,8.0,7.0,87.0,0.0,0.0,342.0,-356.0,1.0
3968500,2729500.0,4.0,27.0,6.0,9.5,978.0,175.0,0.3,8.0,6.9,91.0,0.0,2.0,349.0,-356.0,1.0
3968500,2729500.0,4.0,27.0,7.0,10.3,978.0,354.0,2.0,8.0,7.1,90.0,0.0,15.0,350.0,-358.0,1.0
3968500,2729500.0,4.0,27.0,8.0,10.1,978.0,6.0,3.6,7.0,7.1,88.0,2.0,113.0,342.0,-362.0,1.0
3968500,2729500.0,4.0,27.0,9.0,10.6,979.0,358.0,4.1,7.0,6.9,85.0,0.0,139.0,334.0,-366.0,1.0
3968500,2729500.0,4.0,27.0,10.0,10.3,979.0,332.0,3.4,8.0,6.7,82.0,0.0,177.0,342.0,-371.0,1.0
3968500,2729500.0,4.0,27.0,11.0,10.8,980.0,317.0,3.5,5.0,6.6,80.0,67.0,357.0,328.0,-376.0,1.0
3968500,2729500.0,4.0,27.0,12.0,13.7,980.0,350.0,4.5,3.0,6.5,71.0,315.0,387.0,300.0,-383.0,1.0
3968500,2729500.0,4.0,27.0,13.0,15.4,980.0,14.0,4.6,3.0,6.5,61.0,438.0,347.0,300.0,-389.0,1.0
3968500,2729500.0,4.0,27.0,14.0,16.3,980.0,1.0,3.2,3.0,6.8,58.0,376.0,353.0,309.0,-390.0,1.0
3968500,2729500.0,4.0,27.0,15.0,16.9,980.0,18.0,3.4,2.0,7.1,58.0,403.0,289.0,309.0,-392.0,1.0
3968500,2729500.0,4.0,27.0,16.0,16.6,980.0,310.0,4.6,2.0,7.3,59.0,331.0,246.0,305.0,-396.0,1.0
3968500,2729500.0,4.0,27.0,17.0,15.6,980.0,318.0,4.0,2.0,7.1,60.0,231.0,196.0,300.0,-393.0,1.0
3968500,2729500.0,4.0,27.0,18.0,14.6,980.0,352.0,3.2,3.0,7.0,63.0,81.0,141.0,297.0,-387.0,1.0
3968500,2729500.0,4.0,27.0,19.0,13.4,981.0,356.0,3.8,5.0,7.2,70.0,6.0,52.0,308.0,-381.0,1.0
3968500,2729500.0,4.0,27.0,20.0,11.5,982.0,97.0,2.8,7.0,7.3,78.0,0.0,5.0,324.0,-377.0,1.0
3968500,2729500.0,4.0,27.0,21.0,10.4,983.0,350.0,4.1,7.0,7.2,85.0,0.0,0.0,329.0,-373.0,1.0
3968500,2729500.0,4.0,27.0,22.0,9.2,984.0,21.0,3.4,7.0,6.8,88.0,0.0,0.0,323.0,-370.0,1.0
3968500,2729500.0,4.0,27.0,23.0,8.9,985.0,20.0,4.1,7.0,6.2,84.0,0.0,0.0,319.0,-368.0,1.0
3968500,2729500.0,4.0,27.0,24.0,7.7,985.0,99.0,4.2,8.0,6.0,86.0,0.0,0.0,320.0,-366.0,1.0
3968500,2729500.0,4.0,28.0,1.0,7.3,985.0,203.0,3.5,8.0,5.7,86.0,0.0,0.0,322.0,-366.0,1.0
3968500,2729500.0,4.0,28.0,2.0,6.6,985.0,132.0,3.9,8.0,5.2,81.0,0.0,0.0,319.0,-365.0,1.0
3968500,2729500.0,4.0,28.0,3.0,5.9,986.0,127.0,3.5,8.0,4.7,77.0,0.0,0.0,316.0,-364.0,1.0
3968500,2729500.0,4.0,28.0,4.0,5.3,986.0,3.0,3.4,7.0,4.2,72.0,0.0,0.0,308.0,-362.0,1.0
3968500,2729500.0,4.0,28.0,5.0,5.0,987.0,270.0,2.8,7.0,3.9,70.0,0.0,0.0,301.0,-361.0,1.0
3968500,2729500.0,4.0,28.0,6.0,4.7,987.0,295.0,3.1,7.0,3.9,71.0,0.0,5.0,301.0,-360.0,1.0
3968500,2729500.0,4.0,28.0,7.0,4.8,988.0,354.0,2.6,7.0,3.7,68.0,0.0,35.0,301.0,-361.0,1.0
3968500,2729500.0,4.0,28.0,8.0,5.0,988.0,348.0,2.5,7.0,3.6,65.0,0.0,85.0,300.0,-364.0,1.0
3968500,2729500.0,4.0,28.0,9.0,5.2,989.0,292.0,3.2,7.0,3.5,63.0,0.0,130.0,302.0,-371.0,1.0
3968500,2729500.0,4.0,28.0,10.0,5.6,990.0,355.0,3.0,8.0,3.5,62.0,0.0,158.0,308.0,-384.0,1.0
3968500,2729500.0,4.0,28.0,11.0,6.2,990.0,3.0,2.5,8.0,3.6,61.0,0.0,156.0,315.0,-399.0,1.0
3968500,2729500.0,4.0,28.0,12.0,6.6,991.0,10.0,2.5,8.0,3.6,60.0,0.0,152.0,316.0,-407.0,1.0
3968500,2729500.0,4.0,28.0,13.0,7.0,991.0,15.0,3.2,8.0,3.7,59.0,0.0,183.0,318.0,-412.0,1.0
3968500,2729500.0,4.0,28.0,14.0,7.6,991.0,17.0,2.9,8.0,3.7,57.0,0.0,233.0,319.0,-419.0,1.0
3968500,2729500.0,4.0,28.0,15.0,8.4,992.0,5.0,2.2,6.0,3.7,54.0,25.0,284.0,311.0,-419.0,1.0
3968500,2729500.0,4.0,28.0,16.0,8.8,992.0,344.0,2.0,5.0,3.8,54.0,151.0,274.0,298.0,-415.0,1.0
3968500,2729500.0,4.0,28.0,17.0,8.9,992.0,13.0,2.7,3.0,3.9,54.0,268.0,151.0,285.0,-414.0,1.0
3968500,2729500.0,4.0,28.0,18.0,7.9,992.0,357.0,2.7,2.0,3.8,55.0,165.0,109.0,269.0,-408.0,1.0
3968500,2729500.0,4.0,28.0,19.0,7.1,993.0,11.0,2.4,2.0,3.8,58.0,55.0,60.0,260.0,-399.0,1.0
3968500,2729500.0,4.0,28.0,20.0,5.8,993.0,16.0,2.1,2.0,3.9,63.0,4.0,11.0,256.0,-387.0,1.0
3968500,2729500.0,4.0,28.0,21.0,4.6,994.0,20.0,1.7,2.0,3.9,69.0,0.0,0.0,252.0,-376.0,1.0
3968500,2729500.0,4.0,28.0,22.0,4.0,994.0,45.0,1.9,2.0,3.8,73.0,0.0,0.0,249.0,-369.0,1.0
3968500,2729500.0,4.0,28.0,23.0,3.3,994.0,38.0,1.8,2.0,3.8,75.0,0.0,0.0,248.0,-365.0,1.0
3968500,2729500.0,4.0,28.0,24.0,2.9,995.0,31.0,1.1,1.0,3.7,77.0,0.0,0.0,243.0,-361.0,1.0
3968500,2729500.0,4.0,29.0,1.0,2.4,995.0,19.0,1.5,3.0,3.8,81.0,0.0,0.0,247.0,-358.0,1.0
3968500,2729500.0,4.0,29.0,2.0,2.1,995.0,37.0,0.9,4.0,3.9,85.0,0.0,0.0,262.0,-355.0,1.0
3968500,2729500.0,4.0,29.0,3.0,1.5,995.0,51.0,0.7,4.0,3.9,88.0,0.0,0.0,265.0,-354.0,1.0
3968500,2729500.0,4.0,29.0,4.0,1.6,995.0,52.0,1.0,4.0,3.9,90.0,0.0,0.0,265.0,-353.0,1.0
3968500,2729500.0,4.0,29.0,5.0,1.4,995.0,44.0,1.4,5.0,3.8,89.0,0.0,0.0,270.0,-353.0,1.0
3968500,2729500.0,4.0,29.0,6.0,1.2,995.0,49.0,0.4,5.0,3.8,90.0,7.0,21.0,274.0,-354.0,1.0
3968500,2729500.0,4.0,29.0,7.0,3.5,995.0,21.0,0.0,5.0,4.0,88.0,60.0,86.0,276.0,-358.0,1.0
3968500,2729500.0,4.0,29.0,8.0,4.7,994.0,19.0,0.1,1.0,4.2,81.0,193.0,143.0,259.0,-367.0,1.0
3968500,2729500.0,4.0,29.0,9.0,7.1,994.0,146.0,0.8,1.0,4.4,76.0,310.0,185.0,246.0,-379.0,1.0
3968500,2729500.0,4.0,29.0,10.0,9.7,994.0,155.0,1.8,2.0,4.7,67.0,392.0,225.0,263.0,-396.0,1.0
3968500,2729500.0,4.0,29.0,11.0,11.5,994.0,164.0,1.5,4.0,4.8,59.0,361.0,305.0,287.0,-416.0,1.0
3968500,2729500.0,4.0,29.0,12.0,14.3,994.0,196.0,2.0,4.0,4.9,52.0,413.0,320.0,305.0,-431.0,1.0
3968500,2729500.0,4.0,29.0,13.0,15.2,993.0,225.0,2.1,5.0,4.8,46.0,420.0,327.0,316.0,-434.0,1.0
3968500,2729500.0,4.0,29.0,14.0,16.1,993.0,146.0,2.0,6.0,4.8,42.0,303.0,356.0,330.0,-438.0,1.0
3968500,2729500.0,4.0,29.0,15.0,16.9,993.0,138.0,1.0,3.0,5.0,42.0,326.0,300.0,326.0,-439.0,1.0
3968500,2729500.0,4.0,29.0,16.0,17.3,992.0,210.0,1.8,4.0,5.0,40.0,209.0,273.0,322.0,-434.0,1.0
3968500,2729500.0,4.0,29.0,17.0,16.9,992.0,173.0,1.7,7.0,5.0,41.0,37.0,201.0,336.0,-431.0,1.0
3968500,2729500.0,4.0,29.0,18.0,16.7,991.0,224.0,1.7,6.0,5.2,43.0,25.0,129.0,341.0,-426.0,1.0
3968500,2729500.0,4.0,29.0,19.0,16.0,991.0,28.0,1.0,6.0,5.3,45.0,18.0,55.0,336.0,-416.0,1.0
3968500,2729500.0,4.0,29.0,20.0,14.3,991.0,175.0,0.6,7.0,5.3,48.0,0.0,6.0,337.0,-405.0,1.0
3968500,2729500.0,4.0,29.0,21.0,12.6,992.0,3.0,0.0,6.0,5.4,55.0,0.0,0.0,334.0,-397.0,1.0
3968500,2729500.0,4.0,29.0,22.0,11.8,992.0,147.0,1.0,4.0,5.8,64.0,0.0,0.0,319.0,-393.0,1.0
3968500,2729500.0,4.0,29.0,23.0,11.2,993.0,251.0,0.0,4.0,6.0,69.0,0.0,0.0,309.0,-390.0,1.0
3968500,2729500.0,4.0,29.0,24.0,9.4,993.0,109.0,0.0,4.0,5.9,75.0,0.0,0.0,305.0,-388.0,1.0
3968500,2729500.0,4.0,30.0,1.0,10.2,993.0,13.0,1.4,5.0,5.9,77.0,0.0,0.0,309.0,-386.0,1.0
3968500,2729500.0,4.0,30.0,2.0,9.2,992.0,343.0,0.2,5.0,6.0,78.0,0.0,0.0,313.0,-384.0,1.0
3968500,2729500.0,4.0,30.0,3.0,8.2,992.0,166.0,0.5,6.0,6.0,84.0,0.0,0.0,317.0,-382.0,1.0
3968500,2729500.0,4.0,30.0,4.0,8.0,992.0,338.0,0.6,6.0,6.0,87.0,0.0,0.0,321.0,-381.0,1.0
3968500,2729500.0,4.0,30.0,5.0,7.9,993.0,34.0,0.0,6.0,6.0,88.0,0.0,0.0,320.0,-379.0,1.0
3968500,2729500.0,4.0,30.0,6.0,8.2,993.0,30.0,0.0,7.0,6.0,88.0,0.0,6.0,325.0,-378.0,1.0
3968500,2729500.0,4.0,30.0,7.0,8.4,994.0,180.0,0.7,8.0,6.2,89.0,0.0,26.0,336.0,-381.0,1.0
3968500,2729500.0,4.0,30.0,8.0,9.0,994.0,175.0,0.7,8.0,6.6,92.0,0.0,50.0,343.0,-386.0,1.0
3968500,2729500.0,4.0,30.0,9.0,9.6,995.0,170.0,0.7,7.0,6.9,93.0,0.0,96.0,340.0,-391.0,1.0
3968500,2729500.0,4.0,30.0,10.0,10.3,995.0,158.0,0.5,8.0,7.2,92.0,0.0,124.0,343.0,-396.0,1.0
3968500,2729500.0,4.0,30.0,11.0,11.4,996.0,312.0,0.5,8.0,7.4,90.0,5.0,219.0,352.0,-404.0,1.0
3968500,2729500.0,4.0,30.0,12.0,12.8,997.0,18.0,0.8,7.0,7.6,84.0,55.0,243.0,351.0,-415.0,1.0
3968500,2729500.0,4.0,30.0,13.0,13.8,997.0,12.0,1.4,7.0,7.5,77.0,5.0,242.0,349.0,-424.0,1.0
3968500,2729500.0,4.0,30.0,14.0,14.2,997.0,18.0,2.8,7.0,7.4,73.0,20.0,234.0,351.0,-425.0,1.0
3968500,2729500.0,4.0,30.0,15.0,14.3,997.0,7.0,2.7,7.0,7.7,74.0,10.0,210.0,351.0,-421.0,1.0
3968500,2729500.0,4.0,30.0,16.0,14.6,997.0,51.0,2.1,6.0,7.9,76.0,45.0,172.0,347.0,-415.0,1.0
3968500,2729500.0,4.0,30.0,17.0,13.9,997.0,55.0,2.4,5.0,7.8,76.0,60.0,123.0,335.0,-405.0,1.0
3968500,2729500.0,4.0,30.0,18.0,13.4,998.0,354.0,3.1,6.0,7.7,77.0,10.0,87.0,332.0,-396.0,1.0
3968500,2729500.0,4.0,30.0,19.0,13.2,998.0,343.0,2.0,8.0,7.7,80.0,0.0,16.0,347.0,-390.0,1.0
3968500,2729500.0,4.0,30.0,20.0,12.6,999.0,7.0,2.6,8.0,7.8,83.0,0.0,1.0,357.0,-387.0,1.0
3968500,2729500.0,4.0,30.0,21.0,11.6,999.0,338.0,2.3,8.0,7.8,87.0,0.0,0.0,354.0,-385.0,1.0
3968500,2729500.0,4.0,30.0,22.0,11.4,1000.0,357.0,1.1,7.0,7.7,90.0,0.0,0.0,347.0,-382.0,1.0
3968500,2729500.0,4.0,30.0,23.0,11.4,999.0,359.0,1.8,7.0,7.6,89.0,0.0,0.0,341.0,-382.0,1.0
3968500,2729500.0,4.0,30.0,24.0,11.4,1000.0,340.0,1.5,8.0,7.5,88.0,0.0,0.0,346.0,-381.0,1.0
3968500,2729500.0,5.0,1.0,1.0,11.0,1000.0,7.0,1.3,8.0,7.6,91.0,0.0,0.0,351.0,-382.0,1.0
3968500,2729500.0,5.0,1.0,2.0,10.6,1000.0,358.0,1.0,8.0,7.5,91.0,0.0,0.0,350.0,-381.0,1.0
3968500,2729500.0,5.0,1.0,3.0,10.5,1000.0,0.0,1.1,8.0,7.2,90.0,0.0,0.0,350.0,-380.0,1.0
3968500,2729500.0,5.0,1.0,4.0,10.4,1000.0,360.0,1.4,8.0,7.1,89.0,0.0,0.0,349.0,-379.0,1.0
3968500,2729500.0,5.0,1.0,5.0,10.3,1000.0,358.0,1.6,7.0,7.2,91.0,0.0,0.0,344.0,-379.0,1.0
3968500,2729500.0,5.0,1.0,6.0,10.1,1000.0,354.0,1.6,7.0,7.2,92.0,7.0,24.0,338.0,-379.0,1.0
3968500,2729500.0,5.0,1.0,7.0,10.5,1001.0,6.0,1.7,5.0,7.2,91.0,12.0,80.0,325.0,-380.0,1.0
3968500,2729500.0,5.0,1.0,8.0,11.3,1001.0,359.0,2.0,7.0,7.1,86.0,12.0,135.0,325.0,-381.0,1.0
3968500,2729500.0,5.0,1.0,9.0,12.1,1001.0,10.0,1.4,6.0,6.9,79.0,117.0,195.0,332.0,-383.0,1.0
3968500,2729500.0,5.0,1.0,10.0,13.4,1002.0,24.0,2.2,6.0,6.9,74.0,193.0,223.0,329.0,-386.0,1.0
3968500,2729500.0,5.0,1.0,11.0,14.8,1002.0,42.0,1.7,6.0,6.7,66.0,56.0,275.0,334.0,-392.0,1.0
3968500,2729500.0,5.0,1.0,12.0,16.0,1002.0,71.0,2.5,7.0,6.3,57.0,42.0,286.0,342.0,-394.0,1.0
3968500,2729500.0,5.0,1.0,13.0,15.7,1002.0,57.0,1.7,6.0,6.2,54.0,126.0,293.0,344.0,-393.0,1.0
3968500,2729500.0,5.0,1.0,14.0,16.4,1002.0,67.0,1.8,6.0,6.3,55.0,117.0,282.0,341.0,-394.0,1.0
3968500,2729500.0,5.0,1.0,15.0,15.7,1002.0,102.0,1.9,6.0,6.4,56.0,128.0,251.0,341.0,-399.0,1.0
3968500,2729500.0,5.0,1.0,16.0,16.2,1002.0,66.0,2.1,4.0,6.7,59.0,437.0,64.0,333.0,-404.0,1.0
3968500,2729500.0,5.0,1.0,17.0,17.0,1002.0,88.0,2.0,4.0,6.2,52.0,229.0,115.0,324.0,-404.0,1.0
3968500,2729500.0,5.0,1.0,18.0,16.6,1002.0,55.0,2.2,3.0,5.6,47.0,184.0,58.0,318.0,-400.0,1.0
3968500,2729500.0,5.0,1.0,19.0,15.7,1002.0,63.0,2.0,3.0,5.7,50.0,28.0,59.0,311.0,-395.0,1.0
3968500,2729500.0,5.0,1.0,20.0,14.4,1002.0,90.0,1.6,2.0,5.6,52.0,1.0,14.0,302.0,-387.0,1.0
3968500,2729500.0,5.0,1.0,21.0,12.5,1003.0,56.0,0.4,1.0,5.3,54.0,0.0,0.0,287.0,-381.0,1.0
3968500,2729500.0,5.0,1.0,22.0,11.0,1003.0,115.0,1.4,2.0,5.4,63.0,0.0,0.0,282.0,-378.0,1.0
3968500,2729500.0,5.0,1.0,23.0,10.2,1004.0,130.0,1.1,1.0,5.9,74.0,0.0,0.0,281.0,-374.0,1.0
3968500,2729500.0,5.0,1.0,24.0,9.1,1004.0,14.0,0.1,0.0,6.1,80.0,0.0,0.0,270.0,-371.0,1.0
3968500,2729500.0,5.0,2.0,1.0,7.6,1004.0,126.0,0.6,1.0,6.0,86.0,0.0,0.0,266.0,-370.0,1.0
3968500,2729500.0,5.0,2.0,2.0,7.1,1005.0,57.0,0.4,1.0,5.8,89.0,0.0,0.0,265.0,-367.0,1.0
3968500,2729500.0,5.0,2.0,3.0,5.9,1005.0,67.0,0.6,1.0,5.5,91.0,0.0,0.0,263.0,-364.0,1.0
3968500,2729500.0,5.0,2.0,4.0,5.3,1005.0,93.0,0.6,1.0,5.3,92.0,0.0,0.0,259.0,-362.0,1.0
3968500,2729500.0,5.0,2.0,5.0,4.7,1005.0,65.0,0.5,2.0,5.2,95.0,0.0,0.0,261.0,-361.0,1.0
3968500,2729500.0,5.0,2.0,6.0,4.6,1005.0,52.0,0.4,2.0,5.2,97.0,5.0,31.0,263.0,-359.0,1.0
3968500,2729500.0,5.0,2.0,7.0,5.4,1006.0,19.0,0.0,1.0,5.2,96.0,67.0,95.0,258.0,-361.0,1.0
3968500,2729500.0,5.0,2.0,8.0,8.7,1006.0,38.0,0.4,1.0,5.4,86.0,210.0,128.0,259.0,-369.0,1.0
3968500,2729500.0,5.0,2.0,9.0,11.9,1006.0,15.0,0.7,1.0,5.6,72.0,378.0,135.0,267.0,-380.0,1.0
3968500,2729500.0,5.0,2.0,10.0,14.2,1006.0,172.0,1.2,0.0,5.7,61.0,518.0,140.0,273.0,-393.0,1.0
3968500,2729500.0,5.0,2.0,11.0,15.8,1007.0,142.0,2.6,1.0,5.2,49.0,640.0,133.0,278.0,-406.0,1.0
3968500,2729500.0,5.0,2.0,12.0,17.0,1007.0,77.0,3.4,1.0,4.8,41.0,692.0,142.0,287.0,-416.0,1.0
3968500,2729500.0,5.0,2.0,13.0,17.7,1006.0,48.0,2.4,1.0,5.0,40.0,689.0,153.0,293.0,-425.0,1.0
3968500,2729500.0,5.0,2.0,14.0,18.0,1006.0,95.0,1.6,2.0,5.1,40.0,661.0,148.0,299.0,-432.0,1.0
3968500,2729500.0,5.0,2.0,15.0,18.5,1006.0,143.0,2.8,2.0,5.2,39.0,579.0,147.0,305.0,-434.0,1.0
3968500,2729500.0,5.0,2.0,16.0,18.4,1005.0,64.0,3.0,2.0,4.9,37.0,481.0,131.0,305.0,-428.0,1.0
3968500,2729500.0,5.0,2.0,17.0,18.0,1005.0,47.0,1.8,3.0,4.5,35.0,337.0,123.0,306.0,-419.0,1.0
3968500,2729500.0,5.0,2.0,18.0,17.6,1005.0,149.0,3.1,3.0,4.5,35.0,171.0,112.0,306.0,-411.0,1.0
3968500,2729500.0,5.0,2.0,19.0,16.6,1005.0,172.0,2.0,5.0,4.8,39.0,41.0,73.0,309.0,-400.0,1.0
3968500,2729500.0,5.0,2.0,20.0,14.0,1005.0,112.0,1.0,4.0,4.8,44.0,0.0,14.0,306.0,-388.0,1.0
3968500,2729500.0,5.0,2.0,21.0,11.3,1005.0,157.0,1.1,4.0,4.5,49.0,0.0,0.0,293.0,-377.0,1.0
3968500,2729500.0,5.0,2.0,22.0,10.8,1006.0,58.0,0.1,1.0,4.5,54.0,0.0,0.0,278.0,-368.0,1.0
3968500,2729500.0,5.0,2.0,23.0,9.4,1006.0,57.0,0.8,1.0,4.4,57.0,0.0,0.0,265.0,-363.0,1.0
3968500,2729500.0,5.0,2.0,24.0,8.6,1006.0,62.0,0.0,3.0,4.2,59.0,0.0,0.0,267.0,-360.0,1.0
3968500,2729500.0,5.0,3.0,1.0,7.3,1006.0,195.0,0.6,2.0,4.3,64.0,0.0,0.0,267.0,-358.0,1.0
3968500,2729500.0,5.0,3.0,2.0,7.0,1006.0,201.0,0.4,1.0,4.5,71.0,0.0,0.0,260.0,-354.0,1.0
3968500,2729500.0,5.0,3.0,3.0,6.5,1007.0,202.0,0.4,0.0,4.4,72.0,0.0,0.0,250.0,-352.0,1.0
3968500,2729500.0,5.0,3.0,4.0,5.3,1007.0,294.0,0.8,1.0,4.3,74.0,0.0,0.0,248.0,-348.0,1.0
3968500,2729500.0,5.0,3.0,5.0,4.9,1006.0,16.0,0.4,2.0,4.3,78.0,0.0,0.0,253.0,-344.0,1.0
3968500,2729500.0,5.0,3.0,6.0,4.4,1006.0,223.0,0.0,3.0,4.4,82.0,13.0,32.0,261.0,-341.0,1.0
3968500,2729500.0,5.0,3.0,7.0,6.5,1007.0,278.0,0.0,2.0,4.6,81.0,100.0,84.0,262.0,-344.0,1.0
3968500,2729500.0,5.0,3.0,8.0,8.9,1007.0,331.0,0.0,2.0,5.0,76.0,257.0,104.0,263.0,-357.0,1.0
3968500,2729500.0,5.0,3.0,9.0,11.6,1007.0,207.0,0.9,2.0,5.3,67.0,412.0,112.0,268.0,-373.0,1.0
3968500,2729500.0,5.0,3.0,10.0,13.9,1007.0,219.0,1.1,4.0,5.1,55.0,550.0,115.0,286.0,-388.0,1.0
3968500,2729500.0,5.0,3.0,11.0,15.6,1008.0,248.0,1.2,3.0,5.0,48.0,618.0,140.0,298.0,-402.0,1.0
3968500,2729500.0,5.0,3.0,12.0,17.0,1008.0,138.0,1.9,3.0,4.9,42.0,705.0,127.0,298.0,-417.0,1.0
3968500,2729500.0,5.0,3.0,13.0,18.3,1007.0,186.0,1.7,3.0,4.9,39.0,668.0,159.0,304.0,-431.0,1.0
3968500,2729500.0,5.0,3.0,14.0,19.3,1006.0,137.0,2.0,3.0,5.0,37.0,640.0,154.0,309.0,-441.0,1.0
3968500,2729500.0,5.0,3.0,15.0,20.1,1005.0,171.0,2.5,1.0,4.9,34.0,610.0,122.0,304.0,-444.0,1.0
3968500,2729500.0,5.0,3.0,16.0,20.6,1005.0,176.0,1.4,1.0,4.9,32.0,512.0,108.0,300.0,-441.0,1.0
3968500,2729500.0,5.0,3.0,17.0,20.8,1004.0,230.0,1.7,1.0,4.9,32.0,370.0,102.0,301.0,-434.0,1.0
3968500,2729500.0,5.0,3.0,18.0,20.5,1004.0,188.0,1.3,1.0,4.9,32.0,208.0,94.0,299.0,-423.0,1.0
3968500,2729500.0,5.0,3.0,19.0,19.5,1004.0,16.0,0.5,2.0,4.8,33.0,72.0,65.0,300.0,-410.0,1.0
3968500,2729500.0,5.0,3.0,20.0,16.3,1004.0,243.0,1.3,4.0,4.9,38.0,5.0,17.0,304.0,-397.0,1.0
3968500,2729500.0,5.0,3.0,21.0,14.4,1004.0,137.0,1.3,4.0,5.2,48.0,0.0,0.0,303.0,-385.0,1.0
3968500,2729500.0,5.0,3.0,22.0,12.9,1005.0,84.0,1.1,2.0,5.5,56.0,0.0,0.0,293.0,-377.0,1.0
3968500,2729500.0,5.0,3.0,23.0,10.8,1004.0,109.0,0.3,2.0,5.5,63.0,0.0,0.0,281.0,-373.0,1.0
3968500,2729500.0,5.0,3.0,24.0,9.8,1004.0,156.0,0.7,5.0,5.5,70.0,0.0,0.0,286.0,-371.0,1.0
3968500,2729500.0,5.0,4.0,1.0,8.9,1004.0,78.0,0.6,3.0,5.3,72.0,0.0,0.0,287.0,-369.0,1.0
3968500,2729500.0,5.0,4.0,2.0,8.1,1004.0,114.0,0.2,2.0,5.1,73.0,0.0,0.0,274.0,-368.0,1.0
3968500,2729500.0,5.0,4.0,3.0,6.4,1004.0,272.0,0.3,2.0,5.0,78.0,0.0,0.0,267.0,-367.0,1.0
3968500,2729500.0,5.0,4.0,4.0,6.3,1003.0,338.0,0.3,2.0,4.9,81.0,0.0,0.0,265.0,-366.0,1.0
3968500,2729500.0,5.0,4.0,5.0,5.3,1003.0,4.0,0.5,4.0,4.8,83.0,0.0,0.0,270.0,-364.0,1.0
3968500,2729500.0,5.0,4.0,6.0,5.6,1004.0,0.0,0.5,5.0,4.9,87.0,4.0,27.0,280.0,-363.0,1.0
3968500,2729500.0,5.0,4.0,7.0,7.0,1004.0,258.0,0.8,5.0,5.3,88.0,76.0,88.0,284.0,-365.0,1.0
3968500,2729500.0,5.0,4.0,8.0,9.3,1004.0,202.0,1.3,3.0,6.0,89.0,122.0,162.0,282.0,-373.0,1.0
3968500,2729500.0,5.0,4.0,9.0,11.3,1004.0,174.0,1.3,4.0,6.5,83.0,172.0,229.0,285.0,-385.0,1.0
3968500,2729500.0,5.0,4.0,10.0,14.3,1004.0,175.0,1.0,6.0,6.8,73.0,335.0,233.0,302.0,-398.0,1.0
3968500,2729500.0,5.0,4.0,11.0,17.9,1004.0,95.0,1.3,6.0,7.1,62.0,588.0,148.0,320.0,-412.0,1.0
3968500,2729500.0,5.0,4.0,12.0,20.0,1003.0,63.0,1.6,5.0,6.7,49.0,675.0,133.0,326.0,-423.0,1.0
3968500,2729500.0,5.0,4.0,13.0,21.5,1003.0,358.0,2.5,5.0,6.4,41.0,684.0,137.0,329.0,-432.0,1.0
3968500,2729500.0,5.0,4.0,14.0,21.9,1002.0,317.0,2.7,4.0,6.3,39.0,683.0,116.0,330.0,-438.0,1.0
3968500,2729500.0,5.0,4.0,15.0,22.1,1002.0,343.0,2.6,2.0,6.0,36.0,648.0,88.0,322.0,-440.0,1.0
3968500,2729500.0,5.0,4.0,16.0,22.2,1002.0,359.0,2.7,2.0,5.4,32.0,517.0,95.0,316.0,-438.0,1.0
3968500,2729500.0,5.0,4.0,17.0,22.2,1001.0,17.0,2.8,2.0,5.5,33.0,376.0,90.0,316.0,-433.0,1.0
3968500,2729500.0,5.0,4.0,18.0,21.5,1001.0,357.0,3.1,2.0,6.1,37.0,204.0,90.0,316.0,-426.0,1.0
3968500,2729500.0,5.0,4.0,19.0,20.4,1001.0,0.0,2.0,2.0,6.3,40.0,66.0,64.0,312.0,-415.0,1.0
3968500,2729500.0,5.0,4.0,20.0,17.8,1001.0,331.0,1.6,2.0,6.3,46.0,4.0,17.0,305.0,-401.0,1.0
3968500,2729500.0,5.0,4.0,21.0,15.9,1001.0,325.0,1.7,2.0,6.3,52.0,0.0,0.0,295.0,-391.0,1.0
3968500,2729500.0,5.0,4.0,22.0,14.6,1002.0,352.0,1.1,1.0,6.3,57.0,0.0,0.0,286.0,-385.0,1.0
3968500,2729500.0,5.0,4.0,23.0,12.7,1002.0,13.0,1.3,1.0,6.2,63.0,0.0,0.0,277.0,-381.0,1.0
3968500,2729500.0,5.0,4.0,24.0,11.1,1002.0,0.0,0.6,1.0,6.1,70.0,0.0,0.0,271.0,-377.0,1.0
3968500,2729500.0,5.0,5.0,1.0,9.7,1002.0,4.0,0.6,1.0,6.2,78.0,0.0,0.0,268.0,-374.0,1.0
3968500,2729500.0,5.0,5.0,2.0,8.9,1002.0,296.0,1.4,1.0,6.2,84.0,0.0,0.0,266.0,-371.0,1.0
3968500,2729500.0,5.0,5.0,3.0,7.9,1002.0,303.0,0.9,0.0,6.0,87.0,0.0,0.0,259.0,-368.0,1.0
3968500,2729500.0,5.0,5.0,4.0,7.1,1002.0,335.0,0.6,1.0,6.0,92.0,0.0,0.0,256.0,-366.0,1.0
3968500,2729500.0,5.0,5.0,5.0,6.8,1002.0,339.0,0.7,2.0,5.9,94.0,0.0,0.0,262.0,-364.0,1.0
3968500,2729500.0,5.0,5.0,6.0,7.1,1002.0,354.0,0.7,4.0,6.0,95.0,3.0,28.0,272.0,-363.0,1.0
3968500,2729500.0,5.0,5.0,7.0,8.8,1002.0,327.0,0.4,4.0,6.2,93.0,56.0,102.0,280.0,-367.0,1.0
3968500,2729500.0,5.0,5.0,8.0,10.7,1002.0,292.0,0.9,2.0,6.7,88.0,188.0,149.0,278.0,-380.0,1.0
3968500,2729500.0,5.0,5.0,9.0,12.9,1002.0,203.0,0.8,2.0,7.1,81.0,333.0,176.0,279.0,-395.0,1.0
3968500,2729500.0,5.0,5.0,10.0,16.5,1002.0,206.0,1.1,4.0,7.7,73.0,466.0,191.0,295.0,-410.0,1.0
3968500,2729500.0,5.0,5.0,11.0,19.5,1002.0,147.0,1.4,5.0,8.3,64.0,581.0,194.0,316.0,-425.0,1.0
3968500,2729500.0,5.0,5.0,12.0,21.2,1001.0,141.0,1.8,5.0,8.0,53.0,601.0,223.0,325.0,-438.0,1.0
3968500,2729500.0,5.0,5.0,13.0,22.1,1000.0,199.0,2.7,5.0,7.4,45.0,645.0,207.0,329.0,-448.0,1.0
3968500,2729500.0,5.0,5.0,14.0,23.1,1000.0,185.0,2.1,4.0,7.4,43.0,614.0,203.0,330.0,-454.0,1.0
3968500,2729500.0,5.0,5.0,15.0,23.4,999.0,192.0,2.2,2.0,7.4,41.0,490.0,221.0,325.0,-456.0,1.0
3968500,2729500.0,5.0,5.0,16.0,24.2,999.0,277.0,1.4,2.0,7.2,38.0,389.0,201.0,320.0,-454.0,1.0
3968500,2729500.0,5.0,5.0,17.0,23.8,999.0,17.0,1.9,5.0,7.0,37.0,259.0,176.0,327.0,-449.0,1.0
3968500,2729500.0,5.0,5.0,18.0,23.2,997.0,0.0,2.0,6.0,6.9,38.0,89.0,149.0,335.0,-442.0,1.0
3968500,2729500.0,5.0,5.0,19.0,22.0,997.0,357.0,1.3,7.0,7.0,40.0,14.0,73.0,337.0,-431.0,1.0
3968500,2729500.0,5.0,5.0,20.0,19.2,997.0,347.0,1.3,7.0,7.2,47.0,1.0,17.0,334.0,-419.0,1.0
3968500,2729500.0,5.0,5.0,21.0,17.5,997.0,325.0,1.4,7.0,7.1,53.0,0.0,0.0,326.0,-407.0,1.0
3968500,2729500.0,5.0,5.0,22.0,15.7,997.0,4.0,1.1,2.0,7.2,60.0,0.0,0.0,302.0,-397.0,1.0
3968500,2729500.0,5.0,5.0,23.0,15.2,997.0,22.0,1.6,2.0,8.0,71.0,0.0,0.0,284.0,-389.0,1.0
3968500,2729500.0,5.0,5.0,24.0,12.3,997.0,22.0,1.5,3.0,7.8,78.0,0.0,0.0,282.0,-383.0,1.0
3968500,2729500.0,5.0,6.0,1.0,11.6,997.0,166.0,0.9,4.0,7.4,84.0,0.0,0.0,283.0,-378.0,1.0
3968500,2729500.0,5.0,6.0,2.0,10.8,997.0,23.0,0.3,4.0,7.6,90.0,0.0,0.0,285.0,-372.0,1.0
3968500,2729500.0,5.0,6.0,3.0,8.9,995.0,181.0,0.8,3.0,7.5,97.0,0.0,0.0,278.0,-367.0,1.0
3968500,2729500.0,5.0,6.0,4.0,8.7,995.0,142.0,0.8,2.0,7.2,100.0,0.0,0.0,268.0,-363.0,1.0
3968500,2729500.0,5.0,6.0,5.0,8.2,995.0,140.0,0.6,3.0,7.0,100.0,0.0,0.0,267.0,-361.0,1.0
3968500,2729500.0,5.0,6.0,6.0,8.0,995.0,30.0,0.1,4.0,6.8,99.0,6.0,31.0,272.0,-361.0,1.0
3968500,2729500.0,5.0,6.0,7.0,8.7,995.0,21.0,0.6,4.0,6.8,97.0,52.0,104.0,274.0,-366.0,1.0
3968500,2729500.0,5.0,6.0,8.0,11.2,995.0,175.0,1.2,3.0,7.2,93.0,110.0,184.0,277.0,-377.0,1.0
3968500,2729500.0,5.0,6.0,9.0,14.1,996.0,180.0,0.5,3.0,7.5,81.0,237.0,231.0,282.0,-393.0,1.0
3968500,2729500.0,5.0,6.0,10.0,16.5,995.0,194.0,0.8,5.0,7.9,71.0,329.0,273.0,298.0,-413.0,1.0
3968500,2729500.0,5.0,6.0,11.0,19.7,995.0,50.0,1.4,4.0,8.2,62.0,475.0,263.0,312.0,-432.0,1.0
3968500,2729500.0,5.0,6.0,12.0,21.4,994.0,23.0,3.1,3.0,7.8,51.0,555.0,260.0,316.0,-444.0,1.0
3968500,2729500.0,5.0,6.0,13.0,21.7,994.0,7.0,4.0,2.0,7.6,46.0,573.0,260.0,315.0,-454.0,1.0
3968500,2729500.0,5.0,6.0,14.0,22.6,994.0,355.0,4.0,2.0,7.8,46.0,554.0,248.0,318.0,-459.0,1.0
3968500,2729500.0,5.0,6.0,15.0,23.5,994.0,328.0,4.9,1.0,7.2,40.0,480.0,237.0,318.0,-460.0,1.0
3968500,2729500.0,5.0,6.0,16.0,23.2,994.0,333.0,5.1,1.0,6.3,34.0,385.0,212.0,315.0,-459.0,1.0
3968500,2729500.0,5.0,6.0,17.0,22.2,994.0,339.0,5.3,2.0,6.5,37.0,263.0,181.0,317.0,-454.0,1.0
3968500,2729500.0,5.0,6.0,18.0,20.7,993.0,4.0,4.6,2.0,6.9,43.0,145.0,137.0,316.0,-445.0,1.0
3968500,2729500.0,5.0,6.0,19.0,19.6,993.0,3.0,3.4,2.0,7.1,47.0,49.0,78.0,312.0,-433.0,1.0
3968500,2729500.0,5.0,6.0,20.0,17.6,993.0,360.0,2.5,3.0,7.3,54.0,3.0,17.0,309.0,-420.0,1.0
3968500,2729500.0,5.0,6.0,21.0,16.1,993.0,338.0,2.0,3.0,7.4,60.0,0.0,0.0,306.0,-407.0,1.0
3968500,2729500.0,5.0,6.0,22.0,14.9,994.0,337.0,1.3,2.0,7.6,68.0,0.0,0.0,300.0,-396.0,1.0
3968500,2729500.0,5.0,6.0,23.0,14.0,994.0,341.0,1.3,2.0,7.7,74.0,0.0,0.0,295.0,-389.0,1.0
3968500,2729500.0,5.0,6.0,24.0,13.4,994.0,320.0,2.5,2.0,6.8,69.0,0.0,0.0,291.0,-385.0,1.0
3968500,2729500.0,5.0,7.0,1.0,11.9,994.0,346.0,2.8,2.0,5.6,60.0,0.0,0.0,285.0,-379.0,1.0
3968500,2729500.0,5.0,7.0,2.0,11.2,994.0,102.0,2.6,1.0,5.0,58.0,0.0,0.0,278.0,-373.0,1.0
3968500,2729500.0,5.0,7.0,3.0,10.0,994.0,34.0,1.1,1.0,5.0,62.0,0.0,0.0,273.0,-368.0,1.0
3968500,2729500.0,5.0,7.0,4.0,8.5,993.0,21.0,0.7,2.0,5.3,72.0,0.0,0.0,271.0,-367.0,1.0
3968500,2729500.0,5.0,7.0,5.0,7.7,994.0,8.0,1.1,3.0,5.5,80.0,0.0,0.0,273.0,-368.0,1.0
3968500,2729500.0,5.0,7.0,6.0,7.4,994.0,1.0,0.7,3.0,5.7,86.0,14.0,34.0,274.0,-369.0,1.0
3968500,2729500.0,5.0,7.0,7.0,8.9,994.0,353.0,1.1,3.0,6.1,89.0,83.0,91.0,275.0,-372.0,1.0
3968500,2729500.0,5.0,7.0,8.0,10.1,994.0,127.0,0.6,4.0,6.3,84.0,68.0,180.0,281.0,-381.0,1.0
3968500,2729500.0,5.0,7.0,9.0,12.4,995.0,156.0,1.0,5.0,6.5,77.0,157.0,245.0,291.0,-396.0,1.0
3968500,2729500.0,5.0,7.0,10.0,15.2,995.0,105.0,1.3,5.0,6.7,67.0,378.0,224.0,303.0,-417.0,1.0
3968500,2729500.0,5.0,7.0,11.0,16.9,994.0,58.0,1.3,4.0,6.6,57.0,483.0,229.0,308.0,-435.0,1.0
3968500,2729500.0,5.0,7.0,12.0,17.3,994.0,57.0,1.8,3.0,6.5,52.0,604.0,197.0,306.0,-447.0,1.0
3968500,2729500.0,5.0,7.0,13.0,19.3,993.0,94.0,1.9,3.0,6.5,48.0,741.0,122.0,307.0,-455.0,1.0
3968500,2729500.0,5.0,7.0,14.0,19.9,993.0,89.0,2.2,3.0,6.8,46.0,674.0,141.0,313.0,-460.0,1.0
3968500,2729500.0,5.0,7.0,15.0,20.7,992.0,62.0,2.1,2.0,7.3,48.0,570.0,153.0,315.0,-462.0,1.0
3968500,2729500.0,5.0,7.0,16.0,21.5,992.0,94.0,3.9,2.0,7.9,49.0,415.0,169.0,315.0,-460.0,1.0
3968500,2729500.0,5.0,7.0,17.0,20.9,991.0,73.0,2.3,5.0,7.9,49.0,260.0,163.0,325.0,-454.0,1.0
3968500,2729500.0,5.0,7.0,18.0,20.7,991.0,51.0,1.2,5.0,7.8,50.0,140.0,126.0,332.0,-446.0,1.0
3968500,2729500.0,5.0,7.0,19.0,19.8,990.0,22.0,1.3,4.0,7.8,52.0,64.0,69.0,326.0,-435.0,1.0
3968500,2729500.0,5.0,7.0,20.0,18.2,990.0,6.0,0.9,6.0,7.7,55.0,4.0,18.0,324.0,-421.0,1.0
3968500,2729500.0,5.0,7.0,21.0,15.9,991.0,348.0,0.8,6.0,7.3,59.0,0.0,0.0,326.0,-408.0,1.0
3968500,2729500.0,5.0,7.0,22.0,14.7,991.0,10.0,0.2,3.0,7.3,65.0,0.0,0.0,307.0,-400.0,1.0
3968500,2729500.0,5.0,7.0,23.0,13.2,991.0,49.0,0.0,3.0,7.3,72.0,0.0,0.0,290.0,-393.0,1.0
3968500,2729500.0,5.0,7.0,24.0,12.2,991.0,83.0,0.0,6.0,7.5,80.0,0.0,0.0,300.0,-389.0,1.0
3968500,2729500.0,5.0,8.0,1.0,11.0,991.0,138.0,1.2,6.0,7.5,86.0,0.0,0.0,312.0,-386.0,1.0
3968500,2729500.0,5.0,8.0,2.0,10.7,990.0,142.0,1.4,6.0,7.3,87.0,0.0,0.0,311.0,-383.0,1.0
3968500,2729500.0,5.0,8.0,3.0,10.6,989.0,139.0,1.2,6.0,7.3,89.0,0.0,0.0,312.0,-379.0,1.0
3968500,2729500.0,5.0,8.0,4.0,10.9,989.0,152.0,1.7,7.0,7.5,91.0,0.0,0.0,318.0,-377.0,1.0
3968500,2729500.0,5.0,8.0,5.0,11.0,988.0,196.0,3.4,7.0,7.8,93.0,0.0,0.0,323.0,-378.0,1.0
3968500,2729500.0,5.0,8.0,6.0,11.3,987.0,196.0,2.0,6.0,7.9,93.0,0.0,22.0,320.0,-380.0,1.0
3968500,2729500.0,5.0,8.0,7.0,11.8,987.0,186.0,2.5,5.0,8.0,91.0,33.0,114.0,316.0,-383.0,1.0
3968500,2729500.0,5.0,8.0,8.0,14.4,987.0,191.0,2.2,4.0,8.3,86.0,73.0,203.0,314.0,-389.0,1.0
3968500,2729500.0,5.0,8.0,9.0,15.6,987.0,184.0,1.6,5.0,8.8,80.0,52.0,271.0,321.0,-399.0,1.0
3968500,2729500.0,5.0,8.0,10.0,17.1,987.0,260.0,2.5,6.0,8.7,73.0,116.0,355.0,332.0,-415.0,1.0
3968500,2729500.0,5.0,8.0,11.0,18.4,987.0,274.0,3.5,7.0,8.1,62.0,60.0,360.0,344.0,-432.0,1.0
3968500,2729500.0,5.0,8.0,12.0,18.0,986.0,280.0,4.3,7.0,7.7,58.0,12.0,299.0,351.0,-444.0,1.0
3968500,2729500.0,5.0,8.0,13.0,18.2,986.0,295.0,5.3,6.0,7.5,57.0,35.0,351.0,349.0,-446.0,1.0
3968500,2729500.0,5.0,8.0,14.0,19.2,986.0,294.0,5.6,4.0,7.0,51.0,162.0,419.0,343.0,-439.0,1.0
3968500,2729500.0,5.0,8.0,15.0,18.0,987.0,308.0,5.5,3.0,6.3,46.0,264.0,368.0,332.0,-427.0,1.0
3968500,2729500.0,5.0,8.0,16.0,18.2,987.0,304.0,4.9,2.0,5.8,44.0,298.0,284.0,322.0,-424.0,1.0
3968500,2729500.0,5.0,8.0,17.0,17.8,986.0,297.0,5.2,5.0,5.6,43.0,59.0,240.0,324.0,-424.0,1.0
3968500,2729500.0,5.0,8.0,18.0,16.5,986.0,307.0,4.7,5.0,5.8,46.0,20.0,152.0,330.0,-416.0,1.0
3968500,2729500.0,5.0,8.0,19.0,14.3,986.0,292.0,5.1,3.0,6.0,54.0,39.0,87.0,317.0,-406.0,1.0
3968500,2729500.0,5.0,8.0,20.0,12.8,987.0,281.0,4.3,4.0,5.7,57.0,4.0,20.0,305.0,-395.0,1.0
3968500,2729500.0,5.0,8.0,21.0,11.3,987.0,291.0,3.3,3.0,5.4,60.0,0.0,0.0,298.0,-384.0,1.0
3968500,2729500.0,5.0,8.0,22.0,10.8,988.0,285.0,2.7,6.0,5.2,62.0,0.0,0.0,302.0,-375.0,1.0
3968500,2729500.0,5.0,8.0,23.0,10.0,988.0,267.0,1.5,6.0,5.2,64.0,0.0,0.0,315.0,-370.0,1.0
3968500,2729500.0,5.0,8.0,24.0,9.5,988.0,291.0,1.8,4.0,5.3,69.0,0.0,0.0,303.0,-365.0,1.0
3968500,2729500.0,5.0,9.0,1.0,9.0,988.0,267.0,2.4,5.0,5.5,74.0,0.0,0.0,295.0,-362.0,1.0
3968500,2729500.0,5.0,9.0,2.0,9.0,988.0,254.0,2.3,5.0,5.6,76.0,0.0,0.0,299.0,-362.0,1.0
3968500,2729500.0,5.0,9.0,3.0,7.6,987.0,256.0,2.3,6.0,5.7,82.0,0.0,0.0,304.0,-362.0,1.0
3968500,2729500.0,5.0,9.0,4.0,6.7,987.0,297.0,0.7,6.0,5.9,91.0,0.0,0.0,308.0,-357.0,1.0
3968500,2729500.0,5.0,9.0,5.0,6.6,987.0,251.0,1.1,7.0,5.9,95.0,0.0,0.0,314.0,-351.0,1.0
3968500,2729500.0,5.0,9.0,6.0,6.1,987.0,218.0,1.5,7.0,5.8,95.0,2.0,24.0,319.0,-351.0,1.0
3968500,2729500.0,5.0,9.0,7.0,7.0,987.0,203.0,2.7,8.0,5.9,95.0,0.0,27.0,325.0,-356.0,1.0
3968500,2729500.0,5.0,9.0,8.0,7.3,987.0,271.0,2.5,8.0,6.1,94.0,0.0,48.0,332.0,-366.0,1.0
3968500,2729500.0,5.0,9.0,9.0,8.0,987.0,260.0,1.9,8.0,6.2,93.0,0.0,83.0,333.0,-376.0,1.0
3968500,2729500.0,5.0,9.0,10.0,8.7,988.0,275.0,3.1,8.0,6.2,88.0,0.0,114.0,333.0,-382.0,1.0
3968500,2729500.0,5.0,9.0,11.0,9.5,988.0,269.0,3.0,6.0,6.1,83.0,71.0,264.0,321.0,-388.0,1.0
3968500,2729500.0,5.0,9.0,12.0,10.9,989.0,280.0,4.7,6.0,6.0,75.0,143.0,262.0,312.0,-391.0,1.0
3968500,2729500.0,5.0,9.0,13.0,11.3,989.0,267.0,4.8,7.0,5.7,68.0,121.0,271.0,319.0,-394.0,1.0
3968500,2729500.0,5.0,9.0,14.0,9.5,989.0,270.0,4.9,6.0,5.9,73.0,26.0,263.0,316.0,-398.0,1.0
3968500,2729500.0,5.0,9.0,15.0,11.3,989.0,286.0,5.7,7.0,6.1,75.0,8.0,215.0,317.0,-397.0,1.0
3968500,2729500.0,5.0,9.0,16.0,12.7,989.0,283.0,5.7,8.0,5.7,64.0,0.0,78.0,327.0,-395.0,1.0
3968500,2729500.0,5.0,9.0,17.0,11.9,989.0,297.0,3.5,8.0,5.5,61.0,4.0,145.0,331.0,-394.0,1.0
3968500,2729500.0,5.0,9.0,18.0,10.2,990.0,291.0,4.3,6.0,5.7,68.0,87.0,100.0,319.0,-390.0,1.0
3968500,2729500.0,5.0,9.0,19.0,9.4,990.0,294.0,3.5,5.0,5.8,75.0,15.0,59.0,301.0,-384.0,1.0
3968500,2729500.0,5.0,9.0,20.0,9.0,990.0,299.0,3.6,7.0,5.8,78.0,2.0,15.0,302.0,-376.0,1.0
3968500,2729500.0,5.0,9.0,21.0,8.6,991.0,296.0,3.4,7.0,5.9,82.0,0.0,0.0,313.0,-369.0,1.0
3968500,2729500.0,5.0,9.0,22.0,8.3,991.0,297.0,3.3,8.0,5.9,84.0,0.0,0.0,316.0,-364.0,1.0
3968500,2729500.0,5.0,9.0,23.0,8.6,992.0,253.0,2.9,7.0,5.9,82.0,0.0,0.0,314.0,-360.0,1.0
3968500,2729500.0,5.0,9.0,24.0,9.1,992.0,194.0,2.6,6.0,5.8,78.0,0.0,0.0,309.0,-357.0,1.0
3968500,2729500.0,5.0,10.0,1.0,9.6,1002.0,123.0,2.1,4.0,5.6,73.0,0.0,0.0,275.0,-385.0,1.0
3968500,2729500.0,5.0,10.0,2.0,9.7,1002.0,80.0,1.9,3.0,5.5,71.0,0.0,0.0,278.0,-382.0,1.0
3968500,2729500.0,5.0,10.0,3.0,9.5,1001.0,51.0,1.7,2.0,5.5,71.0,0.0,0.0,275.0,-378.0,1.0
3968500,2729500.0,5.0,10.0,4.0,9.0,1002.0,70.0,1.6,2.0,5.5,74.0,0.0,0.0,266.0,-374.0,1.0
3968500,2729500.0,5.0,10.0,5.0,9.6,1002.0,71.0,1.4,2.0,5.5,74.0,0.0,4.0,264.0,-371.0,1.0
3968500,2729500.0,5.0,10.0,6.0,8.9,1002.0,85.0,1.2,2.0,5.5,80.0,24.0,39.0,266.0,-370.0,1.0
3968500,2729500.0,5.0,10.0,7.0,12.0,1002.0,107.0,1.1,2.0,5.8,73.0,129.0,85.0,270.0,-373.0,1.0
3968500,2729500.0,5.0,10.0,8.0,15.7,1003.0,164.0,1.5,2.0,6.1,62.0,265.0,111.0,280.0,-385.0,1.0
3968500,2729500.0,5.0,10.0,9.0,17.9,1003.0,152.0,2.0,3.0,6.0,50.0,378.0,141.0,291.0,-403.0,1.0
3968500,2729500.0,5.0,10.0,10.0,20.6,1003.0,163.0,2.1,3.0,5.7,41.0,491.0,159.0,301.0,-423.0,1.0
3968500,2729500.0,5.0,10.0,11.0,21.9,1002.0,255.0,1.8,5.0,5.7,36.0,325.0,312.0,315.0,-440.0,1.0
3968500,2729500.0,5.0,10.0,12.0,22.9,1002.0,330.0,1.9,6.0,5.7,34.0,225.0,370.0,330.0,-458.0,1.0
3968500,2729500.0,5.0,10.0,13.0,23.6,1002.0,179.0,1.8,6.0,5.7,32.0,189.0,376.0,338.0,-471.0,1.0
3968500,2729500.0,5.0,10.0,14.0,24.2,1002.0,180.0,2.5,6.0,5.7,30.0,281.0,345.0,340.0,-476.0,1.0
3968500,2729500.0,5.0,10.0,15.0,24.7,1001.0,145.0,3.1,6.0,5.5,28.0,296.0,300.0,339.0,-477.0,1.0
3968500,2729500.0,5.0,10.0,16.0,25.1,1001.0,161.0,2.6,4.0,5.2,26.0,337.0,215.0,332.0,-472.0,1.0
3968500,2729500.0,5.0,10.0,17.0,24.6,1001.0,178.0,1.7,2.0,5.1,26.0,349.0,122.0,324.0,-465.0,1.0
3968500,2729500.0,5.0,10.0,18.0,23.6,1000.0,144.0,2.2,3.0,5.2,27.0,126.0,134.0,318.0,-455.0,1.0
3968500,2729500.0,5.0,10.0,19.0,22.2,1000.0,235.0,2.1,4.0,5.7,32.0,25.0,75.0,321.0,-443.0,1.0
3968500,2729500.0,5.0,10.0,20.0,18.9,1000.0,270.0,1.9,4.0,6.2,41.0,0.0,13.0,319.0,-431.0,1.0
3968500,2729500.0,5.0,10.0,21.0,17.8,1000.0,93.0,2.1,5.0,6.3,48.0,0.0,0.0,316.0,-418.0,1.0
3968500,2729500.0,5.0,10.0,22.0,16.1,1000.0,93.0,2.0,7.0,6.6,54.0,0.0,0.0,322.0,-408.0,1.0
3968500,2729500.0,5.0,10.0,23.0,15.0,1001.0,134.0,1.8,7.0,6.8,61.0,0.0,0.0,326.0,-400.0,1.0
3968500,2729500.0,5.0,10.0,24.0,14.1,1001.0,178.0,1.7,7.0,6.8,65.0,0.0,0.0,322.0,-393.0,1.0
3968500,2729500.0,5.0,11.0,1.0,13.2,1000.0,95.0,1.2,7.0,6.8,69.0,0.0,0.0,316.0,-387.0,1.0
3968500,2729500.0,5.0,11.0,2.0,13.4,1000.0,144.0,1.4,8.0,6.9,72.0,0.0,0.0,316.0,-381.0,1.0
3968500,2729500.0,5.0,11.0,3.0,13.4,1000.0,148.0,1.8,8.0,6.9,72.0,0.0,0.0,319.0,-377.0,1.0
3968500,2729500.0,5.0,11.0,4.0,11.9,999.0,190.0,2.1,8.0,6.9,74.0,0.0,0.0,317.0,-374.0,1.0
3968500,2729500.0,5.0,11.0,5.0,11.6,999.0,104.0,1.3,8.0,6.9,79.0,0.0,4.0,316.0,-372.0,1.0
3968500,2729500.0,5.0,11.0,6.0,13.0,999.0,88.0,1.1,8.0,7.0,78.0,1.0,30.0,316.0,-371.0,1.0
3968500,2729500.0,5.0,11.0,7.0,15.1,999.0,125.0,1.6,3.0,7.4,73.0,120.0,87.0,307.0,-375.0,1.0
3968500,2729500.0,5.0,11.0,8.0,17.5,1000.0,114.0,1.9,2.0,7.8,66.0,308.0,98.0,298.0,-386.0,1.0
3968500,2729500.0,5.0,11.0,9.0,18.8,999.0,106.0,3.2,2.0,8.0,61.0,496.0,86.0,301.0,-401.0,1.0
3968500,2729500.0,5.0,11.0,10.0,20.5,999.0,148.0,3.0,2.0,8.4,58.0,585.0,110.0,307.0,-418.0,1.0
3968500,2729500.0,5.0,11.0,11.0,21.1,999.0,145.0,3.1,4.0,8.7,56.0,421.0,264.0,318.0,-435.0,1.0
3968500,2729500.0,5.0,11.0,12.0,22.9,998.0,350.0,2.4,8.0,8.8,53.0,3.0,252.0,338.0,-450.0,1.0
3968500,2729500.0,5.0,11.0,13.0,21.7,998.0,140.0,2.3,8.0,9.6,56.0,0.0,181.0,351.0,-464.0,1.0
3968500,2729500.0,5.0,11.0,14.0,21.6,998.0,330.0,2.6,3.0,9.9,60.0,269.0,347.0,338.0,-469.0,1.0
3968500,2729500.0,5.0,11.0,15.0,21.5,997.0,231.0,3.6,4.0,8.9,55.0,113.0,318.0,328.0,-464.0,1.0
3968500,2729500.0,5.0,11.0,16.0,21.6,997.0,340.0,3.6,4.0,8.0,49.0,80.0,269.0,328.0,-457.0,1.0
3968500,2729500.0,5.0,11.0,17.0,21.4,997.0,263.0,3.4,5.0,7.5,46.0,30.0,195.0,328.0,-452.0,1.0
3968500,2729500.0,5.0,11.0,18.0,20.6,996.0,334.0,2.7,5.0,7.4,47.0,11.0,124.0,328.0,-445.0,1.0
3968500,2729500.0,5.0,11.0,19.0,19.7,996.0,303.0,2.1,3.0,7.4,50.0,29.0,76.0,319.0,-434.0,1.0
3968500,2729500.0,5.0,11.0,20.0,17.0,996.0,294.0,2.3,3.0,7.2,54.0,2.0,16.0,308.0,-424.0,1.0
3968500,2729500.0,5.0,11.0,21.0,14.8,996.0,210.0,2.1,3.0,6.6,58.0,0.0,0.0,299.0,-415.0,1.0
3968500,2729500.0,5.0,11.0,22.0,12.7,997.0,338.0,1.1,4.0,6.6,66.0,0.0,0.0,296.0,-407.0,1.0
3968500,2729500.0,5.0,11.0,23.0,11.1,997.0,54.0,1.1,5.0,7.0,79.0,0.0,0.0,297.0,-402.0,1.0
3968500,2729500.0,5.0,11.0,24.0,11.0,997.0,126.0,1.2,5.0,6.9,82.0,0.0,0.0,297.0,-399.0,1.0
3968500,2729500.0,5.0,12.0,1.0,10.7,997.0,29.0,1.3,7.0,6.8,82.0,0.0,0.0,302.0,-394.0,1.0
3968500,2729500.0,5.0,12.0,2.0,9.5,995.0,64.0,1.1,7.0,7.0,89.0,0.0,0.0,306.0,-387.0,1.0
3968500,2729500.0,5.0,12.0,3.0,9.5,995.0,29.0,0.3,6.0,7.0,92.0,0.0,0.0,302.0,-384.0,1.0
3968500,2729500.0,5.0,12.0,4.0,9.1,994.0,212.0,1.2,6.0,6.8,92.0,0.0,0.0,298.0,-382.0,1.0
3968500,2729500.0,5.0,12.0,5.0,9.0,994.0,348.0,1.3,7.0,6.8,93.0,0.0,1.0,301.0,-383.0,1.0
3968500,2729500.0,5.0,12.0,6.0,10.1,994.0,37.0,1.4,7.0,7.0,92.0,0.0,29.0,306.0,-384.0,1.0
3968500,2729500.0,5.0,12.0,7.0,11.2,994.0,31.0,1.7,7.0,7.1,87.0,0.0,69.0,309.0,-386.0,1.0
3968500,2729500.0,5.0,12.0,8.0,12.8,994.0,58.0,1.6,7.0,7.3,82.0,1.0,130.0,312.0,-393.0,1.0
3968500,2729500.0,5.0,12.0,9.0,13.4,994.0,184.0,1.5,7.0,7.5,78.0,5.0,198.0,317.0,-403.0,1.0
3968500,2729500.0,5.0,12.0,10.0,15.8,993.0,350.0,1.8,6.0,7.8,74.0,50.0,302.0,319.0,-413.0,1.0
3968500,2729500.0,5.0,12.0,11.0,17.7,993.0,337.0,3.8,5.0,7.6,63.0,232.0,348.0,321.0,-422.0,1.0
3968500,2729500.0,5.0,12.0,12.0,19.1,992.0,336.0,4.0,5.0,7.2,54.0,191.0,379.0,325.0,-429.0,1.0
3968500,2729500.0,5.0,12.0,13.0,19.1,992.0,313.0,4.2,5.0,7.3,52.0,210.0,383.0,330.0,-433.0,1.0
3968500,2729500.0,5.0,12.0,14.0,19.4,991.0,305.0,4.5,3.0,7.5,53.0,288.0,349.0,327.0,-431.0,1.0
3968500,2729500.0,5.0,12.0,15.0,17.9,991.0,310.0,5.6,6.0,7.3,53.0,47.0,298.0,326.0,-433.0,1.0
3968500,2729500.0,5.0,12.0,16.0,17.8,992.0,326.0,4.0,8.0,6.9,53.0,0.0,137.0,335.0,-438.0,1.0
3968500,2729500.0,5.0,12.0,17.0,18.1,992.0,303.0,3.6,6.0,6.7,51.0,52.0,210.0,335.0,-439.0,1.0
3968500,2729500.0,5.0,12.0,18.0,18.4,992.0,276.0,3.7,5.0,6.3,47.0,43.0,148.0,327.0,-434.0,1.0
3968500,2729500.0,5.0,12.0,19.0,15.3,992.0,282.0,6.3,4.0,6.3,51.0,30.0,78.0,316.0,-425.0,1.0
3968500,2729500.0,5.0,12.0,20.0,13.5,993.0,291.0,5.7,6.0,6.3,61.0,0.0,15.0,313.0,-414.0,1.0
3968500,2729500.0,5.0,12.0,21.0,12.3,994.0,274.0,4.9,6.0,6.5,68.0,0.0,0.0,317.0,-404.0,1.0
3968500,2729500.0,5.0,12.0,22.0,12.0,995.0,266.0,3.0,7.0,6.6,73.0,0.0,0.0,320.0,-397.0,1.0
3968500,2729500.0,5.0,12.0,23.0,10.6,996.0,264.0,2.2,5.0,6.4,76.0,0.0,0.0,313.0,-392.0,1.0
3968500,2729500.0,5.0,12.0,24.0,10.7,996.0,271.0,2.6,4.0,6.3,78.0,0.0,0.0,300.0,-388.0,1.0
3968500,2729500.0,5.0,13.0,1.0,9.6,996.0,262.0,2.5,1.0,6.2,78.0,0.0,0.0,284.0,-385.0,1.0
3968500,2729500.0,5.0,13.0,2.0,7.2,997.0,234.0,1.8,0.0,5.9,85.0,0.0,0.0,265.0,-379.0,1.0
3968500,2729500.0,5.0,13.0,3.0,6.9,997.0,255.0,1.6,0.0,5.7,89.0,0.0,0.0,257.0,-373.0,1.0
3968500,2729500.0,5.0,13.0,4.0,5.9,997.0,122.0,1.3,0.0,5.5,90.0,0.0,0.0,255.0,-369.0,1.0
3968500,2729500.0,5.0,13.0,5.0,5.7,998.0,98.0,1.7,0.0,5.5,94.0,0.0,5.0,252.0,-364.0,1.0
3968500,2729500.0,5.0,13.0,6.0,6.7,998.0,119.0,2.0,0.0,5.6,93.0,39.0,39.0,253.0,-361.0,1.0
3968500,2729500.0,5.0,13.0,7.0,8.5,998.0,149.0,2.3,0.0,5.8,87.0,176.0,64.0,254.0,-364.0,1.0
3968500,2729500.0,5.0,13.0,8.0,11.0,999.0,166.0,2.6,0.0,6.1,79.0,358.0,63.0,260.0,-375.0,1.0
3968500,2729500.0,5.0,13.0,9.0,12.7,1000.0,151.0,3.1,0.0,6.4,72.0,537.0,51.0,267.0,-389.0,1.0
3968500,2729500.0,5.0,13.0,10.0,14.1,1000.0,229.0,2.5,3.0,6.6,68.0,467.0,165.0,285.0,-404.0,1.0
3968500,2729500.0,5.0,13.0,11.0,15.0,1000.0,172.0,2.8,7.0,6.3,60.0,145.0,340.0,314.0,-417.0,1.0
3968500,2729500.0,5.0,13.0,12.0,17.1,999.0,206.0,2.6,7.0,5.8,51.0,127.0,358.0,330.0,-429.0,1.0
3968500,2729500.0,5.0,13.0,13.0,16.8,999.0,227.0,2.5,4.0,5.7,47.0,280.0,346.0,320.0,-438.0,1.0
3968500,2729500.0,5.0,13.0,14.0,16.9,998.0,220.0,2.6,5.0,5.5,45.0,162.0,347.0,312.0,-444.0,1.0
3968500,2729500.0,5.0,13.0,15.0,17.4,998.0,195.0,2.3,7.0,5.3,43.0,40.0,282.0,319.0,-444.0,1.0
3968500,2729500.0,5.0,13.0,16.0,17.7,997.0,274.0,2.3,7.0,5.2,41.0,35.0,241.0,324.0,-442.0,1.0
3968500,2729500.0,5.0,13.0,17.0,17.8,997.0,215.0,1.9,6.0,5.3,41.0,74.0,209.0,320.0,-438.0,1.0
3968500,2729500.0,5.0,13.0,18.0,17.9,997.0,241.0,1.8,5.0,5.6,43.0,109.0,136.0,315.0,-430.0,1.0
3968500,2729500.0,5.0,13.0,19.0,15.8,996.0,258.0,1.3,5.0,5.9,49.0,53.0,74.0,307.0,-421.0,1.0
3968500,2729500.0,5.0,13.0,20.0,13.7,996.0,77.0,1.3,5.0,6.0,56.0,1.0,15.0,299.0,-409.0,1.0
3968500,2729500.0,5.0,13.0,21.0,12.4,996.0,346.0,1.5,3.0,6.1,64.0,0.0,0.0,288.0,-397.0,1.0
3968500,2729500.0,5.0,13.0,22.0,11.0,996.0,280.0,1.2,3.0,6.3,72.0,0.0,0.0,278.0,-386.0,1.0
3968500,2729500.0,5.0,13.0,23.0,9.9,995.0,72.0,0.8,4.0,6.2,78.0,0.0,0.0,276.0,-378.0,1.0
3968500,2729500.0,5.0,13.0,24.0,8.4,995.0,135.0,0.9,4.0,6.2,85.0,0.0,0.0,275.0,-374.0,1.0
3968500,2729500.0,5.0,14.0,1.0,7.3,994.0,49.0,1.7,4.0,6.0,89.0,0.0,0.0,272.0,-371.0,1.0
3968500,2729500.0,5.0,14.0,2.0,6.9,994.0,180.0,1.5,4.0,5.9,91.0,0.0,0.0,270.0,-370.0,1.0
3968500,2729500.0,5.0,14.0,3.0,6.7,994.0,146.0,1.6,3.0,5.9,94.0,0.0,0.0,266.0,-368.0,1.0
3968500,2729500.0,5.0,14.0,4.0,5.5,993.0,126.0,0.9,3.0,5.7,96.0,0.0,0.0,261.0,-364.0,1.0
3968500,2729500.0,5.0,14.0,5.0,4.7,993.0,86.0,1.1,3.0,5.4,97.0,0.0,6.0,259.0,-361.0,1.0
3968500,2729500.0,5.0,14.0,6.0,5.7,993.0,148.0,1.6,5.0,5.4,97.0,0.0,32.0,268.0,-361.0,1.0
3968500,2729500.0,5.0,14.0,7.0,8.0,992.0,111.0,1.7,6.0,5.7,90.0,17.0,110.0,282.0,-367.0,1.0
3968500,2729500.0,5.0,14.0,8.0,10.7,992.0,135.0,1.5,6.0,6.0,80.0,49.0,199.0,292.0,-380.0,1.0
3968500,2729500.0,5.0,14.0,9.0,14.5,992.0,192.0,1.7,6.0,6.5,70.0,190.0,277.0,305.0,-398.0,1.0
3968500,2729500.0,5.0,14.0,10.0,17.5,991.0,172.0,3.2,5.0,6.2,54.0,260.0,332.0,315.0,-417.0,1.0
3968500,2729500.0,5.0,14.0,11.0,18.7,990.0,192.0,3.1,6.0,5.8,44.0,223.0,396.0,323.0,-432.0,1.0
3968500,2729500.0,5.0,14.0,12.0,19.1,990.0,191.0,4.0,4.0,5.6,40.0,285.0,416.0,325.0,-441.0,1.0
3968500,2729500.0,5.0,14.0,13.0,18.0,990.0,282.0,4.4,6.0,5.4,39.0,44.0,366.0,326.0,-443.0,1.0
3968500,2729500.0,5.0,14.0,14.0,18.6,990.0,314.0,5.5,7.0,6.1,46.0,40.0,347.0,338.0,-435.0,1.0
3968500,2729500.0,5.0,14.0,15.0,17.6,990.0,282.0,6.1,7.0,6.4,49.0,16.0,276.0,344.0,-424.0,1.0
3968500,2729500.0,5.0,14.0,16.0,13.2,990.0,285.0,4.4,8.0,6.2,56.0,0.0,125.0,340.0,-418.0,1.0
3968500,2729500.0,5.0,14.0,17.0,14.5,991.0,281.0,4.3,7.0,6.3,63.0,3.0,163.0,337.0,-418.0,1.0
3968500,2729500.0,5.0,14.0,18.0,13.3,991.0,265.0,3.8,6.0,6.0,59.0,33.0,159.0,329.0,-418.0,1.0
3968500,2729500.0,5.0,14.0,19.0,13.3,991.0,269.0,3.6,7.0,5.7,59.0,0.0,54.0,327.0,-412.0,1.0
3968500,2729500.0,5.0,14.0,20.0,11.5,992.0,194.0,2.7,6.0,5.9,64.0,0.0,7.0,326.0,-405.0,1.0
3968500,2729500.0,5.0,14.0,21.0,11.1,992.0,277.0,3.8,4.0,5.3,62.0,0.0,0.0,307.0,-396.0,1.0
3968500,2729500.0,5.0,14.0,22.0,10.4,993.0,327.0,2.7,2.0,4.6,57.0,0.0,0.0,284.0,-389.0,1.0
3968500,2729500.0,5.0,14.0,23.0,9.4,993.0,271.0,2.7,0.0,4.6,59.0,0.0,0.0,259.0,-384.0,1.0
3968500,2729500.0,5.0,14.0,24.0,7.9,994.0,267.0,2.4,0.0,4.6,64.0,0.0,0.0,245.0,-383.0,1.0
3968500,2729500.0,5.0,15.0,1.0,7.0,994.0,256.0,2.3,1.0,4.7,71.0,0.0,0.0,247.0,-381.0,1.0
3968500,2729500.0,5.0,15.0,2.0,7.2,994.0,271.0,2.6,1.0,4.8,74.0,0.0,0.0,251.0,-378.0,1.0
3968500,2729500.0,5.0,15.0,3.0,4.5,994.0,198.0,2.2,4.0,4.8,82.0,0.0,0.0,264.0,-374.0,1.0
3968500,2729500.0,5.0,15.0,4.0,4.9,994.0,144.0,2.2,6.0,4.9,90.0,0.0,0.0,286.0,-368.0,1.0
3968500,2729500.0,5.0,15.0,5.0,5.0,995.0,176.0,2.4,7.0,4.9,90.0,0.0,2.0,303.0,-364.0,1.0
3968500,2729500.0,5.0,15.0,6.0,4.9,995.0,152.0,2.2,6.0,4.9,89.0,21.0,38.0,303.0,-362.0,1.0
3968500,2729500.0,5.0,15.0,7.0,7.5,996.0,163.0,2.2,4.0,5.1,85.0,85.0,87.0,288.0,-363.0,1.0
3968500,2729500.0,5.0,15.0,8.0,10.1,996.0,194.0,1.9,5.0,5.4,75.0,227.0,101.0,290.0,-370.0,1.0
3968500,2729500.0,5.0,15.0,9.0,11.6,996.0,275.0,2.4,5.0,5.4,66.0,220.0,183.0,302.0,-380.0,1.0
3968500,2729500.0,5.0,15.0,10.0,12.5,997.0,303.0,4.1,6.0,5.1,57.0,98.0,282.0,310.0,-392.0,1.0
3968500,2729500.0,5.0,15.0,11.0,11.7,997.0,273.0,4.2,7.0,5.0,56.0,5.0,252.0,316.0,-403.0,1.0
3968500,2729500.0,5.0,15.0,12.0,10.4,997.0,222.0,3.2,8.0,5.8,70.0,4.0,259.0,320.0,-411.0,1.0
3968500,2729500.0,5.0,15.0,13.0,13.8,997.0,299.0,3.3,5.0,6.3,70.0,416.0,240.0,315.0,-417.0,1.0
3968500,2729500.0,5.0,15.0,14.0,10.9,997.0,292.0,5.5,5.0,6.3,70.0,200.0,300.0,306.0,-418.0,1.0
3968500,2729500.0,5.0,15.0,15.0,14.4,997.0,275.0,4.9,3.0,6.1,66.0,317.0,228.0,300.0,-419.0,1.0
3968500,2729500.0,5.0,15.0,16.0,12.5,997.0,299.0,4.4,6.0,5.6,58.0,23.0,219.0,303.0,-422.0,1.0
3968500,2729500.0,5.0,15.0,17.0,13.7,997.0,291.0,4.8,6.0,5.5,57.0,149.0,175.0,308.0,-419.0,1.0
3968500,2729500.0,5.0,15.0,18.0,11.2,997.0,266.0,5.7,7.0,5.5,60.0,66.0,129.0,306.0,-412.0,1.0
3968500,2729500.0,5.0,15.0,19.0,11.2,997.0,281.0,3.2,8.0,5.7,67.0,11.0,68.0,304.0,-404.0,1.0
3968500,2729500.0,5.0,15.0,20.0,9.4,997.0,213.0,1.6,6.0,5.8,73.0,0.0,14.0,299.0,-396.0,1.0
3968500,2729500.0,5.0,15.0,21.0,9.0,998.0,261.0,2.0,7.0,6.0,82.0,0.0,0.0,294.0,-386.0,1.0
3968500,2729500.0,5.0,15.0,22.0,8.1,998.0,340.0,1.8,7.0,6.1,86.0,0.0,0.0,293.0,-378.0,1.0
3968500,2729500.0,5.0,15.0,23.0,7.6,999.0,233.0,0.8,7.0,6.0,90.0,0.0,0.0,290.0,-370.0,1.0
3968500,2729500.0,5.0,15.0,24.0,7.6,999.0,185.0,0.7,7.0,6.1,92.0,0.0,0.0,290.0,-364.0,1.0
3968500,2729500.0,5.0,16.0,1.0,7.4,999.0,195.0,1.0,8.0,6.1,94.0,0.0,0.0,294.0,-358.0,1.0
3968500,2729500.0,5.0,16.0,2.0,7.0,999.0,200.0,1.2,8.0,6.2,96.0,0.0,0.0,299.0,-354.0,1.0
3968500,2729500.0,5.0,16.0,3.0,7.2,999.0,160.0,1.7,8.0,6.1,96.0,0.0,0.0,300.0,-350.0,1.0
3968500,2729500.0,5.0,16.0,4.0,7.1,999.0,166.0,1.8,8.0,6.1,96.0,0.0,0.0,303.0,-347.0,1.0
3968500,2729500.0,5.0,16.0,5.0,7.1,999.0,151.0,2.1,7.0,6.1,96.0,0.0,0.0,302.0,-344.0,1.0
3968500,2729500.0,5.0,16.0,6.0,7.3,999.0,160.0,2.6,7.0,6.1,95.0,0.0,16.0,302.0,-343.0,1.0
3968500,2729500.0,5.0,16.0,7.0,8.5,999.0,150.0,2.9,7.0,6.2,92.0,1.0,85.0,305.0,-348.0,1.0
3968500,2729500.0,5.0,16.0,8.0,9.5,999.0,188.0,3.1,7.0,6.5,89.0,6.0,160.0,311.0,-362.0,1.0
3968500,2729500.0,5.0,16.0,9.0,10.4,999.0,227.0,4.2,6.0,6.6,85.0,13.0,239.0,311.0,-379.0,1.0
3968500,2729500.0,5.0,16.0,10.0,12.1,998.0,228.0,4.9,5.0,6.6,78.0,33.0,326.0,307.0,-395.0,1.0
3968500,2729500.0,5.0,16.0,11.0,11.8,999.0,229.0,4.3,6.0,6.7,76.0,2.0,255.0,311.0,-408.0,1.0
3968500,2729500.0,5.0,16.0,12.0,11.6,999.0,237.0,4.6,6.0,7.0,80.0,0.0,240.0,318.0,-419.0,1.0
3968500,2729500.0,5.0,16.0,13.0,12.1,999.0,25.0,4.5,6.0,7.3,83.0,1.0,248.0,323.0,-426.0,1.0
3968500,2729500.0,5.0,16.0,14.0,13.0,998.0,190.0,5.5,6.0,7.5,81.0,0.0,209.0,328.0,-421.0,1.0
3968500,2729500.0,5.0,16.0,15.0,12.2,998.0,205.0,4.7,8.0,7.6,82.0,0.0,102.0,340.0,-411.0,1.0
3968500,2729500.0,5.0,16.0,16.0,12.7,998.0,242.0,3.7,8.0,7.7,84.0,0.0,75.0,351.0,-411.0,1.0
3968500,2729500.0,5.0,16.0,17.0,12.8,998.0,205.0,3.9,7.0,7.7,83.0,0.0,100.0,347.0,-410.0,1.0
3968500,2729500.0,5.0,16.0,18.0,12.4,998.0,176.0,2.9,7.0,7.9,85.0,0.0,57.0,342.0,-410.0,1.0
3968500,2729500.0,5.0,16.0,19.0,12.0,998.0,257.0,3.2,8.0,7.9,88.0,0.0,24.0,346.0,-408.0,1.0
3968500,2729500.0,5.0,16.0,20.0,11.8,998.0,192.0,2.8,8.0,7.9,90.0,0.0,4.0,349.0,-403.0,1.0
3968500,2729500.0,5.0,16.0,21.0,11.5,998.0,199.0,2.2,8.0,8.0,92.0,0.0,0.0,346.0,-398.0,1.0
3968500,2729500.0,5.0,16.0,22.0,11.5,998.0,229.0,2.2,8.0,8.1,94.0,0.0,0.0,344.0,-395.0,1.0
3968500,2729500.0,5.0,16.0,23.0,11.7,998.0,204.0,2.4,8.0,8.1,93.0,0.0,0.0,343.0,-392.0,1.0
3968500,2729500.0,5.0,16.0,24.0,11.5,998.0,156.0,2.0,8.0,8.1,93.0,0.0,0.0,342.0,-390.0,1.0
3968500,2729500.0,5.0,17.0,1.0,11.4,998.0,168.0,1.9,8.0,8.1,94.0,0.0,0.0,342.0,-388.0,1.0
3968500,2729500.0,5.0,17.0,2.0,11.1,998.0,169.0,2.3,8.0,7.9,94.0,0.0,0.0,341.0,-386.0,1.0
3968500,2729500.0,5.0,17.0,3.0,11.0,998.0,170.0,3.2,8.0,7.8,94.0,0.0,0.0,339.0,-384.0,1.0
3968500,2729500.0,5.0,17.0,4.0,10.9,997.0,161.0,2.9,8.0,7.7,93.0,0.0,0.0,339.0,-382.0,1.0
3968500,2729500.0,5.0,17.0,5.0,10.8,997.0,152.0,2.9,8.0,7.7,93.0,0.0,1.0,338.0,-381.0,1.0
3968500,2729500.0,5.0,17.0,6.0,11.2,997.0,152.0,2.8,8.0,7.6,91.0,0.0,13.0,338.0,-380.0,1.0
3968500,2729500.0,5.0,17.0,7.0,11.6,997.0,162.0,3.1,8.0,7.7,90.0,0.0,68.0,338.0,-384.0,1.0
3968500,2729500.0,5.0,17.0,8.0,12.3,997.0,171.0,3.6,7.0,7.8,88.0,0.0,88.0,335.0,-394.0,1.0
3968500,2729500.0,5.0,17.0,9.0,12.4,997.0,202.0,3.6,7.0,8.0,88.0,1.0,170.0,333.0,-406.0,1.0
3968500,2729500.0,5.0,17.0,10.0,12.5,997.0,217.0,3.8,7.0,8.3,90.0,0.0,183.0,334.0,-418.0,1.0
3968500,2729500.0,5.0,17.0,11.0,13.1,997.0,214.0,3.4,7.0,8.5,91.0,0.0,180.0,337.0,-431.0,1.0
3968500,2729500.0,5.0,17.0,12.0,14.3,997.0,223.0,3.7,6.0,8.7,88.0,21.0,302.0,339.0,-440.0,1.0
3968500,2729500.0,5.0,17.0,13.0,15.0,997.0,176.0,4.6,6.0,8.7,82.0,73.0,343.0,341.0,-442.0,1.0
3968500,2729500.0,5.0,17.0,14.0,15.0,997.0,233.0,3.6,7.0,8.6,79.0,34.0,305.0,346.0,-444.0,1.0
3968500,2729500.0,5.0,17.0,15.0,16.1,997.0,290.0,3.1,8.0,8.7,78.0,0.0,109.0,353.0,-449.0,1.0
3968500,2729500.0,5.0,17.0,16.0,16.8,997.0,260.0,4.3,8.0,8.6,72.0,0.0,151.0,359.0,-445.0,1.0
3968500,2729500.0,5.0,17.0,17.0,16.9,997.0,259.0,4.7,6.0,7.9,65.0,85.0,203.0,353.0,-439.0,1.0
3968500,2729500.0,5.0,17.0,18.0,16.3,996.0,288.0,2.9,6.0,7.5,63.0,74.0,143.0,343.0,-435.0,1.0
3968500,2729500.0,5.0,17.0,19.0,15.7,996.0,310.0,3.2,6.0,7.4,64.0,13.0,75.0,339.0,-427.0,1.0
3968500,2729500.0,5.0,17.0,20.0,13.4,997.0,78.0,1.6,6.0,7.4,70.0,4.0,20.0,334.0,-420.0,1.0
3968500,2729500.0,5.0,17.0,21.0,11.8,997.0,92.0,1.2,3.0,7.4,80.0,0.0,0.0,315.0,-412.0,1.0
3968500,2729500.0,5.0,17.0,22.0,11.6,997.0,0.0,1.1,3.0,7.4,85.0,0.0,0.0,299.0,-404.0,1.0
3968500,2729500.0,5.0,17.0,23.0,10.4,997.0,46.0,1.5,4.0,7.5,90.0,0.0,0.0,302.0,-398.0,1.0
3968500,2729500.0,5.0,17.0,24.0,9.7,996.0,51.0,1.3,3.0,7.4,94.0,0.0,0.0,299.0,-394.0,1.0
3968500,2729500.0,5.0,18.0,1.0,9.3,997.0,25.0,1.4,6.0,7.2,95.0,0.0,0.0,304.0,-392.0,1.0
3968500,2729500.0,5.0,18.0,2.0,8.3,996.0,300.0,0.9,7.0,7.0,97.0,0.0,0.0,315.0,-390.0,1.0
3968500,2729500.0,5.0,18.0,3.0,7.5,996.0,197.0,1.1,7.0,6.7,99.0,0.0,0.0,315.0,-387.0,1.0
3968500,2729500.0,5.0,18.0,4.0,7.3,996.0,221.0,1.2,6.0,6.5,99.0,0.0,0.0,310.0,-385.0,1.0
3968500,2729500.0,5.0,18.0,5.0,6.7,995.0,257.0,0.7,5.0,6.3,99.0,0.0,2.0,303.0,-383.0,1.0
3968500,2729500.0,5.0,18.0,6.0,7.9,995.0,307.0,1.1,4.0,6.4,99.0,12.0,47.0,298.0,-384.0,1.0
3968500,2729500.0,5.0,18.0,7.0,9.7,995.0,140.0,1.2,4.0,6.8,95.0,84.0,118.0,300.0,-389.0,1.0
3968500,2729500.0,5.0,18.0,8.0,12.6,996.0,143.0,1.6,4.0,7.3,87.0,173.0,181.0,308.0,-396.0,1.0
3968500,2729500.0,5.0,18.0,9.0,15.0,996.0,159.0,2.2,3.0,7.9,79.0,322.0,207.0,315.0,-409.0,1.0
3968500,2729500.0,5.0,18.0,10.0,17.0,996.0,167.0,2.3,3.0,8.2,70.0,413.0,244.0,322.0,-426.0,1.0
3968500,2729500.0,5.0,18.0,11.0,18.6,995.0,139.0,3.9,2.0,8.1,62.0,461.0,282.0,327.0,-442.0,1.0
3968500,2729500.0,5.0,18.0,12.0,19.7,994.0,128.0,4.9,2.0,7.6,54.0,605.0,242.0,329.0,-452.0,1.0
3968500,2729500.0,5.0,18.0,13.0,20.5,994.0,205.0,4.8,3.0,6.9,46.0,557.0,277.0,333.0,-447.0,1.0
3968500,2729500.0,5.0,18.0,14.0,21.4,993.0,189.0,5.4,3.0,6.9,44.0,424.0,321.0,339.0,-455.0,1.0
3968500,2729500.0,5.0,18.0,15.0,21.4,993.0,113.0,3.7,4.0,7.4,46.0,272.0,330.0,342.0,-470.0,1.0
3968500,2729500.0,5.0,18.0,16.0,21.3,992.0,162.0,4.7,5.0,7.7,47.0,205.0,288.0,346.0,-469.0,1.0
3968500,2729500.0,5.0,18.0,17.0,21.4,992.0,160.0,3.4,4.0,7.8,48.0,194.0,219.0,344.0,-460.0,1.0
3968500,2729500.0,5.0,18.0,18.0,21.4,992.0,190.0,3.5,4.0,7.7,48.0,144.0,151.0,337.0,-449.0,1.0
3968500,2729500.0,5.0,18.0,19.0,20.0,991.0,179.0,2.2,3.0,7.7,49.0,50.0,91.0,329.0,-442.0,1.0
3968500,2729500.0,5.0,18.0,20.0,17.9,992.0,179.0,1.7,4.0,8.1,58.0,5.0,24.0,322.0,-433.0,1.0
3968500,2729500.0,5.0,18.0,21.0,16.9,992.0,209.0,1.5,7.0,8.1,64.0,0.0,0.0,332.0,-424.0,1.0
3968500,2729500.0,5.0,18.0,22.0,15.1,992.0,329.0,0.9,5.0,8.0,69.0,0.0,0.0,332.0,-418.0,1.0
3968500,2729500.0,5.0,18.0,23.0,13.4,993.0,30.0,0.8,3.0,8.2,79.0,0.0,0.0,311.0,-413.0,1.0
3968500,2729500.0,5.0,18.0,24.0,12.3,993.0,77.0,0.8,1.0,8.0,85.0,0.0,0.0,293.0,-409.0,1.0
3968500,2729500.0,5.0,19.0,1.0,11.6,993.0,333.0,0.8,4.0,7.8,87.0,0.0,0.0,296.0,-405.0,1.0
3968500,2729500.0,5.0,19.0,2.0,10.4,993.0,95.0,0.9,5.0,7.6,90.0,0.0,0.0,307.0,-402.0,1.0
3968500,2729500.0,5.0,19.0,3.0,9.8,993.0,95.0,0.8,4.0,7.4,94.0,0.0,0.0,304.0,-398.0,1.0
3968500,2729500.0,5.0,19.0,4.0,8.6,992.0,223.0,1.2,4.0,7.1,96.0,0.0,0.0,296.0,-394.0,1.0
3968500,2729500.0,5.0,19.0,5.0,8.8,992.0,175.0,1.0,3.0,7.0,98.0,0.0,9.0,290.0,-390.0,1.0
3968500,2729500.0,5.0,19.0,6.0,10.4,993.0,186.0,1.3,4.0,7.3,96.0,12.0,52.0,290.0,-389.0,1.0
3968500,2729500.0,5.0,19.0,7.0,12.4,993.0,124.0,1.4,4.0,7.7,89.0,103.0,125.0,297.0,-396.0,1.0
3968500,2729500.0,5.0,19.0,8.0,16.0,993.0,315.0,1.4,3.0,8.0,78.0,240.0,167.0,300.0,-410.0,1.0
3968500,2729500.0,5.0,19.0,9.0,18.2,993.0,256.0,1.8,3.0,8.2,66.0,288.0,238.0,306.0,-427.0,1.0
3968500,2729500.0,5.0,19.0,10.0,20.7,993.0,11.0,2.1,3.0,8.2,57.0,390.0,272.0,319.0,-444.0,1.0
3968500,2729500.0,5.0,19.0,11.0,22.4,993.0,160.0,2.4,3.0,8.2,50.0,493.0,284.0,330.0,-458.0,1.0
3968500,2729500.0,5.0,19.0,12.0,18.7,993.0,292.0,2.1,6.0,8.9,58.0,163.0,403.0,342.0,-469.0,1.0
3968500,2729500.0,5.0,19.0,13.0,20.6,993.0,333.0,3.9,7.0,9.1,62.0,28.0,327.0,351.0,-475.0,1.0
3968500,2729500.0,5.0,19.0,14.0,21.6,993.0,317.0,3.8,3.0,8.2,52.0,308.0,379.0,347.0,-479.0,1.0
3968500,2729500.0,5.0,19.0,15.0,20.1,993.0,278.0,5.0,4.0,7.6,48.0,214.0,354.0,337.0,-478.0,1.0
3968500,2729500.0,5.0,19.0,16.0,18.3,993.0,325.0,5.0,3.0,7.7,54.0,186.0,302.0,329.0,-474.0,1.0
3968500,2729500.0,5.0,19.0,17.0,16.5,993.0,348.0,2.8,5.0,9.2,73.0,94.0,231.0,326.0,-467.0,1.0
3968500,2729500.0,5.0,19.0,18.0,17.4,993.0,4.0,3.1,7.0,10.1,81.0,13.0,135.0,339.0,-457.0,1.0
3968500,2729500.0,5.0,19.0,19.0,17.4,993.0,325.0,2.8,6.0,10.3,81.0,20.0,87.0,345.0,-446.0,1.0
3968500,2729500.0,5.0,19.0,20.0,16.9,993.0,35.0,2.7,7.0,10.2,82.0,4.0,23.0,345.0,-435.0,1.0
3968500,2729500.0,5.0,19.0,21.0,16.0,994.0,57.0,1.7,7.0,9.9,83.0,0.0,0.0,346.0,-424.0,1.0
3968500,2729500.0,5.0,19.0,22.0,14.6,995.0,6.0,1.8,7.0,10.0,90.0,0.0,0.0,344.0,-416.0,1.0
3968500,2729500.0,5.0,19.0,23.0,14.3,995.0,21.0,1.4,7.0,9.9,95.0,0.0,0.0,342.0,-409.0,1.0
3968500,2729500.0,5.0,19.0,24.0,13.6,995.0,330.0,1.7,7.0,9.7,96.0,0.0,0.0,340.0,-402.0,1.0
3968500,2729500.0,5.0,20.0,1.0,13.7,995.0,307.0,1.4,7.0,9.6,96.0,0.0,0.0,339.0,-395.0,1.0
3968500,2729500.0,5.0,20.0,2.0,13.2,995.0,316.0,1.5,7.0,9.4,96.0,0.0,0.0,338.0,-390.0,1.0
3968500,2729500.0,5.0,20.0,3.0,12.5,995.0,39.0,0.8,7.0,9.1,96.0,0.0,0.0,335.0,-389.0,1.0
3968500,2729500.0,5.0,20.0,4.0,12.0,995.0,230.0,0.7,5.0,8.8,97.0,0.0,0.0,325.0,-390.0,1.0
3968500,2729500.0,5.0,20.0,5.0,12.0,995.0,180.0,1.3,5.0,8.9,99.0,0.0,2.0,316.0,-389.0,1.0
3968500,2729500.0,5.0,20.0,6.0,12.9,995.0,12.0,1.2,8.0,9.1,99.0,0.0,13.0,326.0,-387.0,1.0
3968500,2729500.0,5.0,20.0,7.0,13.0,995.0,187.0,1.2,6.0,9.4,98.0,3.0,91.0,328.0,-391.0,1.0
3968500,2729500.0,5.0,20.0,8.0,14.0,995.0,121.0,1.4,6.0,9.6,98.0,82.0,196.0,322.0,-402.0,1.0
3968500,2729500.0,5.0,20.0,9.0,15.4,996.0,241.0,1.6,3.0,9.9,92.0,256.0,237.0,317.0,-417.0,1.0
3968500,2729500.0,5.0,20.0,10.0,18.1,995.0,253.0,2.2,1.0,10.0,82.0,489.0,203.0,312.0,-433.0,1.0
3968500,2729500.0,5.0,20.0,11.0,19.5,995.0,343.0,2.5,0.0,10.4,75.0,576.0,219.0,317.0,-451.0,1.0
3968500,2729500.0,5.0,20.0,12.0,20.9,995.0,312.0,1.7,1.0,10.2,68.0,440.0,327.0,324.0,-470.0,1.0
3968500,2729500.0,5.0,20.0,13.0,19.5,995.0,104.0,4.0,4.0,10.7,71.0,310.0,381.0,334.0,-481.0,1.0
3968500,2729500.0,5.0,20.0,14.0,21.6,995.0,272.0,2.3,3.0,10.5,68.0,483.0,294.0,339.0,-477.0,1.0
3968500,2729500.0,5.0,20.0,15.0,22.8,995.0,31.0,2.6,2.0,9.5,56.0,422.0,277.0,339.0,-472.0,1.0
3968500,2729500.0,5.0,20.0,16.0,22.5,995.0,348.0,3.2,3.0,9.5,54.0,203.0,286.0,339.0,-476.0,1.0
3968500,2729500.0,5.0,20.0,17.0,22.3,995.0,259.0,1.8,2.0,8.8,51.0,177.0,223.0,335.0,-469.0,1.0
3968500,2729500.0,5.0,20.0,18.0,21.1,994.0,296.0,2.9,4.0,8.2,49.0,82.0,158.0,332.0,-460.0,1.0
3968500,2729500.0,5.0,20.0,19.0,19.8,994.0,312.0,2.3,6.0,8.3,54.0,3.0,67.0,338.0,-455.0,1.0
3968500,2729500.0,5.0,20.0,20.0,18.2,994.0,1.0,1.5,5.0,8.5,61.0,0.0,7.0,338.0,-445.0,1.0
3968500,2729500.0,5.0,20.0,21.0,16.5,995.0,355.0,1.3,4.0,8.6,68.0,0.0,0.0,327.0,-437.0,1.0
3968500,2729500.0,5.0,20.0,22.0,15.6,996.0,160.0,1.1,5.0,8.5,73.0,0.0,0.0,323.0,-429.0,1.0
3968500,2729500.0,5.0,20.0,23.0,15.7,996.0,323.0,2.4,6.0,8.6,76.0,0.0,0.0,331.0,-424.0,1.0
3968500,2729500.0,5.0,20.0,24.0,14.2,996.0,154.0,2.1,6.0,8.7,81.0,0.0,0.0,334.0,-419.0,1.0
3968500,2729500.0,5.0,21.0,1.0,14.0,997.0,126.0,2.3,7.0,8.7,86.0,0.0,0.0,335.0,-414.0,1.0
3968500,2729500.0,5.0,21.0,2.0,14.0,997.0,292.0,2.2,8.0,8.8,87.0,0.0,0.0,343.0,-412.0,1.0
3968500,2729500.0,5.0,21.0,3.0,12.7,997.0,6.0,2.6,7.0,8.7,89.0,0.0,0.0,340.0,-408.0,1.0
3968500,2729500.0,5.0,21.0,4.0,12.7,998.0,168.0,1.1,7.0,8.5,92.0,0.0,0.0,332.0,-402.0,1.0
3968500,2729500.0,5.0,21.0,5.0,12.0,998.0,28.0,2.2,6.0,8.5,93.0,0.0,8.0,327.0,-399.0,1.0
3968500,2729500.0,5.0,21.0,6.0,13.0,998.0,21.0,2.1,2.0,8.5,93.0,23.0,51.0,308.0,-399.0,1.0
3968500,2729500.0,5.0,21.0,7.0,14.5,999.0,70.0,1.9,2.0,8.7,87.0,124.0,103.0,295.0,-401.0,1.0
3968500,2729500.0,5.0,21.0,8.0,16.3,999.0,8.0,2.9,2.0,8.5,77.0,298.0,110.0,299.0,-408.0,1.0
3968500,2729500.0,5.0,21.0,9.0,17.7,999.0,348.0,2.6,1.0,8.4,68.0,438.0,125.0,300.0,-418.0,1.0
3968500,2729500.0,5.0,21.0,10.0,19.3,999.0,356.0,2.7,2.0,8.5,63.0,400.0,227.0,306.0,-432.0,1.0
3968500,2729500.0,5.0,21.0,11.0,20.5,999.0,4.0,2.3,3.0,8.8,60.0,374.0,294.0,320.0,-448.0,1.0
3968500,2729500.0,5.0,21.0,12.0,22.3,998.0,123.0,1.9,4.0,8.9,55.0,289.0,355.0,335.0,-462.0,1.0
3968500,2729500.0,5.0,21.0,13.0,22.8,998.0,224.0,1.9,4.0,8.6,50.0,167.0,368.0,341.0,-475.0,1.0
3968500,2729500.0,5.0,21.0,14.0,24.0,998.0,77.0,2.5,5.0,8.5,46.0,181.0,349.0,344.0,-484.0,1.0
3968500,2729500.0,5.0,21.0,15.0,24.1,998.0,356.0,2.3,2.0,8.0,42.0,307.0,296.0,342.0,-486.0,1.0
3968500,2729500.0,5.0,21.0,16.0,24.1,997.0,199.0,2.4,4.0,7.9,41.0,31.0,242.0,338.0,-483.0,1.0
3968500,2729500.0,5.0,21.0,17.0,22.6,996.0,80.0,4.4,6.0,8.9,49.0,50.0,206.0,348.0,-478.0,1.0
3968500,2729500.0,5.0,21.0,18.0,22.0,996.0,57.0,3.0,3.0,10.3,60.0,85.0,150.0,344.0,-468.0,1.0
3968500,2729500.0,5.0,21.0,19.0,20.9,995.0,106.0,2.6,1.0,10.1,62.0,64.0,86.0,324.0,-457.0,1.0
3968500,2729500.0,5.0,21.0,20.0,19.0,995.0,60.0,1.9,3.0,9.6,65.0,9.0,27.0,317.0,-446.0,1.0
3968500,2729500.0,5.0,21.0,21.0,17.4,995.0,51.0,2.0,2.0,9.8,74.0,0.0,0.0,316.0,-436.0,1.0
3968500,2729500.0,5.0,21.0,22.0,16.1,995.0,213.0,3.1,1.0,9.8,81.0,0.0,0.0,306.0,-429.0,1.0
3968500,2729500.0,5.0,21.0,23.0,14.4,995.0,207.0,1.9,1.0,9.5,86.0,0.0,0.0,297.0,-424.0,1.0
3968500,2729500.0,5.0,21.0,24.0,13.9,996.0,198.0,1.9,1.0,9.2,89.0,0.0,0.0,293.0,-419.0,1.0
3968500,2729500.0,5.0,22.0,1.0,13.4,996.0,140.0,1.8,1.0,9.0,91.0,0.0,0.0,290.0,-415.0,1.0
3968500,2729500.0,5.0,22.0,2.0,12.8,995.0,208.0,1.9,1.0,8.8,92.0,0.0,0.0,288.0,-412.0,1.0
3968500,2729500.0,5.0,22.0,3.0,12.0,995.0,187.0,1.6,0.0,8.4,92.0,0.0,0.0,278.0,-408.0,1.0
3968500,2729500.0,5.0,22.0,4.0,11.3,995.0,167.0,2.5,0.0,8.1,93.0,0.0,0.0,267.0,-402.0,1.0
3968500,2729500.0,5.0,22.0,5.0,11.4,994.0,173.0,2.1,0.0,7.9,93.0,0.0,10.0,261.0,-398.0,1.0
3968500,2729500.0,5.0,22.0,6.0,13.6,994.0,170.0,2.2,1.0,8.1,88.0,27.0,55.0,264.0,-397.0,1.0
3968500,2729500.0,5.0,22.0,7.0,15.5,994.0,148.0,2.4,4.0,8.6,81.0,92.0,122.0,287.0,-403.0,1.0
3968500,2729500.0,5.0,22.0,8.0,17.5,993.0,133.0,2.9,4.0,9.0,75.0,224.0,164.0,309.0,-412.0,1.0
3968500,2729500.0,5.0,22.0,9.0,20.2,993.0,173.0,2.0,2.0,9.2,66.0,420.0,161.0,311.0,-419.0,1.0
3968500,2729500.0,5.0,22.0,10.0,21.5,993.0,160.0,3.0,2.0,9.2,58.0,549.0,172.0,313.0,-431.0,1.0
3968500,2729500.0,5.0,22.0,11.0,23.8,994.0,210.0,3.5,2.0,8.4,48.0,645.0,181.0,324.0,-449.0,1.0
3968500,2729500.0,5.0,22.0,12.0,24.4,993.0,322.0,4.5,2.0,7.4,39.0,703.0,186.0,332.0,-463.0,1.0
3968500,2729500.0,5.0,22.0,13.0,24.6,993.0,229.0,4.0,4.0,7.1,36.0,389.0,354.0,345.0,-465.0,1.0
3968500,2729500.0,5.0,22.0,14.0,23.2,993.0,228.0,3.6,6.0,7.9,42.0,64.0,338.0,359.0,-467.0,1.0
3968500,2729500.0,5.0,22.0,15.0,21.7,992.0,150.0,4.5,5.0,9.1,52.0,37.0,288.0,357.0,-471.0,1.0
3968500,2729500.0,5.0,22.0,16.0,21.6,992.0,167.0,6.5,3.0,9.5,57.0,189.0,290.0,346.0,-470.0,1.0
3968500,2729500.0,5.0,22.0,17.0,21.1,991.0,228.0,4.0,7.0,9.1,56.0,0.0,82.0,351.0,-463.0,1.0
3968500,2729500.0,5.0,22.0,18.0,19.5,992.0,201.0,3.2,8.0,9.0,59.0,0.0,75.0,364.0,-451.0,1.0
3968500,2729500.0,5.0,22.0,19.0,18.8,993.0,245.0,3.6,7.0,9.6,68.0,0.0,59.0,360.0,-439.0,1.0
3968500,2729500.0,5.0,22.0,20.0,17.4,994.0,271.0,4.1,4.0,9.5,72.0,0.0,18.0,341.0,-425.0,1.0
3968500,2729500.0,5.0,22.0,21.0,15.3,995.0,285.0,4.8,3.0,8.3,70.0,0.0,0.0,317.0,-413.0,1.0
3968500,2729500.0,5.0,22.0,22.0,13.5,997.0,291.0,4.7,2.0,6.9,66.0,0.0,0.0,300.0,-403.0,1.0
3968500,2729500.0,5.0,22.0,23.0,12.6,998.0,302.0,4.4,1.0,5.8,61.0,0.0,0.0,287.0,-396.0,1.0
3968500,2729500.0,5.0,22.0,24.0,11.5,999.0,273.0,1.5,1.0,5.6,63.0,0.0,0.0,279.0,-389.0,1.0
3968500,2729500.0,5.0,23.0,1.0,10.4,999.0,270.0,2.6,0.0,5.7,70.0,0.0,0.0,273.0,-381.0,1.0
3968500,2729500.0,5.0,23.0,2.0,8.9,1000.0,251.0,1.3,0.0,5.8,77.0,0.0,0.0,264.0,-375.0,1.0
3968500,2729500.0,5.0,23.0,3.0,7.2,1000.0,147.0,0.9,0.0,5.7,84.0,0.0,0.0,258.0,-369.0,1.0
3968500,2729500.0,5.0,23.0,4.0,6.6,1001.0,161.0,0.9,0.0,5.7,90.0,0.0,0.0,253.0,-364.0,1.0
3968500,2729500.0,5.0,23.0,5.0,6.3,1001.0,133.0,0.9,2.0,5.7,94.0,0.0,11.0,258.0,-361.0,1.0
3968500,2729500.0,5.0,23.0,6.0,7.8,1002.0,124.0,1.4,1.0,5.9,93.0,34.0,54.0,261.0,-360.0,1.0
3968500,2729500.0,5.0,23.0,7.0,10.2,1002.0,149.0,1.5,2.0,6.2,86.0,129.0,108.0,264.0,-366.0,1.0
3968500,2729500.0,5.0,23.0,8.0,12.2,1002.0,133.0,2.3,2.0,6.4,77.0,268.0,138.0,272.0,-378.0,1.0
3968500,2729500.0,5.0,23.0,9.0,13.9,1003.0,142.0,2.5,2.0,6.5,68.0,338.0,195.0,277.0,-394.0,1.0
3968500,2729500.0,5.0,23.0,10.0,15.9,1003.0,152.0,3.4,2.0,6.4,60.0,462.0,211.0,283.0,-412.0,1.0
3968500,2729500.0,5.0,23.0,11.0,16.8,1003.0,166.0,4.9,2.0,6.3,54.0,530.0,236.0,288.0,-426.0,1.0
3968500,2729500.0,5.0,23.0,12.0,17.7,1002.0,161.0,4.5,2.0,6.1,49.0,628.0,217.0,292.0,-435.0,1.0
3968500,2729500.0,5.0,23.0,13.0,19.1,1002.0,172.0,4.5,1.0,6.0,45.0,673.0,199.0,294.0,-440.0,1.0
3968500,2729500.0,5.0,23.0,14.0,19.9,1001.0,145.0,3.8,1.0,5.7,40.0,675.0,176.0,295.0,-445.0,1.0
3968500,2729500.0,5.0,23.0,15.0,20.3,1001.0,153.0,5.1,1.0,5.4,37.0,621.0,159.0,297.0,-450.0,1.0
3968500,2729500.0,5.0,23.0,16.0,21.0,1000.0,171.0,4.1,1.0,5.5,36.0,516.0,148.0,299.0,-452.0,1.0
3968500,2729500.0,5.0,23.0,17.0,21.1,999.0,144.0,3.7,1.0,5.4,35.0,369.0,142.0,301.0,-450.0,1.0
3968500,2729500.0,5.0,23.0,18.0,20.5,999.0,193.0,3.5,1.0,5.3,34.0,240.0,116.0,300.0,-444.0,1.0
3968500,2729500.0,5.0,23.0,19.0,19.2,998.0,162.0,3.3,1.0,5.1,35.0,110.0,84.0,296.0,-434.0,1.0
3968500,2729500.0,5.0,23.0,20.0,16.5,998.0,160.0,2.2,2.0,5.5,42.0,20.0,32.0,294.0,-424.0,1.0
3968500,2729500.0,5.0,23.0,21.0,14.0,998.0,163.0,1.3,1.0,5.8,53.0,0.0,0.0,287.0,-412.0,1.0
3968500,2729500.0,5.0,23.0,22.0,11.7,998.0,136.0,1.4,0.0,5.9,62.0,0.0,0.0,276.0,-402.0,1.0
3968500,2729500.0,5.0,23.0,23.0,11.3,998.0,128.0,1.8,0.0,5.8,68.0,0.0,0.0,270.0,-394.0,1.0
3968500,2729500.0,5.0,23.0,24.0,10.1,997.0,139.0,2.2,0.0,5.8,72.0,0.0,0.0,268.0,-388.0,1.0
3968500,2729500.0,5.0,24.0,1.0,10.8,997.0,136.0,2.5,0.0,5.8,73.0,0.0,0.0,266.0,-384.0,1.0
3968500,2729500.0,5.0,24.0,2.0,11.0,997.0,141.0,2.4,0.0,5.8,70.0,0.0,0.0,267.0,-381.0,1.0
3968500,2729500.0,5.0,24.0,3.0,10.6,996.0,157.0,2.6,1.0,5.8,70.0,0.0,0.0,270.0,-378.0,1.0
3968500,2729500.0,5.0,24.0,4.0,10.9,996.0,137.0,2.5,1.0,5.8,70.0,0.0,0.0,273.0,-375.0,1.0
3968500,2729500.0,5.0,24.0,5.0,10.7,996.0,155.0,2.0,1.0,5.8,71.0,2.0,11.0,272.0,-371.0,1.0
3968500,2729500.0,5.0,24.0,6.0,11.2,997.0,181.0,1.5,2.0,6.0,72.0,31.0,50.0,275.0,-369.0,1.0
3968500,2729500.0,5.0,24.0,7.0,12.5,997.0,175.0,2.0,4.0,6.4,73.0,76.0,114.0,284.0,-377.0,1.0
3968500,2729500.0,5.0,24.0,8.0,14.9,997.0,175.0,2.9,3.0,7.0,70.0,198.0,155.0,291.0,-391.0,1.0
3968500,2729500.0,5.0,24.0,9.0,17.7,997.0,278.0,3.7,2.0,7.3,62.0,528.0,69.0,294.0,-403.0,1.0
3968500,2729500.0,5.0,24.0,10.0,18.2,997.0,289.0,4.6,4.0,7.2,55.0,171.0,305.0,302.0,-413.0,1.0
3968500,2729500.0,5.0,24.0,11.0,19.6,997.0,242.0,5.3,6.0,7.2,52.0,9.0,262.0,314.0,-422.0,1.0
3968500,2729500.0,5.0,24.0,12.0,16.1,998.0,292.0,7.3,5.0,7.5,58.0,98.0,351.0,314.0,-428.0,1.0
3968500,2729500.0,5.0,24.0,13.0,17.6,999.0,272.0,7.0,3.0,6.9,57.0,403.0,309.0,305.0,-433.0,1.0
3968500,2729500.0,5.0,24.0,14.0,18.3,999.0,321.0,5.5,4.0,5.6,43.0,354.0,311.0,304.0,-438.0,1.0
3968500,2729500.0,5.0,24.0,15.0,18.6,1000.0,314.0,7.9,3.0,4.8,36.0,499.0,201.0,303.0,-440.0,1.0
3968500,2729500.0,5.0,24.0,16.0,18.2,1000.0,281.0,5.9,2.0,4.5,34.0,495.0,136.0,298.0,-438.0,1.0
3968500,2729500.0,5.0,24.0,17.0,17.6,1000.0,314.0,6.2,1.0,4.3,33.0,419.0,94.0,291.0,-430.0,1.0
3968500,2729500.0,5.0,24.0,18.0,16.6,1001.0,300.0,6.2,1.0,3.9,32.0,285.0,80.0,284.0,-418.0,1.0
3968500,2729500.0,5.0,24.0,19.0,15.2,1001.0,302.0,5.0,1.0,3.7,33.0,116.0,73.0,279.0,-408.0,1.0
3968500,2729500.0,5.0,24.0,20.0,13.7,1002.0,295.0,4.3,1.0,3.7,36.0,13.0,29.0,274.0,-397.0,1.0
3968500,2729500.0,5.0,24.0,21.0,12.0,1002.0,277.0,2.1,0.0,3.7,40.0,0.0,0.0,265.0,-387.0,1.0
3968500,2729500.0,5.0,24.0,22.0,10.6,1003.0,273.0,3.4,0.0,3.8,46.0,0.0,0.0,256.0,-379.0,1.0
3968500,2729500.0,5.0,24.0,23.0,10.0,1004.0,278.0,2.1,1.0,3.8,49.0,0.0,0.0,255.0,-373.0,1.0
3968500,2729500.0,5.0,24.0,24.0,8.6,1004.0,292.0,2.6,1.0,3.8,52.0,0.0,0.0,255.0,-368.0,1.0
3968500,2729500.0,5.0,25.0,1.0,7.9,1005.0,282.0,1.6,0.0,4.0,58.0,0.0,0.0,250.0,-362.0,1.0
3968500,2729500.0,5.0,25.0,2.0,6.2,1005.0,190.0,1.1,0.0,4.1,65.0,0.0,0.0,243.0,-356.0,1.0
3968500,2729500.0,5.0,25.0,3.0,4.1,1005.0,214.0,1.1,0.0,4.1,74.0,0.0,0.0,236.0,-350.0,1.0
3968500,2729500.0,5.0,25.0,4.0,3.5,1006.0,195.0,1.3,0.0,4.1,81.0,0.0,0.0,231.0,-345.0,1.0
3968500,2729500.0,5.0,25.0,5.0,3.1,1006.0,168.0,1.6,0.0,4.1,85.0,4.0,11.0,229.0,-340.0,1.0
3968500,2729500.0,5.0,25.0,6.0,5.1,1006.0,141.0,2.0,0.0,4.3,83.0,58.0,55.0,231.0,-340.0,1.0
3968500,2729500.0,5.0,25.0,7.0,7.8,1006.0,164.0,2.1,0.0,4.6,76.0,185.0,85.0,237.0,-348.0,1.0
3968500,2729500.0,5.0,25.0,8.0,10.6,1006.0,241.0,1.3,0.0,4.9,68.0,334.0,102.0,244.0,-363.0,1.0
3968500,2729500.0,5.0,25.0,9.0,13.7,1006.0,217.0,2.5,0.0,4.8,54.0,478.0,113.0,253.0,-379.0,1.0
3968500,2729500.0,5.0,25.0,10.0,15.3,1007.0,50.0,2.3,0.0,4.2,41.0,623.0,108.0,259.0,-395.0,1.0
3968500,2729500.0,5.0,25.0,11.0,16.2,1006.0,28.0,3.1,1.0,4.0,36.0,729.0,108.0,269.0,-413.0,1.0
3968500,2729500.0,5.0,25.0,12.0,17.3,1006.0,146.0,1.9,1.0,4.2,35.0,808.0,98.0,278.0,-427.0,1.0
3968500,2729500.0,5.0,25.0,13.0,18.0,1005.0,211.0,2.5,0.0,4.2,34.0,819.0,101.0,279.0,-437.0,1.0
3968500,2729500.0,5.0,25.0,14.0,18.9,1004.0,226.0,2.2,0.0,4.2,32.0,761.0,114.0,279.0,-445.0,1.0
3968500,2729500.0,5.0,25.0,15.0,19.0,1003.0,189.0,2.0,0.0,4.2,30.0,680.0,115.0,281.0,-448.0,1.0
3968500,2729500.0,5.0,25.0,16.0,19.7,1002.0,57.0,2.3,0.0,4.1,29.0,555.0,118.0,283.0,-448.0,1.0
3968500,2729500.0,5.0,25.0,17.0,19.5,1001.0,242.0,2.3,0.0,3.8,27.0,412.0,114.0,282.0,-443.0,1.0
3968500,2729500.0,5.0,25.0,18.0,19.6,1000.0,193.0,1.4,0.0,3.8,26.0,257.0,104.0,281.0,-434.0,1.0
3968500,2729500.0,5.0,25.0,19.0,17.6,1000.0,61.0,1.1,0.0,4.1,31.0,108.0,82.0,279.0,-424.0,1.0
3968500,2729500.0,5.0,25.0,20.0,16.8,999.0,82.0,1.6,0.0,4.4,36.0,15.0,32.0,276.0,-410.0,1.0
3968500,2729500.0,5.0,25.0,21.0,13.5,999.0,335.0,1.9,0.0,4.6,42.0,0.0,0.0,271.0,-397.0,1.0
3968500,2729500.0,5.0,25.0,22.0,12.8,999.0,112.0,1.9,0.0,4.7,49.0,0.0,0.0,265.0,-387.0,1.0
3968500,2729500.0,5.0,25.0,23.0,11.3,998.0,89.0,2.1,0.0,4.7,53.0,0.0,0.0,261.0,-380.0,1.0
3968500,2729500.0,5.0,25.0,24.0,10.3,997.0,136.0,2.5,0.0,4.6,57.0,0.0,0.0,257.0,-373.0,1.0
3968500,2729500.0,5.0,26.0,1.0,9.8,996.0,63.0,2.2,0.0,4.6,59.0,0.0,0.0,255.0,-368.0,1.0
3968500,2729500.0,5.0,26.0,2.0,9.2,995.0,40.0,1.8,0.0,4.6,61.0,0.0,0.0,254.0,-368.0,1.0
3968500,2729500.0,5.0,26.0,3.0,8.3,994.0,339.0,2.0,0.0,4.6,65.0,0.0,0.0,252.0,-369.0,1.0
3968500,2729500.0,5.0,26.0,4.0,7.6,993.0,152.0,1.5,0.0,4.6,68.0,0.0,0.0,250.0,-367.0,1.0
3968500,2729500.0,5.0,26.0,5.0,7.6,993.0,15.0,0.5,0.0,4.7,70.0,4.0,12.0,249.0,-363.0,1.0
3968500,2729500.0,5.0,26.0,6.0,9.6,992.0,212.0,0.6,0.0,5.0,70.0,73.0,49.0,253.0,-362.0,1.0
3968500,2729500.0,5.0,26.0,7.0,13.0,992.0,157.0,1.8,1.0,5.4,63.0,221.0,65.0,261.0,-368.0,1.0
3968500,2729500.0,5.0,26.0,8.0,15.7,991.0,167.0,3.0,1.0,5.4,52.0,394.0,64.0,270.0,-384.0,1.0
3968500,2729500.0,5.0,26.0,9.0,18.6,990.0,156.0,2.9,0.0,5.7,46.0,559.0,58.0,278.0,-403.0,1.0
3968500,2729500.0,5.0,26.0,10.0,20.7,988.0,171.0,3.7,2.0,6.4,44.0,412.0,218.0,291.0,-422.0,1.0
3968500,2729500.0,5.0,26.0,11.0,23.0,988.0,161.0,4.7,4.0,7.0,42.0,506.0,225.0,310.0,-440.0,1.0
3968500,2729500.0,5.0,26.0,12.0,25.1,987.0,165.0,6.2,2.0,6.5,34.0,840.0,74.0,318.0,-454.0,1.0
3968500,2729500.0,5.0,26.0,13.0,23.6,986.0,181.0,5.2,5.0,6.1,31.0,73.0,331.0,323.0,-465.0,1.0
3968500,2729500.0,5.0,26.0,14.0,23.5,986.0,170.0,6.8,7.0,6.6,35.0,0.0,209.0,336.0,-472.0,1.0
3968500,2729500.0,5.0,26.0,15.0,23.9,986.0,161.0,8.1,5.0,7.3,39.0,205.0,312.0,342.0,-474.0,1.0
3968500,2729500.0,5.0,26.0,16.0,24.6,985.0,181.0,8.7,3.0,7.3,37.0,229.0,258.0,334.0,-471.0,1.0
3968500,2729500.0,5.0,26.0,17.0,23.4,985.0,191.0,6.0,3.0,6.5,34.0,202.0,199.0,328.0,-466.0,1.0
3968500,2729500.0,5.0,26.0,18.0,21.5,985.0,256.0,4.4,7.0,6.6,38.0,24.0,139.0,335.0,-457.0,1.0
3968500,2729500.0,5.0,26.0,19.0,19.7,986.0,251.0,4.3,8.0,6.8,44.0,0.0,40.0,345.0,-442.0,1.0
3968500,2729500.0,5.0,26.0,20.0,17.6,986.0,266.0,4.2,4.0,6.1,44.0,0.0,21.0,330.0,-426.0,1.0
3968500,2729500.0,5.0,26.0,21.0,16.1,986.0,247.0,3.1,4.0,5.8,47.0,0.0,0.0,312.0,-415.0,1.0
3968500,2729500.0,5.0,26.0,22.0,15.4,987.0,273.0,3.1,5.0,5.4,47.0,0.0,0.0,311.0,-406.0,1.0
3968500,2729500.0,5.0,26.0,23.0,14.0,988.0,193.0,3.0,4.0,5.1,48.0,0.0,0.0,308.0,-400.0,1.0
3968500,2729500.0,5.0,26.0,24.0,12.9,988.0,211.0,3.6,3.0,5.0,51.0,0.0,0.0,299.0,-395.0,1.0
3968500,2729500.0,5.0,27.0,1.0,12.7,988.0,203.0,3.1,4.0,4.9,52.0,0.0,0.0,297.0,-389.0,1.0
3968500,2729500.0,5.0,27.0,2.0,12.4,989.0,179.0,3.1,5.0,5.0,53.0,0.0,0.0,305.0,-383.0,1.0
3968500,2729500.0,5.0,27.0,3.0,12.0,989.0,177.0,2.9,6.0,5.0,56.0,0.0,0.0,313.0,-379.0,1.0
3968500,2729500.0,5.0,27.0,4.0,12.1,989.0,190.0,3.2,7.0,5.1,57.0,0.0,0.0,323.0,-376.0,1.0
3968500,2729500.0,5.0,27.0,5.0,11.4,989.0,163.0,3.3,6.0,5.2,60.0,7.0,11.0,324.0,-372.0,1.0
3968500,2729500.0,5.0,27.0,6.0,12.7,989.0,185.0,3.8,2.0,5.4,60.0,102.0,35.0,305.0,-370.0,1.0
3968500,2729500.0,5.0,27.0,7.0,13.3,989.0,194.0,4.0,4.0,5.6,59.0,70.0,110.0,298.0,-373.0,1.0
3968500,2729500.0,5.0,27.0,8.0,13.0,989.0,194.0,4.5,7.0,5.9,61.0,3.0,137.0,321.0,-380.0,1.0
3968500,2729500.0,5.0,27.0,9.0,14.3,989.0,220.0,4.9,6.0,6.1,61.0,84.0,240.0,333.0,-388.0,1.0
3968500,2729500.0,5.0,27.0,10.0,15.6,989.0,231.0,4.6,4.0,6.3,58.0,323.0,237.0,326.0,-392.0,1.0
3968500,2729500.0,5.0,27.0,11.0,16.4,989.0,238.0,4.6,6.0,6.2,54.0,178.0,323.0,331.0,-395.0,1.0
3968500,2729500.0,5.0,27.0,12.0,15.8,989.0,231.0,5.2,7.0,6.0,52.0,36.0,301.0,343.0,-397.0,1.0
3968500,2729500.0,5.0,27.0,13.0,16.2,990.0,228.0,4.3,7.0,6.0,52.0,52.0,308.0,347.0,-399.0,1.0
3968500,2729500.0,5.0,27.0,14.0,16.5,990.0,246.0,4.4,7.0,6.1,52.0,50.0,291.0,346.0,-404.0,1.0
3968500,2729500.0,5.0,27.0,15.0,16.9,990.0,298.0,5.4,8.0,6.2,51.0,0.0,118.0,351.0,-409.0,1.0
3968500,2729500.0,5.0,27.0,16.0,16.3,991.0,258.0,3.9,8.0,6.1,51.0,0.0,121.0,353.0,-411.0,1.0
3968500,2729500.0,5.0,27.0,17.0,14.1,991.0,257.0,4.1,7.0,6.1,55.0,17.0,180.0,344.0,-410.0,1.0
3968500,2729500.0,5.0,27.0,18.0,14.8,992.0,283.0,4.1,7.0,6.3,60.0,68.0,142.0,338.0,-403.0,1.0
3968500,2729500.0,5.0,27.0,19.0,14.0,992.0,307.0,2.6,5.0,6.5,62.0,18.0,79.0,331.0,-396.0,1.0
3968500,2729500.0,5.0,27.0,20.0,12.9,993.0,320.0,2.3,6.0,6.5,66.0,0.0,16.0,325.0,-391.0,1.0
3968500,2729500.0,5.0,27.0,21.0,11.4,994.0,257.0,2.3,6.0,6.4,72.0,0.0,0.0,327.0,-385.0,1.0
3968500,2729500.0,5.0,27.0,22.0,11.1,994.0,282.0,2.4,4.0,6.3,74.0,0.0,0.0,315.0,-378.0,1.0
3968500,2729500.0,5.0,27.0,23.0,9.6,995.0,270.0,2.3,2.0,6.1,77.0,0.0,0.0,294.0,-373.0,1.0
3968500,2729500.0,5.0,27.0,24.0,9.4,994.0,267.0,2.8,1.0,5.9,79.0,0.0,0.0,277.0,-367.0,1.0
3968500,2729500.0,5.0,28.0,1.0,8.0,994.0,111.0,1.8,3.0,5.7,80.0,0.0,0.0,277.0,-361.0,1.0
3968500,2729500.0,5.0,28.0,2.0,6.4,994.0,145.0,1.8,3.0,5.7,88.0,0.0,0.0,279.0,-356.0,1.0
3968500,2729500.0,5.0,28.0,3.0,6.0,994.0,179.0,1.7,2.0,5.6,94.0,0.0,0.0,269.0,-352.0,1.0
3968500,2729500.0,5.0,28.0,4.0,5.7,995.0,172.0,1.8,1.0,5.5,94.0,0.0,0.0,258.0,-348.0,1.0
3968500,2729500.0,5.0,28.0,5.0,5.0,995.0,185.0,1.7,1.0,5.4,96.0,1.0,12.0,250.0,-345.0,1.0
3968500,2729500.0,5.0,28.0,6.0,6.8,996.0,152.0,1.4,1.0,5.5,94.0,54.0,60.0,250.0,-347.0,1.0
3968500,2729500.0,5.0,28.0,7.0,9.0,995.0,130.0,2.0,1.0,5.9,87.0,185.0,99.0,254.0,-354.0,1.0
3968500,2729500.0,5.0,28.0,8.0,10.7,995.0,146.0,2.5,4.0,6.1,80.0,160.0,190.0,272.0,-367.0,1.0
3968500,2729500.0,5.0,28.0,9.0,12.5,996.0,163.0,3.1,4.0,6.1,71.0,386.0,181.0,290.0,-383.0,1.0
3968500,2729500.0,5.0,28.0,10.0,14.5,996.0,162.0,3.1,2.0,6.0,61.0,592.0,157.0,287.0,-398.0,1.0
3968500,2729500.0,5.0,28.0,11.0,15.6,995.0,149.0,3.7,3.0,5.8,54.0,514.0,259.0,287.0,-410.0,1.0
3968500,2729500.0,5.0,28.0,12.0,15.5,994.0,162.0,4.9,6.0,5.9,53.0,116.0,375.0,307.0,-419.0,1.0
3968500,2729500.0,5.0,28.0,13.0,17.6,994.0,190.0,4.2,6.0,6.1,51.0,40.0,322.0,328.0,-417.0,1.0
3968500,2729500.0,5.0,28.0,14.0,17.2,993.0,200.0,4.5,5.0,5.9,47.0,92.0,341.0,326.0,-422.0,1.0
3968500,2729500.0,5.0,28.0,15.0,16.8,992.0,174.0,3.8,8.0,5.6,46.0,0.0,191.0,335.0,-431.0,1.0
3968500,2729500.0,5.0,28.0,16.0,18.4,992.0,183.0,5.4,7.0,5.8,45.0,49.0,258.0,347.0,-428.0,1.0
3968500,2729500.0,5.0,28.0,17.0,17.3,991.0,111.0,2.4,5.0,5.9,45.0,217.0,218.0,331.0,-426.0,1.0
3968500,2729500.0,5.0,28.0,18.0,17.3,991.0,322.0,3.9,6.0,5.9,47.0,159.0,154.0,324.0,-422.0,1.0
3968500,2729500.0,5.0,28.0,19.0,17.0,990.0,174.0,3.4,8.0,5.9,47.0,10.0,79.0,339.0,-417.0,1.0
3968500,2729500.0,5.0,28.0,20.0,16.4,990.0,171.0,3.1,6.0,6.0,50.0,0.0,12.0,339.0,-412.0,1.0
3968500,2729500.0,5.0,28.0,21.0,14.7,990.0,41.0,1.4,7.0,6.3,56.0,0.0,0.0,330.0,-403.0,1.0
3968500,2729500.0,5.0,28.0,22.0,13.8,991.0,198.0,1.1,7.0,6.9,66.0,0.0,0.0,335.0,-392.0,1.0
3968500,2729500.0,5.0,28.0,23.0,12.4,991.0,243.0,1.0,7.0,7.2,75.0,0.0,0.0,332.0,-383.0,1.0
3968500,2729500.0,5.0,28.0,24.0,13.0,991.0,219.0,1.9,7.0,7.0,75.0,0.0,0.0,331.0,-379.0,1.0
3968500,2729500.0,5.0,29.0,1.0,12.5,991.0,170.0,1.9,8.0,6.9,73.0,0.0,0.0,337.0,-378.0,1.0
3968500,2729500.0,5.0,29.0,2.0,12.1,991.0,176.0,1.8,7.0,6.8,74.0,0.0,0.0,333.0,-375.0,1.0
3968500,2729500.0,5.0,29.0,3.0,12.0,990.0,282.0,2.1,7.0,6.5,72.0,0.0,0.0,324.0,-370.0,1.0
3968500,2729500.0,5.0,29.0,4.0,12.1,990.0,176.0,1.8,8.0,6.3,70.0,0.0,0.0,327.0,-364.0,1.0
3968500,2729500.0,5.0,29.0,5.0,11.2,991.0,151.0,1.9,8.0,6.3,73.0,0.0,5.0,329.0,-359.0,1.0
3968500,2729500.0,5.0,29.0,6.0,11.9,991.0,140.0,1.9,6.0,6.4,73.0,2.0,44.0,318.0,-360.0,1.0
3968500,2729500.0,5.0,29.0,7.0,12.9,991.0,141.0,2.5,6.0,6.4,70.0,13.0,108.0,308.0,-367.0,1.0
3968500,2729500.0,5.0,29.0,8.0,13.9,992.0,205.0,2.9,7.0,6.5,66.0,63.0,194.0,316.0,-380.0,1.0
3968500,2729500.0,5.0,29.0,9.0,15.5,992.0,187.0,4.2,8.0,6.6,62.0,75.0,258.0,333.0,-399.0,1.0
3968500,2729500.0,5.0,29.0,10.0,15.9,992.0,190.0,3.9,8.0,7.0,61.0,32.0,283.0,343.0,-418.0,1.0
3968500,2729500.0,5.0,29.0,11.0,16.7,992.0,223.0,4.5,8.0,7.2,61.0,31.0,301.0,347.0,-434.0,1.0
3968500,2729500.0,5.0,29.0,12.0,19.3,992.0,194.0,6.1,6.0,7.3,55.0,353.0,349.0,345.0,-445.0,1.0
3968500,2729500.0,5.0,29.0,13.0,21.0,992.0,179.0,5.2,3.0,7.0,46.0,633.0,218.0,334.0,-451.0,1.0
3968500,2729500.0,5.0,29.0,14.0,22.1,992.0,199.0,4.8,3.0,6.7,41.0,651.0,187.0,328.0,-454.0,1.0
3968500,2729500.0,5.0,29.0,15.0,23.0,992.0,156.0,4.8,2.0,6.7,39.0,679.0,124.0,331.0,-458.0,1.0
3968500,2729500.0,5.0,29.0,16.0,23.3,992.0,160.0,4.2,1.0,6.7,37.0,558.0,124.0,325.0,-461.0,1.0
3968500,2729500.0,5.0,29.0,17.0,23.4,992.0,158.0,4.7,1.0,6.6,36.0,421.0,116.0,322.0,-459.0,1.0
3968500,2729500.0,5.0,29.0,18.0,23.6,992.0,160.0,3.8,1.0,6.8,37.0,267.0,105.0,324.0,-451.0,1.0
3968500,2729500.0,5.0,29.0,19.0,22.4,992.0,164.0,4.2,1.0,7.0,39.0,118.0,81.0,323.0,-438.0,1.0
3968500,2729500.0,5.0,29.0,20.0,20.4,991.0,148.0,2.6,1.0,7.3,45.0,18.0,33.0,319.0,-426.0,1.0
3968500,2729500.0,5.0,29.0,21.0,17.2,991.0,165.0,1.6,1.0,7.7,56.0,0.0,0.0,313.0,-413.0,1.0
3968500,2729500.0,5.0,29.0,22.0,16.3,992.0,174.0,2.1,3.0,7.8,64.0,0.0,0.0,311.0,-403.0,1.0
3968500,2729500.0,5.0,29.0,23.0,14.8,993.0,127.0,2.2,2.0,7.8,69.0,0.0,0.0,311.0,-396.0,1.0
3968500,2729500.0,5.0,29.0,24.0,14.1,993.0,140.0,2.5,0.0,7.7,73.0,0.0,0.0,299.0,-391.0,1.0
3968500,2729500.0,5.0,30.0,1.0,13.3,993.0,145.0,2.2,1.0,7.5,75.0,0.0,0.0,293.0,-387.0,1.0
3968500,2729500.0,5.0,30.0,2.0,13.1,993.0,192.0,2.0,1.0,7.5,77.0,0.0,0.0,296.0,-384.0,1.0
3968500,2729500.0,5.0,30.0,3.0,11.4,993.0,150.0,2.1,1.0,7.3,81.0,0.0,0.0,293.0,-380.0,1.0
3968500,2729500.0,5.0,30.0,4.0,10.4,993.0,103.0,1.7,1.0,7.1,86.0,0.0,0.0,289.0,-376.0,1.0
3968500,2729500.0,5.0,30.0,5.0,10.7,994.0,110.0,1.3,1.0,7.1,87.0,5.0,13.0,288.0,-373.0,1.0
3968500,2729500.0,5.0,30.0,6.0,12.7,994.0,131.0,1.1,0.0,7.3,83.0,68.0,55.0,288.0,-373.0,1.0
3968500,2729500.0,5.0,30.0,7.0,14.7,994.0,165.0,1.3,0.0,7.5,76.0,195.0,86.0,290.0,-381.0,1.0
3968500,2729500.0,5.0,30.0,8.0,18.2,993.0,146.0,1.1,0.0,7.8,66.0,341.0,105.0,297.0,-396.0,1.0
3968500,2729500.0,5.0,30.0,9.0,21.2,993.0,159.0,1.2,0.0,8.0,54.0,483.0,117.0,307.0,-417.0,1.0
3968500,2729500.0,5.0,30.0,10.0,23.5,994.0,150.0,1.6,0.0,7.7,45.0,617.0,121.0,316.0,-439.0,1.0
3968500,2729500.0,5.0,30.0,11.0,25.0,993.0,196.0,2.7,0.0,7.4,38.0,721.0,122.0,324.0,-461.0,1.0
3968500,2729500.0,5.0,30.0,12.0,27.1,992.0,150.0,3.0,0.0,7.3,34.0,783.0,122.0,332.0,-478.0,1.0
3968500,2729500.0,5.0,30.0,13.0,27.9,992.0,146.0,5.3,1.0,7.1,30.0,801.0,120.0,340.0,-493.0,1.0
3968500,2729500.0,5.0,30.0,14.0,28.1,991.0,145.0,5.4,1.0,6.7,28.0,752.0,129.0,345.0,-499.0,1.0
3968500,2729500.0,5.0,30.0,15.0,28.8,990.0,130.0,4.7,1.0,6.4,26.0,673.0,128.0,346.0,-499.0,1.0
3968500,2729500.0,5.0,30.0,16.0,29.0,989.0,168.0,4.2,1.0,6.4,25.0,551.0,128.0,347.0,-499.0,1.0
3968500,2729500.0,5.0,30.0,17.0,28.6,988.0,165.0,4.9,0.0,6.4,25.0,414.0,120.0,345.0,-494.0,1.0
3968500,2729500.0,5.0,30.0,18.0,28.2,988.0,157.0,3.7,0.0,6.5,26.0,263.0,107.0,341.0,-484.0,1.0
3968500,2729500.0,5.0,30.0,19.0,26.4,987.0,127.0,2.5,1.0,6.8,29.0,118.0,82.0,341.0,-471.0,1.0
3968500,2729500.0,5.0,30.0,20.0,23.6,987.0,134.0,2.1,0.0,7.3,36.0,21.0,33.0,336.0,-455.0,1.0
3968500,2729500.0,5.0,30.0,21.0,20.3,987.0,144.0,1.8,0.0,7.5,44.0,0.0,0.0,326.0,-439.0,1.0
3968500,2729500.0,5.0,30.0,22.0,19.0,986.0,182.0,1.5,0.0,7.4,50.0,0.0,0.0,321.0,-427.0,1.0
3968500,2729500.0,5.0,30.0,23.0,17.4,986.0,196.0,1.5,0.0,7.4,55.0,0.0,0.0,319.0,-419.0,1.0
3968500,2729500.0,5.0,30.0,24.0,15.5,986.0,169.0,2.0,0.0,7.4,61.0,0.0,0.0,317.0,-413.0,1.0
3968500,2729500.0,5.0,31.0,1.0,15.5,986.0,131.0,2.1,1.0,7.5,66.0,0.0,0.0,320.0,-410.0,1.0
3968500,2729500.0,5.0,31.0,2.0,14.2,986.0,133.0,2.5,1.0,7.5,69.0,0.0,0.0,321.0,-409.0,1.0
3968500,2729500.0,5.0,31.0,3.0,13.2,986.0,131.0,2.9,0.0,7.5,74.0,0.0,0.0,315.0,-407.0,1.0
3968500,2729500.0,5.0,31.0,4.0,13.7,986.0,142.0,2.3,0.0,7.5,75.0,0.0,0.0,312.0,-406.0,1.0
3968500,2729500.0,5.0,31.0,5.0,15.0,987.0,37.0,1.7,2.0,7.6,73.0,0.0,11.0,320.0,-405.0,1.0
3968500,2729500.0,5.0,31.0,6.0,15.5,987.0,106.0,1.3,3.0,8.0,72.0,32.0,57.0,329.0,-407.0,1.0
3968500,2729500.0,5.0,31.0,7.0,17.4,988.0,338.0,2.6,5.0,8.3,69.0,45.0,126.0,339.0,-412.0,1.0
3968500,2729500.0,5.0,31.0,8.0,18.8,988.0,2.0,3.2,4.0,8.5,64.0,223.0,167.0,348.0,-418.0,1.0
3968500,2729500.0,5.0,31.0,9.0,19.5,987.0,348.0,2.9,4.0,8.8,62.0,461.0,143.0,351.0,-425.0,1.0
3968500,2729500.0,5.0,31.0,10.0,20.7,987.0,346.0,3.5,3.0,8.9,59.0,506.0,196.0,352.0,-436.0,1.0
3968500,2729500.0,5.0,31.0,11.0,19.5,987.0,320.0,4.1,5.0,9.2,61.0,68.0,336.0,356.0,-442.0,1.0
3968500,2729500.0,5.0,31.0,12.0,18.4,988.0,309.0,3.9,8.0,9.9,70.0,0.0,156.0,369.0,-437.0,1.0
3968500,2729500.0,5.0,31.0,13.0,19.9,988.0,315.0,4.6,6.0,10.1,71.0,116.0,370.0,375.0,-432.0,1.0
3968500,2729500.0,5.0,31.0,14.0,18.7,988.0,304.0,5.4,6.0,9.7,68.0,52.0,314.0,369.0,-427.0,1.0
3968500,2729500.0,5.0,31.0,15.0,15.6,989.0,281.0,6.7,7.0,9.3,74.0,0.0,115.0,364.0,-421.0,1.0
3968500,2729500.0,5.0,31.0,16.0,13.6,990.0,331.0,4.6,7.0,9.2,86.0,0.0,72.0,358.0,-415.0,1.0
3968500,2729500.0,5.0,31.0,17.0,14.2,991.0,4.0,4.3,8.0,9.5,93.0,0.0,72.0,359.0,-409.0,1.0
3968500,2729500.0,5.0,31.0,18.0,14.1,992.0,326.0,3.3,8.0,9.6,93.0,0.0,101.0,361.0,-405.0,1.0
3968500,2729500.0,5.0,31.0,19.0,13.7,992.0,330.0,3.8,8.0,9.5,93.0,0.0,59.0,361.0,-403.0,1.0
3968500,2729500.0,5.0,31.0,20.0,12.3,993.0,330.0,5.7,8.0,9.0,94.0,0.0,20.0,356.0,-400.0,1.0
3968500,2729500.0,5.0,31.0,21.0,11.0,994.0,312.0,5.0,8.0,8.3,95.0,0.0,0.0,350.0,-397.0,1.0
3968500,2729500.0,5.0,31.0,22.0,10.9,996.0,315.0,5.1,8.0,7.9,95.0,0.0,0.0,346.0,-394.0,1.0
3968500,2729500.0,5.0,31.0,23.0,10.5,997.0,320.0,5.0,8.0,7.7,94.0,0.0,0.0,344.0,-391.0,1.0
3968500,2729500.0,5.0,31.0,24.0,10.2,997.0,327.0,4.9,8.0,7.3,92.0,0.0,0.0,341.0,-388.0,1.0
3968500,2729500.0,6.0,1.0,1.0,9.9,998.0,319.0,5.3,7.0,6.9,89.0,0.0,0.0,325.0,-382.0,1.0
3968500,2729500.0,6.0,1.0,2.0,9.8,998.0,327.0,5.6,8.0,6.8,88.0,0.0,0.0,330.0,-380.0,1.0
3968500,2729500.0,6.0,1.0,3.0,9.8,999.0,325.0,5.1,8.0,6.7,87.0,0.0,0.0,334.0,-377.0,1.0
3968500,2729500.0,6.0,1.0,4.0,9.7,999.0,333.0,4.5,8.0,6.6,86.0,0.0,0.0,333.0,-374.0,1.0
3968500,2729500.0,6.0,1.0,5.0,9.6,1000.0,342.0,5.5,8.0,6.5,86.0,0.0,2.0,331.0,-371.0,1.0
3968500,2729500.0,6.0,1.0,6.0,9.8,1000.0,337.0,5.5,7.0,6.4,84.0,0.0,11.0,323.0,-368.0,1.0
3968500,2729500.0,6.0,1.0,7.0,10.3,1001.0,332.0,6.1,8.0,6.2,80.0,0.0,36.0,323.0,-367.0,1.0
3968500,2729500.0,6.0,1.0,8.0,10.5,1001.0,337.0,6.3,8.0,6.1,77.0,0.0,84.0,333.0,-369.0,1.0
3968500,2729500.0,6.0,1.0,9.0,11.1,1002.0,339.0,5.9,8.0,6.0,74.0,0.0,148.0,334.0,-374.0,1.0
3968500,2729500.0,6.0,1.0,10.0,11.8,1003.0,346.0,5.2,8.0,5.9,70.0,1.0,217.0,335.0,-382.0,1.0
3968500,2729500.0,6.0,1.0,11.0,12.9,1003.0,332.0,4.9,8.0,5.9,65.0,0.0,197.0,338.0,-392.0,1.0
3968500,2729500.0,6.0,1.0,12.0,13.2,1004.0,328.0,4.7,8.0,5.9,62.0,1.0,232.0,340.0,-405.0,1.0
3968500,2729500.0,6.0,1.0,13.0,15.4,1004.0,328.0,4.7,6.0,6.0,59.0,102.0,319.0,330.0,-417.0,1.0
3968500,2729500.0,6.0,1.0,14.0,16.2,1004.0,328.0,5.0,7.0,6.1,54.0,17.0,269.0,330.0,-424.0,1.0
3968500,2729500.0,6.0,1.0,15.0,16.4,1004.0,321.0,4.8,8.0,5.9,50.0,0.0,148.0,343.0,-424.0,1.0
3968500,2729500.0,6.0,1.0,16.0,16.4,1004.0,318.0,4.5,8.0,5.7,49.0,0.0,133.0,347.0,-424.0,1.0
3968500,2729500.0,6.0,1.0,17.0,17.2,1004.0,8.0,3.0,7.0,5.7,48.0,32.0,188.0,340.0,-424.0,1.0
3968500,2729500.0,6.0,1.0,18.0,16.9,1004.0,356.0,3.9,4.0,5.6,46.0,237.0,70.0,323.0,-422.0,1.0
3968500,2729500.0,6.0,1.0,19.0,17.1,1004.0,338.0,4.7,3.0,5.5,45.0,139.0,50.0,309.0,-416.0,1.0
3968500,2729500.0,6.0,1.0,20.0,15.5,1004.0,331.0,3.5,2.0,5.7,49.0,22.0,33.0,300.0,-408.0,1.0
3968500,2729500.0,6.0,1.0,21.0,14.5,1005.0,327.0,3.8,1.0,5.9,55.0,0.0,0.0,290.0,-399.0,1.0
3968500,2729500.0,6.0,1.0,22.0,13.3,1006.0,328.0,3.8,2.0,5.9,59.0,0.0,0.0,287.0,-390.0,1.0
3968500,2729500.0,6.0,1.0,23.0,13.1,1006.0,332.0,3.1,2.0,5.5,58.0,0.0,0.0,287.0,-384.0,1.0
3968500,2729500.0,6.0,1.0,24.0,12.7,1006.0,338.0,2.7,2.0,5.1,55.0,0.0,0.0,286.0,-378.0,1.0
3968500,2729500.0,6.0,2.0,1.0,11.3,1007.0,337.0,2.5,1.0,5.2,59.0,0.0,0.0,281.0,-373.0,1.0
3968500,2729500.0,6.0,2.0,2.0,10.2,1007.0,336.0,2.1,1.0,5.4,66.0,0.0,0.0,275.0,-369.0,1.0
3968500,2729500.0,6.0,2.0,3.0,9.1,1007.0,343.0,1.9,1.0,5.5,73.0,0.0,0.0,271.0,-365.0,1.0
3968500,2729500.0,6.0,2.0,4.0,8.7,1007.0,340.0,2.2,1.0,5.4,75.0,0.0,0.0,269.0,-364.0,1.0
3968500,2729500.0,6.0,2.0,5.0,9.1,1008.0,350.0,2.3,1.0,5.2,72.0,6.0,18.0,268.0,-363.0,1.0
3968500,2729500.0,6.0,2.0,6.0,10.5,1008.0,8.0,1.9,0.0,5.2,69.0,75.0,58.0,268.0,-364.0,1.0
3968500,2729500.0,6.0,2.0,7.0,11.9,1008.0,14.0,3.1,0.0,5.3,64.0,204.0,83.0,269.0,-369.0,1.0
3968500,2729500.0,6.0,2.0,8.0,13.7,1008.0,19.0,4.2,0.0,5.2,56.0,358.0,91.0,274.0,-379.0,1.0
3968500,2729500.0,6.0,2.0,9.0,15.5,1009.0,25.0,4.9,1.0,5.1,49.0,515.0,91.0,282.0,-391.0,1.0
3968500,2729500.0,6.0,2.0,10.0,17.5,1009.0,24.0,4.2,1.0,5.0,43.0,679.0,68.0,290.0,-405.0,1.0
3968500,2729500.0,6.0,2.0,11.0,19.0,1009.0,55.0,3.9,1.0,5.2,39.0,774.0,71.0,298.0,-419.0,1.0
3968500,2729500.0,6.0,2.0,12.0,20.1,1009.0,29.0,4.2,1.0,5.4,38.0,828.0,73.0,304.0,-430.0,1.0
3968500,2729500.0,6.0,2.0,13.0,20.8,1009.0,19.0,4.8,0.0,5.1,34.0,839.0,75.0,304.0,-439.0,1.0
3968500,2729500.0,6.0,2.0,14.0,21.5,1008.0,4.0,5.5,0.0,4.8,31.0,813.0,73.0,305.0,-446.0,1.0
3968500,2729500.0,6.0,2.0,15.0,21.9,1008.0,359.0,5.7,0.0,5.0,31.0,712.0,92.0,309.0,-449.0,1.0
3968500,2729500.0,6.0,2.0,16.0,22.5,1007.0,21.0,4.3,0.0,5.1,30.0,589.0,98.0,313.0,-449.0,1.0
3968500,2729500.0,6.0,2.0,17.0,22.0,1007.0,19.0,5.8,0.0,5.0,30.0,448.0,97.0,315.0,-447.0,1.0
3968500,2729500.0,6.0,2.0,18.0,21.9,1007.0,13.0,4.3,1.0,4.9,30.0,286.0,96.0,316.0,-443.0,1.0
3968500,2729500.0,6.0,2.0,19.0,20.1,1007.0,20.0,4.9,0.0,4.8,31.0,131.0,83.0,312.0,-435.0,1.0
3968500,2729500.0,6.0,2.0,20.0,18.4,1007.0,227.0,4.0,1.0,4.9,36.0,25.0,41.0,307.0,-426.0,1.0
3968500,2729500.0,6.0,2.0,21.0,16.7,1007.0,296.0,3.5,1.0,4.9,39.0,0.0,0.0,305.0,-416.0,1.0
3968500,2729500.0,6.0,2.0,22.0,15.3,1008.0,347.0,3.1,2.0,4.9,44.0,0.0,0.0,301.0,-408.0,1.0
3968500,2729500.0,6.0,2.0,23.0,14.1,1008.0,304.0,2.8,2.0,5.2,50.0,0.0,0.0,298.0,-402.0,1.0
3968500,2729500.0,6.0,2.0,24.0,13.3,1008.0,242.0,2.6,3.0,5.5,57.0,0.0,0.0,293.0,-397.0,1.0
3968500,2729500.0,6.0,3.0,1.0,12.6,997.0,162.0,2.4,4.0,6.0,64.0,0.0,0.0,312.0,-388.0,1.0
3968500,2729500.0,6.0,3.0,2.0,12.0,996.0,94.0,2.3,5.0,6.3,70.0,0.0,0.0,311.0,-386.0,1.0
3968500,2729500.0,6.0,3.0,3.0,11.6,996.0,61.0,2.1,6.0,6.6,75.0,0.0,0.0,310.0,-383.0,1.0
3968500,2729500.0,6.0,3.0,4.0,11.3,996.0,80.0,1.9,6.0,6.6,77.0,0.0,0.0,310.0,-377.0,1.0
3968500,2729500.0,6.0,3.0,5.0,12.2,995.0,116.0,1.9,5.0,6.7,76.0,0.0,6.0,309.0,-375.0,1.0
3968500,2729500.0,6.0,3.0,6.0,11.3,995.0,163.0,1.5,5.0,6.8,78.0,38.0,67.0,307.0,-377.0,1.0
3968500,2729500.0,6.0,3.0,7.0,14.1,994.0,127.0,1.5,5.0,7.1,76.0,69.0,137.0,311.0,-383.0,1.0
3968500,2729500.0,6.0,3.0,8.0,16.2,994.0,165.0,1.7,3.0,7.3,67.0,152.0,207.0,315.0,-395.0,1.0
3968500,2729500.0,6.0,3.0,9.0,18.1,994.0,136.0,3.7,4.0,7.2,58.0,227.0,268.0,322.0,-410.0,1.0
3968500,2729500.0,6.0,3.0,10.0,19.7,993.0,153.0,3.7,6.0,6.9,50.0,365.0,289.0,334.0,-426.0,1.0
3968500,2729500.0,6.0,3.0,11.0,20.2,992.0,162.0,4.6,6.0,6.6,45.0,322.0,365.0,340.0,-441.0,1.0
3968500,2729500.0,6.0,3.0,12.0,21.1,991.0,135.0,4.8,7.0,6.5,42.0,327.0,396.0,345.0,-453.0,1.0
3968500,2729500.0,6.0,3.0,13.0,21.8,991.0,139.0,4.4,6.0,6.4,39.0,377.0,385.0,349.0,-462.0,1.0
3968500,2729500.0,6.0,3.0,14.0,23.0,991.0,148.0,3.7,6.0,6.3,36.0,428.0,343.0,353.0,-468.0,1.0
3968500,2729500.0,6.0,3.0,15.0,24.0,990.0,164.0,4.3,3.0,5.7,31.0,517.0,253.0,352.0,-467.0,1.0
3968500,2729500.0,6.0,3.0,16.0,23.7,989.0,136.0,4.6,3.0,5.7,30.0,395.0,246.0,348.0,-464.0,1.0
3968500,2729500.0,6.0,3.0,17.0,23.3,989.0,142.0,4.1,4.0,6.1,33.0,299.0,207.0,347.0,-463.0,1.0
3968500,2729500.0,6.0,3.0,18.0,22.4,988.0,146.0,3.6,4.0,6.3,35.0,196.0,159.0,344.0,-455.0,1.0
3968500,2729500.0,6.0,3.0,19.0,21.3,988.0,134.0,3.5,6.0,6.3,38.0,45.0,114.0,345.0,-447.0,1.0
3968500,2729500.0,6.0,3.0,20.0,18.9,986.0,138.0,2.4,7.0,6.7,44.0,6.0,42.0,347.0,-439.0,1.0
3968500,2729500.0,6.0,3.0,21.0,16.9,986.0,180.0,2.4,6.0,7.3,56.0,0.0,2.0,344.0,-430.0,1.0
3968500,2729500.0,6.0,3.0,22.0,16.0,987.0,162.0,2.0,4.0,7.6,64.0,0.0,0.0,332.0,-420.0,1.0
3968500,2729500.0,6.0,3.0,23.0,15.2,987.0,147.0,1.9,4.0,7.6,66.0,0.0,0.0,324.0,-414.0,1.0
3968500,2729500.0,6.0,3.0,24.0,14.7,987.0,27.0,1.8,7.0,7.6,70.0,0.0,0.0,332.0,-410.0,1.0
3968500,2729500.0,6.0,4.0,1.0,14.0,987.0,76.0,1.4,6.0,7.9,75.0,0.0,0.0,338.0,-407.0,1.0
3968500,2729500.0,6.0,4.0,2.0,13.1,987.0,166.0,1.9,5.0,7.8,78.0,0.0,0.0,329.0,-402.0,1.0
3968500,2729500.0,6.0,4.0,3.0,13.9,987.0,171.0,2.1,5.0,7.7,77.0,0.0,0.0,326.0,-397.0,1.0
3968500,2729500.0,6.0,4.0,4.0,13.5,987.0,129.0,2.2,7.0,7.7,77.0,0.0,0.0,334.0,-397.0,1.0
3968500,2729500.0,6.0,4.0,5.0,13.7,986.0,169.0,2.4,7.0,7.9,79.0,0.0,1.0,343.0,-399.0,1.0
3968500,2729500.0,6.0,4.0,6.0,13.7,987.0,151.0,1.3,7.0,8.2,82.0,2.0,42.0,344.0,-400.0,1.0
3968500,2729500.0,6.0,4.0,7.0,15.2,987.0,152.0,2.0,5.0,8.6,81.0,61.0,119.0,337.0,-403.0,1.0
3968500,2729500.0,6.0,4.0,8.0,17.6,987.0,165.0,2.0,5.0,9.3,77.0,149.0,177.0,334.0,-409.0,1.0
3968500,2729500.0,6.0,4.0,9.0,18.4,987.0,152.0,1.7,5.0,9.9,75.0,246.0,219.0,341.0,-419.0,1.0
3968500,2729500.0,6.0,4.0,10.0,19.5,987.0,166.0,2.3,6.0,9.8,70.0,289.0,270.0,349.0,-435.0,1.0
3968500,2729500.0,6.0,4.0,11.0,20.6,987.0,195.0,2.7,7.0,9.8,65.0,259.0,333.0,363.0,-448.0,1.0
3968500,2729500.0,6.0,4.0,12.0,21.6,988.0,187.0,2.9,6.0,10.2,63.0,369.0,319.0,368.0,-456.0,1.0
3968500,2729500.0,6.0,4.0,13.0,23.5,987.0,181.0,3.3,5.0,10.5,60.0,473.0,275.0,367.0,-464.0,1.0
3968500,2729500.0,6.0,4.0,14.0,23.7,987.0,182.0,4.4,4.0,10.3,55.0,420.0,284.0,364.0,-472.0,1.0
3968500,2729500.0,6.0,4.0,15.0,25.1,986.0,186.0,2.8,5.0,10.3,52.0,305.0,296.0,366.0,-471.0,1.0
3968500,2729500.0,6.0,4.0,16.0,24.7,985.0,153.0,2.9,4.0,10.5,52.0,292.0,242.0,366.0,-467.0,1.0
3968500,2729500.0,6.0,4.0,17.0,24.4,985.0,140.0,2.6,4.0,10.0,50.0,116.0,227.0,359.0,-465.0,1.0
3968500,2729500.0,6.0,4.0,18.0,24.6,985.0,151.0,2.4,8.0,9.6,48.0,0.0,111.0,370.0,-460.0,1.0
3968500,2729500.0,6.0,4.0,19.0,23.4,984.0,78.0,2.6,8.0,9.7,50.0,5.0,87.0,381.0,-452.0,1.0
3968500,2729500.0,6.0,4.0,20.0,21.7,984.0,65.0,1.7,5.0,10.3,58.0,12.0,41.0,370.0,-442.0,1.0
3968500,2729500.0,6.0,4.0,21.0,19.9,984.0,188.0,2.8,5.0,10.7,67.0,0.0,2.0,357.0,-431.0,1.0
3968500,2729500.0,6.0,4.0,22.0,18.1,984.0,119.0,2.6,4.0,10.5,74.0,0.0,0.0,350.0,-423.0,1.0
3968500,2729500.0,6.0,4.0,23.0,17.7,984.0,29.0,2.1,4.0,10.5,79.0,0.0,0.0,344.0,-418.0,1.0
3968500,2729500.0,6.0,4.0,24.0,17.9,984.0,58.0,1.9,6.0,9.9,75.0,0.0,0.0,346.0,-414.0,1.0
3968500,2729500.0,6.0,5.0,1.0,16.5,983.0,41.0,1.8,4.0,9.3,74.0,0.0,0.0,342.0,-410.0,1.0
3968500,2729500.0,6.0,5.0,2.0,16.5,983.0,118.0,2.1,4.0,9.3,76.0,0.0,0.0,329.0,-405.0,1.0
3968500,2729500.0,6.0,5.0,3.0,15.0,982.0,345.0,2.2,4.0,9.2,80.0,0.0,0.0,325.0,-403.0,1.0
3968500,2729500.0,6.0,5.0,4.0,15.5,982.0,72.0,2.5,4.0,9.3,83.0,0.0,0.0,325.0,-403.0,1.0
3968500,2729500.0,6.0,5.0,5.0,14.7,981.0,93.0,3.3,6.0,9.2,83.0,0.0,0.0,333.0,-404.0,1.0
3968500,2729500.0,6.0,5.0,6.0,15.9,980.0,118.0,3.3,7.0,9.3,82.0,0.0,31.0,345.0,-408.0,1.0
3968500,2729500.0,6.0,5.0,7.0,17.3,980.0,323.0,1.9,5.0,9.6,78.0,61.0,158.0,344.0,-412.0,1.0
3968500,2729500.0,6.0,5.0,8.0,19.6,980.0,28.0,2.4,5.0,9.2,67.0,53.0,235.0,339.0,-414.0,1.0
3968500,2729500.0,6.0,5.0,9.0,21.5,979.0,67.0,5.2,5.0,8.6,55.0,103.0,329.0,345.0,-415.0,1.0
3968500,2729500.0,6.0,5.0,10.0,23.4,979.0,65.0,5.5,5.0,8.6,49.0,330.0,366.0,353.0,-416.0,1.0
3968500,2729500.0,6.0,5.0,11.0,23.9,978.0,78.0,4.8,6.0,8.6,46.0,282.0,445.0,363.0,-421.0,1.0
3968500,2729500.0,6.0,5.0,12.0,23.5,977.0,73.0,5.9,5.0,9.0,47.0,343.0,463.0,365.0,-437.0,1.0
3968500,2729500.0,6.0,5.0,13.0,23.7,977.0,76.0,5.9,5.0,9.3,49.0,245.0,493.0,361.0,-451.0,1.0
3968500,2729500.0,6.0,5.0,14.0,24.1,977.0,81.0,4.7,6.0,9.7,50.0,50.0,402.0,369.0,-461.0,1.0
3968500,2729500.0,6.0,5.0,15.0,24.4,977.0,65.0,6.2,6.0,10.0,51.0,61.0,385.0,377.0,-465.0,1.0
3968500,2729500.0,6.0,5.0,16.0,24.0,977.0,73.0,6.6,6.0,9.9,51.0,14.0,269.0,376.0,-452.0,1.0
3968500,2729500.0,6.0,5.0,17.0,23.7,977.0,74.0,5.0,7.0,10.0,52.0,3.0,184.0,380.0,-441.0,1.0
3968500,2729500.0,6.0,5.0,18.0,23.4,977.0,83.0,4.9,6.0,10.0,53.0,1.0,128.0,378.0,-433.0,1.0
3968500,2729500.0,6.0,5.0,19.0,21.4,977.0,160.0,5.3,8.0,10.6,60.0,0.0,64.0,381.0,-425.0,1.0
3968500,2729500.0,6.0,5.0,20.0,18.0,978.0,199.0,3.8,8.0,11.6,78.0,3.0,41.0,385.0,-417.0,1.0
3968500,2729500.0,6.0,5.0,21.0,17.7,978.0,335.0,2.5,7.0,12.0,90.0,0.0,4.0,375.0,-412.0,1.0
3968500,2729500.0,6.0,5.0,22.0,16.8,979.0,299.0,2.1,8.0,12.1,94.0,0.0,0.0,372.0,-408.0,1.0
3968500,2729500.0,6.0,5.0,23.0,16.1,979.0,199.0,3.3,8.0,11.8,97.0,0.0,0.0,374.0,-404.0,1.0
3968500,2729500.0,6.0,5.0,24.0,15.4,979.0,151.0,2.4,8.0,11.3,97.0,0.0,0.0,372.0,-398.0,1.0
3968500,2729500.0,6.0,6.0,1.0,15.1,980.0,187.0,3.3,8.0,10.9,97.0,0.0,0.0,369.0,-393.0,1.0
3968500,2729500.0,6.0,6.0,2.0,14.8,980.0,178.0,3.5,8.0,10.8,98.0,0.0,0.0,368.0,-391.0,1.0
3968500,2729500.0,6.0,6.0,3.0,14.3,979.0,195.0,3.2,8.0,10.5,98.0,0.0,0.0,365.0,-389.0,1.0
3968500,2729500.0,6.0,6.0,4.0,14.3,980.0,184.0,3.1,8.0,10.2,97.0,0.0,0.0,363.0,-387.0,1.0
3968500,2729500.0,6.0,6.0,5.0,14.2,980.0,149.0,2.7,8.0,10.2,97.0,0.0,0.0,362.0,-387.0,1.0
3968500,2729500.0,6.0,6.0,6.0,14.4,980.0,172.0,2.4,8.0,10.2,97.0,5.0,53.0,362.0,-387.0,1.0
3968500,2729500.0,6.0,6.0,7.0,14.9,980.0,180.0,1.9,5.0,10.5,97.0,7.0,109.0,347.0,-387.0,1.0
3968500,2729500.0,6.0,6.0,8.0,15.5,981.0,183.0,1.6,8.0,10.9,97.0,4.0,155.0,349.0,-388.0,1.0
3968500,2729500.0,6.0,6.0,9.0,16.9,981.0,170.0,2.3,6.0,11.3,95.0,137.0,293.0,359.0,-391.0,1.0
3968500,2729500.0,6.0,6.0,10.0,17.8,981.0,148.0,2.2,4.0,10.7,83.0,331.0,308.0,344.0,-393.0,1.0
3968500,2729500.0,6.0,6.0,11.0,19.1,982.0,215.0,2.0,5.0,10.1,73.0,294.0,379.0,343.0,-396.0,1.0
3968500,2729500.0,6.0,6.0,12.0,19.8,981.0,203.0,2.3,6.0,10.0,68.0,113.0,422.0,357.0,-400.0,1.0
3968500,2729500.0,6.0,6.0,13.0,20.6,981.0,32.0,2.5,6.0,9.9,64.0,78.0,405.0,364.0,-403.0,1.0
3968500,2729500.0,6.0,6.0,14.0,21.2,981.0,2.0,3.2,6.0,9.9,62.0,107.0,406.0,367.0,-402.0,1.0
3968500,2729500.0,6.0,6.0,15.0,21.8,981.0,9.0,4.1,6.0,10.1,61.0,46.0,336.0,370.0,-401.0,1.0
3968500,2729500.0,6.0,6.0,16.0,21.6,980.0,349.0,4.1,6.0,10.5,62.0,86.0,317.0,370.0,-403.0,1.0
3968500,2729500.0,6.0,6.0,17.0,18.1,980.0,334.0,4.1,6.0,11.6,77.0,17.0,219.0,365.0,-406.0,1.0
3968500,2729500.0,6.0,6.0,18.0,17.1,980.0,320.0,4.4,8.0,12.5,95.0,0.0,44.0,368.0,-406.0,1.0
3968500,2729500.0,6.0,6.0,19.0,16.2,979.0,26.0,2.8,8.0,12.0,98.0,0.0,24.0,376.0,-405.0,1.0
3968500,2729500.0,6.0,6.0,20.0,15.2,979.0,244.0,1.7,8.0,11.5,99.0,0.0,11.0,372.0,-402.0,1.0
3968500,2729500.0,6.0,6.0,21.0,15.0,979.0,337.0,2.6,8.0,11.1,99.0,0.0,2.0,370.0,-399.0,1.0
3968500,2729500.0,6.0,6.0,22.0,14.6,979.0,333.0,2.6,8.0,10.9,100.0,0.0,0.0,370.0,-397.0,1.0
3968500,2729500.0,6.0,6.0,23.0,14.7,979.0,332.0,1.7,7.0,10.8,100.0,0.0,0.0,364.0,-395.0,1.0
3968500,2729500.0,6.0,6.0,24.0,14.9,979.0,331.0,2.2,7.0,10.9,99.0,0.0,0.0,359.0,-394.0,1.0
3968500,2729500.0,6.0,7.0,1.0,15.0,978.0,351.0,2.5,8.0,10.9,99.0,0.0,0.0,367.0,-393.0,1.0
3968500,2729500.0,6.0,7.0,2.0,15.1,978.0,351.0,2.2,8.0,11.0,99.0,0.0,0.0,374.0,-391.0,1.0
3968500,2729500.0,6.0,7.0,3.0,15.0,977.0,341.0,2.9,8.0,11.0,99.0,0.0,0.0,374.0,-390.0,1.0
3968500,2729500.0,6.0,7.0,4.0,15.0,977.0,326.0,2.1,8.0,11.0,99.0,0.0,0.0,374.0,-389.0,1.0
3968500,2729500.0,6.0,7.0,5.0,15.1,977.0,340.0,2.7,8.0,11.1,99.0,0.0,0.0,374.0,-388.0,1.0
3968500,2729500.0,6.0,7.0,6.0,15.0,977.0,355.0,2.4,8.0,11.1,99.0,0.0,11.0,373.0,-387.0,1.0
3968500,2729500.0,6.0,7.0,7.0,14.9,977.0,353.0,2.7,8.0,11.0,99.0,0.0,24.0,372.0,-386.0,1.0
3968500,2729500.0,6.0,7.0,8.0,15.2,977.0,331.0,2.3,8.0,11.1,99.0,0.0,74.0,371.0,-385.0,1.0
3968500,2729500.0,6.0,7.0,9.0,15.6,978.0,319.0,2.0,8.0,11.4,100.0,0.0,101.0,372.0,-385.0,1.0
3968500,2729500.0,6.0,7.0,10.0,16.6,978.0,315.0,2.8,8.0,11.8,99.0,0.0,129.0,374.0,-389.0,1.0
3968500,2729500.0,6.0,7.0,11.0,15.6,978.0,285.0,3.9,8.0,11.7,98.0,0.0,148.0,373.0,-397.0,1.0
3968500,2729500.0,6.0,7.0,12.0,15.9,979.0,285.0,5.3,8.0,11.4,98.0,0.0,105.0,371.0,-403.0,1.0
3968500,2729500.0,6.0,7.0,13.0,14.8,979.0,269.0,5.4,8.0,11.2,98.0,0.0,103.0,369.0,-405.0,1.0
3968500,2729500.0,6.0,7.0,14.0,14.7,980.0,307.0,3.7,8.0,10.8,99.0,0.0,110.0,368.0,-401.0,1.0
3968500,2729500.0,6.0,7.0,15.0,14.7,980.0,39.0,3.0,7.0,10.6,98.0,0.0,124.0,361.0,-394.0,1.0
3968500,2729500.0,6.0,7.0,16.0,14.5,981.0,88.0,2.4,8.0,10.4,96.0,0.0,88.0,360.0,-389.0,1.0
3968500,2729500.0,6.0,7.0,17.0,14.4,981.0,176.0,2.2,8.0,10.2,96.0,0.0,64.0,366.0,-386.0,1.0
3968500,2729500.0,6.0,7.0,18.0,14.4,982.0,130.0,1.5,8.0,10.3,97.0,0.0,59.0,366.0,-385.0,1.0
3968500,2729500.0,6.0,7.0,19.0,14.1,982.0,196.0,2.2,8.0,10.4,99.0,0.0,42.0,366.0,-384.0,1.0
3968500,2729500.0,6.0,7.0,20.0,14.0,983.0,141.0,1.5,8.0,10.3,99.0,0.0,9.0,365.0,-383.0,1.0
3968500,2729500.0,6.0,7.0,21.0,13.8,983.0,208.0,1.9,8.0,10.2,99.0,0.0,0.0,364.0,-383.0,1.0
3968500,2729500.0,6.0,7.0,22.0,13.9,983.0,183.0,2.1,8.0,10.2,100.0,0.0,0.0,364.0,-382.0,1.0
3968500,2729500.0,6.0,7.0,23.0,13.8,984.0,156.0,2.7,8.0,10.2,100.0,0.0,0.0,364.0,-381.0,1.0
3968500,2729500.0,6.0,7.0,24.0,13.8,984.0,231.0,2.1,8.0,10.2,100.0,0.0,0.0,364.0,-380.0,1.0
3968500,2729500.0,6.0,8.0,1.0,13.6,984.0,233.0,2.5,6.0,10.1,100.0,0.0,0.0,352.0,-379.0,1.0
3968500,2729500.0,6.0,8.0,2.0,13.6,984.0,270.0,2.8,6.0,10.0,100.0,0.0,0.0,340.0,-378.0,1.0
3968500,2729500.0,6.0,8.0,3.0,13.3,984.0,289.0,3.1,6.0,9.9,100.0,0.0,0.0,341.0,-377.0,1.0
3968500,2729500.0,6.0,8.0,4.0,12.9,984.0,298.0,2.0,6.0,9.7,99.0,0.0,0.0,339.0,-376.0,1.0
3968500,2729500.0,6.0,8.0,5.0,12.4,984.0,258.0,1.8,6.0,9.4,99.0,0.0,8.0,337.0,-376.0,1.0
3968500,2729500.0,6.0,8.0,6.0,12.9,984.0,212.0,1.7,7.0,9.4,100.0,0.0,39.0,343.0,-376.0,1.0
3968500,2729500.0,6.0,8.0,7.0,13.8,985.0,226.0,2.3,7.0,9.8,99.0,0.0,65.0,352.0,-376.0,1.0
3968500,2729500.0,6.0,8.0,8.0,14.7,985.0,236.0,1.7,8.0,9.8,93.0,3.0,148.0,360.0,-377.0,1.0
3968500,2729500.0,6.0,8.0,9.0,14.7,985.0,266.0,2.2,8.0,9.5,88.0,4.0,203.0,366.0,-377.0,1.0
3968500,2729500.0,6.0,8.0,10.0,16.2,985.0,249.0,2.7,8.0,9.5,84.0,5.0,251.0,369.0,-378.0,1.0
3968500,2729500.0,6.0,8.0,11.0,16.6,985.0,308.0,3.0,6.0,9.3,77.0,110.0,384.0,361.0,-379.0,1.0
3968500,2729500.0,6.0,8.0,12.0,17.7,985.0,303.0,2.7,6.0,9.1,72.0,63.0,382.0,353.0,-380.0,1.0
3968500,2729500.0,6.0,8.0,13.0,17.9,985.0,308.0,2.4,6.0,9.1,69.0,45.0,370.0,356.0,-382.0,1.0
3968500,2729500.0,6.0,8.0,14.0,18.3,985.0,275.0,2.4,8.0,9.1,68.0,0.0,204.0,367.0,-384.0,1.0
3968500,2729500.0,6.0,8.0,15.0,18.8,985.0,342.0,2.1,8.0,9.1,66.0,0.0,155.0,377.0,-386.0,1.0
3968500,2729500.0,6.0,8.0,16.0,17.9,985.0,307.0,2.0,8.0,9.1,67.0,0.0,150.0,376.0,-388.0,1.0
3968500,2729500.0,6.0,8.0,17.0,18.4,985.0,358.0,1.4,8.0,8.7,65.0,5.0,187.0,374.0,-390.0,1.0
3968500,2729500.0,6.0,8.0,18.0,18.1,985.0,112.0,2.0,6.0,8.7,64.0,38.0,177.0,364.0,-391.0,1.0
3968500,2729500.0,6.0,8.0,19.0,17.7,985.0,32.0,1.3,6.0,8.9,67.0,39.0,111.0,353.0,-391.0,1.0
3968500,2729500.0,6.0,8.0,20.0,16.0,986.0,104.0,1.0,7.0,9.2,74.0,0.0,31.0,354.0,-390.0,1.0
3968500,2729500.0,6.0,8.0,21.0,15.2,986.0,61.0,1.6,6.0,9.5,84.0,0.0,0.0,351.0,-388.0,1.0
3968500,2729500.0,6.0,8.0,22.0,14.2,987.0,325.0,1.4,5.0,9.8,91.0,0.0,0.0,337.0,-385.0,1.0
3968500,2729500.0,6.0,8.0,23.0,13.6,987.0,334.0,1.3,5.0,10.0,98.0,0.0,0.0,331.0,-383.0,1.0
3968500,2729500.0,6.0,8.0,24.0,13.1,987.0,6.0,1.6,5.0,9.7,99.0,0.0,0.0,329.0,-382.0,1.0
3968500,2729500.0,6.0,9.0,1.0,12.2,987.0,39.0,1.2,4.0,9.3,99.0,0.0,0.0,321.0,-380.0,1.0
3968500,2729500.0,6.0,9.0,2.0,11.0,987.0,28.0,1.6,3.0,8.7,99.0,0.0,0.0,306.0,-378.0,1.0
3968500,2729500.0,6.0,9.0,3.0,11.1,987.0,104.0,1.3,3.0,8.4,99.0,0.0,0.0,300.0,-376.0,1.0
3968500,2729500.0,6.0,9.0,4.0,10.2,987.0,123.0,1.3,3.0,8.1,99.0,0.0,0.0,298.0,-375.0,1.0
3968500,2729500.0,6.0,9.0,5.0,10.5,987.0,38.0,1.5,5.0,8.1,100.0,0.0,4.0,308.0,-374.0,1.0
3968500,2729500.0,6.0,9.0,6.0,11.0,987.0,71.0,1.1,6.0,8.3,100.0,13.0,57.0,326.0,-375.0,1.0
3968500,2729500.0,6.0,9.0,7.0,11.2,987.0,129.0,1.0,5.0,8.5,100.0,37.0,127.0,326.0,-380.0,1.0
3968500,2729500.0,6.0,9.0,8.0,12.7,987.0,140.0,1.0,4.0,8.9,99.0,126.0,202.0,319.0,-388.0,1.0
3968500,2729500.0,6.0,9.0,9.0,16.0,987.0,137.0,1.6,3.0,10.1,96.0,306.0,221.0,319.0,-399.0,1.0
3968500,2729500.0,6.0,9.0,10.0,19.4,987.0,128.0,1.3,4.0,10.8,83.0,421.0,243.0,332.0,-411.0,1.0
3968500,2729500.0,6.0,9.0,11.0,18.8,986.0,42.0,1.2,6.0,10.1,71.0,163.0,385.0,350.0,-421.0,1.0
3968500,2729500.0,6.0,9.0,12.0,19.3,986.0,182.0,0.9,7.0,9.6,68.0,58.0,379.0,364.0,-428.0,1.0
3968500,2729500.0,6.0,9.0,13.0,19.8,986.0,220.0,0.9,6.0,9.1,62.0,85.0,396.0,366.0,-435.0,1.0
3968500,2729500.0,6.0,9.0,14.0,20.2,986.0,311.0,1.1,6.0,8.6,57.0,77.0,379.0,363.0,-439.0,1.0
3968500,2729500.0,6.0,9.0,15.0,20.4,986.0,12.0,1.5,6.0,8.7,57.0,71.0,345.0,363.0,-432.0,1.0
3968500,2729500.0,6.0,9.0,16.0,20.4,986.0,39.0,1.3,6.0,8.8,57.0,64.0,299.0,362.0,-430.0,1.0
3968500,2729500.0,6.0,9.0,17.0,20.4,986.0,117.0,1.9,5.0,8.8,57.0,121.0,250.0,354.0,-427.0,1.0
3968500,2729500.0,6.0,9.0,18.0,19.9,985.0,122.0,1.6,5.0,9.3,61.0,107.0,180.0,347.0,-420.0,1.0
3968500,2729500.0,6.0,9.0,19.0,18.7,985.0,285.0,1.7,6.0,9.8,68.0,27.0,110.0,349.0,-421.0,1.0
3968500,2729500.0,6.0,9.0,20.0,17.0,984.0,213.0,2.3,6.0,9.9,75.0,6.0,43.0,348.0,-416.0,1.0
3968500,2729500.0,6.0,9.0,21.0,15.8,984.0,14.0,1.9,6.0,9.7,81.0,0.0,3.0,341.0,-409.0,1.0
3968500,2729500.0,6.0,9.0,22.0,15.4,985.0,223.0,1.0,6.0,9.0,79.0,0.0,0.0,343.0,-404.0,1.0
3968500,2729500.0,6.0,9.0,23.0,15.1,985.0,260.0,0.7,6.0,8.6,77.0,0.0,0.0,345.0,-401.0,1.0
3968500,2729500.0,6.0,9.0,24.0,14.4,985.0,66.0,2.1,7.0,9.0,83.0,0.0,0.0,350.0,-398.0,1.0
3968500,2729500.0,6.0,10.0,1.0,14.3,985.0,133.0,1.8,7.0,9.3,89.0,0.0,0.0,356.0,-393.0,1.0
3968500,2729500.0,6.0,10.0,2.0,14.1,985.0,168.0,2.0,7.0,9.6,92.0,0.0,0.0,356.0,-387.0,1.0
3968500,2729500.0,6.0,10.0,3.0,14.1,985.0,181.0,1.9,6.0,10.0,96.0,0.0,0.0,351.0,-386.0,1.0
3968500,2729500.0,6.0,10.0,4.0,14.0,985.0,174.0,3.0,7.0,10.0,97.0,0.0,0.0,351.0,-385.0,1.0
3968500,2729500.0,6.0,10.0,5.0,13.7,985.0,5.0,1.7,8.0,10.0,98.0,0.0,0.0,362.0,-383.0,1.0
3968500,2729500.0,6.0,10.0,6.0,13.4,985.0,138.0,1.5,8.0,9.9,99.0,0.0,10.0,367.0,-382.0,1.0
3968500,2729500.0,6.0,10.0,7.0,13.7,986.0,236.0,2.0,7.0,9.9,99.0,0.0,65.0,360.0,-383.0,1.0
3968500,2729500.0,6.0,10.0,8.0,13.9,986.0,302.0,2.1,6.0,10.0,99.0,16.0,133.0,347.0,-383.0,1.0
3968500,2729500.0,6.0,10.0,9.0,13.6,987.0,289.0,0.9,7.0,9.7,96.0,4.0,172.0,346.0,-384.0,1.0
3968500,2729500.0,6.0,10.0,10.0,14.7,987.0,281.0,2.7,7.0,9.5,92.0,52.0,231.0,352.0,-385.0,1.0
3968500,2729500.0,6.0,10.0,11.0,15.8,987.0,237.0,1.4,7.0,9.8,88.0,16.0,253.0,356.0,-383.0,1.0
3968500,2729500.0,6.0,10.0,12.0,15.2,988.0,261.0,3.2,8.0,9.8,87.0,12.0,254.0,361.0,-388.0,1.0
3968500,2729500.0,6.0,10.0,13.0,14.6,988.0,274.0,3.6,8.0,9.3,86.0,0.0,178.0,362.0,-398.0,1.0
3968500,2729500.0,6.0,10.0,14.0,16.3,988.0,274.0,5.2,8.0,8.8,78.0,0.0,223.0,362.0,-401.0,1.0
3968500,2729500.0,6.0,10.0,15.0,17.7,988.0,270.0,3.8,6.0,8.1,65.0,383.0,86.0,355.0,-402.0,1.0
3968500,2729500.0,6.0,10.0,16.0,17.7,988.0,278.0,3.6,7.0,7.2,56.0,20.0,206.0,349.0,-405.0,1.0
3968500,2729500.0,6.0,10.0,17.0,16.9,989.0,269.0,3.8,7.0,6.8,54.0,48.0,167.0,350.0,-403.0,1.0
3968500,2729500.0,6.0,10.0,18.0,15.7,989.0,242.0,2.5,7.0,6.9,58.0,69.0,109.0,346.0,-400.0,1.0
3968500,2729500.0,6.0,10.0,19.0,15.0,989.0,232.0,2.4,8.0,7.0,63.0,8.0,75.0,347.0,-397.0,1.0
3968500,2729500.0,6.0,10.0,20.0,14.2,990.0,250.0,2.2,8.0,7.3,69.0,0.0,20.0,351.0,-391.0,1.0
3968500,2729500.0,6.0,10.0,21.0,13.5,990.0,199.0,2.2,7.0,7.6,75.0,0.0,1.0,345.0,-383.0,1.0
3968500,2729500.0,6.0,10.0,22.0,12.7,991.0,263.0,2.2,8.0,7.7,80.0,0.0,0.0,344.0,-378.0,1.0
3968500,2729500.0,6.0,10.0,23.0,12.3,992.0,134.0,2.1,8.0,7.7,83.0,0.0,0.0,347.0,-375.0,1.0
3968500,2729500.0,6.0,10.0,24.0,11.9,992.0,213.0,1.9,8.0,7.5,84.0,0.0,0.0,347.0,-374.0,1.0
3968500,2729500.0,6.0,11.0,1.0,11.7,992.0,180.0,2.2,7.0,7.3,83.0,0.0,0.0,341.0,-373.0,1.0
3968500,2729500.0,6.0,11.0,2.0,10.8,992.0,165.0,2.0,6.0,7.1,84.0,0.0,0.0,330.0,-372.0,1.0
3968500,2729500.0,6.0,11.0,3.0,10.2,992.0,159.0,2.7,6.0,7.3,91.0,0.0,0.0,326.0,-371.0,1.0
3968500,2729500.0,6.0,11.0,4.0,9.2,992.0,170.0,2.5,5.0,7.3,95.0,0.0,0.0,318.0,-371.0,1.0
3968500,2729500.0,6.0,11.0,5.0,9.6,992.0,168.0,3.1,6.0,7.3,97.0,0.0,7.0,317.0,-371.0,1.0
3968500,2729500.0,6.0,11.0,6.0,9.9,992.0,170.0,3.0,7.0,7.6,98.0,0.0,22.0,329.0,-371.0,1.0
3968500,2729500.0,6.0,11.0,7.0,10.8,993.0,179.0,3.2,8.0,7.8,97.0,0.0,35.0,341.0,-373.0,1.0
3968500,2729500.0,6.0,11.0,8.0,12.0,993.0,177.0,3.7,8.0,8.1,94.0,0.0,105.0,351.0,-377.0,1.0
3968500,2729500.0,6.0,11.0,9.0,12.5,993.0,184.0,3.7,7.0,8.3,92.0,10.0,217.0,349.0,-384.0,1.0
3968500,2729500.0,6.0,11.0,10.0,14.0,993.0,189.0,3.7,6.0,8.4,86.0,18.0,276.0,343.0,-389.0,1.0
3968500,2729500.0,6.0,11.0,11.0,15.7,993.0,197.0,3.3,6.0,8.7,81.0,41.0,337.0,346.0,-395.0,1.0
3968500,2729500.0,6.0,11.0,12.0,16.5,993.0,210.0,3.7,6.0,8.7,75.0,40.0,348.0,351.0,-399.0,1.0
3968500,2729500.0,6.0,11.0,13.0,15.3,993.0,178.0,3.7,7.0,8.9,77.0,4.0,273.0,353.0,-409.0,1.0
3968500,2729500.0,6.0,11.0,14.0,15.4,993.0,188.0,5.2,7.0,9.2,83.0,0.0,203.0,352.0,-420.0,1.0
3968500,2729500.0,6.0,11.0,15.0,14.7,993.0,200.0,4.4,6.0,9.2,84.0,18.0,285.0,345.0,-423.0,1.0
3968500,2729500.0,6.0,11.0,16.0,15.5,993.0,49.0,4.4,7.0,9.4,86.0,6.0,224.0,343.0,-413.0,1.0
3968500,2729500.0,6.0,11.0,17.0,16.3,993.0,148.0,3.6,7.0,9.8,84.0,25.0,221.0,348.0,-407.0,1.0
3968500,2729500.0,6.0,11.0,18.0,15.8,993.0,174.0,3.4,5.0,9.5,82.0,52.0,175.0,342.0,-409.0,1.0
3968500,2729500.0,6.0,11.0,19.0,15.7,993.0,56.0,4.2,4.0,9.3,81.0,86.0,101.0,330.0,-405.0,1.0
3968500,2729500.0,6.0,11.0,20.0,15.1,993.0,184.0,3.5,6.0,9.4,84.0,15.0,46.0,333.0,-401.0,1.0
3968500,2729500.0,6.0,11.0,21.0,14.2,993.0,37.0,2.6,7.0,9.1,85.0,0.0,5.0,342.0,-396.0,1.0
3968500,2729500.0,6.0,11.0,22.0,13.3,994.0,153.0,1.0,6.0,9.0,90.0,0.0,0.0,339.0,-392.0,1.0
3968500,2729500.0,6.0,11.0,23.0,12.8,995.0,182.0,1.9,6.0,9.1,95.0,0.0,0.0,334.0,-388.0,1.0
3968500,2729500.0,6.0,11.0,24.0,11.5,995.0,184.0,1.3,7.0,8.8,98.0,0.0,0.0,335.0,-386.0,1.0
3968500,2729500.0,6.0,12.0,1.0,11.5,995.0,188.0,1.8,8.0,8.6,100.0,0.0,0.0,342.0,-384.0,1.0
3968500,2729500.0,6.0,12.0,2.0,11.5,995.0,176.0,1.6,8.0,8.6,100.0,0.0,0.0,346.0,-383.0,1.0
3968500,2729500.0,6.0,12.0,3.0,11.5,995.0,185.0,2.3,7.0,8.6,100.0,0.0,0.0,342.0,-381.0,1.0
3968500,2729500.0,6.0,12.0,4.0,11.5,995.0,176.0,1.8,7.0,8.6,99.0,0.0,0.0,339.0,-380.0,1.0
3968500,2729500.0,6.0,12.0,5.0,11.6,994.0,174.0,2.3,8.0,8.6,99.0,0.0,0.0,345.0,-381.0,1.0
3968500,2729500.0,6.0,12.0,6.0,11.9,994.0,169.0,4.0,8.0,8.7,99.0,0.0,10.0,352.0,-382.0,1.0
3968500,2729500.0,6.0,12.0,7.0,12.9,994.0,182.0,4.3,8.0,8.9,96.0,0.0,30.0,356.0,-384.0,1.0
3968500,2729500.0,6.0,12.0,8.0,13.1,994.0,182.0,4.7,8.0,9.1,96.0,0.0,70.0,358.0,-385.0,1.0
3968500,2729500.0,6.0,12.0,9.0,13.3,994.0,181.0,4.3,8.0,9.4,97.0,0.0,95.0,360.0,-387.0,1.0
3968500,2729500.0,6.0,12.0,10.0,13.9,994.0,182.0,4.6,7.0,9.8,98.0,0.0,205.0,357.0,-390.0,1.0
3968500,2729500.0,6.0,12.0,11.0,14.3,994.0,178.0,5.5,7.0,10.0,98.0,1.0,242.0,354.0,-395.0,1.0
3968500,2729500.0,6.0,12.0,12.0,15.6,994.0,183.0,5.1,7.0,10.5,96.0,7.0,272.0,357.0,-400.0,1.0
3968500,2729500.0,6.0,12.0,13.0,16.3,993.0,179.0,5.6,7.0,11.1,96.0,5.0,272.0,361.0,-406.0,1.0
3968500,2729500.0,6.0,12.0,14.0,18.5,993.0,189.0,6.1,8.0,11.2,88.0,0.0,202.0,368.0,-411.0,1.0
3968500,2729500.0,6.0,12.0,15.0,18.1,992.0,186.0,6.1,7.0,11.0,81.0,23.0,267.0,369.0,-422.0,1.0
3968500,2729500.0,6.0,12.0,16.0,17.7,992.0,186.0,5.2,7.0,10.8,82.0,7.0,216.0,362.0,-429.0,1.0
3968500,2729500.0,6.0,12.0,17.0,18.6,992.0,199.0,3.5,7.0,10.9,82.0,23.0,197.0,361.0,-427.0,1.0
3968500,2729500.0,6.0,12.0,18.0,17.7,992.0,210.0,3.4,7.0,10.9,81.0,18.0,146.0,360.0,-423.0,1.0
3968500,2729500.0,6.0,12.0,19.0,17.7,992.0,187.0,3.5,7.0,10.8,83.0,0.0,69.0,358.0,-416.0,1.0
3968500,2729500.0,6.0,12.0,20.0,16.9,992.0,174.0,2.9,8.0,10.7,84.0,3.0,36.0,361.0,-408.0,1.0
3968500,2729500.0,6.0,12.0,21.0,15.6,992.0,174.0,2.5,8.0,10.9,92.0,0.0,4.0,363.0,-401.0,1.0
3968500,2729500.0,6.0,12.0,22.0,14.6,993.0,179.0,1.8,6.0,10.9,99.0,0.0,0.0,352.0,-396.0,1.0
3968500,2729500.0,6.0,12.0,23.0,14.7,993.0,193.0,2.1,6.0,10.7,100.0,0.0,0.0,342.0,-393.0,1.0
3968500,2729500.0,6.0,12.0,24.0,14.9,993.0,254.0,2.1,8.0,10.7,99.0,0.0,0.0,351.0,-392.0,1.0
3968500,2729500.0,6.0,13.0,1.0,14.1,993.0,130.0,1.2,7.0,10.4,98.0,0.0,0.0,354.0,-390.0,1.0
3968500,2729500.0,6.0,13.0,2.0,14.1,993.0,193.0,1.2,8.0,10.0,97.0,0.0,0.0,352.0,-388.0,1.0
3968500,2729500.0,6.0,13.0,3.0,13.6,992.0,155.0,1.9,7.0,9.9,98.0,0.0,0.0,351.0,-387.0,1.0
3968500,2729500.0,6.0,13.0,4.0,13.7,992.0,161.0,2.1,8.0,9.9,99.0,0.0,0.0,351.0,-385.0,1.0
3968500,2729500.0,6.0,13.0,5.0,13.9,992.0,167.0,2.4,8.0,9.9,98.0,0.0,0.0,357.0,-384.0,1.0
3968500,2729500.0,6.0,13.0,6.0,14.0,992.0,193.0,2.9,8.0,9.9,97.0,0.0,11.0,356.0,-384.0,1.0
3968500,2729500.0,6.0,13.0,7.0,13.6,992.0,201.0,3.0,7.0,9.7,96.0,0.0,35.0,349.0,-387.0,1.0
3968500,2729500.0,6.0,13.0,8.0,13.9,992.0,208.0,2.9,7.0,9.6,95.0,0.0,63.0,343.0,-393.0,1.0
3968500,2729500.0,6.0,13.0,9.0,14.3,992.0,202.0,3.6,7.0,9.6,93.0,0.0,99.0,346.0,-397.0,1.0
3968500,2729500.0,6.0,13.0,10.0,14.4,992.0,223.0,3.0,8.0,9.6,92.0,0.0,116.0,354.0,-399.0,1.0
3968500,2729500.0,6.0,13.0,11.0,15.3,992.0,232.0,3.4,8.0,9.8,90.0,0.0,135.0,362.0,-401.0,1.0
3968500,2729500.0,6.0,13.0,12.0,15.3,992.0,231.0,3.7,8.0,10.0,90.0,0.0,149.0,365.0,-403.0,1.0
3968500,2729500.0,6.0,13.0,13.0,15.9,992.0,229.0,3.7,8.0,9.9,88.0,0.0,148.0,366.0,-404.0,1.0
3968500,2729500.0,6.0,13.0,14.0,15.9,992.0,227.0,3.7,8.0,9.6,83.0,0.0,131.0,366.0,-406.0,1.0
3968500,2729500.0,6.0,13.0,15.0,14.4,993.0,299.0,3.4,8.0,9.7,88.0,0.0,89.0,364.0,-411.0,1.0
3968500,2729500.0,6.0,13.0,16.0,14.7,993.0,248.0,2.8,8.0,10.2,96.0,0.0,97.0,364.0,-414.0,1.0
3968500,2729500.0,6.0,13.0,17.0,15.6,993.0,310.0,3.6,8.0,10.5,96.0,0.0,106.0,366.0,-413.0,1.0
3968500,2729500.0,6.0,13.0,18.0,16.3,993.0,218.0,3.6,8.0,10.6,91.0,0.0,96.0,369.0,-406.0,1.0
3968500,2729500.0,6.0,13.0,19.0,15.8,993.0,209.0,3.8,8.0,10.5,90.0,2.0,75.0,368.0,-398.0,1.0
3968500,2729500.0,6.0,13.0,20.0,15.5,993.0,267.0,3.3,7.0,10.3,90.0,0.0,26.0,362.0,-395.0,1.0
3968500,2729500.0,6.0,13.0,21.0,14.3,993.0,246.0,2.5,7.0,10.3,95.0,0.0,0.0,356.0,-393.0,1.0
3968500,2729500.0,6.0,13.0,22.0,14.2,994.0,242.0,2.5,8.0,10.2,98.0,0.0,0.0,355.0,-391.0,1.0
3968500,2729500.0,6.0,13.0,23.0,13.9,994.0,252.0,2.8,8.0,10.0,97.0,0.0,0.0,356.0,-390.0,1.0
3968500,2729500.0,6.0,13.0,24.0,13.8,994.0,268.0,3.4,5.0,9.8,96.0,0.0,0.0,344.0,-390.0,1.0
3968500,2729500.0,6.0,14.0,1.0,13.0,994.0,262.0,2.3,2.0,9.1,93.0,0.0,0.0,320.0,-389.0,1.0
3968500,2729500.0,6.0,14.0,2.0,12.7,994.0,244.0,1.7,2.0,8.5,90.0,0.0,0.0,307.0,-388.0,1.0
3968500,2729500.0,6.0,14.0,3.0,12.2,994.0,173.0,1.8,4.0,8.4,91.0,0.0,0.0,311.0,-388.0,1.0
3968500,2729500.0,6.0,14.0,4.0,11.8,994.0,202.0,2.5,5.0,8.3,93.0,0.0,0.0,320.0,-388.0,1.0
3968500,2729500.0,6.0,14.0,5.0,11.9,994.0,145.0,1.6,5.0,8.4,96.0,0.0,0.0,323.0,-388.0,1.0
3968500,2729500.0,6.0,14.0,6.0,13.1,995.0,179.0,2.0,6.0,8.7,95.0,0.0,34.0,327.0,-389.0,1.0
3968500,2729500.0,6.0,14.0,7.0,13.6,994.0,171.0,2.7,7.0,8.9,91.0,0.0,73.0,337.0,-392.0,1.0
3968500,2729500.0,6.0,14.0,8.0,14.3,994.0,182.0,2.3,8.0,9.2,91.0,0.0,99.0,346.0,-399.0,1.0
3968500,2729500.0,6.0,14.0,9.0,15.3,995.0,254.0,2.1,8.0,9.5,89.0,0.0,139.0,355.0,-405.0,1.0
3968500,2729500.0,6.0,14.0,10.0,15.1,995.0,260.0,2.7,8.0,9.7,88.0,0.0,154.0,358.0,-411.0,1.0
3968500,2729500.0,6.0,14.0,11.0,16.2,995.0,275.0,2.1,7.0,9.9,87.0,2.0,256.0,358.0,-420.0,1.0
3968500,2729500.0,6.0,14.0,12.0,17.8,995.0,296.0,2.7,6.0,10.2,82.0,83.0,362.0,355.0,-432.0,1.0
3968500,2729500.0,6.0,14.0,13.0,19.1,995.0,311.0,2.0,5.0,10.4,76.0,283.0,346.0,353.0,-442.0,1.0
3968500,2729500.0,6.0,14.0,14.0,20.9,995.0,348.0,2.7,5.0,10.4,70.0,335.0,312.0,355.0,-448.0,1.0
3968500,2729500.0,6.0,14.0,15.0,22.3,995.0,228.0,2.6,5.0,10.3,63.0,95.0,323.0,360.0,-452.0,1.0
3968500,2729500.0,6.0,14.0,16.0,21.9,995.0,286.0,1.8,4.0,10.3,60.0,300.0,235.0,358.0,-454.0,1.0
3968500,2729500.0,6.0,14.0,17.0,22.3,995.0,232.0,1.6,5.0,10.5,62.0,236.0,192.0,359.0,-452.0,1.0
3968500,2729500.0,6.0,14.0,18.0,21.8,995.0,163.0,2.0,4.0,10.9,64.0,233.0,112.0,358.0,-448.0,1.0
3968500,2729500.0,6.0,14.0,19.0,21.6,994.0,150.0,2.7,2.0,11.2,67.0,166.0,64.0,351.0,-439.0,1.0
3968500,2729500.0,6.0,14.0,20.0,19.3,993.0,240.0,3.1,1.0,11.2,73.0,45.0,43.0,342.0,-429.0,1.0
3968500,2729500.0,6.0,14.0,21.0,17.1,993.0,134.0,2.6,3.0,10.9,81.0,0.0,7.0,337.0,-419.0,1.0
3968500,2729500.0,6.0,14.0,22.0,17.3,994.0,151.0,2.7,6.0,10.8,86.0,0.0,0.0,344.0,-412.0,1.0
3968500,2729500.0,6.0,14.0,23.0,18.0,993.0,232.0,0.3,6.0,11.0,85.0,0.0,0.0,354.0,-408.0,1.0
3968500,2729500.0,6.0,14.0,24.0,16.9,992.0,148.0,0.8,5.0,10.8,85.0,0.0,0.0,353.0,-405.0,1.0
3968500,2729500.0,6.0,15.0,1.0,16.3,992.0,166.0,2.3,5.0,10.9,90.0,0.0,0.0,350.0,-405.0,1.0
3968500,2729500.0,6.0,15.0,2.0,17.2,992.0,180.0,4.6,8.0,11.1,91.0,0.0,0.0,358.0,-407.0,1.0
3968500,2729500.0,6.0,15.0,3.0,16.8,993.0,9.0,3.5,8.0,11.6,93.0,0.0,0.0,368.0,-408.0,1.0
3968500,2729500.0,6.0,15.0,4.0,16.1,993.0,163.0,2.9,8.0,11.7,98.0,0.0,0.0,369.0,-407.0,1.0
3968500,2729500.0,6.0,15.0,5.0,15.7,991.0,180.0,3.0,7.0,11.4,99.0,0.0,0.0,366.0,-409.0,1.0
3968500,2729500.0,6.0,15.0,6.0,16.4,991.0,273.0,2.2,8.0,11.5,98.0,0.0,16.0,367.0,-413.0,1.0
3968500,2729500.0,6.0,15.0,7.0,16.9,991.0,149.0,2.2,7.0,11.9,98.0,0.0,75.0,370.0,-416.0,1.0
3968500,2729500.0,6.0,15.0,8.0,18.7,990.0,178.0,3.9,6.0,12.2,93.0,15.0,170.0,368.0,-425.0,1.0
3968500,2729500.0,6.0,15.0,9.0,20.3,991.0,192.0,4.2,8.0,13.1,89.0,32.0,237.0,380.0,-438.0,1.0
3968500,2729500.0,6.0,15.0,10.0,21.6,991.0,201.0,3.5,8.0,14.1,88.0,13.0,262.0,394.0,-451.0,1.0
3968500,2729500.0,6.0,15.0,11.0,21.5,992.0,207.0,4.3,8.0,14.4,86.0,0.0,153.0,397.0,-461.0,1.0
3968500,2729500.0,6.0,15.0,12.0,22.1,992.0,238.0,4.8,8.0,14.4,85.0,0.0,212.0,398.0,-466.0,1.0
3968500,2729500.0,6.0,15.0,13.0,22.7,992.0,201.0,4.5,7.0,14.2,81.0,30.0,333.0,397.0,-468.0,1.0
3968500,2729500.0,6.0,15.0,14.0,23.5,992.0,230.0,5.0,7.0,13.6,75.0,142.0,350.0,394.0,-468.0,1.0
3968500,2729500.0,6.0,15.0,15.0,22.8,992.0,239.0,4.5,8.0,13.1,72.0,4.0,244.0,397.0,-463.0,1.0
3968500,2729500.0,6.0,15.0,16.0,23.4,992.0,279.0,3.9,8.0,12.3,68.0,19.0,241.0,398.0,-458.0,1.0
3968500,2729500.0,6.0,15.0,17.0,22.1,993.0,299.0,4.8,8.0,11.7,66.0,48.0,221.0,395.0,-453.0,1.0
3968500,2729500.0,6.0,15.0,18.0,20.6,993.0,316.0,4.5,7.0,10.9,67.0,38.0,163.0,384.0,-445.0,1.0
3968500,2729500.0,6.0,15.0,19.0,20.1,992.0,285.0,4.4,6.0,9.7,64.0,15.0,98.0,369.0,-436.0,1.0
3968500,2729500.0,6.0,15.0,20.0,19.2,993.0,313.0,2.9,6.0,9.1,62.0,0.0,24.0,360.0,-427.0,1.0
3968500,2729500.0,6.0,15.0,21.0,17.0,993.0,310.0,2.4,7.0,9.1,69.0,0.0,0.0,359.0,-417.0,1.0
3968500,2729500.0,6.0,15.0,22.0,16.1,994.0,271.0,1.9,7.0,9.3,78.0,0.0,0.0,359.0,-409.0,1.0
3968500,2729500.0,6.0,15.0,23.0,15.5,995.0,288.0,2.0,7.0,9.4,82.0,0.0,0.0,356.0,-402.0,1.0
3968500,2729500.0,6.0,15.0,24.0,15.2,995.0,249.0,2.0,6.0,9.6,87.0,0.0,0.0,351.0,-395.0,1.0
3968500,2729500.0,6.0,16.0,1.0,14.3,995.0,233.0,2.2,7.0,9.7,90.0,0.0,0.0,351.0,-390.0,1.0
3968500,2729500.0,6.0,16.0,2.0,14.5,995.0,111.0,1.1,8.0,9.6,92.0,0.0,0.0,357.0,-385.0,1.0
3968500,2729500.0,6.0,16.0,3.0,14.0,995.0,180.0,1.6,8.0,9.8,95.0,0.0,0.0,361.0,-379.0,1.0
3968500,2729500.0,6.0,16.0,4.0,13.9,995.0,143.0,1.3,8.0,9.9,97.0,0.0,0.0,358.0,-374.0,1.0
3968500,2729500.0,6.0,16.0,5.0,13.6,995.0,174.0,1.4,7.0,9.8,98.0,0.0,1.0,353.0,-372.0,1.0
3968500,2729500.0,6.0,16.0,6.0,14.7,996.0,132.0,1.3,6.0,10.1,98.0,0.0,37.0,345.0,-373.0,1.0
3968500,2729500.0,6.0,16.0,7.0,16.0,996.0,149.0,1.6,5.0,10.8,97.0,24.0,119.0,339.0,-380.0,1.0
3968500,2729500.0,6.0,16.0,8.0,16.9,996.0,155.0,2.3,5.0,11.0,92.0,89.0,201.0,338.0,-391.0,1.0
3968500,2729500.0,6.0,16.0,9.0,18.5,996.0,169.0,2.8,5.0,10.6,82.0,186.0,260.0,341.0,-405.0,1.0
3968500,2729500.0,6.0,16.0,10.0,19.3,996.0,157.0,2.7,6.0,10.4,74.0,209.0,318.0,350.0,-419.0,1.0
3968500,2729500.0,6.0,16.0,11.0,18.6,996.0,164.0,2.5,7.0,10.3,74.0,36.0,339.0,358.0,-430.0,1.0
3968500,2729500.0,6.0,16.0,12.0,17.7,997.0,190.0,2.4,7.0,10.6,80.0,4.0,282.0,362.0,-442.0,1.0
3968500,2729500.0,6.0,16.0,13.0,18.6,997.0,198.0,2.9,8.0,10.9,82.0,18.0,329.0,367.0,-451.0,1.0
3968500,2729500.0,6.0,16.0,14.0,20.0,997.0,216.0,1.7,6.0,10.3,72.0,98.0,375.0,369.0,-456.0,1.0
3968500,2729500.0,6.0,16.0,15.0,19.8,997.0,110.0,2.8,4.0,9.8,66.0,403.0,281.0,359.0,-461.0,1.0
3968500,2729500.0,6.0,16.0,16.0,20.9,996.0,154.0,2.9,4.0,10.2,67.0,146.0,299.0,355.0,-460.0,1.0
3968500,2729500.0,6.0,16.0,17.0,20.7,996.0,173.0,2.7,6.0,10.4,66.0,36.0,229.0,364.0,-454.0,1.0
3968500,2729500.0,6.0,16.0,18.0,21.2,996.0,194.0,1.9,7.0,10.7,67.0,32.0,171.0,375.0,-450.0,1.0
3968500,2729500.0,6.0,16.0,19.0,21.1,996.0,170.0,1.5,6.0,11.1,70.0,29.0,111.0,375.0,-441.0,1.0
3968500,2729500.0,6.0,16.0,20.0,19.7,996.0,199.0,1.3,5.0,11.7,77.0,26.0,51.0,366.0,-430.0,1.0
3968500,2729500.0,6.0,16.0,21.0,17.8,996.0,265.0,1.8,5.0,11.9,86.0,0.0,3.0,356.0,-418.0,1.0
3968500,2729500.0,6.0,16.0,22.0,17.0,997.0,97.0,1.2,3.0,11.6,91.0,0.0,0.0,343.0,-408.0,1.0
3968500,2729500.0,6.0,16.0,23.0,16.4,997.0,98.0,1.4,3.0,11.5,94.0,0.0,0.0,333.0,-401.0,1.0
3968500,2729500.0,6.0,16.0,24.0,15.4,997.0,141.0,1.9,4.0,11.3,98.0,0.0,0.0,334.0,-398.0,1.0
3968500,2729500.0,6.0,17.0,1.0,14.6,997.0,142.0,1.4,3.0,10.9,100.0,0.0,0.0,330.0,-396.0,1.0
3968500,2729500.0,6.0,17.0,2.0,14.2,997.0,139.0,1.7,2.0,10.4,100.0,0.0,0.0,324.0,-395.0,1.0
3968500,2729500.0,6.0,17.0,3.0,14.1,997.0,153.0,1.8,3.0,10.3,100.0,0.0,0.0,323.0,-392.0,1.0
3968500,2729500.0,6.0,17.0,4.0,13.3,997.0,142.0,2.0,4.0,10.0,100.0,0.0,0.0,324.0,-389.0,1.0
3968500,2729500.0,6.0,17.0,5.0,14.4,997.0,129.0,2.2,4.0,10.1,100.0,0.0,5.0,325.0,-388.0,1.0
3968500,2729500.0,6.0,17.0,6.0,14.5,997.0,154.0,2.0,6.0,10.5,100.0,2.0,46.0,330.0,-389.0,1.0
3968500,2729500.0,6.0,17.0,7.0,17.5,997.0,179.0,1.4,5.0,11.3,98.0,85.0,127.0,335.0,-397.0,1.0
3968500,2729500.0,6.0,17.0,8.0,19.1,997.0,183.0,2.5,2.0,12.0,89.0,289.0,139.0,335.0,-410.0,1.0
3968500,2729500.0,6.0,17.0,9.0,21.8,997.0,169.0,2.7,2.0,11.9,78.0,443.0,146.0,336.0,-426.0,1.0
3968500,2729500.0,6.0,17.0,10.0,23.6,998.0,179.0,3.2,4.0,11.8,67.0,560.0,158.0,348.0,-445.0,1.0
3968500,2729500.0,6.0,17.0,11.0,25.0,998.0,193.0,3.5,4.0,12.0,62.0,654.0,165.0,359.0,-462.0,1.0
3968500,2729500.0,6.0,17.0,12.0,26.1,997.0,178.0,3.4,4.0,12.4,59.0,715.0,168.0,366.0,-475.0,1.0
3968500,2729500.0,6.0,17.0,13.0,27.9,997.0,157.0,3.7,4.0,12.4,54.0,756.0,153.0,373.0,-486.0,1.0
3968500,2729500.0,6.0,17.0,14.0,28.1,997.0,195.0,3.5,3.0,12.5,52.0,714.0,160.0,377.0,-493.0,1.0
3968500,2729500.0,6.0,17.0,15.0,28.7,996.0,205.0,3.7,2.0,12.4,50.0,541.0,218.0,377.0,-495.0,1.0
3968500,2729500.0,6.0,17.0,16.0,29.0,996.0,190.0,3.1,2.0,11.9,47.0,491.0,178.0,376.0,-494.0,1.0
3968500,2729500.0,6.0,17.0,17.0,28.7,996.0,174.0,3.3,3.0,12.1,48.0,396.0,147.0,378.0,-489.0,1.0
3968500,2729500.0,6.0,17.0,18.0,27.6,995.0,166.0,3.1,4.0,12.4,51.0,228.0,141.0,376.0,-481.0,1.0
3968500,2729500.0,6.0,17.0,19.0,27.0,995.0,208.0,2.4,7.0,13.2,57.0,30.0,113.0,376.0,-469.0,1.0
3968500,2729500.0,6.0,17.0,20.0,24.3,996.0,201.0,2.7,5.0,13.8,65.0,0.0,37.0,373.0,-456.0,1.0
3968500,2729500.0,6.0,17.0,21.0,22.5,996.0,183.0,2.6,7.0,13.1,71.0,0.0,6.0,367.0,-444.0,1.0
3968500,2729500.0,6.0,17.0,22.0,22.1,996.0,47.0,2.0,4.0,13.4,78.0,0.0,0.0,364.0,-433.0,1.0
3968500,2729500.0,6.0,17.0,23.0,21.3,996.0,75.0,1.5,4.0,14.1,85.0,0.0,0.0,358.0,-424.0,1.0
3968500,2729500.0,6.0,17.0,24.0,20.1,996.0,52.0,0.9,7.0,14.1,90.0,0.0,0.0,360.0,-417.0,1.0
3968500,2729500.0,6.0,18.0,1.0,19.9,996.0,356.0,0.4,7.0,14.0,93.0,0.0,0.0,361.0,-412.0,1.0
3968500,2729500.0,6.0,18.0,2.0,19.0,996.0,327.0,0.8,7.0,14.1,97.0,0.0,0.0,359.0,-405.0,1.0
3968500,2729500.0,6.0,18.0,3.0,17.3,996.0,353.0,1.3,7.0,13.4,100.0,0.0,0.0,353.0,-400.0,1.0
3968500,2729500.0,6.0,18.0,4.0,17.4,996.0,84.0,1.2,7.0,12.6,99.0,0.0,0.0,349.0,-396.0,1.0
3968500,2729500.0,6.0,18.0,5.0,17.4,996.0,16.0,1.4,6.0,12.6,99.0,0.0,6.0,347.0,-396.0,1.0
3968500,2729500.0,6.0,18.0,6.0,18.9,996.0,42.0,1.6,3.0,13.2,99.0,32.0,65.0,343.0,-401.0,1.0
3968500,2729500.0,6.0,18.0,7.0,20.9,996.0,108.0,1.0,2.0,14.2,95.0,127.0,121.0,342.0,-409.0,1.0
3968500,2729500.0,6.0,18.0,8.0,24.1,996.0,132.0,1.6,1.0,15.0,86.0,244.0,159.0,348.0,-422.0,1.0
3968500,2729500.0,6.0,18.0,9.0,25.8,996.0,170.0,2.6,1.0,15.1,74.0,384.0,178.0,355.0,-440.0,1.0
3968500,2729500.0,6.0,18.0,10.0,27.2,995.0,170.0,3.0,0.0,15.1,68.0,500.0,197.0,361.0,-459.0,1.0
3968500,2729500.0,6.0,18.0,11.0,29.0,995.0,161.0,2.9,1.0,15.5,63.0,581.0,214.0,371.0,-475.0,1.0
3968500,2729500.0,6.0,18.0,12.0,30.5,994.0,167.0,3.1,2.0,16.2,60.0,641.0,218.0,383.0,-491.0,1.0
3968500,2729500.0,6.0,18.0,13.0,31.3,994.0,189.0,3.9,3.0,16.4,57.0,648.0,225.0,391.0,-505.0,1.0
3968500,2729500.0,6.0,18.0,14.0,32.1,993.0,183.0,4.0,3.0,15.4,51.0,610.0,230.0,396.0,-514.0,1.0
3968500,2729500.0,6.0,18.0,15.0,33.0,993.0,170.0,4.1,2.0,14.7,46.0,568.0,207.0,400.0,-520.0,1.0
3968500,2729500.0,6.0,18.0,16.0,33.1,992.0,160.0,3.9,2.0,13.6,42.0,460.0,200.0,403.0,-522.0,1.0
3968500,2729500.0,6.0,18.0,17.0,32.5,992.0,170.0,4.5,4.0,13.4,42.0,372.0,163.0,403.0,-520.0,1.0
3968500,2729500.0,6.0,18.0,18.0,31.9,991.0,149.0,3.6,4.0,14.2,46.0,247.0,136.0,405.0,-513.0,1.0
3968500,2729500.0,6.0,18.0,19.0,29.9,991.0,156.0,2.4,2.0,15.6,54.0,133.0,99.0,401.0,-500.0,1.0
3968500,2729500.0,6.0,18.0,20.0,27.7,991.0,229.0,1.5,4.0,17.4,68.0,35.0,53.0,396.0,-485.0,1.0
3968500,2729500.0,6.0,18.0,21.0,26.5,992.0,281.0,2.8,4.0,16.7,72.0,0.0,8.0,392.0,-469.0,1.0
3968500,2729500.0,6.0,18.0,22.0,24.5,993.0,34.0,4.3,3.0,15.7,74.0,0.0,0.0,384.0,-456.0,1.0
3968500,2729500.0,6.0,18.0,23.0,22.5,994.0,45.0,3.7,3.0,15.6,83.0,0.0,0.0,376.0,-448.0,1.0
3968500,2729500.0,6.0,18.0,24.0,21.6,996.0,334.0,3.3,3.0,14.6,86.0,0.0,0.0,370.0,-443.0,1.0
3968500,2729500.0,6.0,19.0,1.0,20.9,995.0,341.0,3.5,7.0,13.2,82.0,0.0,0.0,370.0,-439.0,1.0
3968500,2729500.0,6.0,19.0,2.0,19.2,996.0,333.0,4.4,5.0,12.5,83.0,0.0,0.0,367.0,-434.0,1.0
3968500,2729500.0,6.0,19.0,3.0,18.7,997.0,342.0,4.7,5.0,12.5,89.0,0.0,0.0,360.0,-430.0,1.0
3968500,2729500.0,6.0,19.0,4.0,18.1,997.0,353.0,3.7,5.0,12.2,90.0,0.0,0.0,357.0,-426.0,1.0
3968500,2729500.0,6.0,19.0,5.0,18.1,998.0,340.0,2.9,6.0,12.0,91.0,0.0,2.0,356.0,-421.0,1.0
3968500,2729500.0,6.0,19.0,6.0,18.0,998.0,330.0,3.0,7.0,12.0,91.0,0.0,24.0,357.0,-420.0,1.0
3968500,2729500.0,6.0,19.0,7.0,18.0,999.0,330.0,3.5,7.0,11.8,90.0,0.0,74.0,358.0,-423.0,1.0
3968500,2729500.0,6.0,19.0,8.0,18.0,999.0,332.0,2.5,7.0,11.7,89.0,3.0,152.0,359.0,-430.0,1.0
3968500,2729500.0,6.0,19.0,9.0,18.6,999.0,345.0,2.2,8.0,11.7,88.0,6.0,216.0,363.0,-441.0,1.0
3968500,2729500.0,6.0,19.0,10.0,18.4,1000.0,325.0,2.0,8.0,12.0,88.0,6.0,256.0,367.0,-456.0,1.0
3968500,2729500.0,6.0,19.0,11.0,19.1,1000.0,357.0,2.0,8.0,12.1,88.0,6.0,286.0,370.0,-469.0,1.0
3968500,2729500.0,6.0,19.0,12.0,19.4,1000.0,343.0,2.3,8.0,12.0,84.0,11.0,322.0,373.0,-481.0,1.0
3968500,2729500.0,6.0,19.0,13.0,20.1,1000.0,335.0,2.7,8.0,11.9,81.0,13.0,332.0,377.0,-490.0,1.0
3968500,2729500.0,6.0,19.0,14.0,20.6,1000.0,341.0,3.1,8.0,11.9,78.0,23.0,344.0,380.0,-495.0,1.0
3968500,2729500.0,6.0,19.0,15.0,22.0,1000.0,7.0,3.3,5.0,11.8,73.0,160.0,392.0,378.0,-496.0,1.0
3968500,2729500.0,6.0,19.0,16.0,23.2,999.0,64.0,3.8,4.0,11.8,68.0,269.0,330.0,377.0,-492.0,1.0
3968500,2729500.0,6.0,19.0,17.0,23.7,999.0,69.0,3.6,3.0,11.9,65.0,292.0,241.0,379.0,-486.0,1.0
3968500,2729500.0,6.0,19.0,18.0,22.8,999.0,63.0,3.6,5.0,12.2,67.0,82.0,205.0,381.0,-477.0,1.0
3968500,2729500.0,6.0,19.0,19.0,22.2,998.0,69.0,3.3,5.0,12.5,72.0,14.0,110.0,382.0,-466.0,1.0
3968500,2729500.0,6.0,19.0,20.0,21.1,999.0,58.0,3.1,6.0,12.7,77.0,14.0,55.0,381.0,-457.0,1.0
3968500,2729500.0,6.0,19.0,21.0,20.2,999.0,27.0,2.6,6.0,13.1,84.0,0.0,7.0,381.0,-449.0,1.0
3968500,2729500.0,6.0,19.0,22.0,19.3,999.0,33.0,2.7,6.0,13.2,90.0,0.0,0.0,378.0,-443.0,1.0
3968500,2729500.0,6.0,19.0,23.0,18.8,999.0,14.0,2.1,6.0,13.0,92.0,0.0,0.0,375.0,-438.0,1.0
3968500,2729500.0,6.0,19.0,24.0,18.4,998.0,6.0,2.0,7.0,13.1,95.0,0.0,0.0,377.0,-435.0,1.0
3968500,2729500.0,6.0,20.0,1.0,18.9,998.0,2.0,1.9,8.0,13.1,95.0,0.0,0.0,382.0,-433.0,1.0
3968500,2729500.0,6.0,20.0,2.0,18.0,998.0,75.0,1.6,8.0,13.0,95.0,0.0,0.0,383.0,-432.0,1.0
3968500,2729500.0,6.0,20.0,3.0,17.8,998.0,177.0,1.7,7.0,12.8,98.0,0.0,0.0,380.0,-431.0,1.0
3968500,2729500.0,6.0,20.0,4.0,17.6,997.0,346.0,3.2,6.0,12.5,97.0,0.0,0.0,375.0,-430.0,1.0
3968500,2729500.0,6.0,20.0,5.0,17.1,996.0,318.0,2.6,6.0,12.3,97.0,3.0,14.0,372.0,-428.0,1.0
3968500,2729500.0,6.0,20.0,6.0,17.9,996.0,175.0,2.4,5.0,12.6,98.0,58.0,59.0,369.0,-425.0,1.0
3968500,2729500.0,6.0,20.0,7.0,18.9,995.0,162.0,2.1,2.0,13.2,97.0,72.0,117.0,363.0,-424.0,1.0
3968500,2729500.0,6.0,20.0,8.0,19.3,995.0,192.0,2.4,5.0,13.9,98.0,14.0,169.0,366.0,-427.0,1.0
3968500,2729500.0,6.0,20.0,9.0,20.5,996.0,6.0,2.5,7.0,14.1,95.0,0.0,122.0,380.0,-431.0,1.0
3968500,2729500.0,6.0,20.0,10.0,20.8,995.0,22.0,2.3,7.0,14.4,92.0,52.0,297.0,388.0,-444.0,1.0
3968500,2729500.0,6.0,20.0,11.0,22.0,995.0,142.0,2.4,7.0,14.4,88.0,122.0,351.0,392.0,-463.0,1.0
3968500,2729500.0,6.0,20.0,12.0,23.7,994.0,157.0,2.7,6.0,14.5,81.0,326.0,337.0,396.0,-479.0,1.0
3968500,2729500.0,6.0,20.0,13.0,25.3,994.0,155.0,3.4,5.0,15.3,77.0,464.0,286.0,400.0,-488.0,1.0
3968500,2729500.0,6.0,20.0,14.0,26.4,994.0,171.0,5.2,5.0,15.4,72.0,317.0,328.0,405.0,-482.0,1.0
3968500,2729500.0,6.0,20.0,15.0,25.6,993.0,185.0,5.6,6.0,14.8,68.0,198.0,320.0,407.0,-475.0,1.0
3968500,2729500.0,6.0,20.0,16.0,25.8,993.0,201.0,5.6,7.0,14.3,67.0,10.0,218.0,409.0,-471.0,1.0
3968500,2729500.0,6.0,20.0,17.0,24.2,993.0,225.0,4.4,6.0,14.9,73.0,0.0,103.0,408.0,-461.0,1.0
3968500,2729500.0,6.0,20.0,18.0,21.4,994.0,273.0,4.9,7.0,14.6,81.0,0.0,55.0,399.0,-448.0,1.0
3968500,2729500.0,6.0,20.0,19.0,21.9,994.0,268.0,5.6,6.0,12.9,78.0,5.0,89.0,393.0,-435.0,1.0
3968500,2729500.0,6.0,20.0,20.0,20.4,993.0,275.0,4.8,3.0,12.2,76.0,14.0,48.0,373.0,-423.0,1.0
3968500,2729500.0,6.0,20.0,21.0,18.9,995.0,275.0,3.2,3.0,11.8,80.0,0.0,5.0,351.0,-412.0,1.0
3968500,2729500.0,6.0,20.0,22.0,17.4,996.0,274.0,2.2,5.0,11.0,82.0,0.0,0.0,352.0,-405.0,1.0
3968500,2729500.0,6.0,20.0,23.0,15.8,998.0,260.0,2.1,5.0,10.5,87.0,0.0,0.0,355.0,-399.0,1.0
3968500,2729500.0,6.0,20.0,24.0,15.4,998.0,329.0,1.5,2.0,10.4,92.0,0.0,0.0,337.0,-395.0,1.0
3968500,2729500.0,6.0,21.0,1.0,15.7,999.0,264.0,1.7,4.0,10.4,93.0,0.0,0.0,333.0,-393.0,1.0
3968500,2729500.0,6.0,21.0,2.0,15.2,999.0,278.0,2.1,8.0,9.9,89.0,0.0,0.0,357.0,-390.0,1.0
3968500,2729500.0,6.0,21.0,3.0,15.0,1000.0,349.0,2.4,8.0,9.4,86.0,0.0,0.0,371.0,-389.0,1.0
3968500,2729500.0,6.0,21.0,4.0,14.2,1000.0,251.0,2.0,8.0,9.5,90.0,0.0,0.0,369.0,-388.0,1.0
3968500,2729500.0,6.0,21.0,5.0,14.7,1000.0,330.0,1.8,7.0,9.5,91.0,0.0,3.0,361.0,-386.0,1.0
3968500,2729500.0,6.0,21.0,6.0,15.5,1000.0,56.0,2.0,3.0,9.6,88.0,35.0,65.0,341.0,-385.0,1.0
3968500,2729500.0,6.0,21.0,7.0,16.5,999.0,13.0,1.5,4.0,9.7,84.0,34.0,123.0,329.0,-385.0,1.0
3968500,2729500.0,6.0,21.0,8.0,17.0,999.0,159.0,1.2,6.0,9.5,78.0,57.0,201.0,340.0,-390.0,1.0
3968500,2729500.0,6.0,21.0,9.0,17.8,1000.0,185.0,1.6,5.0,9.7,77.0,274.0,228.0,344.0,-401.0,1.0
3968500,2729500.0,6.0,21.0,10.0,19.8,999.0,178.0,1.4,5.0,10.0,73.0,324.0,281.0,344.0,-415.0,1.0
3968500,2729500.0,6.0,21.0,11.0,19.8,999.0,152.0,1.0,5.0,9.9,68.0,143.0,372.0,346.0,-428.0,1.0
3968500,2729500.0,6.0,21.0,12.0,20.3,999.0,148.0,2.1,6.0,9.8,66.0,53.0,372.0,351.0,-440.0,1.0
3968500,2729500.0,6.0,21.0,13.0,20.9,998.0,144.0,1.2,7.0,10.0,65.0,35.0,355.0,360.0,-446.0,1.0
3968500,2729500.0,6.0,21.0,14.0,21.4,998.0,144.0,1.9,6.0,10.2,64.0,52.0,351.0,362.0,-447.0,1.0
3968500,2729500.0,6.0,21.0,15.0,20.1,998.0,165.0,1.8,7.0,10.7,68.0,0.0,200.0,362.0,-446.0,1.0
3968500,2729500.0,6.0,21.0,16.0,19.4,997.0,187.0,1.7,7.0,11.3,77.0,0.0,154.0,365.0,-445.0,1.0
3968500,2729500.0,6.0,21.0,17.0,20.7,997.0,168.0,1.8,6.0,11.7,78.0,56.0,236.0,364.0,-438.0,1.0
3968500,2729500.0,6.0,21.0,18.0,20.4,997.0,181.0,2.3,7.0,11.5,75.0,53.0,177.0,365.0,-433.0,1.0
3968500,2729500.0,6.0,21.0,19.0,19.7,997.0,198.0,2.1,5.0,11.6,78.0,54.0,116.0,360.0,-429.0,1.0
3968500,2729500.0,6.0,21.0,20.0,19.0,997.0,264.0,0.9,3.0,12.0,84.0,19.0,52.0,342.0,-423.0,1.0
3968500,2729500.0,6.0,21.0,21.0,18.1,997.0,2.0,1.4,4.0,11.8,86.0,0.0,7.0,336.0,-416.0,1.0
3968500,2729500.0,6.0,21.0,22.0,16.5,998.0,322.0,1.8,4.0,11.7,92.0,0.0,0.0,339.0,-412.0,1.0
3968500,2729500.0,6.0,21.0,23.0,15.3,998.0,224.0,1.7,4.0,11.5,99.0,0.0,0.0,336.0,-409.0,1.0
3968500,2729500.0,6.0,21.0,24.0,14.4,998.0,210.0,1.4,3.0,10.7,99.0,0.0,0.0,328.0,-406.0,1.0
3968500,2729500.0,6.0,22.0,1.0,16.1,999.0,268.0,2.9,3.0,10.5,95.0,0.0,0.0,326.0,-403.0,1.0
3968500,2729500.0,6.0,22.0,2.0,15.0,999.0,89.0,1.7,6.0,10.6,95.0,0.0,0.0,341.0,-402.0,1.0
3968500,2729500.0,6.0,22.0,3.0,14.4,999.0,166.0,1.4,5.0,10.4,98.0,0.0,0.0,348.0,-401.0,1.0
3968500,2729500.0,6.0,22.0,4.0,14.2,999.0,0.0,1.0,8.0,10.3,99.0,0.0,0.0,356.0,-400.0,1.0
3968500,2729500.0,6.0,22.0,5.0,14.5,999.0,197.0,1.2,8.0,10.3,99.0,0.0,0.0,370.0,-398.0,1.0
3968500,2729500.0,6.0,22.0,6.0,14.8,999.0,199.0,1.2,7.0,10.4,98.0,0.0,22.0,367.0,-397.0,1.0
3968500,2729500.0,6.0,22.0,7.0,15.9,999.0,149.0,1.4,8.0,10.8,98.0,0.0,74.0,371.0,-398.0,1.0
3968500,2729500.0,6.0,22.0,8.0,16.5,999.0,157.0,1.5,6.0,10.6,91.0,10.0,169.0,370.0,-400.0,1.0
3968500,2729500.0,6.0,22.0,9.0,18.4,999.0,148.0,2.3,6.0,10.3,81.0,190.0,255.0,365.0,-405.0,1.0
3968500,2729500.0,6.0,22.0,10.0,20.6,999.0,155.0,2.7,3.0,10.4,72.0,555.0,158.0,361.0,-410.0,1.0
3968500,2729500.0,6.0,22.0,11.0,21.4,998.0,187.0,3.4,3.0,10.9,69.0,645.0,168.0,359.0,-422.0,1.0
3968500,2729500.0,6.0,22.0,12.0,22.7,998.0,168.0,3.3,5.0,11.6,68.0,286.0,377.0,371.0,-437.0,1.0
3968500,2729500.0,6.0,22.0,13.0,23.7,999.0,193.0,3.3,5.0,11.1,61.0,230.0,394.0,379.0,-445.0,1.0
3968500,2729500.0,6.0,22.0,14.0,23.2,998.0,238.0,3.7,4.0,10.5,57.0,248.0,373.0,374.0,-450.0,1.0
3968500,2729500.0,6.0,22.0,15.0,24.0,998.0,188.0,3.6,3.0,10.9,59.0,223.0,342.0,367.0,-453.0,1.0
3968500,2729500.0,6.0,22.0,16.0,24.2,998.0,193.0,4.1,3.0,11.1,58.0,245.0,268.0,363.0,-453.0,1.0
3968500,2729500.0,6.0,22.0,17.0,23.7,997.0,209.0,2.1,6.0,11.0,58.0,59.0,234.0,371.0,-450.0,1.0
3968500,2729500.0,6.0,22.0,18.0,23.9,997.0,216.0,2.7,5.0,11.1,59.0,43.0,173.0,376.0,-444.0,1.0
3968500,2729500.0,6.0,22.0,19.0,23.0,996.0,237.0,1.8,6.0,11.8,64.0,28.0,111.0,377.0,-436.0,1.0
3968500,2729500.0,6.0,22.0,20.0,22.1,996.0,226.0,2.9,5.0,12.5,72.0,3.0,45.0,376.0,-428.0,1.0
3968500,2729500.0,6.0,22.0,21.0,19.7,995.0,232.0,2.0,4.0,12.4,79.0,0.0,3.0,365.0,-421.0,1.0
3968500,2729500.0,6.0,22.0,22.0,19.6,995.0,228.0,1.8,4.0,12.2,83.0,0.0,0.0,356.0,-415.0,1.0
3968500,2729500.0,6.0,22.0,23.0,19.2,994.0,184.0,1.7,4.0,12.3,85.0,0.0,0.0,355.0,-411.0,1.0
3968500,2729500.0,6.0,22.0,24.0,18.4,994.0,201.0,2.5,6.0,12.3,88.0,0.0,0.0,360.0,-409.0,1.0
3968500,2729500.0,6.0,23.0,1.0,19.1,994.0,298.0,3.6,3.0,12.0,86.0,0.0,0.0,357.0,-407.0,1.0
3968500,2729500.0,6.0,23.0,2.0,18.4,994.0,354.0,2.7,4.0,11.8,85.0,0.0,0.0,349.0,-404.0,1.0
3968500,2729500.0,6.0,23.0,3.0,17.2,994.0,64.0,2.0,2.0,11.9,91.0,0.0,0.0,342.0,-401.0,1.0
3968500,2729500.0,6.0,23.0,4.0,16.8,994.0,4.0,2.2,3.0,11.9,96.0,0.0,0.0,334.0,-398.0,1.0
3968500,2729500.0,6.0,23.0,5.0,16.8,994.0,335.0,1.9,6.0,11.9,97.0,0.0,0.0,350.0,-397.0,1.0
3968500,2729500.0,6.0,23.0,6.0,17.0,995.0,334.0,1.9,7.0,11.9,97.0,0.0,18.0,366.0,-397.0,1.0
3968500,2729500.0,6.0,23.0,7.0,17.1,995.0,327.0,2.0,8.0,12.2,98.0,0.0,34.0,373.0,-396.0,1.0
3968500,2729500.0,6.0,23.0,8.0,15.7,995.0,293.0,5.9,8.0,11.3,94.0,0.0,55.0,373.0,-398.0,1.0
3968500,2729500.0,6.0,23.0,9.0,15.3,996.0,284.0,4.7,8.0,9.9,88.0,0.0,69.0,367.0,-405.0,1.0
3968500,2729500.0,6.0,23.0,10.0,15.4,997.0,269.0,3.6,8.0,9.5,86.0,0.0,90.0,365.0,-415.0,1.0
3968500,2729500.0,6.0,23.0,11.0,17.0,997.0,267.0,3.1,7.0,9.3,79.0,4.0,264.0,360.0,-424.0,1.0
3968500,2729500.0,6.0,23.0,12.0,18.8,998.0,283.0,3.9,6.0,9.5,72.0,133.0,395.0,355.0,-433.0,1.0
3968500,2729500.0,6.0,23.0,13.0,19.9,998.0,266.0,4.0,4.0,8.9,62.0,258.0,411.0,346.0,-441.0,1.0
3968500,2729500.0,6.0,23.0,14.0,20.6,997.0,289.0,3.2,4.0,8.1,54.0,344.0,374.0,340.0,-444.0,1.0
3968500,2729500.0,6.0,23.0,15.0,21.6,997.0,270.0,3.8,3.0,7.7,48.0,369.0,325.0,339.0,-446.0,1.0
3968500,2729500.0,6.0,23.0,16.0,22.0,997.0,300.0,3.5,3.0,7.7,47.0,354.0,263.0,339.0,-446.0,1.0
3968500,2729500.0,6.0,23.0,17.0,21.6,997.0,307.0,4.5,2.0,7.9,48.0,293.0,216.0,335.0,-443.0,1.0
3968500,2729500.0,6.0,23.0,18.0,21.3,997.0,330.0,3.9,2.0,7.6,47.0,225.0,158.0,329.0,-436.0,1.0
3968500,2729500.0,6.0,23.0,19.0,19.9,996.0,332.0,3.7,3.0,7.8,51.0,96.0,117.0,330.0,-428.0,1.0
3968500,2729500.0,6.0,23.0,20.0,18.1,997.0,330.0,2.8,3.0,8.3,59.0,20.0,55.0,328.0,-420.0,1.0
3968500,2729500.0,6.0,23.0,21.0,16.2,997.0,329.0,2.7,3.0,8.4,68.0,0.0,6.0,323.0,-412.0,1.0
3968500,2729500.0,6.0,23.0,22.0,15.6,997.0,330.0,2.7,4.0,8.2,72.0,0.0,0.0,322.0,-404.0,1.0
3968500,2729500.0,6.0,23.0,23.0,14.4,997.0,4.0,2.2,4.0,8.1,75.0,0.0,0.0,320.0,-398.0,1.0
3968500,2729500.0,6.0,23.0,24.0,12.8,997.0,21.0,1.6,4.0,8.1,82.0,0.0,0.0,313.0,-393.0,1.0
3968500,2729500.0,6.0,24.0,1.0,13.9,998.0,346.0,3.7,3.0,8.0,82.0,0.0,0.0,308.0,-390.0,1.0
3968500,2729500.0,6.0,24.0,2.0,14.1,998.0,348.0,2.5,4.0,8.0,79.0,0.0,0.0,313.0,-386.0,1.0
3968500,2729500.0,6.0,24.0,3.0,13.4,998.0,330.0,2.2,6.0,7.9,79.0,0.0,0.0,327.0,-381.0,1.0
3968500,2729500.0,6.0,24.0,4.0,12.7,997.0,347.0,2.2,7.0,7.7,81.0,0.0,0.0,340.0,-375.0,1.0
3968500,2729500.0,6.0,24.0,5.0,12.4,998.0,359.0,2.3,6.0,7.6,82.0,0.0,1.0,339.0,-372.0,1.0
3968500,2729500.0,6.0,24.0,6.0,13.5,998.0,336.0,2.4,5.0,7.8,82.0,35.0,65.0,331.0,-371.0,1.0
3968500,2729500.0,6.0,24.0,7.0,14.1,999.0,339.0,3.1,4.0,8.1,80.0,52.0,130.0,324.0,-376.0,1.0
3968500,2729500.0,6.0,24.0,8.0,16.1,999.0,4.0,2.7,3.0,8.2,75.0,167.0,192.0,319.0,-387.0,1.0
3968500,2729500.0,6.0,24.0,9.0,16.5,1000.0,340.0,3.8,2.0,7.9,67.0,387.0,184.0,313.0,-400.0,1.0
3968500,2729500.0,6.0,24.0,10.0,17.3,1000.0,308.0,3.2,2.0,7.4,61.0,474.0,218.0,310.0,-413.0,1.0
3968500,2729500.0,6.0,24.0,11.0,19.0,1000.0,328.0,3.1,3.0,7.2,55.0,532.0,251.0,319.0,-424.0,1.0
3968500,2729500.0,6.0,24.0,12.0,20.0,1000.0,304.0,3.6,2.0,7.1,49.0,624.0,238.0,324.0,-432.0,1.0
3968500,2729500.0,6.0,24.0,13.0,19.4,1000.0,323.0,4.5,3.0,7.0,48.0,422.0,354.0,325.0,-438.0,1.0
3968500,2729500.0,6.0,24.0,14.0,20.5,1000.0,323.0,5.2,3.0,7.1,48.0,373.0,356.0,330.0,-442.0,1.0
3968500,2729500.0,6.0,24.0,15.0,20.9,1000.0,277.0,4.3,3.0,7.1,46.0,296.0,339.0,331.0,-444.0,1.0
3968500,2729500.0,6.0,24.0,16.0,20.2,1000.0,326.0,4.5,2.0,6.9,45.0,403.0,236.0,327.0,-445.0,1.0
3968500,2729500.0,6.0,24.0,17.0,21.0,1001.0,306.0,4.7,2.0,7.0,46.0,356.0,181.0,322.0,-443.0,1.0
3968500,2729500.0,6.0,24.0,18.0,20.0,1001.0,302.0,3.8,2.0,7.1,46.0,221.0,155.0,322.0,-437.0,1.0
3968500,2729500.0,6.0,24.0,19.0,18.3,1001.0,317.0,3.7,3.0,7.3,52.0,84.0,117.0,319.0,-429.0,1.0
3968500,2729500.0,6.0,24.0,20.0,17.2,1001.0,351.0,2.2,2.0,7.3,57.0,30.0,56.0,313.0,-419.0,1.0
3968500,2729500.0,6.0,24.0,21.0,15.4,1002.0,346.0,1.6,0.0,7.1,60.0,0.0,7.0,296.0,-407.0,1.0
3968500,2729500.0,6.0,24.0,22.0,13.9,1003.0,80.0,1.7,2.0,7.0,67.0,0.0,0.0,289.0,-397.0,1.0
3968500,2729500.0,6.0,24.0,23.0,12.1,1004.0,282.0,0.7,2.0,7.1,75.0,0.0,0.0,290.0,-389.0,1.0
3968500,2729500.0,6.0,24.0,24.0,11.8,1003.0,3.0,2.0,3.0,7.0,80.0,0.0,0.0,288.0,-382.0,1.0
3968500,2729500.0,6.0,25.0,1.0,10.9,1004.0,334.0,1.0,3.0,7.3,86.0,0.0,0.0,291.0,-378.0,1.0
3968500,2729500.0,6.0,25.0,2.0,10.1,1004.0,343.0,0.4,5.0,7.6,94.0,0.0,0.0,296.0,-375.0,1.0
3968500,2729500.0,6.0,25.0,3.0,9.3,1004.0,343.0,1.3,4.0,7.5,99.0,0.0,0.0,299.0,-370.0,1.0
3968500,2729500.0,6.0,25.0,4.0,8.6,1004.0,290.0,1.6,3.0,7.2,100.0,0.0,0.0,291.0,-367.0,1.0
3968500,2729500.0,6.0,25.0,5.0,8.7,1004.0,313.0,1.5,2.0,7.1,100.0,0.0,8.0,284.0,-365.0,1.0
3968500,2729500.0,6.0,25.0,6.0,10.6,1004.0,17.0,1.3,1.0,7.4,98.0,53.0,56.0,279.0,-368.0,1.0
3968500,2729500.0,6.0,25.0,7.0,12.7,1004.0,193.0,1.1,0.0,8.0,92.0,172.0,99.0,276.0,-376.0,1.0
3968500,2729500.0,6.0,25.0,8.0,14.4,1005.0,214.0,1.0,0.0,8.1,83.0,300.0,127.0,277.0,-390.0,1.0
3968500,2729500.0,6.0,25.0,9.0,17.1,1005.0,347.0,1.6,1.0,7.9,70.0,445.0,141.0,289.0,-409.0,1.0
3968500,2729500.0,6.0,25.0,10.0,16.7,1004.0,248.0,1.7,2.0,7.6,62.0,579.0,145.0,302.0,-427.0,1.0
3968500,2729500.0,6.0,25.0,11.0,18.1,1004.0,320.0,2.2,3.0,6.9,55.0,654.0,163.0,313.0,-443.0,1.0
3968500,2729500.0,6.0,25.0,12.0,19.9,1004.0,306.0,2.6,3.0,6.5,47.0,694.0,179.0,324.0,-456.0,1.0
3968500,2729500.0,6.0,25.0,13.0,19.7,1004.0,14.0,2.9,3.0,6.6,45.0,656.0,209.0,328.0,-465.0,1.0
3968500,2729500.0,6.0,25.0,14.0,19.9,1004.0,348.0,3.2,3.0,6.3,44.0,493.0,277.0,329.0,-469.0,1.0
3968500,2729500.0,6.0,25.0,15.0,20.6,1003.0,325.0,2.3,3.0,6.5,44.0,314.0,299.0,332.0,-469.0,1.0
3968500,2729500.0,6.0,25.0,16.0,20.6,1003.0,318.0,2.3,5.0,7.2,47.0,234.0,253.0,342.0,-465.0,1.0
3968500,2729500.0,6.0,25.0,17.0,21.0,1003.0,319.0,2.4,4.0,7.2,46.0,295.0,188.0,347.0,-459.0,1.0
3968500,2729500.0,6.0,25.0,18.0,20.6,1003.0,330.0,2.6,3.0,6.9,44.0,214.0,145.0,338.0,-452.0,1.0
3968500,2729500.0,6.0,25.0,19.0,19.6,1002.0,13.0,2.6,2.0,7.0,47.0,142.0,96.0,328.0,-442.0,1.0
3968500,2729500.0,6.0,25.0,20.0,17.1,1002.0,308.0,1.8,3.0,7.7,58.0,41.0,51.0,324.0,-430.0,1.0
3968500,2729500.0,6.0,25.0,21.0,15.7,1002.0,293.0,2.2,2.0,8.1,68.0,0.0,9.0,319.0,-419.0,1.0
3968500,2729500.0,6.0,25.0,22.0,14.5,1003.0,42.0,1.2,3.0,7.8,72.0,0.0,0.0,315.0,-408.0,1.0
3968500,2729500.0,6.0,25.0,23.0,13.1,1003.0,37.0,1.1,3.0,7.9,80.0,0.0,0.0,315.0,-400.0,1.0
3968500,2729500.0,6.0,25.0,24.0,12.0,1003.0,76.0,1.4,3.0,8.1,88.0,0.0,0.0,312.0,-395.0,1.0
3968500,2729500.0,6.0,26.0,1.0,10.8,1003.0,152.0,1.2,1.0,8.1,95.0,0.0,0.0,301.0,-391.0,1.0
3968500,2729500.0,6.0,26.0,2.0,10.3,1003.0,152.0,1.9,1.0,7.9,98.0,0.0,0.0,291.0,-388.0,1.0
3968500,2729500.0,6.0,26.0,3.0,9.7,1002.0,146.0,1.4,0.0,7.6,99.0,0.0,0.0,285.0,-385.0,1.0
3968500,2729500.0,6.0,26.0,4.0,9.2,1002.0,17.0,0.7,0.0,7.4,100.0,0.0,0.0,279.0,-381.0,1.0
3968500,2729500.0,6.0,26.0,5.0,9.0,1002.0,0.0,1.0,0.0,7.3,100.0,0.0,5.0,277.0,-377.0,1.0
3968500,2729500.0,6.0,26.0,6.0,11.6,1002.0,87.0,0.8,1.0,7.9,99.0,39.0,55.0,284.0,-376.0,1.0
3968500,2729500.0,6.0,26.0,7.0,12.6,1002.0,157.0,1.2,1.0,8.5,95.0,150.0,102.0,294.0,-383.0,1.0
3968500,2729500.0,6.0,26.0,8.0,15.0,1002.0,153.0,1.8,2.0,8.7,87.0,270.0,133.0,303.0,-396.0,1.0
3968500,2729500.0,6.0,26.0,9.0,17.8,1002.0,154.0,2.1,2.0,9.0,76.0,405.0,157.0,317.0,-413.0,1.0
3968500,2729500.0,6.0,26.0,10.0,19.9,1001.0,164.0,2.8,5.0,8.7,63.0,546.0,161.0,338.0,-430.0,1.0
3968500,2729500.0,6.0,26.0,11.0,21.2,1000.0,176.0,2.9,4.0,8.4,55.0,646.0,166.0,353.0,-446.0,1.0
3968500,2729500.0,6.0,26.0,12.0,22.3,1000.0,193.0,2.4,3.0,8.5,51.0,719.0,162.0,350.0,-459.0,1.0
3968500,2729500.0,6.0,26.0,13.0,22.8,999.0,186.0,2.7,2.0,8.0,46.0,631.0,215.0,345.0,-467.0,1.0
3968500,2729500.0,6.0,26.0,14.0,22.9,998.0,188.0,3.5,3.0,7.8,44.0,443.0,292.0,346.0,-472.0,1.0
3968500,2729500.0,6.0,26.0,15.0,23.9,998.0,217.0,4.2,4.0,7.9,43.0,281.0,306.0,355.0,-473.0,1.0
3968500,2729500.0,6.0,26.0,16.0,23.8,997.0,202.0,4.3,4.0,7.8,42.0,248.0,249.0,360.0,-464.0,1.0
3968500,2729500.0,6.0,26.0,17.0,24.1,997.0,193.0,3.7,4.0,8.0,42.0,251.0,203.0,358.0,-454.0,1.0
3968500,2729500.0,6.0,26.0,18.0,23.5,996.0,254.0,3.3,4.0,8.0,42.0,128.0,162.0,357.0,-449.0,1.0
3968500,2729500.0,6.0,26.0,19.0,23.6,996.0,306.0,2.5,3.0,8.0,43.0,84.0,104.0,353.0,-442.0,1.0
3968500,2729500.0,6.0,26.0,20.0,20.8,994.0,323.0,2.6,3.0,8.7,51.0,34.0,50.0,346.0,-434.0,1.0
3968500,2729500.0,6.0,26.0,21.0,19.1,994.0,353.0,2.6,2.0,9.1,61.0,0.0,7.0,336.0,-425.0,1.0
3968500,2729500.0,6.0,26.0,22.0,17.1,994.0,19.0,1.8,3.0,8.9,67.0,0.0,0.0,329.0,-415.0,1.0
3968500,2729500.0,6.0,26.0,23.0,15.7,994.0,347.0,1.7,3.0,8.9,75.0,0.0,0.0,326.0,-408.0,1.0
3968500,2729500.0,6.0,26.0,24.0,15.1,994.0,188.0,1.3,1.0,9.1,82.0,0.0,0.0,317.0,-403.0,1.0
3968500,2729500.0,6.0,27.0,1.0,14.1,993.0,228.0,1.5,2.0,9.1,86.0,0.0,0.0,311.0,-402.0,1.0
3968500,2729500.0,6.0,27.0,2.0,13.5,993.0,212.0,0.8,2.0,8.9,89.0,0.0,0.0,312.0,-402.0,1.0
3968500,2729500.0,6.0,27.0,3.0,12.7,992.0,198.0,1.3,1.0,8.9,93.0,0.0,0.0,306.0,-400.0,1.0
3968500,2729500.0,6.0,27.0,4.0,13.4,992.0,185.0,1.3,2.0,9.2,96.0,0.0,0.0,307.0,-398.0,1.0
3968500,2729500.0,6.0,27.0,5.0,12.3,991.0,163.0,1.6,3.0,9.2,97.0,0.0,2.0,312.0,-397.0,1.0
3968500,2729500.0,6.0,27.0,6.0,13.5,991.0,170.0,1.6,2.0,9.3,98.0,40.0,54.0,310.0,-396.0,1.0
3968500,2729500.0,6.0,27.0,7.0,15.5,991.0,171.0,2.1,3.0,9.9,93.0,106.0,111.0,314.0,-396.0,1.0
3968500,2729500.0,6.0,27.0,8.0,17.2,991.0,193.0,3.1,4.0,9.8,83.0,206.0,156.0,328.0,-399.0,1.0
3968500,2729500.0,6.0,27.0,9.0,18.6,990.0,233.0,4.7,5.0,9.3,71.0,160.0,240.0,341.0,-406.0,1.0
3968500,2729500.0,6.0,27.0,10.0,18.0,990.0,233.0,5.1,7.0,8.7,65.0,77.0,300.0,355.0,-412.0,1.0
3968500,2729500.0,6.0,27.0,11.0,18.8,990.0,224.0,4.1,7.0,8.7,64.0,48.0,316.0,364.0,-421.0,1.0
3968500,2729500.0,6.0,27.0,12.0,18.8,990.0,292.0,5.1,7.0,8.8,63.0,12.0,270.0,365.0,-431.0,1.0
3968500,2729500.0,6.0,27.0,13.0,20.7,990.0,271.0,5.1,4.0,8.3,57.0,248.0,357.0,356.0,-441.0,1.0
3968500,2729500.0,6.0,27.0,14.0,18.9,990.0,280.0,7.4,4.0,7.8,53.0,287.0,331.0,345.0,-446.0,1.0
3968500,2729500.0,6.0,27.0,15.0,18.6,990.0,282.0,5.9,4.0,7.6,55.0,194.0,310.0,339.0,-438.0,1.0
3968500,2729500.0,6.0,27.0,16.0,18.9,990.0,268.0,4.4,6.0,7.4,53.0,33.0,224.0,343.0,-432.0,1.0
3968500,2729500.0,6.0,27.0,17.0,19.1,990.0,286.0,5.9,6.0,7.1,51.0,140.0,224.0,348.0,-428.0,1.0
3968500,2729500.0,6.0,27.0,18.0,18.4,989.0,301.0,4.4,3.0,7.2,52.0,263.0,121.0,337.0,-421.0,1.0
3968500,2729500.0,6.0,27.0,19.0,16.6,989.0,293.0,3.5,3.0,7.4,58.0,136.0,94.0,324.0,-413.0,1.0
3968500,2729500.0,6.0,27.0,20.0,16.1,989.0,303.0,3.7,5.0,7.6,64.0,34.0,48.0,326.0,-403.0,1.0
3968500,2729500.0,6.0,27.0,21.0,14.2,989.0,269.0,3.7,3.0,7.2,65.0,0.0,8.0,321.0,-394.0,1.0
3968500,2729500.0,6.0,27.0,22.0,13.1,990.0,273.0,3.3,4.0,6.7,67.0,0.0,0.0,312.0,-387.0,1.0
3968500,2729500.0,6.0,27.0,23.0,12.2,990.0,299.0,2.3,3.0,6.6,71.0,0.0,0.0,307.0,-381.0,1.0
3968500,2729500.0,6.0,27.0,24.0,11.2,991.0,282.0,2.1,3.0,6.6,75.0,0.0,0.0,300.0,-377.0,1.0
3968500,2729500.0,6.0,28.0,1.0,10.5,991.0,295.0,2.6,3.0,6.4,78.0,0.0,0.0,297.0,-373.0,1.0
3968500,2729500.0,6.0,28.0,2.0,9.8,991.0,273.0,2.5,3.0,6.4,80.0,0.0,0.0,294.0,-370.0,1.0
3968500,2729500.0,6.0,28.0,3.0,9.6,991.0,272.0,3.0,4.0,6.4,83.0,0.0,0.0,297.0,-368.0,1.0
3968500,2729500.0,6.0,28.0,4.0,8.8,991.0,283.0,2.8,4.0,6.3,86.0,0.0,0.0,300.0,-365.0,1.0
3968500,2729500.0,6.0,28.0,5.0,8.5,990.0,237.0,2.3,3.0,6.3,88.0,0.0,6.0,293.0,-363.0,1.0
3968500,2729500.0,6.0,28.0,6.0,10.2,991.0,174.0,3.0,3.0,6.5,86.0,41.0,41.0,290.0,-363.0,1.0
3968500,2729500.0,6.0,28.0,7.0,11.6,991.0,201.0,3.1,2.0,6.5,78.0,125.0,79.0,288.0,-369.0,1.0
3968500,2729500.0,6.0,28.0,8.0,12.0,991.0,248.0,3.4,5.0,6.5,73.0,101.0,152.0,300.0,-379.0,1.0
3968500,2729500.0,6.0,28.0,9.0,12.5,991.0,263.0,4.5,6.0,6.4,71.0,63.0,223.0,320.0,-388.0,1.0
3968500,2729500.0,6.0,28.0,10.0,15.1,991.0,268.0,5.6,5.0,6.2,61.0,246.0,230.0,323.0,-396.0,1.0
3968500,2729500.0,6.0,28.0,11.0,15.8,991.0,255.0,6.2,5.0,5.9,52.0,315.0,243.0,323.0,-403.0,1.0
3968500,2729500.0,6.0,28.0,12.0,16.1,991.0,297.0,7.0,6.0,5.8,50.0,72.0,305.0,329.0,-407.0,1.0
3968500,2729500.0,6.0,28.0,13.0,16.6,991.0,253.0,6.6,5.0,6.0,51.0,134.0,298.0,331.0,-407.0,1.0
3968500,2729500.0,6.0,28.0,14.0,17.4,991.0,251.0,7.6,3.0,6.1,50.0,493.0,177.0,320.0,-412.0,1.0
3968500,2729500.0,6.0,28.0,15.0,17.0,991.0,281.0,7.5,5.0,6.1,48.0,149.0,262.0,319.0,-420.0,1.0
3968500,2729500.0,6.0,28.0,16.0,16.5,991.0,267.0,7.2,5.0,6.4,53.0,328.0,154.0,325.0,-421.0,1.0
3968500,2729500.0,6.0,28.0,17.0,15.7,992.0,244.0,6.8,5.0,6.7,57.0,234.0,154.0,324.0,-415.0,1.0
3968500,2729500.0,6.0,28.0,18.0,13.4,992.0,262.0,6.8,7.0,6.8,64.0,58.0,134.0,328.0,-405.0,1.0
3968500,2729500.0,6.0,28.0,19.0,13.4,993.0,256.0,5.3,7.0,7.1,72.0,19.0,84.0,334.0,-399.0,1.0
3968500,2729500.0,6.0,28.0,20.0,13.0,993.0,249.0,5.1,6.0,7.1,73.0,5.0,38.0,330.0,-393.0,1.0
3968500,2729500.0,6.0,28.0,21.0,12.4,994.0,263.0,5.3,7.0,7.3,78.0,0.0,2.0,331.0,-387.0,1.0
3968500,2729500.0,6.0,28.0,22.0,12.2,994.0,255.0,2.3,8.0,7.4,81.0,0.0,0.0,340.0,-382.0,1.0
3968500,2729500.0,6.0,28.0,23.0,11.7,995.0,270.0,3.4,8.0,7.6,85.0,0.0,0.0,345.0,-381.0,1.0
3968500,2729500.0,6.0,28.0,24.0,11.3,995.0,267.0,3.2,8.0,7.5,88.0,0.0,0.0,345.0,-380.0,1.0
3968500,2729500.0,6.0,29.0,1.0,11.1,996.0,266.0,3.8,8.0,7.3,87.0,0.0,0.0,344.0,-378.0,1.0
3968500,2729500.0,6.0,29.0,2.0,10.8,996.0,263.0,2.6,8.0,7.2,86.0,0.0,0.0,343.0,-376.0,1.0
3968500,2729500.0,6.0,29.0,3.0,10.3,996.0,237.0,2.0,7.0,7.0,86.0,0.0,0.0,336.0,-373.0,1.0
3968500,2729500.0,6.0,29.0,4.0,9.8,995.0,214.0,2.6,5.0,7.0,90.0,0.0,0.0,321.0,-372.0,1.0
3968500,2729500.0,6.0,29.0,5.0,9.6,995.0,250.0,1.4,5.0,7.1,93.0,0.0,6.0,311.0,-372.0,1.0
3968500,2729500.0,6.0,29.0,6.0,10.2,995.0,247.0,3.8,6.0,7.1,92.0,0.0,31.0,316.0,-372.0,1.0
3968500,2729500.0,6.0,29.0,7.0,10.0,995.0,257.0,3.8,6.0,7.1,91.0,3.0,87.0,321.0,-373.0,1.0
3968500,2729500.0,6.0,29.0,8.0,10.4,995.0,287.0,2.7,7.0,7.1,90.0,1.0,127.0,327.0,-375.0,1.0
3968500,2729500.0,6.0,29.0,9.0,11.8,997.0,261.0,4.4,6.0,6.9,82.0,58.0,249.0,331.0,-377.0,1.0
3968500,2729500.0,6.0,29.0,10.0,13.0,997.0,265.0,4.7,6.0,6.6,73.0,82.0,305.0,330.0,-376.0,1.0
3968500,2729500.0,6.0,29.0,11.0,13.4,997.0,259.0,5.4,4.0,6.2,64.0,184.0,344.0,322.0,-377.0,1.0
3968500,2729500.0,6.0,29.0,12.0,16.3,998.0,273.0,5.2,4.0,5.4,51.0,296.0,353.0,316.0,-381.0,1.0
3968500,2729500.0,6.0,29.0,13.0,16.0,997.0,273.0,5.3,6.0,5.3,46.0,128.0,353.0,329.0,-387.0,1.0
3968500,2729500.0,6.0,29.0,14.0,16.3,997.0,255.0,4.9,6.0,5.6,48.0,91.0,335.0,338.0,-391.0,1.0
3968500,2729500.0,6.0,29.0,15.0,16.3,997.0,286.0,4.2,8.0,5.7,48.0,0.0,183.0,345.0,-393.0,1.0
3968500,2729500.0,6.0,29.0,16.0,16.5,997.0,280.0,4.2,6.0,5.6,48.0,61.0,238.0,344.0,-393.0,1.0
3968500,2729500.0,6.0,29.0,17.0,17.3,997.0,274.0,4.8,5.0,5.6,46.0,143.0,229.0,334.0,-399.0,1.0
3968500,2729500.0,6.0,29.0,18.0,16.3,997.0,244.0,4.0,5.0,5.6,47.0,100.0,166.0,330.0,-405.0,1.0
3968500,2729500.0,6.0,29.0,19.0,16.0,996.0,255.0,3.0,5.0,5.9,51.0,60.0,105.0,328.0,-401.0,1.0
3968500,2729500.0,6.0,29.0,20.0,14.4,996.0,242.0,2.6,6.0,6.4,60.0,9.0,44.0,335.0,-392.0,1.0
3968500,2729500.0,6.0,29.0,21.0,13.7,996.0,229.0,2.0,6.0,6.7,66.0,0.0,4.0,337.0,-383.0,1.0
3968500,2729500.0,6.0,29.0,22.0,13.1,996.0,206.0,1.7,6.0,6.8,70.0,0.0,0.0,336.0,-374.0,1.0
3968500,2729500.0,6.0,29.0,23.0,13.4,996.0,184.0,1.3,6.0,7.5,75.0,0.0,0.0,340.0,-369.0,1.0
3968500,2729500.0,6.0,29.0,24.0,13.8,996.0,171.0,1.2,6.0,8.4,81.0,0.0,0.0,327.0,-365.0,1.0
3968500,2729500.0,6.0,30.0,1.0,14.3,994.0,166.0,1.0,6.0,9.3,88.0,0.0,0.0,365.0,-398.0,1.0
3968500,2729500.0,6.0,30.0,2.0,14.7,995.0,167.0,1.0,6.0,10.1,93.0,0.0,0.0,358.0,-397.0,1.0
3968500,2729500.0,6.0,30.0,3.0,15.0,994.0,172.0,1.0,6.0,10.6,97.0,0.0,0.0,350.0,-395.0,1.0
3968500,2729500.0,6.0,30.0,4.0,15.0,994.0,175.0,1.4,6.0,10.6,97.0,0.0,0.0,355.0,-395.0,1.0
3968500,2729500.0,6.0,30.0,5.0,15.5,994.0,170.0,1.5,6.0,10.7,96.0,0.0,1.0,361.0,-394.0,1.0
3968500,2729500.0,6.0,30.0,6.0,15.6,994.0,173.0,2.6,5.0,10.8,97.0,14.0,59.0,352.0,-395.0,1.0
3968500,2729500.0,6.0,30.0,7.0,16.8,994.0,180.0,2.6,3.0,11.1,94.0,127.0,113.0,332.0,-397.0,1.0
3968500,2729500.0,6.0,30.0,8.0,17.9,994.0,195.0,2.8,3.0,11.3,89.0,242.0,153.0,324.0,-402.0,1.0
3968500,2729500.0,6.0,30.0,9.0,19.4,994.0,193.0,2.5,4.0,11.6,84.0,224.0,245.0,338.0,-409.0,1.0
3968500,2729500.0,6.0,30.0,10.0,21.4,994.0,202.0,3.0,5.0,11.8,77.0,221.0,311.0,358.0,-413.0,1.0
3968500,2729500.0,6.0,30.0,11.0,21.0,994.0,208.0,3.4,6.0,11.7,72.0,164.0,362.0,371.0,-420.0,1.0
3968500,2729500.0,6.0,30.0,12.0,21.2,993.0,206.0,2.3,6.0,11.4,71.0,151.0,380.0,376.0,-425.0,1.0
3968500,2729500.0,6.0,30.0,13.0,22.1,994.0,203.0,3.8,7.0,11.3,68.0,24.0,324.0,381.0,-432.0,1.0
3968500,2729500.0,6.0,30.0,14.0,22.6,994.0,182.0,3.7,5.0,11.5,66.0,197.0,370.0,379.0,-439.0,1.0
3968500,2729500.0,6.0,30.0,15.0,21.4,994.0,183.0,4.4,6.0,11.4,67.0,69.0,322.0,374.0,-439.0,1.0
3968500,2729500.0,6.0,30.0,16.0,19.6,993.0,210.0,3.2,6.0,11.0,71.0,13.0,242.0,369.0,-437.0,1.0
3968500,2729500.0,6.0,30.0,17.0,18.8,993.0,269.0,3.0,8.0,11.4,80.0,0.0,129.0,371.0,-433.0,1.0
3968500,2729500.0,6.0,30.0,18.0,19.6,994.0,284.0,2.4,7.0,11.4,80.0,10.0,152.0,375.0,-427.0,1.0
3968500,2729500.0,6.0,30.0,19.0,18.9,994.0,284.0,2.0,6.0,10.3,72.0,12.0,103.0,366.0,-419.0,1.0
3968500,2729500.0,6.0,30.0,20.0,18.3,994.0,2.0,0.6,7.0,10.1,74.0,0.0,26.0,363.0,-413.0,1.0
3968500,2729500.0,6.0,30.0,21.0,17.6,995.0,351.0,0.5,7.0,10.4,79.0,0.0,2.0,365.0,-406.0,1.0
3968500,2729500.0,6.0,30.0,22.0,16.9,996.0,349.0,0.1,7.0,10.5,83.0,0.0,0.0,362.0,-400.0,1.0
3968500,2729500.0,6.0,30.0,23.0,16.4,996.0,1.0,0.0,7.0,10.3,85.0,0.0,0.0,357.0,-396.0,1.0
3968500,2729500.0,6.0,30.0,24.0,16.4,997.0,303.0,0.4,8.0,10.0,84.0,0.0,0.0,358.0,-393.0,1.0
3968500,2729500.0,7.0,1.0,1.0,14.9,997.0,288.0,0.1,7.0,10.0,92.0,0.0,0.0,349.0,-389.0,1.0
3968500,2729500.0,7.0,1.0,2.0,14.5,997.0,82.0,0.0,7.0,9.9,93.0,0.0,0.0,349.0,-389.0,1.0
3968500,2729500.0,7.0,1.0,3.0,13.9,997.0,76.0,0.1,5.0,9.7,94.0,0.0,0.0,338.0,-388.0,1.0
3968500,2729500.0,7.0,1.0,4.0,13.7,997.0,150.0,0.8,5.0,9.5,95.0,0.0,0.0,328.0,-386.0,1.0
3968500,2729500.0,7.0,1.0,5.0,13.7,997.0,60.0,0.4,6.0,9.4,94.0,0.0,6.0,331.0,-385.0,1.0
3968500,2729500.0,7.0,1.0,6.0,13.7,997.0,153.0,0.8,6.0,9.5,95.0,14.0,54.0,333.0,-385.0,1.0
3968500,2729500.0,7.0,1.0,7.0,14.8,997.0,156.0,1.1,6.0,9.9,96.0,15.0,111.0,333.0,-387.0,1.0
3968500,2729500.0,7.0,1.0,8.0,16.1,997.0,177.0,1.9,7.0,10.4,93.0,12.0,167.0,341.0,-395.0,1.0
3968500,2729500.0,7.0,1.0,9.0,18.1,997.0,178.0,2.2,6.0,10.4,84.0,97.0,275.0,347.0,-407.0,1.0
3968500,2729500.0,7.0,1.0,10.0,18.9,997.0,212.0,2.6,5.0,9.7,72.0,204.0,330.0,345.0,-419.0,1.0
3968500,2729500.0,7.0,1.0,11.0,19.9,996.0,212.0,3.0,7.0,8.9,62.0,55.0,357.0,353.0,-429.0,1.0
3968500,2729500.0,7.0,1.0,12.0,20.2,996.0,202.0,4.4,6.0,8.8,59.0,143.0,410.0,363.0,-435.0,1.0
3968500,2729500.0,7.0,1.0,13.0,20.9,996.0,195.0,3.5,5.0,9.0,58.0,270.0,406.0,361.0,-432.0,1.0
3968500,2729500.0,7.0,1.0,14.0,21.6,996.0,217.0,3.9,6.0,8.7,54.0,184.0,405.0,366.0,-424.0,1.0
3968500,2729500.0,7.0,1.0,15.0,21.3,995.0,202.0,3.0,6.0,8.1,50.0,135.0,370.0,371.0,-419.0,1.0
3968500,2729500.0,7.0,1.0,16.0,22.4,995.0,237.0,2.6,6.0,7.8,47.0,193.0,317.0,373.0,-421.0,1.0
3968500,2729500.0,7.0,1.0,17.0,21.7,995.0,200.0,2.9,5.0,7.6,45.0,218.0,242.0,370.0,-423.0,1.0
3968500,2729500.0,7.0,1.0,18.0,21.0,994.0,268.0,1.8,6.0,7.6,47.0,59.0,186.0,368.0,-423.0,1.0
3968500,2729500.0,7.0,1.0,19.0,20.0,994.0,266.0,2.6,6.0,7.6,50.0,28.0,112.0,368.0,-423.0,1.0
3968500,2729500.0,7.0,1.0,20.0,18.9,994.0,270.0,2.0,7.0,7.8,54.0,10.0,51.0,368.0,-420.0,1.0
3968500,2729500.0,7.0,1.0,21.0,17.5,994.0,26.0,0.4,7.0,8.1,61.0,0.0,7.0,368.0,-415.0,1.0
3968500,2729500.0,7.0,1.0,22.0,16.5,995.0,186.0,2.0,8.0,8.7,71.0,0.0,0.0,369.0,-409.0,1.0
3968500,2729500.0,7.0,1.0,23.0,15.7,995.0,179.0,1.9,8.0,9.5,81.0,0.0,0.0,371.0,-405.0,1.0
3968500,2729500.0,7.0,1.0,24.0,15.0,995.0,176.0,1.7,8.0,9.7,87.0,0.0,0.0,370.0,-403.0,1.0
3968500,2729500.0,7.0,2.0,1.0,14.9,995.0,173.0,1.6,8.0,9.6,89.0,0.0,0.0,370.0,-401.0,1.0
3968500,2729500.0,7.0,2.0,2.0,14.0,995.0,78.0,0.9,6.0,9.4,89.0,0.0,0.0,361.0,-397.0,1.0
3968500,2729500.0,7.0,2.0,3.0,13.3,995.0,167.0,1.2,5.0,9.1,91.0,0.0,0.0,347.0,-394.0,1.0
3968500,2729500.0,7.0,2.0,4.0,13.7,995.0,152.0,1.0,6.0,9.1,92.0,0.0,0.0,347.0,-394.0,1.0
3968500,2729500.0,7.0,2.0,5.0,13.5,994.0,151.0,1.2,6.0,9.2,92.0,0.0,12.0,351.0,-394.0,1.0
3968500,2729500.0,7.0,2.0,6.0,13.6,994.0,177.0,2.0,6.0,9.2,93.0,6.0,50.0,350.0,-393.0,1.0
3968500,2729500.0,7.0,2.0,7.0,14.6,994.0,178.0,1.5,4.0,9.7,94.0,65.0,124.0,344.0,-395.0,1.0
3968500,2729500.0,7.0,2.0,8.0,16.5,994.0,173.0,1.6,3.0,10.0,89.0,263.0,141.0,335.0,-399.0,1.0
3968500,2729500.0,7.0,2.0,9.0,18.1,994.0,197.0,1.8,5.0,10.1,80.0,275.0,223.0,345.0,-404.0,1.0
3968500,2729500.0,7.0,2.0,10.0,19.7,994.0,201.0,2.5,4.0,10.2,73.0,310.0,285.0,356.0,-413.0,1.0
3968500,2729500.0,7.0,2.0,11.0,20.8,994.0,274.0,2.4,4.0,10.0,66.0,263.0,358.0,358.0,-429.0,1.0
3968500,2729500.0,7.0,2.0,12.0,22.4,994.0,321.0,3.0,4.0,9.7,59.0,405.0,338.0,363.0,-436.0,1.0
3968500,2729500.0,7.0,2.0,13.0,23.0,994.0,162.0,2.2,5.0,9.5,54.0,219.0,407.0,369.0,-435.0,1.0
3968500,2729500.0,7.0,2.0,14.0,22.7,994.0,265.0,2.5,7.0,9.2,52.0,55.0,362.0,378.0,-438.0,1.0
3968500,2729500.0,7.0,2.0,15.0,23.6,994.0,263.0,2.2,5.0,9.2,51.0,75.0,344.0,378.0,-436.0,1.0
3968500,2729500.0,7.0,2.0,16.0,23.0,993.0,291.0,2.2,6.0,9.5,52.0,61.0,298.0,375.0,-441.0,1.0
3968500,2729500.0,7.0,2.0,17.0,24.3,993.0,297.0,2.1,6.0,9.9,53.0,112.0,252.0,379.0,-448.0,1.0
3968500,2729500.0,7.0,2.0,18.0,23.7,993.0,359.0,2.4,5.0,10.2,53.0,78.0,185.0,376.0,-446.0,1.0
3968500,2729500.0,7.0,2.0,19.0,22.7,993.0,30.0,1.6,5.0,10.3,57.0,65.0,117.0,370.0,-438.0,1.0
3968500,2729500.0,7.0,2.0,20.0,22.3,993.0,42.0,2.5,4.0,10.5,60.0,36.0,55.0,364.0,-429.0,1.0
3968500,2729500.0,7.0,2.0,21.0,21.1,993.0,40.0,1.4,4.0,10.9,66.0,0.0,10.0,357.0,-418.0,1.0
3968500,2729500.0,7.0,2.0,22.0,18.5,992.0,242.0,1.6,2.0,11.3,76.0,0.0,0.0,343.0,-406.0,1.0
3968500,2729500.0,7.0,2.0,23.0,16.8,993.0,360.0,1.4,2.0,11.2,86.0,0.0,0.0,329.0,-398.0,1.0
3968500,2729500.0,7.0,2.0,24.0,15.6,993.0,31.0,1.1,1.0,11.0,93.0,0.0,0.0,320.0,-392.0,1.0
3968500,2729500.0,7.0,3.0,1.0,14.8,993.0,31.0,1.4,1.0,10.7,97.0,0.0,0.0,313.0,-389.0,1.0
3968500,2729500.0,7.0,3.0,2.0,13.9,993.0,352.0,0.0,1.0,10.4,99.0,0.0,0.0,308.0,-386.0,1.0
3968500,2729500.0,7.0,3.0,3.0,13.3,993.0,20.0,0.2,1.0,10.0,100.0,0.0,0.0,304.0,-382.0,1.0
3968500,2729500.0,7.0,3.0,4.0,12.0,992.0,7.0,0.4,1.0,9.4,100.0,0.0,0.0,300.0,-378.0,1.0
3968500,2729500.0,7.0,3.0,5.0,12.5,992.0,256.0,0.3,1.0,9.0,99.0,0.0,10.0,297.0,-377.0,1.0
3968500,2729500.0,7.0,3.0,6.0,13.9,992.0,29.0,0.1,1.0,9.4,97.0,45.0,63.0,298.0,-381.0,1.0
3968500,2729500.0,7.0,3.0,7.0,16.2,992.0,229.0,1.3,1.0,10.1,92.0,142.0,111.0,303.0,-390.0,1.0
3968500,2729500.0,7.0,3.0,8.0,19.4,991.0,147.0,1.3,1.0,10.7,82.0,270.0,143.0,312.0,-403.0,1.0
3968500,2729500.0,7.0,3.0,9.0,21.6,990.0,198.0,1.0,1.0,10.8,70.0,391.0,171.0,323.0,-419.0,1.0
3968500,2729500.0,7.0,3.0,10.0,24.5,991.0,172.0,2.6,2.0,10.8,60.0,505.0,191.0,338.0,-433.0,1.0
3968500,2729500.0,7.0,3.0,11.0,26.3,990.0,174.0,3.2,2.0,10.2,49.0,598.0,202.0,350.0,-447.0,1.0
3968500,2729500.0,7.0,3.0,12.0,28.6,989.0,160.0,4.5,3.0,9.6,41.0,663.0,204.0,360.0,-467.0,1.0
3968500,2729500.0,7.0,3.0,13.0,29.6,988.0,171.0,4.8,3.0,10.0,39.0,673.0,210.0,372.0,-483.0,1.0
3968500,2729500.0,7.0,3.0,14.0,29.9,987.0,193.0,4.5,4.0,9.7,36.0,598.0,237.0,378.0,-492.0,1.0
3968500,2729500.0,7.0,3.0,15.0,30.9,986.0,193.0,5.2,2.0,8.9,32.0,592.0,196.0,377.0,-497.0,1.0
3968500,2729500.0,7.0,3.0,16.0,31.0,986.0,195.0,4.8,3.0,8.8,31.0,348.0,262.0,377.0,-499.0,1.0
3968500,2729500.0,7.0,3.0,17.0,30.9,986.0,182.0,4.3,4.0,9.1,32.0,392.0,159.0,382.0,-496.0,1.0
3968500,2729500.0,7.0,3.0,18.0,29.6,985.0,204.0,3.8,5.0,9.4,34.0,119.0,185.0,385.0,-488.0,1.0
3968500,2729500.0,7.0,3.0,19.0,29.0,985.0,217.0,2.3,5.0,10.7,41.0,9.0,96.0,387.0,-478.0,1.0
3968500,2729500.0,7.0,3.0,20.0,27.6,985.0,332.0,3.5,5.0,12.5,50.0,0.0,38.0,387.0,-465.0,1.0
3968500,2729500.0,7.0,3.0,21.0,25.0,986.0,322.0,1.6,4.0,13.3,60.0,0.0,8.0,380.0,-453.0,1.0
3968500,2729500.0,7.0,3.0,22.0,23.7,987.0,326.0,2.0,4.0,13.4,68.0,0.0,0.0,372.0,-443.0,1.0
3968500,2729500.0,7.0,3.0,23.0,23.0,988.0,216.0,1.9,4.0,12.8,69.0,0.0,0.0,368.0,-434.0,1.0
3968500,2729500.0,7.0,3.0,24.0,22.0,989.0,23.0,2.2,4.0,12.3,70.0,0.0,0.0,365.0,-427.0,1.0
3968500,2729500.0,7.0,4.0,1.0,20.0,989.0,26.0,1.9,1.0,12.2,76.0,0.0,0.0,350.0,-420.0,1.0
3968500,2729500.0,7.0,4.0,2.0,18.5,988.0,11.0,0.8,0.0,12.0,83.0,0.0,0.0,331.0,-414.0,1.0
3968500,2729500.0,7.0,4.0,3.0,17.9,989.0,314.0,1.1,0.0,11.8,88.0,0.0,0.0,324.0,-407.0,1.0
3968500,2729500.0,7.0,4.0,4.0,16.7,989.0,331.0,1.0,2.0,11.4,90.0,0.0,0.0,326.0,-402.0,1.0
3968500,2729500.0,7.0,4.0,5.0,17.0,989.0,286.0,1.2,5.0,11.3,91.0,0.0,1.0,339.0,-398.0,1.0
3968500,2729500.0,7.0,4.0,6.0,17.0,989.0,45.0,2.0,6.0,11.3,91.0,0.0,28.0,351.0,-398.0,1.0
3968500,2729500.0,7.0,4.0,7.0,18.3,989.0,3.0,1.1,7.0,11.7,90.0,5.0,96.0,358.0,-404.0,1.0
3968500,2729500.0,7.0,4.0,8.0,20.3,989.0,50.0,0.8,6.0,12.1,84.0,18.0,178.0,362.0,-417.0,1.0
3968500,2729500.0,7.0,4.0,9.0,21.0,990.0,39.0,0.6,6.0,11.6,74.0,1.0,176.0,362.0,-433.0,1.0
3968500,2729500.0,7.0,4.0,10.0,21.6,991.0,75.0,1.3,7.0,10.7,66.0,0.0,195.0,365.0,-448.0,1.0
3968500,2729500.0,7.0,4.0,11.0,23.1,990.0,124.0,1.7,7.0,10.9,63.0,79.0,370.0,373.0,-463.0,1.0
3968500,2729500.0,7.0,4.0,12.0,24.1,990.0,158.0,2.0,6.0,11.7,62.0,162.0,413.0,380.0,-474.0,1.0
3968500,2729500.0,7.0,4.0,13.0,25.7,990.0,294.0,2.3,5.0,11.6,57.0,375.0,373.0,382.0,-483.0,1.0
3968500,2729500.0,7.0,4.0,14.0,26.8,989.0,226.0,1.6,5.0,11.6,53.0,521.0,288.0,387.0,-492.0,1.0
3968500,2729500.0,7.0,4.0,15.0,27.1,988.0,1.0,1.6,4.0,12.1,53.0,503.0,253.0,389.0,-496.0,1.0
3968500,2729500.0,7.0,4.0,16.0,27.8,988.0,175.0,2.0,5.0,12.2,52.0,256.0,303.0,390.0,-490.0,1.0
3968500,2729500.0,7.0,4.0,17.0,27.5,988.0,177.0,2.2,4.0,12.5,52.0,221.0,242.0,390.0,-484.0,1.0
3968500,2729500.0,7.0,4.0,18.0,27.0,987.0,115.0,2.4,3.0,12.4,53.0,170.0,175.0,380.0,-478.0,1.0
3968500,2729500.0,7.0,4.0,19.0,26.4,987.0,94.0,2.5,3.0,12.6,56.0,102.0,114.0,376.0,-467.0,1.0
3968500,2729500.0,7.0,4.0,20.0,25.1,987.0,88.0,2.3,5.0,13.2,62.0,31.0,56.0,380.0,-457.0,1.0
3968500,2729500.0,7.0,4.0,21.0,23.9,987.0,104.0,1.9,5.0,13.1,66.0,0.0,7.0,383.0,-446.0,1.0
3968500,2729500.0,7.0,4.0,22.0,22.3,987.0,66.0,1.8,3.0,13.3,72.0,0.0,0.0,372.0,-438.0,1.0
3968500,2729500.0,7.0,4.0,23.0,21.4,987.0,85.0,1.8,2.0,13.5,80.0,0.0,0.0,357.0,-433.0,1.0
3968500,2729500.0,7.0,4.0,24.0,21.4,986.0,43.0,2.1,1.0,13.5,82.0,0.0,0.0,347.0,-432.0,1.0
3968500,2729500.0,7.0,5.0,1.0,21.2,986.0,6.0,0.8,3.0,13.5,82.0,0.0,0.0,350.0,-433.0,1.0
3968500,2729500.0,7.0,5.0,2.0,20.1,985.0,3.0,2.7,5.0,13.6,86.0,0.0,0.0,363.0,-433.0,1.0
3968500,2729500.0,7.0,5.0,3.0,19.5,985.0,160.0,0.8,8.0,13.6,91.0,0.0,0.0,380.0,-429.0,1.0
3968500,2729500.0,7.0,5.0,4.0,19.4,985.0,332.0,2.3,8.0,13.5,92.0,0.0,0.0,390.0,-424.0,1.0
3968500,2729500.0,7.0,5.0,5.0,18.9,985.0,109.0,2.0,7.0,13.2,92.0,3.0,11.0,384.0,-422.0,1.0
3968500,2729500.0,7.0,5.0,6.0,18.9,985.0,6.0,2.0,5.0,13.3,94.0,48.0,57.0,373.0,-421.0,1.0
3968500,2729500.0,7.0,5.0,7.0,20.9,984.0,315.0,1.7,3.0,13.9,92.0,132.0,101.0,362.0,-422.0,1.0
3968500,2729500.0,7.0,5.0,8.0,22.2,984.0,175.0,2.1,2.0,14.1,84.0,254.0,133.0,358.0,-426.0,1.0
3968500,2729500.0,7.0,5.0,9.0,24.3,984.0,189.0,2.1,3.0,14.1,76.0,341.0,178.0,363.0,-434.0,1.0
3968500,2729500.0,7.0,5.0,10.0,26.4,984.0,190.0,3.6,2.0,13.6,65.0,531.0,150.0,371.0,-444.0,1.0
3968500,2729500.0,7.0,5.0,11.0,27.5,984.0,203.0,5.1,1.0,13.5,58.0,657.0,139.0,373.0,-455.0,1.0
3968500,2729500.0,7.0,5.0,12.0,28.9,984.0,212.0,4.7,2.0,13.3,54.0,714.0,142.0,380.0,-463.0,1.0
3968500,2729500.0,7.0,5.0,13.0,29.3,984.0,223.0,4.7,3.0,12.4,47.0,710.0,158.0,391.0,-466.0,1.0
3968500,2729500.0,7.0,5.0,14.0,29.1,985.0,222.0,3.5,5.0,11.8,45.0,415.0,310.0,401.0,-471.0,1.0
3968500,2729500.0,7.0,5.0,15.0,29.5,985.0,299.0,4.0,5.0,12.1,46.0,217.0,344.0,408.0,-477.0,1.0
3968500,2729500.0,7.0,5.0,16.0,28.8,985.0,286.0,3.9,5.0,11.6,44.0,242.0,284.0,406.0,-471.0,1.0
3968500,2729500.0,7.0,5.0,17.0,28.4,986.0,282.0,5.5,5.0,10.9,43.0,147.0,241.0,401.0,-463.0,1.0
3968500,2729500.0,7.0,5.0,18.0,27.6,986.0,270.0,4.3,3.0,10.8,44.0,117.0,175.0,390.0,-459.0,1.0
3968500,2729500.0,7.0,5.0,19.0,24.7,986.0,334.0,3.9,4.0,11.4,52.0,46.0,111.0,380.0,-452.0,1.0
3968500,2729500.0,7.0,5.0,20.0,23.0,986.0,14.0,1.6,3.0,12.2,64.0,24.0,51.0,371.0,-445.0,1.0
3968500,2729500.0,7.0,5.0,21.0,21.2,987.0,21.0,1.2,5.0,11.9,69.0,0.0,6.0,367.0,-438.0,1.0
3968500,2729500.0,7.0,5.0,22.0,19.8,988.0,1.0,2.1,5.0,11.2,72.0,0.0,0.0,365.0,-431.0,1.0
3968500,2729500.0,7.0,5.0,23.0,18.6,987.0,332.0,1.4,5.0,10.6,74.0,0.0,0.0,358.0,-427.0,1.0
3968500,2729500.0,7.0,5.0,24.0,17.9,988.0,331.0,0.7,7.0,10.3,76.0,0.0,0.0,361.0,-423.0,1.0
3968500,2729500.0,7.0,6.0,1.0,17.9,988.0,147.0,2.9,8.0,10.1,77.0,0.0,0.0,373.0,-422.0,1.0
3968500,2729500.0,7.0,6.0,2.0,16.9,989.0,26.0,0.0,8.0,10.5,82.0,0.0,0.0,375.0,-419.0,1.0
3968500,2729500.0,7.0,6.0,3.0,16.2,989.0,117.0,1.0,8.0,10.9,90.0,0.0,0.0,374.0,-415.0,1.0
3968500,2729500.0,7.0,6.0,4.0,16.0,989.0,69.0,1.4,8.0,11.0,94.0,0.0,0.0,374.0,-412.0,1.0
3968500,2729500.0,7.0,6.0,5.0,15.6,989.0,20.0,1.4,8.0,11.1,96.0,0.0,5.0,374.0,-410.0,1.0
3968500,2729500.0,7.0,6.0,6.0,16.0,989.0,351.0,0.8,7.0,11.0,96.0,0.0,36.0,370.0,-409.0,1.0
3968500,2729500.0,7.0,6.0,7.0,16.8,989.0,331.0,1.4,4.0,11.0,92.0,59.0,124.0,355.0,-408.0,1.0
3968500,2729500.0,7.0,6.0,8.0,18.6,989.0,347.0,1.0,4.0,11.0,84.0,84.0,198.0,346.0,-407.0,1.0
3968500,2729500.0,7.0,6.0,9.0,18.5,989.0,346.0,1.6,6.0,10.5,76.0,51.0,262.0,358.0,-408.0,1.0
3968500,2729500.0,7.0,6.0,10.0,19.5,989.0,350.0,1.5,6.0,10.0,71.0,24.0,291.0,369.0,-415.0,1.0
3968500,2729500.0,7.0,6.0,11.0,19.3,989.0,350.0,1.7,7.0,9.9,68.0,1.0,251.0,377.0,-421.0,1.0
3968500,2729500.0,7.0,6.0,12.0,18.0,990.0,326.0,1.1,8.0,10.6,77.0,0.0,132.0,384.0,-425.0,1.0
3968500,2729500.0,7.0,6.0,13.0,17.8,990.0,326.0,2.5,7.0,11.6,88.0,0.0,164.0,384.0,-428.0,1.0
3968500,2729500.0,7.0,6.0,14.0,18.4,990.0,314.0,2.3,7.0,11.8,88.0,0.0,239.0,380.0,-426.0,1.0
3968500,2729500.0,7.0,6.0,15.0,18.1,990.0,311.0,1.6,7.0,11.7,87.0,0.0,167.0,379.0,-431.0,1.0
3968500,2729500.0,7.0,6.0,16.0,17.8,991.0,1.0,1.9,7.0,11.6,88.0,0.0,130.0,376.0,-439.0,1.0
3968500,2729500.0,7.0,6.0,17.0,17.4,991.0,359.0,1.2,8.0,11.6,90.0,0.0,79.0,376.0,-440.0,1.0
3968500,2729500.0,7.0,6.0,18.0,16.8,991.0,61.0,1.4,8.0,11.5,92.0,0.0,55.0,378.0,-438.0,1.0
3968500,2729500.0,7.0,6.0,19.0,16.4,991.0,5.0,3.1,6.0,11.2,93.0,0.0,67.0,369.0,-430.0,1.0
3968500,2729500.0,7.0,6.0,20.0,15.9,991.0,353.0,3.1,8.0,11.0,93.0,0.0,20.0,367.0,-419.0,1.0
3968500,2729500.0,7.0,6.0,21.0,15.6,992.0,342.0,2.6,8.0,10.8,94.0,0.0,3.0,372.0,-410.0,1.0
3968500,2729500.0,7.0,6.0,22.0,15.6,993.0,359.0,1.8,8.0,10.8,95.0,0.0,0.0,371.0,-406.0,1.0
3968500,2729500.0,7.0,6.0,23.0,15.6,993.0,355.0,2.1,8.0,10.8,95.0,0.0,0.0,371.0,-406.0,1.0
3968500,2729500.0,7.0,6.0,24.0,15.6,994.0,356.0,3.0,8.0,10.7,94.0,0.0,0.0,372.0,-406.0,1.0
3968500,2729500.0,7.0,7.0,1.0,15.6,994.0,351.0,2.2,7.0,10.7,95.0,0.0,0.0,369.0,-402.0,1.0
3968500,2729500.0,7.0,7.0,2.0,15.6,994.0,15.0,2.0,7.0,10.8,96.0,0.0,0.0,365.0,-399.0,1.0
3968500,2729500.0,7.0,7.0,3.0,15.3,994.0,347.0,1.9,8.0,10.8,96.0,0.0,0.0,369.0,-397.0,1.0
3968500,2729500.0,7.0,7.0,4.0,15.3,995.0,352.0,1.9,8.0,10.7,96.0,0.0,0.0,373.0,-395.0,1.0
3968500,2729500.0,7.0,7.0,5.0,15.2,995.0,327.0,2.0,8.0,10.6,96.0,0.0,1.0,374.0,-395.0,1.0
3968500,2729500.0,7.0,7.0,6.0,15.1,996.0,12.0,1.8,8.0,10.5,96.0,0.0,14.0,373.0,-396.0,1.0
3968500,2729500.0,7.0,7.0,7.0,15.5,996.0,84.0,1.5,8.0,10.4,94.0,0.0,42.0,373.0,-398.0,1.0
3968500,2729500.0,7.0,7.0,8.0,15.4,997.0,355.0,1.4,8.0,10.3,92.0,0.0,63.0,375.0,-405.0,1.0
3968500,2729500.0,7.0,7.0,9.0,15.5,997.0,350.0,2.2,8.0,10.1,90.0,0.0,123.0,374.0,-409.0,1.0
3968500,2729500.0,7.0,7.0,10.0,16.2,998.0,2.0,2.4,7.0,9.8,85.0,7.0,252.0,372.0,-412.0,1.0
3968500,2729500.0,7.0,7.0,11.0,18.3,998.0,17.0,3.2,5.0,9.7,78.0,75.0,362.0,366.0,-417.0,1.0
3968500,2729500.0,7.0,7.0,12.0,18.2,999.0,17.0,2.4,6.0,9.7,73.0,63.0,371.0,367.0,-423.0,1.0
3968500,2729500.0,7.0,7.0,13.0,20.3,999.0,10.0,2.7,6.0,9.7,68.0,237.0,397.0,374.0,-434.0,1.0
3968500,2729500.0,7.0,7.0,14.0,21.7,999.0,5.0,3.4,6.0,9.6,61.0,236.0,385.0,379.0,-440.0,1.0
3968500,2729500.0,7.0,7.0,15.0,22.6,999.0,22.0,2.9,5.0,9.5,56.0,246.0,346.0,378.0,-442.0,1.0
3968500,2729500.0,7.0,7.0,16.0,22.7,999.0,10.0,3.0,4.0,9.4,54.0,252.0,292.0,372.0,-440.0,1.0
3968500,2729500.0,7.0,7.0,17.0,21.8,999.0,17.0,3.1,5.0,9.5,56.0,129.0,249.0,367.0,-437.0,1.0
3968500,2729500.0,7.0,7.0,18.0,21.9,999.0,345.0,2.0,6.0,9.5,57.0,17.0,158.0,370.0,-433.0,1.0
3968500,2729500.0,7.0,7.0,19.0,20.8,999.0,328.0,1.9,7.0,9.5,59.0,0.0,66.0,373.0,-425.0,1.0
3968500,2729500.0,7.0,7.0,20.0,20.0,999.0,340.0,1.5,4.0,9.9,65.0,3.0,43.0,363.0,-418.0,1.0
3968500,2729500.0,7.0,7.0,21.0,18.5,1000.0,1.0,2.6,3.0,9.9,70.0,0.0,3.0,344.0,-411.0,1.0
3968500,2729500.0,7.0,7.0,22.0,16.9,1001.0,9.0,1.6,3.0,9.8,76.0,0.0,0.0,333.0,-405.0,1.0
3968500,2729500.0,7.0,7.0,23.0,16.3,1001.0,328.0,1.0,4.0,9.8,82.0,0.0,0.0,331.0,-401.0,1.0
3968500,2729500.0,7.0,7.0,24.0,15.3,1002.0,332.0,1.2,3.0,9.9,87.0,0.0,0.0,328.0,-399.0,1.0
3968500,2729500.0,7.0,8.0,1.0,14.3,1002.0,354.0,0.7,6.0,9.9,93.0,0.0,0.0,331.0,-396.0,1.0
3968500,2729500.0,7.0,8.0,2.0,13.3,1002.0,346.0,0.9,5.0,9.7,97.0,0.0,0.0,334.0,-393.0,1.0
3968500,2729500.0,7.0,8.0,3.0,12.8,1002.0,357.0,1.1,5.0,9.4,99.0,0.0,0.0,327.0,-387.0,1.0
3968500,2729500.0,7.0,8.0,4.0,13.2,1003.0,356.0,1.0,5.0,9.5,100.0,0.0,0.0,327.0,-380.0,1.0
3968500,2729500.0,7.0,8.0,5.0,13.0,1003.0,1.0,0.5,5.0,9.4,99.0,0.0,5.0,326.0,-374.0,1.0
3968500,2729500.0,7.0,8.0,6.0,13.2,1003.0,2.0,0.7,5.0,9.3,97.0,17.0,48.0,327.0,-373.0,1.0
3968500,2729500.0,7.0,8.0,7.0,15.1,1003.0,356.0,0.7,5.0,9.6,94.0,40.0,109.0,331.0,-376.0,1.0
3968500,2729500.0,7.0,8.0,8.0,16.0,1004.0,352.0,1.0,4.0,10.1,90.0,118.0,167.0,332.0,-382.0,1.0
3968500,2729500.0,7.0,8.0,9.0,18.3,1004.0,9.0,2.4,4.0,10.6,85.0,197.0,216.0,333.0,-392.0,1.0
3968500,2729500.0,7.0,8.0,10.0,19.6,1004.0,23.0,3.3,6.0,10.6,76.0,143.0,295.0,347.0,-402.0,1.0
3968500,2729500.0,7.0,8.0,11.0,19.8,1004.0,1.0,3.2,7.0,10.0,69.0,6.0,269.0,362.0,-413.0,1.0
3968500,2729500.0,7.0,8.0,12.0,19.6,1004.0,1.0,4.0,7.0,10.0,69.0,46.0,339.0,368.0,-422.0,1.0
3968500,2729500.0,7.0,8.0,13.0,20.3,1004.0,28.0,3.2,4.0,10.3,70.0,468.0,255.0,358.0,-429.0,1.0
3968500,2729500.0,7.0,8.0,14.0,21.1,1004.0,9.0,4.3,5.0,9.7,63.0,149.0,345.0,352.0,-434.0,1.0
3968500,2729500.0,7.0,8.0,15.0,20.2,1003.0,358.0,3.6,7.0,9.6,62.0,14.0,261.0,364.0,-438.0,1.0
3968500,2729500.0,7.0,8.0,16.0,21.5,1003.0,13.0,5.1,5.0,9.6,61.0,206.0,258.0,365.0,-440.0,1.0
3968500,2729500.0,7.0,8.0,17.0,22.1,1003.0,355.0,4.1,3.0,9.7,59.0,470.0,61.0,351.0,-439.0,1.0
3968500,2729500.0,7.0,8.0,18.0,22.0,1003.0,46.0,3.4,3.0,9.4,56.0,361.0,74.0,344.0,-434.0,1.0
3968500,2729500.0,7.0,8.0,19.0,21.1,1003.0,25.0,3.3,2.0,8.6,53.0,187.0,54.0,336.0,-428.0,1.0
3968500,2729500.0,7.0,8.0,20.0,19.7,1003.0,24.0,3.7,1.0,8.5,56.0,59.0,41.0,323.0,-420.0,1.0
3968500,2729500.0,7.0,8.0,21.0,17.6,1004.0,16.0,2.2,1.0,8.4,62.0,1.0,9.0,312.0,-410.0,1.0
3968500,2729500.0,7.0,8.0,22.0,16.5,1004.0,23.0,2.3,2.0,8.3,68.0,0.0,0.0,308.0,-401.0,1.0
3968500,2729500.0,7.0,8.0,23.0,16.7,1005.0,19.0,2.6,2.0,8.1,68.0,0.0,0.0,310.0,-394.0,1.0
3968500,2729500.0,7.0,8.0,24.0,16.7,1005.0,38.0,2.6,1.0,7.8,65.0,0.0,0.0,304.0,-388.0,1.0
3968500,2729500.0,7.0,9.0,1.0,14.8,1005.0,47.0,2.3,1.0,7.8,69.0,0.0,0.0,296.0,-383.0,1.0
3968500,2729500.0,7.0,9.0,2.0,14.0,1005.0,29.0,2.0,0.0,7.9,76.0,0.0,0.0,287.0,-379.0,1.0
3968500,2729500.0,7.0,9.0,3.0,12.7,1005.0,32.0,3.0,0.0,7.9,82.0,0.0,0.0,280.0,-375.0,1.0
3968500,2729500.0,7.0,9.0,4.0,12.8,1004.0,24.0,2.4,0.0,7.8,84.0,0.0,0.0,277.0,-371.0,1.0
3968500,2729500.0,7.0,9.0,5.0,12.7,1004.0,11.0,2.6,2.0,7.5,81.0,0.0,8.0,284.0,-369.0,1.0
3968500,2729500.0,7.0,9.0,6.0,13.8,1005.0,357.0,2.5,2.0,7.5,78.0,52.0,49.0,293.0,-369.0,1.0
3968500,2729500.0,7.0,9.0,7.0,15.1,1005.0,4.0,1.9,4.0,7.9,76.0,99.0,99.0,307.0,-374.0,1.0
3968500,2729500.0,7.0,9.0,8.0,16.3,1005.0,10.0,2.6,3.0,8.5,75.0,254.0,113.0,317.0,-384.0,1.0
3968500,2729500.0,7.0,9.0,9.0,17.4,1005.0,18.0,3.1,3.0,8.9,73.0,462.0,82.0,318.0,-398.0,1.0
3968500,2729500.0,7.0,9.0,10.0,19.4,1005.0,34.0,3.9,3.0,8.9,67.0,519.0,126.0,324.0,-410.0,1.0
3968500,2729500.0,7.0,9.0,11.0,19.6,1004.0,30.0,4.0,5.0,8.8,62.0,138.0,337.0,337.0,-422.0,1.0
3968500,2729500.0,7.0,9.0,12.0,20.0,1004.0,33.0,3.4,5.0,9.2,63.0,146.0,354.0,347.0,-432.0,1.0
3968500,2729500.0,7.0,9.0,13.0,21.0,1004.0,75.0,4.1,6.0,9.6,63.0,41.0,327.0,353.0,-440.0,1.0
3968500,2729500.0,7.0,9.0,14.0,21.4,1004.0,65.0,4.2,8.0,9.2,58.0,7.0,261.0,364.0,-445.0,1.0
3968500,2729500.0,7.0,9.0,15.0,21.1,1003.0,68.0,4.6,6.0,8.8,55.0,128.0,313.0,359.0,-447.0,1.0
3968500,2729500.0,7.0,9.0,16.0,22.0,1003.0,36.0,3.6,5.0,9.0,55.0,145.0,269.0,346.0,-445.0,1.0
3968500,2729500.0,7.0,9.0,17.0,22.6,1003.0,35.0,4.3,5.0,9.1,53.0,167.0,209.0,344.0,-442.0,1.0
3968500,2729500.0,7.0,9.0,18.0,22.8,1002.0,58.0,4.5,4.0,8.7,50.0,255.0,104.0,341.0,-437.0,1.0
3968500,2729500.0,7.0,9.0,19.0,22.8,1002.0,46.0,5.2,4.0,8.3,47.0,88.0,96.0,337.0,-428.0,1.0
3968500,2729500.0,7.0,9.0,20.0,21.9,1002.0,49.0,4.2,5.0,7.6,44.0,0.0,32.0,336.0,-419.0,1.0
3968500,2729500.0,7.0,9.0,21.0,21.1,1002.0,30.0,3.3,6.0,7.4,46.0,0.0,1.0,338.0,-410.0,1.0
3968500,2729500.0,7.0,9.0,22.0,19.4,1002.0,30.0,3.5,4.0,7.4,49.0,0.0,0.0,332.0,-402.0,1.0
3968500,2729500.0,7.0,9.0,23.0,17.5,1002.0,19.0,3.9,4.0,7.0,52.0,0.0,0.0,319.0,-396.0,1.0
3968500,2729500.0,7.0,9.0,24.0,17.0,1002.0,27.0,3.2,4.0,6.7,54.0,0.0,0.0,315.0,-391.0,1.0
3968500,2729500.0,7.0,10.0,1.0,15.8,1002.0,29.0,3.3,4.0,6.8,58.0,0.0,0.0,312.0,-386.0,1.0
3968500,2729500.0,7.0,10.0,2.0,15.6,1001.0,31.0,2.8,3.0,7.0,63.0,0.0,0.0,308.0,-381.0,1.0
3968500,2729500.0,7.0,10.0,3.0,15.5,1001.0,18.0,3.1,5.0,7.4,66.0,0.0,0.0,311.0,-378.0,1.0
3968500,2729500.0,7.0,10.0,4.0,15.1,1001.0,20.0,3.5,7.0,7.8,71.0,0.0,0.0,326.0,-379.0,1.0
3968500,2729500.0,7.0,10.0,5.0,15.6,1000.0,20.0,3.2,7.0,8.0,72.0,0.0,7.0,334.0,-380.0,1.0
3968500,2729500.0,7.0,10.0,6.0,15.6,1001.0,23.0,3.0,6.0,8.3,74.0,4.0,41.0,330.0,-379.0,1.0
3968500,2729500.0,7.0,10.0,7.0,16.6,1000.0,28.0,2.9,5.0,8.6,74.0,39.0,107.0,323.0,-378.0,1.0
3968500,2729500.0,7.0,10.0,8.0,17.9,1000.0,28.0,3.4,5.0,8.9,71.0,75.0,174.0,323.0,-380.0,1.0
3968500,2729500.0,7.0,10.0,9.0,19.1,1000.0,28.0,3.2,5.0,9.3,68.0,134.0,236.0,329.0,-390.0,1.0
3968500,2729500.0,7.0,10.0,10.0,20.3,999.0,45.0,4.0,5.0,9.7,66.0,276.0,255.0,336.0,-403.0,1.0
3968500,2729500.0,7.0,10.0,11.0,21.7,999.0,38.0,3.8,6.0,10.1,64.0,280.0,303.0,346.0,-415.0,1.0
3968500,2729500.0,7.0,10.0,12.0,24.0,998.0,39.0,5.0,4.0,10.7,61.0,693.0,116.0,353.0,-430.0,1.0
3968500,2729500.0,7.0,10.0,13.0,25.7,998.0,64.0,5.8,5.0,10.9,54.0,527.0,230.0,358.0,-443.0,1.0
3968500,2729500.0,7.0,10.0,14.0,26.2,998.0,83.0,6.0,5.0,10.6,50.0,236.0,332.0,366.0,-449.0,1.0
3968500,2729500.0,7.0,10.0,15.0,25.7,997.0,53.0,5.9,6.0,10.7,50.0,66.0,296.0,370.0,-449.0,1.0
3968500,2729500.0,7.0,10.0,16.0,26.4,997.0,38.0,5.3,5.0,11.1,52.0,137.0,265.0,374.0,-440.0,1.0
3968500,2729500.0,7.0,10.0,17.0,26.7,997.0,60.0,6.0,3.0,11.1,50.0,336.0,144.0,369.0,-434.0,1.0
3968500,2729500.0,7.0,10.0,18.0,25.6,996.0,58.0,5.4,3.0,10.9,50.0,241.0,110.0,361.0,-434.0,1.0
3968500,2729500.0,7.0,10.0,19.0,25.5,996.0,52.0,4.4,3.0,10.9,52.0,92.0,93.0,359.0,-432.0,1.0
3968500,2729500.0,7.0,10.0,20.0,24.9,996.0,69.0,3.5,5.0,10.8,53.0,33.0,45.0,364.0,-427.0,1.0
3968500,2729500.0,7.0,10.0,21.0,23.8,996.0,36.0,2.5,4.0,10.6,55.0,0.0,6.0,364.0,-422.0,1.0
3968500,2729500.0,7.0,10.0,22.0,22.4,997.0,35.0,2.0,2.0,10.4,58.0,0.0,0.0,346.0,-417.0,1.0
3968500,2729500.0,7.0,10.0,23.0,21.9,996.0,47.0,2.0,2.0,10.2,60.0,0.0,0.0,332.0,-411.0,1.0
3968500,2729500.0,7.0,10.0,24.0,19.9,996.0,27.0,1.9,0.0,9.9,63.0,0.0,0.0,317.0,-408.0,1.0
3968500,2729500.0,7.0,11.0,1.0,19.8,996.0,32.0,2.5,0.0,9.7,66.0,0.0,0.0,305.0,-406.0,1.0
3968500,2729500.0,7.0,11.0,2.0,18.3,996.0,31.0,2.5,0.0,9.6,68.0,0.0,0.0,304.0,-404.0,1.0
3968500,2729500.0,7.0,11.0,3.0,18.6,996.0,26.0,3.0,0.0,9.7,72.0,0.0,0.0,301.0,-400.0,1.0
3968500,2729500.0,7.0,11.0,4.0,17.9,996.0,26.0,2.2,1.0,9.7,72.0,0.0,0.0,303.0,-397.0,1.0
3968500,2729500.0,7.0,11.0,5.0,17.3,996.0,30.0,1.7,5.0,9.5,74.0,0.0,9.0,320.0,-395.0,1.0
3968500,2729500.0,7.0,11.0,6.0,17.9,996.0,6.0,1.1,6.0,9.3,73.0,49.0,50.0,341.0,-394.0,1.0
3968500,2729500.0,7.0,11.0,7.0,19.1,996.0,20.0,1.7,5.0,9.2,68.0,107.0,97.0,342.0,-397.0,1.0
3968500,2729500.0,7.0,11.0,8.0,20.2,996.0,36.0,3.1,4.0,9.1,62.0,234.0,125.0,334.0,-405.0,1.0
3968500,2729500.0,7.0,11.0,9.0,21.8,996.0,30.0,3.7,4.0,9.3,59.0,397.0,123.0,334.0,-415.0,1.0
3968500,2729500.0,7.0,11.0,10.0,23.7,996.0,63.0,3.5,6.0,10.0,56.0,481.0,154.0,353.0,-423.0,1.0
3968500,2729500.0,7.0,11.0,11.0,24.8,996.0,61.0,5.0,6.0,10.0,52.0,498.0,206.0,370.0,-428.0,1.0
3968500,2729500.0,7.0,11.0,12.0,25.6,996.0,79.0,5.0,6.0,9.9,49.0,309.0,333.0,375.0,-432.0,1.0
3968500,2729500.0,7.0,11.0,13.0,24.8,995.0,87.0,4.5,7.0,10.0,49.0,111.0,354.0,380.0,-437.0,1.0
3968500,2729500.0,7.0,11.0,14.0,25.5,995.0,65.0,4.4,6.0,10.0,49.0,154.0,345.0,381.0,-444.0,1.0
3968500,2729500.0,7.0,11.0,15.0,25.3,995.0,86.0,4.3,4.0,10.0,48.0,238.0,308.0,371.0,-446.0,1.0
3968500,2729500.0,7.0,11.0,16.0,25.2,994.0,72.0,4.2,5.0,10.0,49.0,55.0,261.0,369.0,-441.0,1.0
3968500,2729500.0,7.0,11.0,17.0,24.9,994.0,59.0,3.9,6.0,10.0,49.0,6.0,178.0,376.0,-436.0,1.0
3968500,2729500.0,7.0,11.0,18.0,24.7,994.0,44.0,2.2,7.0,10.3,51.0,10.0,138.0,383.0,-434.0,1.0
3968500,2729500.0,7.0,11.0,19.0,24.2,994.0,26.0,2.1,6.0,10.7,54.0,43.0,102.0,384.0,-432.0,1.0
3968500,2729500.0,7.0,11.0,20.0,23.7,994.0,32.0,2.0,5.0,10.9,57.0,31.0,45.0,376.0,-428.0,1.0
3968500,2729500.0,7.0,11.0,21.0,22.6,994.0,55.0,2.3,3.0,11.0,61.0,1.0,8.0,363.0,-424.0,1.0
3968500,2729500.0,7.0,11.0,22.0,21.9,994.0,46.0,2.2,4.0,11.0,64.0,0.0,0.0,358.0,-420.0,1.0
3968500,2729500.0,7.0,11.0,23.0,20.9,993.0,31.0,2.2,3.0,10.9,67.0,0.0,0.0,355.0,-418.0,1.0
3968500,2729500.0,7.0,11.0,24.0,20.1,993.0,8.0,2.0,2.0,10.9,70.0,0.0,0.0,345.0,-416.0,1.0
3968500,2729500.0,7.0,12.0,1.0,19.8,993.0,11.0,1.0,4.0,10.8,72.0,0.0,0.0,347.0,-414.0,1.0
3968500,2729500.0,7.0,12.0,2.0,19.5,993.0,21.0,1.5,4.0,11.0,75.0,0.0,0.0,353.0,-412.0,1.0
3968500,2729500.0,7.0,12.0,3.0,19.8,992.0,28.0,1.7,5.0,11.2,77.0,0.0,0.0,358.0,-411.0,1.0
3968500,2729500.0,7.0,12.0,4.0,18.5,992.0,14.0,1.8,6.0,11.4,80.0,0.0,0.0,364.0,-411.0,1.0
3968500,2729500.0,7.0,12.0,5.0,18.1,992.0,26.0,2.0,6.0,11.5,85.0,0.0,6.0,365.0,-409.0,1.0
3968500,2729500.0,7.0,12.0,6.0,18.5,992.0,355.0,1.2,6.0,11.7,87.0,5.0,45.0,365.0,-408.0,1.0
3968500,2729500.0,7.0,12.0,7.0,19.8,992.0,17.0,1.9,6.0,11.9,84.0,8.0,95.0,368.0,-410.0,1.0
3968500,2729500.0,7.0,12.0,8.0,21.3,991.0,59.0,2.3,5.0,12.2,79.0,76.0,196.0,368.0,-416.0,1.0
3968500,2729500.0,7.0,12.0,9.0,22.8,992.0,79.0,2.4,4.0,12.4,73.0,273.0,226.0,365.0,-427.0,1.0
3968500,2729500.0,7.0,12.0,10.0,24.3,992.0,39.0,2.7,3.0,12.5,67.0,361.0,266.0,363.0,-443.0,1.0
3968500,2729500.0,7.0,12.0,11.0,26.0,991.0,84.0,3.5,4.0,12.7,62.0,353.0,330.0,369.0,-458.0,1.0
3968500,2729500.0,7.0,12.0,12.0,26.4,991.0,68.0,3.5,4.0,12.9,59.0,314.0,382.0,378.0,-471.0,1.0
3968500,2729500.0,7.0,12.0,13.0,27.4,991.0,76.0,3.6,4.0,12.8,56.0,361.0,375.0,383.0,-483.0,1.0
3968500,2729500.0,7.0,12.0,14.0,28.0,990.0,76.0,3.3,3.0,12.3,51.0,483.0,305.0,384.0,-490.0,1.0
3968500,2729500.0,7.0,12.0,15.0,27.8,989.0,43.0,4.1,3.0,11.6,48.0,398.0,304.0,383.0,-492.0,1.0
3968500,2729500.0,7.0,12.0,16.0,27.7,989.0,27.0,4.2,4.0,11.6,48.0,100.0,299.0,386.0,-490.0,1.0
3968500,2729500.0,7.0,12.0,17.0,25.7,989.0,75.0,4.8,8.0,12.1,53.0,0.0,77.0,397.0,-485.0,1.0
3968500,2729500.0,7.0,12.0,18.0,23.8,989.0,76.0,2.3,8.0,12.5,62.0,0.0,85.0,405.0,-476.0,1.0
3968500,2729500.0,7.0,12.0,19.0,23.3,988.0,49.0,2.7,6.0,12.3,66.0,14.0,100.0,392.0,-464.0,1.0
3968500,2729500.0,7.0,12.0,20.0,22.4,988.0,34.0,2.7,5.0,11.9,66.0,29.0,53.0,375.0,-453.0,1.0
3968500,2729500.0,7.0,12.0,21.0,20.5,988.0,39.0,2.1,4.0,12.1,73.0,0.0,9.0,362.0,-444.0,1.0
3968500,2729500.0,7.0,12.0,22.0,20.0,989.0,16.0,1.7,3.0,12.2,80.0,0.0,0.0,349.0,-438.0,1.0
3968500,2729500.0,7.0,12.0,23.0,19.0,988.0,19.0,1.8,3.0,12.1,83.0,0.0,0.0,340.0,-433.0,1.0
3968500,2729500.0,7.0,12.0,24.0,18.3,987.0,41.0,1.1,0.0,12.1,87.0,0.0,0.0,321.0,-429.0,1.0
3968500,2729500.0,7.0,13.0,1.0,17.0,987.0,351.0,1.1,2.0,12.0,92.0,0.0,0.0,314.0,-425.0,1.0
3968500,2729500.0,7.0,13.0,2.0,16.3,987.0,40.0,1.2,2.0,11.7,96.0,0.0,0.0,321.0,-421.0,1.0
3968500,2729500.0,7.0,13.0,3.0,15.6,987.0,61.0,0.9,3.0,11.3,96.0,0.0,0.0,323.0,-418.0,1.0
3968500,2729500.0,7.0,13.0,4.0,15.2,986.0,315.0,1.1,3.0,10.9,96.0,0.0,0.0,325.0,-418.0,1.0
3968500,2729500.0,7.0,13.0,5.0,14.9,986.0,176.0,1.4,7.0,10.8,98.0,0.0,2.0,343.0,-417.0,1.0
3968500,2729500.0,7.0,13.0,6.0,15.5,986.0,79.0,0.9,5.0,11.1,100.0,0.0,30.0,352.0,-417.0,1.0
3968500,2729500.0,7.0,13.0,7.0,16.4,985.0,84.0,0.7,5.0,11.6,99.0,17.0,108.0,341.0,-420.0,1.0
3968500,2729500.0,7.0,13.0,8.0,18.1,985.0,153.0,1.6,7.0,12.1,95.0,16.0,170.0,358.0,-426.0,1.0
3968500,2729500.0,7.0,13.0,9.0,19.5,985.0,229.0,2.0,6.0,12.5,89.0,42.0,252.0,370.0,-433.0,1.0
3968500,2729500.0,7.0,13.0,10.0,20.1,985.0,7.0,2.8,8.0,12.5,83.0,22.0,280.0,381.0,-440.0,1.0
3968500,2729500.0,7.0,13.0,11.0,21.9,985.0,198.0,2.3,7.0,12.5,77.0,49.0,332.0,392.0,-442.0,1.0
3968500,2729500.0,7.0,13.0,12.0,23.2,984.0,192.0,3.2,4.0,12.1,68.0,191.0,399.0,378.0,-445.0,1.0
3968500,2729500.0,7.0,13.0,13.0,24.9,984.0,209.0,3.2,5.0,11.9,61.0,315.0,387.0,379.0,-455.0,1.0
3968500,2729500.0,7.0,13.0,14.0,25.8,983.0,219.0,2.8,4.0,12.4,59.0,422.0,331.0,388.0,-465.0,1.0
3968500,2729500.0,7.0,13.0,15.0,26.0,982.0,205.0,3.5,3.0,12.4,57.0,380.0,309.0,387.0,-475.0,1.0
3968500,2729500.0,7.0,13.0,16.0,24.8,982.0,221.0,2.5,3.0,12.3,58.0,331.0,268.0,381.0,-478.0,1.0
3968500,2729500.0,7.0,13.0,17.0,22.6,981.0,171.0,2.3,7.0,12.8,67.0,45.0,224.0,386.0,-474.0,1.0
3968500,2729500.0,7.0,13.0,18.0,23.4,981.0,205.0,2.6,5.0,13.2,72.0,51.0,173.0,389.0,-465.0,1.0
3968500,2729500.0,7.0,13.0,19.0,22.1,981.0,188.0,2.5,6.0,13.5,75.0,30.0,108.0,381.0,-456.0,1.0
3968500,2729500.0,7.0,13.0,20.0,20.9,981.0,346.0,3.6,6.0,12.9,78.0,17.0,49.0,379.0,-450.0,1.0
3968500,2729500.0,7.0,13.0,21.0,17.5,981.0,198.0,0.7,6.0,12.2,84.0,0.0,8.0,370.0,-444.0,1.0
3968500,2729500.0,7.0,13.0,22.0,17.1,981.0,291.0,0.8,8.0,12.3,96.0,0.0,0.0,375.0,-439.0,1.0
3968500,2729500.0,7.0,13.0,23.0,17.3,981.0,217.0,2.1,8.0,12.2,96.0,0.0,0.0,384.0,-435.0,1.0
3968500,2729500.0,7.0,13.0,24.0,16.8,981.0,185.0,1.5,8.0,12.2,96.0,0.0,0.0,382.0,-432.0,1.0
3968500,2729500.0,7.0,14.0,1.0,16.5,981.0,207.0,2.2,8.0,12.2,99.0,0.0,0.0,381.0,-429.0,1.0
3968500,2729500.0,7.0,14.0,2.0,16.4,980.0,184.0,0.9,7.0,12.2,100.0,0.0,0.0,375.0,-426.0,1.0
3968500,2729500.0,7.0,14.0,3.0,16.8,980.0,274.0,0.6,7.0,12.2,99.0,0.0,0.0,372.0,-422.0,1.0
3968500,2729500.0,7.0,14.0,4.0,16.6,980.0,323.0,1.6,7.0,12.1,98.0,0.0,0.0,372.0,-418.0,1.0
3968500,2729500.0,7.0,14.0,5.0,16.5,980.0,198.0,1.4,7.0,12.0,98.0,0.0,1.0,371.0,-414.0,1.0
3968500,2729500.0,7.0,14.0,6.0,17.0,980.0,223.0,1.8,7.0,12.1,98.0,0.0,11.0,370.0,-411.0,1.0
3968500,2729500.0,7.0,14.0,7.0,16.8,980.0,297.0,2.8,8.0,11.9,95.0,0.0,27.0,373.0,-411.0,1.0
3968500,2729500.0,7.0,14.0,8.0,15.7,980.0,293.0,2.9,8.0,11.0,92.0,0.0,56.0,374.0,-415.0,1.0
3968500,2729500.0,7.0,14.0,9.0,17.4,981.0,296.0,1.9,8.0,10.6,87.0,100.0,219.0,374.0,-424.0,1.0
3968500,2729500.0,7.0,14.0,10.0,17.7,982.0,246.0,2.0,8.0,10.4,80.0,22.0,253.0,379.0,-433.0,1.0
3968500,2729500.0,7.0,14.0,11.0,18.9,982.0,253.0,2.9,6.0,10.1,74.0,173.0,291.0,374.0,-441.0,1.0
3968500,2729500.0,7.0,14.0,12.0,19.5,983.0,274.0,3.1,6.0,9.7,68.0,55.0,301.0,371.0,-442.0,1.0
3968500,2729500.0,7.0,14.0,13.0,19.8,984.0,306.0,2.4,8.0,9.6,65.0,0.0,155.0,380.0,-441.0,1.0
3968500,2729500.0,7.0,14.0,14.0,20.9,984.0,294.0,3.4,8.0,9.4,61.0,54.0,288.0,387.0,-443.0,1.0
3968500,2729500.0,7.0,14.0,15.0,21.3,984.0,303.0,3.5,6.0,9.1,57.0,131.0,273.0,380.0,-441.0,1.0
3968500,2729500.0,7.0,14.0,16.0,16.9,984.0,284.0,4.5,6.0,9.2,65.0,52.0,233.0,364.0,-442.0,1.0
3968500,2729500.0,7.0,14.0,17.0,19.0,984.0,285.0,3.7,7.0,9.5,71.0,16.0,177.0,362.0,-442.0,1.0
3968500,2729500.0,7.0,14.0,18.0,18.9,984.0,264.0,3.2,7.0,9.3,66.0,7.0,125.0,367.0,-436.0,1.0
3968500,2729500.0,7.0,14.0,19.0,18.3,985.0,297.0,3.6,7.0,8.5,62.0,16.0,87.0,363.0,-427.0,1.0
3968500,2729500.0,7.0,14.0,20.0,17.5,985.0,288.0,4.6,6.0,7.7,58.0,40.0,34.0,356.0,-420.0,1.0
3968500,2729500.0,7.0,14.0,21.0,16.2,986.0,298.0,2.5,7.0,7.0,57.0,0.0,5.0,352.0,-413.0,1.0
3968500,2729500.0,7.0,14.0,22.0,14.0,987.0,264.0,2.1,8.0,7.1,64.0,0.0,0.0,354.0,-407.0,1.0
3968500,2729500.0,7.0,14.0,23.0,13.5,987.0,257.0,1.4,7.0,7.3,72.0,0.0,0.0,351.0,-402.0,1.0
3968500,2729500.0,7.0,14.0,24.0,13.5,988.0,231.0,1.6,7.0,7.3,74.0,0.0,0.0,347.0,-397.0,1.0
3968500,2729500.0,7.0,15.0,1.0,13.3,988.0,268.0,2.4,7.0,7.4,75.0,0.0,0.0,347.0,-391.0,1.0
3968500,2729500.0,7.0,15.0,2.0,12.7,989.0,203.0,1.1,6.0,7.4,77.0,0.0,0.0,342.0,-384.0,1.0
3968500,2729500.0,7.0,15.0,3.0,12.6,988.0,177.0,0.6,6.0,7.5,81.0,0.0,0.0,336.0,-379.0,1.0
3968500,2729500.0,7.0,15.0,4.0,12.3,988.0,198.0,1.0,7.0,7.7,83.0,0.0,0.0,339.0,-375.0,1.0
3968500,2729500.0,7.0,15.0,5.0,12.7,989.0,208.0,0.9,8.0,7.8,84.0,0.0,1.0,346.0,-371.0,1.0
3968500,2729500.0,7.0,15.0,6.0,12.5,989.0,203.0,1.4,8.0,8.1,87.0,0.0,11.0,350.0,-369.0,1.0
3968500,2729500.0,7.0,15.0,7.0,12.7,989.0,161.0,1.8,8.0,8.4,90.0,0.0,33.0,349.0,-373.0,1.0
3968500,2729500.0,7.0,15.0,8.0,13.5,990.0,195.0,1.5,8.0,8.6,89.0,0.0,96.0,349.0,-385.0,1.0
3968500,2729500.0,7.0,15.0,9.0,14.5,990.0,223.0,2.3,7.0,8.5,83.0,4.0,180.0,346.0,-400.0,1.0
3968500,2729500.0,7.0,15.0,10.0,16.0,990.0,281.0,2.4,8.0,8.4,76.0,10.0,243.0,350.0,-414.0,1.0
3968500,2729500.0,7.0,15.0,11.0,16.9,990.0,256.0,2.8,7.0,8.1,68.0,20.0,284.0,353.0,-425.0,1.0
3968500,2729500.0,7.0,15.0,12.0,16.3,990.0,241.0,4.8,8.0,7.7,64.0,0.0,148.0,352.0,-438.0,1.0
3968500,2729500.0,7.0,15.0,13.0,17.1,990.0,209.0,2.4,7.0,7.6,63.0,0.0,214.0,351.0,-447.0,1.0
3968500,2729500.0,7.0,15.0,14.0,18.0,990.0,288.0,2.1,7.0,7.6,59.0,24.0,283.0,349.0,-445.0,1.0
3968500,2729500.0,7.0,15.0,15.0,19.1,990.0,276.0,2.9,6.0,7.5,55.0,67.0,297.0,348.0,-447.0,1.0
3968500,2729500.0,7.0,15.0,16.0,19.7,990.0,278.0,0.5,5.0,7.5,52.0,216.0,267.0,344.0,-449.0,1.0
3968500,2729500.0,7.0,15.0,17.0,18.9,990.0,244.0,2.1,4.0,7.6,53.0,188.0,211.0,339.0,-447.0,1.0
3968500,2729500.0,7.0,15.0,18.0,18.3,990.0,214.0,4.1,5.0,7.5,55.0,87.0,161.0,337.0,-440.0,1.0
3968500,2729500.0,7.0,15.0,19.0,14.4,990.0,318.0,4.4,8.0,7.9,66.0,1.0,67.0,340.0,-433.0,1.0
3968500,2729500.0,7.0,15.0,20.0,14.0,991.0,305.0,1.9,6.0,8.6,83.0,5.0,39.0,339.0,-426.0,1.0
3968500,2729500.0,7.0,15.0,21.0,12.8,992.0,145.0,1.2,4.0,8.8,89.0,0.0,4.0,326.0,-420.0,1.0
3968500,2729500.0,7.0,15.0,22.0,12.7,992.0,172.0,1.3,5.0,8.6,92.0,0.0,0.0,321.0,-413.0,1.0
3968500,2729500.0,7.0,15.0,23.0,12.4,992.0,159.0,0.5,5.0,8.5,92.0,0.0,0.0,324.0,-409.0,1.0
3968500,2729500.0,7.0,15.0,24.0,12.6,993.0,191.0,0.9,4.0,8.5,92.0,0.0,0.0,321.0,-406.0,1.0
3968500,2729500.0,7.0,16.0,1.0,12.1,993.0,184.0,1.7,4.0,8.5,93.0,0.0,0.0,316.0,-405.0,1.0
3968500,2729500.0,7.0,16.0,2.0,10.9,993.0,173.0,2.9,1.0,8.4,97.0,0.0,0.0,302.0,-402.0,1.0
3968500,2729500.0,7.0,16.0,3.0,10.5,993.0,163.0,2.1,2.0,8.2,99.0,0.0,0.0,290.0,-396.0,1.0
3968500,2729500.0,7.0,16.0,4.0,10.6,993.0,136.0,1.6,5.0,8.0,99.0,0.0,0.0,306.0,-390.0,1.0
3968500,2729500.0,7.0,16.0,5.0,10.6,993.0,181.0,1.1,4.0,8.0,98.0,0.0,1.0,314.0,-383.0,1.0
3968500,2729500.0,7.0,16.0,6.0,11.4,994.0,181.0,1.0,6.0,8.2,98.0,0.0,12.0,320.0,-379.0,1.0
3968500,2729500.0,7.0,16.0,7.0,12.6,994.0,208.0,1.4,6.0,8.6,96.0,1.0,74.0,330.0,-383.0,1.0
3968500,2729500.0,7.0,16.0,8.0,13.5,994.0,206.0,1.0,6.0,8.9,93.0,19.0,144.0,332.0,-394.0,1.0
3968500,2729500.0,7.0,16.0,9.0,16.0,994.0,232.0,1.1,6.0,8.9,83.0,132.0,191.0,336.0,-406.0,1.0
3968500,2729500.0,7.0,16.0,10.0,17.6,995.0,164.0,1.0,6.0,8.7,71.0,336.0,160.0,341.0,-418.0,1.0
3968500,2729500.0,7.0,16.0,11.0,18.4,995.0,210.0,1.5,6.0,8.3,63.0,290.0,227.0,343.0,-429.0,1.0
3968500,2729500.0,7.0,16.0,12.0,18.9,995.0,316.0,2.0,6.0,7.9,58.0,158.0,280.0,346.0,-435.0,1.0
3968500,2729500.0,7.0,16.0,13.0,19.8,995.0,287.0,2.5,7.0,7.7,54.0,105.0,287.0,351.0,-438.0,1.0
3968500,2729500.0,7.0,16.0,14.0,19.7,995.0,216.0,2.5,7.0,7.6,52.0,66.0,272.0,356.0,-438.0,1.0
3968500,2729500.0,7.0,16.0,15.0,19.2,995.0,248.0,1.8,8.0,7.5,52.0,22.0,235.0,359.0,-441.0,1.0
3968500,2729500.0,7.0,16.0,16.0,20.6,995.0,292.0,2.1,7.0,7.5,51.0,12.0,196.0,361.0,-444.0,1.0
3968500,2729500.0,7.0,16.0,17.0,20.9,995.0,302.0,1.6,6.0,7.4,48.0,185.0,148.0,357.0,-441.0,1.0
3968500,2729500.0,7.0,16.0,18.0,21.0,996.0,256.0,2.1,3.0,7.2,46.0,272.0,52.0,346.0,-435.0,1.0
3968500,2729500.0,7.0,16.0,19.0,20.7,996.0,197.0,1.7,2.0,7.0,45.0,152.0,51.0,332.0,-428.0,1.0
3968500,2729500.0,7.0,16.0,20.0,18.7,996.0,289.0,1.2,2.0,7.0,50.0,40.0,28.0,324.0,-421.0,1.0
3968500,2729500.0,7.0,16.0,21.0,17.1,997.0,304.0,0.9,2.0,7.1,55.0,0.0,4.0,321.0,-411.0,1.0
3968500,2729500.0,7.0,16.0,22.0,15.2,997.0,327.0,0.6,2.0,7.2,63.0,0.0,0.0,315.0,-401.0,1.0
3968500,2729500.0,7.0,16.0,23.0,13.7,998.0,302.0,0.7,2.0,7.6,73.0,0.0,0.0,304.0,-392.0,1.0
3968500,2729500.0,7.0,16.0,24.0,12.5,998.0,270.0,0.9,3.0,7.9,82.0,0.0,0.0,290.0,-386.0,1.0
3968500,2729500.0,7.0,17.0,1.0,12.0,993.0,224.0,1.2,5.0,8.2,90.0,0.0,0.0,342.0,-396.0,1.0
3968500,2729500.0,7.0,17.0,2.0,11.7,993.0,201.0,1.4,6.0,8.4,94.0,0.0,0.0,342.0,-394.0,1.0
3968500,2729500.0,7.0,17.0,3.0,11.8,992.0,177.0,1.5,7.0,8.6,97.0,0.0,0.0,347.0,-393.0,1.0
3968500,2729500.0,7.0,17.0,4.0,11.7,992.0,160.0,1.3,7.0,8.6,97.0,0.0,0.0,348.0,-391.0,1.0
3968500,2729500.0,7.0,17.0,5.0,11.9,992.0,136.0,1.2,7.0,8.6,98.0,0.0,2.0,342.0,-389.0,1.0
3968500,2729500.0,7.0,17.0,6.0,11.9,991.0,24.0,0.7,7.0,8.7,99.0,1.0,32.0,343.0,-388.0,1.0
3968500,2729500.0,7.0,17.0,7.0,12.4,991.0,155.0,1.0,7.0,8.9,98.0,9.0,93.0,344.0,-392.0,1.0
3968500,2729500.0,7.0,17.0,8.0,13.2,991.0,211.0,1.3,6.0,9.1,96.0,66.0,179.0,342.0,-400.0,1.0
3968500,2729500.0,7.0,17.0,9.0,15.7,991.0,193.0,1.6,5.0,9.2,88.0,205.0,224.0,340.0,-413.0,1.0
3968500,2729500.0,7.0,17.0,10.0,16.1,990.0,89.0,1.6,7.0,9.2,79.0,51.0,289.0,350.0,-426.0,1.0
3968500,2729500.0,7.0,17.0,11.0,16.0,990.0,66.0,1.9,8.0,9.0,77.0,0.0,225.0,363.0,-437.0,1.0
3968500,2729500.0,7.0,17.0,12.0,16.4,989.0,352.0,1.9,8.0,8.9,75.0,2.0,249.0,368.0,-445.0,1.0
3968500,2729500.0,7.0,17.0,13.0,17.4,989.0,135.0,1.4,7.0,9.2,74.0,76.0,366.0,367.0,-452.0,1.0
3968500,2729500.0,7.0,17.0,14.0,19.1,988.0,287.0,1.8,4.0,9.3,69.0,424.0,292.0,358.0,-458.0,1.0
3968500,2729500.0,7.0,17.0,15.0,20.8,988.0,130.0,1.9,4.0,8.6,58.0,366.0,280.0,351.0,-451.0,1.0
3968500,2729500.0,7.0,17.0,16.0,19.9,988.0,76.0,4.1,5.0,8.4,55.0,289.0,255.0,354.0,-435.0,1.0
3968500,2729500.0,7.0,17.0,17.0,19.5,986.0,50.0,2.9,4.0,8.4,57.0,310.0,169.0,352.0,-428.0,1.0
3968500,2729500.0,7.0,17.0,18.0,19.0,986.0,128.0,2.6,6.0,8.3,58.0,56.0,171.0,354.0,-428.0,1.0
3968500,2729500.0,7.0,17.0,19.0,18.2,985.0,81.0,2.5,5.0,8.5,61.0,57.0,103.0,355.0,-423.0,1.0
3968500,2729500.0,7.0,17.0,20.0,16.8,985.0,60.0,1.7,4.0,8.7,67.0,46.0,43.0,344.0,-416.0,1.0
3968500,2729500.0,7.0,17.0,21.0,15.9,985.0,99.0,2.7,2.0,8.6,72.0,0.0,6.0,327.0,-408.0,1.0
3968500,2729500.0,7.0,17.0,22.0,14.9,985.0,105.0,2.5,2.0,8.1,72.0,0.0,0.0,317.0,-401.0,1.0
3968500,2729500.0,7.0,17.0,23.0,13.2,985.0,210.0,2.0,3.0,8.0,77.0,0.0,0.0,318.0,-395.0,1.0
3968500,2729500.0,7.0,17.0,24.0,11.9,985.0,126.0,2.2,5.0,8.0,85.0,0.0,0.0,325.0,-389.0,1.0
3968500,2729500.0,7.0,18.0,1.0,11.9,985.0,126.0,1.3,4.0,8.1,90.0,0.0,0.0,326.0,-386.0,1.0
3968500,2729500.0,7.0,18.0,2.0,11.3,984.0,153.0,1.7,4.0,8.1,92.0,0.0,0.0,320.0,-386.0,1.0
3968500,2729500.0,7.0,18.0,3.0,12.5,983.0,178.0,1.4,6.0,8.0,90.0,0.0,0.0,330.0,-388.0,1.0
3968500,2729500.0,7.0,18.0,4.0,12.8,982.0,128.0,1.1,5.0,8.2,87.0,0.0,0.0,336.0,-389.0,1.0
3968500,2729500.0,7.0,18.0,5.0,13.0,981.0,138.0,1.8,7.0,8.4,88.0,0.0,2.0,343.0,-389.0,1.0
3968500,2729500.0,7.0,18.0,6.0,13.2,981.0,213.0,1.6,8.0,8.8,91.0,0.0,9.0,356.0,-390.0,1.0
3968500,2729500.0,7.0,18.0,7.0,14.0,981.0,176.0,2.2,7.0,9.3,92.0,0.0,60.0,357.0,-394.0,1.0
3968500,2729500.0,7.0,18.0,8.0,15.3,981.0,212.0,3.0,7.0,9.7,90.0,0.0,71.0,356.0,-400.0,1.0
3968500,2729500.0,7.0,18.0,9.0,16.3,981.0,176.0,3.9,7.0,10.1,87.0,0.0,129.0,361.0,-406.0,1.0
3968500,2729500.0,7.0,18.0,10.0,16.9,981.0,182.0,3.3,7.0,10.2,83.0,0.0,208.0,364.0,-412.0,1.0
3968500,2729500.0,7.0,18.0,11.0,18.4,981.0,166.0,3.7,7.0,9.8,75.0,62.0,336.0,368.0,-420.0,1.0
3968500,2729500.0,7.0,18.0,12.0,19.3,982.0,180.0,5.4,5.0,9.4,67.0,274.0,367.0,364.0,-427.0,1.0
3968500,2729500.0,7.0,18.0,13.0,20.7,981.0,267.0,6.4,4.0,8.8,58.0,347.0,353.0,357.0,-432.0,1.0
3968500,2729500.0,7.0,18.0,14.0,20.9,981.0,189.0,5.1,3.0,8.1,51.0,451.0,295.0,350.0,-427.0,1.0
3968500,2729500.0,7.0,18.0,15.0,21.1,981.0,182.0,3.2,3.0,7.6,47.0,438.0,260.0,344.0,-430.0,1.0
3968500,2729500.0,7.0,18.0,16.0,20.6,981.0,220.0,4.8,4.0,6.8,43.0,286.0,268.0,344.0,-433.0,1.0
3968500,2729500.0,7.0,18.0,17.0,19.4,980.0,26.0,1.9,3.0,5.7,38.0,248.0,208.0,336.0,-422.0,1.0
3968500,2729500.0,7.0,18.0,18.0,18.7,981.0,231.0,1.4,7.0,5.5,39.0,3.0,132.0,342.0,-420.0,1.0
3968500,2729500.0,7.0,18.0,19.0,16.8,980.0,182.0,1.8,7.0,5.3,41.0,0.0,75.0,350.0,-419.0,1.0
3968500,2729500.0,7.0,18.0,20.0,15.6,981.0,167.0,1.2,7.0,4.8,40.0,13.0,43.0,344.0,-411.0,1.0
3968500,2729500.0,7.0,18.0,21.0,14.7,981.0,131.0,1.0,5.0,4.6,42.0,0.0,6.0,332.0,-403.0,1.0
3968500,2729500.0,7.0,18.0,22.0,14.2,981.0,133.0,1.6,6.0,4.9,46.0,0.0,0.0,328.0,-399.0,1.0
3968500,2729500.0,7.0,18.0,23.0,13.8,981.0,98.0,1.2,7.0,4.7,46.0,0.0,0.0,334.0,-397.0,1.0
3968500,2729500.0,7.0,18.0,24.0,12.9,981.0,164.0,1.0,5.0,4.4,45.0,0.0,0.0,327.0,-394.0,1.0
3968500,2729500.0,7.0,19.0,1.0,12.1,981.0,215.0,1.3,5.0,6.3,68.0,0.0,0.0,322.0,-392.0,1.0
3968500,2729500.0,7.0,19.0,2.0,11.3,981.0,158.0,0.6,5.0,8.4,95.0,0.0,0.0,324.0,-391.0,1.0
3968500,2729500.0,7.0,19.0,3.0,11.3,981.0,109.0,1.9,4.0,8.3,96.0,0.0,0.0,318.0,-390.0,1.0
3968500,2729500.0,7.0,19.0,4.0,12.3,981.0,196.0,2.4,4.0,8.4,94.0,0.0,0.0,317.0,-388.0,1.0
3968500,2729500.0,7.0,19.0,5.0,12.2,980.0,180.0,2.6,4.0,8.6,93.0,0.0,2.0,320.0,-386.0,1.0
3968500,2729500.0,7.0,19.0,6.0,13.2,980.0,172.0,2.6,5.0,8.8,92.0,8.0,38.0,325.0,-386.0,1.0
3968500,2729500.0,7.0,19.0,7.0,14.8,980.0,187.0,3.8,5.0,9.0,87.0,52.0,98.0,333.0,-390.0,1.0
3968500,2729500.0,7.0,19.0,8.0,15.6,980.0,208.0,4.5,5.0,9.2,82.0,60.0,170.0,337.0,-399.0,1.0
3968500,2729500.0,7.0,19.0,9.0,16.2,980.0,185.0,5.6,5.0,9.3,79.0,24.0,221.0,339.0,-409.0,1.0
3968500,2729500.0,7.0,19.0,10.0,16.5,980.0,186.0,6.1,5.0,9.3,77.0,35.0,271.0,342.0,-421.0,1.0
3968500,2729500.0,7.0,19.0,11.0,17.4,981.0,207.0,6.3,6.0,9.4,75.0,31.0,301.0,348.0,-431.0,1.0
3968500,2729500.0,7.0,19.0,12.0,17.6,981.0,193.0,7.4,6.0,9.2,72.0,126.0,355.0,353.0,-439.0,1.0
3968500,2729500.0,7.0,19.0,13.0,18.3,981.0,203.0,5.0,5.0,9.0,68.0,205.0,358.0,352.0,-446.0,1.0
3968500,2729500.0,7.0,19.0,14.0,18.9,982.0,166.0,6.2,6.0,8.8,64.0,150.0,350.0,353.0,-447.0,1.0
3968500,2729500.0,7.0,19.0,15.0,19.0,982.0,200.0,4.0,6.0,9.0,64.0,137.0,318.0,355.0,-445.0,1.0
3968500,2729500.0,7.0,19.0,16.0,18.5,982.0,175.0,5.1,7.0,9.4,67.0,174.0,266.0,357.0,-444.0,1.0
3968500,2729500.0,7.0,19.0,17.0,18.0,981.0,179.0,6.0,6.0,9.4,69.0,76.0,221.0,354.0,-444.0,1.0
3968500,2729500.0,7.0,19.0,18.0,18.5,981.0,220.0,4.1,7.0,9.5,70.0,22.0,155.0,354.0,-439.0,1.0
3968500,2729500.0,7.0,19.0,19.0,17.2,981.0,190.0,3.5,6.0,9.5,72.0,52.0,97.0,353.0,-430.0,1.0
3968500,2729500.0,7.0,19.0,20.0,15.9,981.0,208.0,2.9,7.0,9.4,78.0,2.0,33.0,351.0,-421.0,1.0
3968500,2729500.0,7.0,19.0,21.0,14.6,982.0,79.0,2.1,5.0,9.4,84.0,0.0,6.0,343.0,-412.0,1.0
3968500,2729500.0,7.0,19.0,22.0,13.9,982.0,73.0,1.4,3.0,9.1,87.0,0.0,0.0,323.0,-404.0,1.0
3968500,2729500.0,7.0,19.0,23.0,13.8,983.0,212.0,1.8,3.0,9.1,90.0,0.0,0.0,314.0,-399.0,1.0
3968500,2729500.0,7.0,19.0,24.0,13.0,983.0,179.0,1.7,5.0,9.0,91.0,0.0,0.0,321.0,-397.0,1.0
3968500,2729500.0,7.0,20.0,1.0,12.4,983.0,135.0,1.4,5.0,8.8,93.0,0.0,0.0,330.0,-396.0,1.0
3968500,2729500.0,7.0,20.0,2.0,12.6,984.0,122.0,1.8,5.0,8.8,94.0,0.0,0.0,331.0,-395.0,1.0
3968500,2729500.0,7.0,20.0,3.0,12.0,984.0,90.0,1.3,5.0,8.7,95.0,0.0,0.0,329.0,-393.0,1.0
3968500,2729500.0,7.0,20.0,4.0,11.4,985.0,166.0,0.9,7.0,8.6,97.0,0.0,0.0,336.0,-390.0,1.0
3968500,2729500.0,7.0,20.0,5.0,11.8,985.0,142.0,1.0,6.0,8.5,97.0,0.0,0.0,341.0,-387.0,1.0
3968500,2729500.0,7.0,20.0,6.0,12.8,986.0,103.0,1.4,6.0,8.6,93.0,12.0,33.0,338.0,-385.0,1.0
3968500,2729500.0,7.0,20.0,7.0,14.9,986.0,180.0,1.5,5.0,8.8,87.0,145.0,47.0,338.0,-390.0,1.0
3968500,2729500.0,7.0,20.0,8.0,15.3,986.0,74.0,1.8,3.0,9.0,82.0,279.0,63.0,326.0,-399.0,1.0
3968500,2729500.0,7.0,20.0,9.0,17.0,986.0,183.0,2.9,3.0,8.9,75.0,127.0,197.0,319.0,-408.0,1.0
3968500,2729500.0,7.0,20.0,10.0,17.0,986.0,147.0,3.4,6.0,8.8,71.0,165.0,231.0,339.0,-421.0,1.0
3968500,2729500.0,7.0,20.0,11.0,17.0,987.0,229.0,2.8,8.0,8.7,70.0,5.0,242.0,365.0,-435.0,1.0
3968500,2729500.0,7.0,20.0,12.0,19.1,987.0,211.0,3.5,7.0,8.6,64.0,27.0,292.0,374.0,-447.0,1.0
3968500,2729500.0,7.0,20.0,13.0,18.5,987.0,230.0,4.0,6.0,8.6,62.0,127.0,315.0,369.0,-459.0,1.0
3968500,2729500.0,7.0,20.0,14.0,18.1,987.0,202.0,4.4,8.0,8.4,62.0,1.0,234.0,370.0,-466.0,1.0
3968500,2729500.0,7.0,20.0,15.0,17.9,988.0,224.0,4.6,7.0,8.4,63.0,0.0,194.0,372.0,-465.0,1.0
3968500,2729500.0,7.0,20.0,16.0,16.8,988.0,209.0,4.7,7.0,8.6,68.0,1.0,190.0,366.0,-462.0,1.0
3968500,2729500.0,7.0,20.0,17.0,17.7,989.0,193.0,3.4,7.0,8.7,69.0,149.0,174.0,365.0,-455.0,1.0
3968500,2729500.0,7.0,20.0,18.0,17.8,989.0,228.0,3.9,5.0,8.9,69.0,235.0,74.0,360.0,-443.0,1.0
3968500,2729500.0,7.0,20.0,19.0,17.7,989.0,230.0,3.5,6.0,9.1,70.0,80.0,72.0,356.0,-430.0,1.0
3968500,2729500.0,7.0,20.0,20.0,15.9,990.0,299.0,4.0,7.0,9.4,77.0,6.0,33.0,360.0,-420.0,1.0
3968500,2729500.0,7.0,20.0,21.0,15.6,991.0,206.0,1.1,6.0,9.7,85.0,0.0,1.0,357.0,-412.0,1.0
3968500,2729500.0,7.0,20.0,22.0,14.7,992.0,294.0,3.9,7.0,9.8,89.0,0.0,0.0,355.0,-408.0,1.0
3968500,2729500.0,7.0,20.0,23.0,14.4,993.0,287.0,4.1,8.0,9.7,92.0,0.0,0.0,362.0,-407.0,1.0
3968500,2729500.0,7.0,20.0,24.0,13.8,994.0,288.0,5.2,6.0,9.6,94.0,0.0,0.0,357.0,-406.0,1.0
3968500,2729500.0,7.0,21.0,1.0,13.7,994.0,302.0,4.8,7.0,9.4,94.0,0.0,0.0,352.0,-403.0,1.0
3968500,2729500.0,7.0,21.0,2.0,12.9,994.0,286.0,3.7,5.0,9.1,93.0,0.0,0.0,346.0,-398.0,1.0
3968500,2729500.0,7.0,21.0,3.0,13.1,995.0,271.0,4.6,4.0,8.8,92.0,0.0,0.0,332.0,-396.0,1.0
3968500,2729500.0,7.0,21.0,4.0,12.4,996.0,274.0,2.4,4.0,8.4,89.0,0.0,0.0,324.0,-392.0,1.0
3968500,2729500.0,7.0,21.0,5.0,10.4,996.0,255.0,1.8,3.0,7.7,90.0,0.0,2.0,314.0,-388.0,1.0
3968500,2729500.0,7.0,21.0,6.0,11.7,997.0,228.0,1.9,3.0,7.8,93.0,18.0,48.0,307.0,-386.0,1.0
3968500,2729500.0,7.0,21.0,7.0,12.5,997.0,195.0,1.7,5.0,8.3,93.0,17.0,104.0,320.0,-386.0,1.0
3968500,2729500.0,7.0,21.0,8.0,14.3,997.0,197.0,2.5,4.0,8.4,86.0,156.0,172.0,329.0,-391.0,1.0
3968500,2729500.0,7.0,21.0,9.0,16.3,997.0,200.0,2.7,3.0,8.1,73.0,345.0,182.0,325.0,-402.0,1.0
3968500,2729500.0,7.0,21.0,10.0,17.6,997.0,246.0,2.8,4.0,7.9,64.0,465.0,202.0,332.0,-415.0,1.0
3968500,2729500.0,7.0,21.0,11.0,18.8,997.0,255.0,2.2,5.0,7.8,59.0,402.0,297.0,348.0,-423.0,1.0
3968500,2729500.0,7.0,21.0,12.0,19.7,997.0,237.0,1.9,6.0,7.7,54.0,423.0,328.0,361.0,-423.0,1.0
3968500,2729500.0,7.0,21.0,13.0,19.9,996.0,272.0,2.1,5.0,7.6,52.0,412.0,346.0,363.0,-419.0,1.0
3968500,2729500.0,7.0,21.0,14.0,20.8,996.0,214.0,3.5,5.0,7.6,50.0,393.0,340.0,361.0,-418.0,1.0
3968500,2729500.0,7.0,21.0,15.0,21.1,996.0,182.0,4.1,3.0,7.5,48.0,419.0,287.0,354.0,-419.0,1.0
3968500,2729500.0,7.0,21.0,16.0,21.7,996.0,176.0,4.0,3.0,7.4,46.0,409.0,226.0,347.0,-417.0,1.0
3968500,2729500.0,7.0,21.0,17.0,21.2,995.0,196.0,3.8,4.0,7.7,47.0,318.0,188.0,352.0,-414.0,1.0
3968500,2729500.0,7.0,21.0,18.0,20.8,995.0,229.0,3.5,5.0,7.8,49.0,177.0,160.0,359.0,-412.0,1.0
3968500,2729500.0,7.0,21.0,19.0,20.1,995.0,199.0,3.2,7.0,8.0,52.0,47.0,109.0,369.0,-410.0,1.0
3968500,2729500.0,7.0,21.0,20.0,19.3,995.0,204.0,2.3,7.0,8.7,59.0,0.0,32.0,376.0,-409.0,1.0
3968500,2729500.0,7.0,21.0,21.0,17.1,996.0,217.0,1.9,8.0,9.1,69.0,0.0,3.0,377.0,-408.0,1.0
3968500,2729500.0,7.0,21.0,22.0,16.3,996.0,219.0,2.0,6.0,9.0,74.0,0.0,0.0,368.0,-406.0,1.0
3968500,2729500.0,7.0,21.0,23.0,15.0,997.0,211.0,1.9,5.0,8.8,78.0,0.0,0.0,352.0,-404.0,1.0
3968500,2729500.0,7.0,21.0,24.0,15.0,997.0,157.0,1.7,4.0,8.7,80.0,0.0,0.0,342.0,-401.0,1.0
3968500,2729500.0,7.0,22.0,1.0,14.8,997.0,184.0,2.0,4.0,8.9,82.0,0.0,0.0,338.0,-400.0,1.0
3968500,2729500.0,7.0,22.0,2.0,14.5,997.0,144.0,1.8,5.0,9.0,85.0,0.0,0.0,341.0,-398.0,1.0
3968500,2729500.0,7.0,22.0,3.0,14.7,997.0,155.0,1.8,7.0,9.1,86.0,0.0,0.0,352.0,-398.0,1.0
3968500,2729500.0,7.0,22.0,4.0,14.3,997.0,149.0,2.1,7.0,9.3,88.0,0.0,0.0,359.0,-398.0,1.0
3968500,2729500.0,7.0,22.0,5.0,14.3,997.0,152.0,2.3,7.0,9.3,89.0,0.0,0.0,359.0,-398.0,1.0
3968500,2729500.0,7.0,22.0,6.0,14.3,997.0,133.0,2.2,7.0,9.4,90.0,0.0,23.0,360.0,-398.0,1.0
3968500,2729500.0,7.0,22.0,7.0,16.7,997.0,141.0,1.8,4.0,9.5,85.0,71.0,110.0,352.0,-399.0,1.0
3968500,2729500.0,7.0,22.0,8.0,18.2,997.0,150.0,2.5,4.0,9.5,75.0,180.0,161.0,345.0,-402.0,1.0
3968500,2729500.0,7.0,22.0,9.0,20.0,997.0,141.0,2.7,4.0,9.6,68.0,281.0,208.0,350.0,-408.0,1.0
3968500,2729500.0,7.0,22.0,10.0,21.8,997.0,169.0,2.4,5.0,9.8,62.0,309.0,268.0,362.0,-414.0,1.0
3968500,2729500.0,7.0,22.0,11.0,22.5,996.0,165.0,3.1,5.0,9.9,58.0,334.0,321.0,370.0,-421.0,1.0
3968500,2729500.0,7.0,22.0,12.0,23.8,997.0,159.0,3.0,4.0,9.9,55.0,404.0,335.0,371.0,-432.0,1.0
3968500,2729500.0,7.0,22.0,13.0,24.6,997.0,165.0,3.4,4.0,9.9,51.0,403.0,348.0,373.0,-441.0,1.0
3968500,2729500.0,7.0,22.0,14.0,24.4,996.0,207.0,3.6,5.0,9.9,51.0,265.0,382.0,378.0,-443.0,1.0
3968500,2729500.0,7.0,22.0,15.0,24.7,996.0,230.0,2.8,4.0,10.0,51.0,184.0,358.0,379.0,-445.0,1.0
3968500,2729500.0,7.0,22.0,16.0,25.2,996.0,228.0,2.2,4.0,10.3,51.0,152.0,307.0,379.0,-445.0,1.0
3968500,2729500.0,7.0,22.0,17.0,23.9,996.0,346.0,2.6,5.0,10.7,54.0,114.0,247.0,380.0,-446.0,1.0
3968500,2729500.0,7.0,22.0,18.0,23.1,996.0,349.0,2.3,6.0,10.9,59.0,50.0,174.0,383.0,-442.0,1.0
3968500,2729500.0,7.0,22.0,19.0,22.9,996.0,25.0,1.9,7.0,11.0,61.0,7.0,91.0,386.0,-434.0,1.0
3968500,2729500.0,7.0,22.0,20.0,22.0,996.0,20.0,1.1,6.0,11.1,64.0,1.0,32.0,384.0,-429.0,1.0
3968500,2729500.0,7.0,22.0,21.0,21.0,995.0,26.0,1.3,6.0,11.3,69.0,0.0,1.0,376.0,-424.0,1.0
3968500,2729500.0,7.0,22.0,22.0,19.5,995.0,322.0,1.9,4.0,11.3,74.0,0.0,0.0,364.0,-420.0,1.0
3968500,2729500.0,7.0,22.0,23.0,19.3,996.0,359.0,1.8,4.0,11.1,77.0,0.0,0.0,355.0,-417.0,1.0
3968500,2729500.0,7.0,22.0,24.0,17.3,996.0,81.0,1.3,2.0,10.8,80.0,0.0,0.0,345.0,-414.0,1.0
3968500,2729500.0,7.0,23.0,1.0,16.2,996.0,16.0,1.8,2.0,10.5,86.0,0.0,0.0,331.0,-412.0,1.0
3968500,2729500.0,7.0,23.0,2.0,15.4,996.0,1.0,1.7,2.0,10.3,90.0,0.0,0.0,328.0,-411.0,1.0
3968500,2729500.0,7.0,23.0,3.0,15.2,996.0,4.0,1.9,2.0,10.2,92.0,0.0,0.0,325.0,-411.0,1.0
3968500,2729500.0,7.0,23.0,4.0,14.3,996.0,23.0,1.6,2.0,9.9,92.0,0.0,0.0,323.0,-410.0,1.0
3968500,2729500.0,7.0,23.0,5.0,14.6,996.0,14.0,1.1,3.0,9.6,92.0,0.0,0.0,325.0,-408.0,1.0
3968500,2729500.0,7.0,23.0,6.0,15.8,996.0,25.0,1.3,5.0,9.7,88.0,2.0,32.0,337.0,-408.0,1.0
3968500,2729500.0,7.0,23.0,7.0,17.3,996.0,27.0,1.4,4.0,10.2,85.0,63.0,101.0,344.0,-410.0,1.0
3968500,2729500.0,7.0,23.0,8.0,20.0,996.0,34.0,1.3,2.0,11.1,81.0,208.0,133.0,340.0,-415.0,1.0
3968500,2729500.0,7.0,23.0,9.0,22.1,995.0,47.0,1.7,3.0,11.9,74.0,235.0,208.0,346.0,-423.0,1.0
3968500,2729500.0,7.0,23.0,10.0,24.3,996.0,120.0,1.3,5.0,12.1,67.0,432.0,187.0,366.0,-432.0,1.0
3968500,2729500.0,7.0,23.0,11.0,25.3,995.0,143.0,1.5,5.0,12.1,60.0,573.0,170.0,379.0,-433.0,1.0
3968500,2729500.0,7.0,23.0,12.0,25.2,995.0,153.0,2.0,6.0,11.4,56.0,399.0,306.0,385.0,-435.0,1.0
3968500,2729500.0,7.0,23.0,13.0,26.6,995.0,152.0,2.2,7.0,10.8,51.0,162.0,378.0,394.0,-450.0,1.0
3968500,2729500.0,7.0,23.0,14.0,27.7,994.0,3.0,1.9,7.0,10.6,46.0,104.0,356.0,401.0,-465.0,1.0
3968500,2729500.0,7.0,23.0,15.0,26.3,994.0,53.0,3.6,7.0,10.5,46.0,51.0,306.0,399.0,-469.0,1.0
3968500,2729500.0,7.0,23.0,16.0,24.3,993.0,345.0,3.3,7.0,10.8,52.0,53.0,268.0,392.0,-467.0,1.0
3968500,2729500.0,7.0,23.0,17.0,26.8,993.0,49.0,3.4,6.0,10.9,52.0,170.0,221.0,388.0,-465.0,1.0
3968500,2729500.0,7.0,23.0,18.0,25.8,993.0,125.0,3.1,5.0,10.7,49.0,161.0,147.0,383.0,-459.0,1.0
3968500,2729500.0,7.0,23.0,19.0,24.3,992.0,76.0,2.4,6.0,11.0,54.0,36.0,100.0,378.0,-452.0,1.0
3968500,2729500.0,7.0,23.0,20.0,22.9,992.0,343.0,2.2,5.0,10.9,58.0,3.0,32.0,373.0,-444.0,1.0
3968500,2729500.0,7.0,23.0,21.0,20.8,993.0,5.0,2.5,5.0,10.7,64.0,0.0,3.0,365.0,-436.0,1.0
3968500,2729500.0,7.0,23.0,22.0,19.3,992.0,351.0,3.4,4.0,10.8,72.0,0.0,0.0,355.0,-427.0,1.0
3968500,2729500.0,7.0,23.0,23.0,19.0,993.0,16.0,2.7,5.0,10.9,77.0,0.0,0.0,350.0,-419.0,1.0
3968500,2729500.0,7.0,23.0,24.0,17.9,993.0,35.0,2.0,5.0,10.8,79.0,0.0,0.0,349.0,-414.0,1.0
3968500,2729500.0,7.0,24.0,1.0,17.6,993.0,27.0,1.9,2.0,10.6,82.0,0.0,0.0,338.0,-409.0,1.0
3968500,2729500.0,7.0,24.0,2.0,16.3,993.0,1.0,1.7,1.0,10.5,85.0,0.0,0.0,325.0,-404.0,1.0
3968500,2729500.0,7.0,24.0,3.0,16.4,993.0,41.0,1.6,1.0,10.5,88.0,0.0,0.0,320.0,-401.0,1.0
3968500,2729500.0,7.0,24.0,4.0,15.9,993.0,61.0,1.5,3.0,10.4,88.0,0.0,0.0,323.0,-397.0,1.0
3968500,2729500.0,7.0,24.0,5.0,16.0,993.0,42.0,1.5,5.0,10.3,89.0,0.0,0.0,332.0,-392.0,1.0
3968500,2729500.0,7.0,24.0,6.0,17.2,993.0,80.0,1.4,4.0,10.5,87.0,1.0,32.0,337.0,-389.0,1.0
3968500,2729500.0,7.0,24.0,7.0,17.7,993.0,169.0,0.6,6.0,11.0,86.0,25.0,106.0,341.0,-394.0,1.0
3968500,2729500.0,7.0,24.0,8.0,19.1,993.0,327.0,1.0,5.0,11.5,85.0,51.0,183.0,347.0,-407.0,1.0
3968500,2729500.0,7.0,24.0,9.0,21.4,993.0,338.0,1.4,6.0,12.1,80.0,147.0,252.0,355.0,-425.0,1.0
3968500,2729500.0,7.0,24.0,10.0,23.4,994.0,29.0,1.9,6.0,12.4,71.0,335.0,255.0,366.0,-443.0,1.0
3968500,2729500.0,7.0,24.0,11.0,25.4,994.0,14.0,1.1,5.0,12.1,62.0,457.0,263.0,372.0,-461.0,1.0
3968500,2729500.0,7.0,24.0,12.0,26.9,993.0,65.0,1.5,4.0,11.3,52.0,559.0,249.0,374.0,-477.0,1.0
3968500,2729500.0,7.0,24.0,13.0,27.0,993.0,350.0,2.7,4.0,10.8,47.0,586.0,247.0,376.0,-488.0,1.0
3968500,2729500.0,7.0,24.0,14.0,27.7,993.0,347.0,2.2,3.0,10.7,46.0,562.0,245.0,376.0,-491.0,1.0
3968500,2729500.0,7.0,24.0,15.0,28.3,993.0,28.0,3.6,2.0,10.4,43.0,416.0,281.0,375.0,-491.0,1.0
3968500,2729500.0,7.0,24.0,16.0,27.6,993.0,11.0,4.6,2.0,10.6,44.0,282.0,278.0,372.0,-490.0,1.0
3968500,2729500.0,7.0,24.0,17.0,25.5,993.0,321.0,3.4,3.0,11.4,51.0,271.0,202.0,368.0,-486.0,1.0
3968500,2729500.0,7.0,24.0,18.0,26.2,993.0,321.0,3.9,2.0,12.0,56.0,197.0,146.0,366.0,-478.0,1.0
3968500,2729500.0,7.0,24.0,19.0,24.9,993.0,331.0,3.0,3.0,12.4,59.0,81.0,101.0,363.0,-467.0,1.0
3968500,2729500.0,7.0,24.0,20.0,23.4,993.0,328.0,3.0,3.0,12.7,66.0,11.0,41.0,361.0,-454.0,1.0
3968500,2729500.0,7.0,24.0,21.0,21.6,994.0,337.0,3.2,2.0,12.6,72.0,0.0,2.0,353.0,-444.0,1.0
3968500,2729500.0,7.0,24.0,22.0,19.8,993.0,23.0,2.1,2.0,12.2,78.0,0.0,0.0,344.0,-436.0,1.0
3968500,2729500.0,7.0,24.0,23.0,19.7,994.0,10.0,2.5,2.0,11.7,79.0,0.0,0.0,341.0,-427.0,1.0
3968500,2729500.0,7.0,24.0,24.0,19.0,994.0,40.0,1.8,2.0,11.3,78.0,0.0,0.0,340.0,-420.0,1.0
3968500,2729500.0,7.0,25.0,1.0,18.8,994.0,355.0,2.0,0.0,11.0,79.0,0.0,0.0,333.0,-416.0,1.0
3968500,2729500.0,7.0,25.0,2.0,16.8,995.0,50.0,1.2,1.0,10.9,84.0,0.0,0.0,326.0,-414.0,1.0
3968500,2729500.0,7.0,25.0,3.0,16.2,995.0,17.0,1.5,1.0,10.8,90.0,0.0,0.0,324.0,-410.0,1.0
3968500,2729500.0,7.0,25.0,4.0,15.7,995.0,192.0,1.5,2.0,10.6,92.0,0.0,0.0,324.0,-406.0,1.0
3968500,2729500.0,7.0,25.0,5.0,15.3,996.0,8.0,1.7,0.0,10.5,94.0,0.0,0.0,318.0,-402.0,1.0
3968500,2729500.0,7.0,25.0,6.0,16.1,995.0,27.0,1.5,0.0,10.6,93.0,6.0,35.0,310.0,-400.0,1.0
3968500,2729500.0,7.0,25.0,7.0,17.6,996.0,65.0,1.7,1.0,11.1,91.0,55.0,101.0,314.0,-405.0,1.0
3968500,2729500.0,7.0,25.0,8.0,19.9,996.0,337.0,1.8,3.0,11.9,86.0,137.0,161.0,330.0,-418.0,1.0
3968500,2729500.0,7.0,25.0,9.0,21.4,996.0,319.0,2.0,3.0,12.4,80.0,316.0,166.0,343.0,-435.0,1.0
3968500,2729500.0,7.0,25.0,10.0,23.3,996.0,357.0,0.6,2.0,12.6,73.0,404.0,202.0,348.0,-452.0,1.0
3968500,2729500.0,7.0,25.0,11.0,24.2,996.0,338.0,1.9,3.0,12.2,65.0,460.0,235.0,354.0,-471.0,1.0
3968500,2729500.0,7.0,25.0,12.0,25.4,996.0,332.0,2.9,4.0,11.9,59.0,388.0,310.0,365.0,-488.0,1.0
3968500,2729500.0,7.0,25.0,13.0,26.0,996.0,318.0,3.1,3.0,11.4,54.0,497.0,268.0,369.0,-499.0,1.0
3968500,2729500.0,7.0,25.0,14.0,26.2,996.0,353.0,2.8,3.0,10.5,48.0,519.0,241.0,367.0,-504.0,1.0
3968500,2729500.0,7.0,25.0,15.0,26.8,996.0,331.0,2.7,2.0,9.9,45.0,502.0,208.0,364.0,-505.0,1.0
3968500,2729500.0,7.0,25.0,16.0,26.8,995.0,339.0,3.4,2.0,9.5,42.0,466.0,160.0,358.0,-503.0,1.0
3968500,2729500.0,7.0,25.0,17.0,26.9,995.0,336.0,3.7,1.0,9.3,41.0,377.0,129.0,351.0,-496.0,1.0
3968500,2729500.0,7.0,25.0,18.0,25.8,995.0,332.0,4.2,1.0,9.2,42.0,256.0,104.0,342.0,-484.0,1.0
3968500,2729500.0,7.0,25.0,19.0,24.9,995.0,339.0,3.3,0.0,9.5,46.0,126.0,79.0,333.0,-471.0,1.0
3968500,2729500.0,7.0,25.0,20.0,22.4,995.0,329.0,2.9,1.0,10.0,54.0,24.0,39.0,326.0,-459.0,1.0
3968500,2729500.0,7.0,25.0,21.0,20.6,994.0,342.0,2.5,1.0,10.1,62.0,0.0,4.0,323.0,-448.0,1.0
3968500,2729500.0,7.0,25.0,22.0,18.6,995.0,12.0,2.1,1.0,9.7,66.0,0.0,0.0,315.0,-438.0,1.0
3968500,2729500.0,7.0,25.0,23.0,18.4,995.0,351.0,2.1,1.0,9.5,70.0,0.0,0.0,311.0,-430.0,1.0
3968500,2729500.0,7.0,25.0,24.0,16.9,996.0,11.0,2.1,0.0,9.6,74.0,0.0,0.0,304.0,-426.0,1.0
3968500,2729500.0,7.0,26.0,1.0,15.3,996.0,28.0,1.6,0.0,9.5,82.0,0.0,0.0,297.0,-421.0,1.0
3968500,2729500.0,7.0,26.0,2.0,15.4,996.0,20.0,1.6,0.0,9.5,86.0,0.0,0.0,296.0,-416.0,1.0
3968500,2729500.0,7.0,26.0,3.0,14.5,996.0,11.0,2.2,1.0,9.4,87.0,0.0,0.0,301.0,-413.0,1.0
3968500,2729500.0,7.0,26.0,4.0,13.9,996.0,54.0,1.5,2.0,9.4,91.0,0.0,0.0,308.0,-411.0,1.0
3968500,2729500.0,7.0,26.0,5.0,12.7,996.0,71.0,1.3,1.0,9.4,96.0,0.0,0.0,307.0,-407.0,1.0
3968500,2729500.0,7.0,26.0,6.0,14.2,996.0,70.0,1.2,1.0,9.7,99.0,10.0,40.0,303.0,-405.0,1.0
3968500,2729500.0,7.0,26.0,7.0,16.7,996.0,62.0,1.4,0.0,10.3,92.0,81.0,103.0,304.0,-408.0,1.0
3968500,2729500.0,7.0,26.0,8.0,19.0,996.0,13.0,2.0,1.0,10.8,83.0,215.0,139.0,313.0,-420.0,1.0
3968500,2729500.0,7.0,26.0,9.0,20.6,996.0,25.0,1.4,1.0,11.1,75.0,359.0,158.0,327.0,-435.0,1.0
3968500,2729500.0,7.0,26.0,10.0,23.0,995.0,358.0,1.2,1.0,10.9,65.0,481.0,175.0,336.0,-451.0,1.0
3968500,2729500.0,7.0,26.0,11.0,24.3,996.0,12.0,1.3,1.0,9.8,53.0,577.0,185.0,344.0,-466.0,1.0
3968500,2729500.0,7.0,26.0,12.0,25.5,996.0,53.0,1.3,1.0,9.3,46.0,650.0,185.0,350.0,-478.0,1.0
3968500,2729500.0,7.0,26.0,13.0,26.4,996.0,75.0,2.5,1.0,9.0,42.0,689.0,175.0,356.0,-491.0,1.0
3968500,2729500.0,7.0,26.0,14.0,27.2,995.0,337.0,1.6,2.0,8.2,36.0,672.0,168.0,362.0,-497.0,1.0
3968500,2729500.0,7.0,26.0,15.0,28.0,995.0,31.0,2.0,1.0,7.7,33.0,611.0,161.0,364.0,-494.0,1.0
3968500,2729500.0,7.0,26.0,16.0,27.9,994.0,268.0,1.8,2.0,7.6,32.0,512.0,152.0,365.0,-490.0,1.0
3968500,2729500.0,7.0,26.0,17.0,28.0,994.0,32.0,2.0,2.0,7.8,33.0,372.0,146.0,367.0,-486.0,1.0
3968500,2729500.0,7.0,26.0,18.0,27.4,994.0,14.0,1.9,1.0,8.1,34.0,233.0,125.0,363.0,-479.0,1.0
3968500,2729500.0,7.0,26.0,19.0,26.5,994.0,23.0,2.4,2.0,8.1,36.0,113.0,90.0,360.0,-470.0,1.0
3968500,2729500.0,7.0,26.0,20.0,24.3,994.0,22.0,1.6,2.0,8.3,40.0,22.0,40.0,358.0,-461.0,1.0
3968500,2729500.0,7.0,26.0,21.0,20.4,994.0,295.0,2.1,3.0,8.7,51.0,0.0,3.0,351.0,-451.0,1.0
3968500,2729500.0,7.0,26.0,22.0,20.1,994.0,319.0,2.1,1.0,9.3,61.0,0.0,0.0,342.0,-442.0,1.0
3968500,2729500.0,7.0,26.0,23.0,19.8,994.0,347.0,1.8,1.0,9.3,62.0,0.0,0.0,336.0,-434.0,1.0
3968500,2729500.0,7.0,26.0,24.0,18.4,995.0,41.0,1.9,0.0,9.1,65.0,0.0,0.0,329.0,-429.0,1.0
3968500,2729500.0,7.0,27.0,1.0,15.5,995.0,202.0,1.6,0.0,9.3,75.0,0.0,0.0,318.0,-425.0,1.0
3968500,2729500.0,7.0,27.0,2.0,14.8,995.0,74.0,1.5,0.0,9.3,85.0,0.0,0.0,311.0,-423.0,1.0
3968500,2729500.0,7.0,27.0,3.0,13.8,995.0,50.0,1.2,0.0,9.3,89.0,0.0,0.0,307.0,-422.0,1.0
3968500,2729500.0,7.0,27.0,4.0,13.4,995.0,46.0,1.4,0.0,9.3,94.0,0.0,0.0,304.0,-420.0,1.0
3968500,2729500.0,7.0,27.0,5.0,13.2,995.0,51.0,1.2,0.0,9.4,96.0,0.0,0.0,303.0,-418.0,1.0
3968500,2729500.0,7.0,27.0,6.0,14.9,995.0,162.0,0.4,0.0,9.8,96.0,14.0,40.0,305.0,-417.0,1.0
3968500,2729500.0,7.0,27.0,7.0,16.0,995.0,253.0,0.5,0.0,9.9,89.0,96.0,96.0,308.0,-421.0,1.0
3968500,2729500.0,7.0,27.0,8.0,19.1,995.0,48.0,0.8,0.0,10.0,78.0,223.0,129.0,315.0,-428.0,1.0
3968500,2729500.0,7.0,27.0,9.0,21.6,995.0,5.0,0.9,0.0,10.2,67.0,356.0,150.0,326.0,-441.0,1.0
3968500,2729500.0,7.0,27.0,10.0,24.3,996.0,9.0,0.9,0.0,9.9,55.0,482.0,162.0,336.0,-459.0,1.0
3968500,2729500.0,7.0,27.0,11.0,26.3,995.0,76.0,1.3,0.0,9.6,47.0,576.0,174.0,347.0,-476.0,1.0
3968500,2729500.0,7.0,27.0,12.0,28.0,995.0,10.0,1.5,0.0,8.6,38.0,650.0,172.0,356.0,-491.0,1.0
3968500,2729500.0,7.0,27.0,13.0,28.7,995.0,330.0,1.4,1.0,7.5,31.0,677.0,168.0,363.0,-504.0,1.0
3968500,2729500.0,7.0,27.0,14.0,29.3,994.0,331.0,1.8,1.0,7.5,29.0,677.0,152.0,368.0,-513.0,1.0
3968500,2729500.0,7.0,27.0,15.0,29.4,994.0,17.0,3.0,1.0,7.2,28.0,620.0,143.0,369.0,-515.0,1.0
3968500,2729500.0,7.0,27.0,16.0,30.1,994.0,41.0,2.9,1.0,6.6,25.0,518.0,137.0,367.0,-507.0,1.0
3968500,2729500.0,7.0,27.0,17.0,29.9,993.0,11.0,2.6,1.0,6.8,25.0,374.0,136.0,367.0,-492.0,1.0
3968500,2729500.0,7.0,27.0,18.0,28.9,993.0,23.0,1.8,1.0,7.2,28.0,240.0,115.0,364.0,-483.0,1.0
3968500,2729500.0,7.0,27.0,19.0,28.4,993.0,4.0,2.5,0.0,7.2,29.0,115.0,85.0,358.0,-478.0,1.0
3968500,2729500.0,7.0,27.0,20.0,25.0,993.0,66.0,3.4,1.0,7.8,35.0,21.0,38.0,355.0,-469.0,1.0
3968500,2729500.0,7.0,27.0,21.0,21.6,994.0,263.0,2.9,1.0,8.6,47.0,0.0,2.0,348.0,-461.0,1.0
3968500,2729500.0,7.0,27.0,22.0,21.7,994.0,144.0,3.0,1.0,8.7,53.0,0.0,0.0,344.0,-454.0,1.0
3968500,2729500.0,7.0,27.0,23.0,19.6,994.0,191.0,2.0,1.0,8.7,56.0,0.0,0.0,343.0,-450.0,1.0
3968500,2729500.0,7.0,27.0,24.0,18.6,995.0,312.0,1.5,1.0,9.1,64.0,0.0,0.0,340.0,-444.0,1.0
3968500,2729500.0,7.0,28.0,1.0,19.0,995.0,54.0,2.0,2.0,9.2,67.0,0.0,0.0,342.0,-436.0,1.0
3968500,2729500.0,7.0,28.0,2.0,16.9,995.0,40.0,1.6,1.0,9.3,71.0,0.0,0.0,338.0,-431.0,1.0
3968500,2729500.0,7.0,28.0,3.0,15.9,995.0,10.0,0.8,1.0,9.5,80.0,0.0,0.0,330.0,-431.0,1.0
3968500,2729500.0,7.0,28.0,4.0,15.3,995.0,45.0,1.2,1.0,9.7,86.0,0.0,0.0,328.0,-428.0,1.0
3968500,2729500.0,7.0,28.0,5.0,15.2,995.0,39.0,1.0,2.0,9.8,89.0,0.0,0.0,329.0,-425.0,1.0
3968500,2729500.0,7.0,28.0,6.0,16.8,995.0,49.0,1.0,2.0,10.2,88.0,7.0,38.0,333.0,-425.0,1.0
3968500,2729500.0,7.0,28.0,7.0,18.2,995.0,96.0,1.0,1.0,10.4,81.0,75.0,103.0,333.0,-429.0,1.0
3968500,2729500.0,7.0,28.0,8.0,20.6,995.0,117.0,1.4,1.0,10.6,74.0,196.0,145.0,335.0,-437.0,1.0
3968500,2729500.0,7.0,28.0,9.0,23.4,995.0,180.0,1.0,1.0,10.9,64.0,332.0,170.0,342.0,-450.0,1.0
3968500,2729500.0,7.0,28.0,10.0,25.7,996.0,136.0,1.8,1.0,10.6,54.0,465.0,182.0,350.0,-465.0,1.0
3968500,2729500.0,7.0,28.0,11.0,27.8,996.0,114.0,1.5,1.0,10.5,47.0,584.0,181.0,360.0,-478.0,1.0
3968500,2729500.0,7.0,28.0,12.0,29.4,996.0,80.0,2.5,1.0,10.6,42.0,640.0,190.0,371.0,-492.0,1.0
3968500,2729500.0,7.0,28.0,13.0,29.9,996.0,57.0,2.7,2.0,10.2,38.0,672.0,184.0,381.0,-504.0,1.0
3968500,2729500.0,7.0,28.0,14.0,30.4,995.0,331.0,2.5,2.0,9.7,35.0,613.0,203.0,385.0,-511.0,1.0
3968500,2729500.0,7.0,28.0,15.0,30.8,995.0,64.0,2.3,3.0,9.1,33.0,354.0,300.0,387.0,-515.0,1.0
3968500,2729500.0,7.0,28.0,16.0,25.9,995.0,328.0,3.1,4.0,10.1,41.0,85.0,286.0,384.0,-512.0,1.0
3968500,2729500.0,7.0,28.0,17.0,26.7,995.0,330.0,3.3,7.0,11.4,52.0,2.0,156.0,386.0,-508.0,1.0
3968500,2729500.0,7.0,28.0,18.0,26.1,995.0,348.0,2.4,7.0,11.6,53.0,7.0,136.0,393.0,-501.0,1.0
3968500,2729500.0,7.0,28.0,19.0,26.4,995.0,58.0,1.9,6.0,11.7,53.0,8.0,88.0,392.0,-491.0,1.0
3968500,2729500.0,7.0,28.0,20.0,24.8,995.0,166.0,3.1,7.0,11.8,56.0,0.0,16.0,392.0,-481.0,1.0
3968500,2729500.0,7.0,28.0,21.0,23.5,996.0,92.0,2.3,4.0,11.7,61.0,0.0,0.0,380.0,-471.0,1.0
3968500,2729500.0,7.0,28.0,22.0,22.2,997.0,347.0,3.5,3.0,11.2,63.0,0.0,0.0,361.0,-462.0,1.0
3968500,2729500.0,7.0,28.0,23.0,21.7,997.0,245.0,3.3,3.0,11.2,67.0,0.0,0.0,355.0,-454.0,1.0
3968500,2729500.0,7.0,28.0,24.0,21.1,997.0,339.0,4.2,4.0,11.5,70.0,0.0,0.0,358.0,-449.0,1.0
3968500,2729500.0,7.0,29.0,1.0,19.7,997.0,319.0,3.9,5.0,11.6,76.0,0.0,0.0,362.0,-445.0,1.0
3968500,2729500.0,7.0,29.0,2.0,19.2,997.0,353.0,3.2,7.0,11.8,82.0,0.0,0.0,369.0,-444.0,1.0
3968500,2729500.0,7.0,29.0,3.0,18.8,997.0,276.0,2.9,6.0,12.0,85.0,0.0,0.0,372.0,-446.0,1.0
3968500,2729500.0,7.0,29.0,4.0,17.9,998.0,355.0,3.3,5.0,12.2,90.0,0.0,0.0,363.0,-443.0,1.0
3968500,2729500.0,7.0,29.0,5.0,17.6,998.0,258.0,2.2,4.0,12.3,95.0,0.0,0.0,354.0,-437.0,1.0
3968500,2729500.0,7.0,29.0,6.0,18.2,998.0,311.0,2.1,3.0,12.5,95.0,1.0,29.0,347.0,-435.0,1.0
3968500,2729500.0,7.0,29.0,7.0,18.8,999.0,351.0,3.3,5.0,12.5,92.0,5.0,86.0,351.0,-436.0,1.0
3968500,2729500.0,7.0,29.0,8.0,20.2,999.0,330.0,3.4,4.0,12.0,83.0,66.0,173.0,356.0,-438.0,1.0
3968500,2729500.0,7.0,29.0,9.0,21.0,999.0,329.0,3.4,3.0,11.2,73.0,139.0,236.0,352.0,-434.0,1.0
3968500,2729500.0,7.0,29.0,10.0,21.9,999.0,31.0,3.4,6.0,11.0,68.0,161.0,298.0,363.0,-432.0,1.0
3968500,2729500.0,7.0,29.0,11.0,23.0,999.0,347.0,3.3,6.0,11.3,65.0,262.0,322.0,379.0,-444.0,1.0
3968500,2729500.0,7.0,29.0,12.0,23.0,999.0,336.0,3.5,6.0,11.0,62.0,295.0,346.0,383.0,-462.0,1.0
3968500,2729500.0,7.0,29.0,13.0,24.2,1000.0,334.0,3.2,5.0,10.4,56.0,382.0,320.0,383.0,-472.0,1.0
3968500,2729500.0,7.0,29.0,14.0,25.0,1000.0,311.0,2.9,5.0,10.0,51.0,404.0,296.0,384.0,-480.0,1.0
3968500,2729500.0,7.0,29.0,15.0,25.1,999.0,325.0,3.5,3.0,9.4,47.0,457.0,229.0,382.0,-487.0,1.0
3968500,2729500.0,7.0,29.0,16.0,25.5,999.0,337.0,3.6,2.0,8.8,43.0,464.0,157.0,375.0,-492.0,1.0
3968500,2729500.0,7.0,29.0,17.0,25.3,999.0,308.0,3.7,2.0,8.6,42.0,361.0,134.0,371.0,-492.0,1.0
3968500,2729500.0,7.0,29.0,18.0,24.8,998.0,303.0,3.6,1.0,8.3,41.0,228.0,115.0,365.0,-486.0,1.0
3968500,2729500.0,7.0,29.0,19.0,23.2,998.0,319.0,3.0,1.0,8.2,43.0,119.0,79.0,356.0,-477.0,1.0
3968500,2729500.0,7.0,29.0,20.0,21.3,998.0,322.0,2.5,0.0,8.8,51.0,25.0,37.0,346.0,-466.0,1.0
3968500,2729500.0,7.0,29.0,21.0,19.2,998.0,338.0,2.1,1.0,9.2,61.0,0.0,2.0,338.0,-456.0,1.0
3968500,2729500.0,7.0,29.0,22.0,18.6,999.0,353.0,2.0,0.0,9.2,66.0,0.0,0.0,333.0,-448.0,1.0
3968500,2729500.0,7.0,29.0,23.0,17.2,1000.0,327.0,1.2,0.0,9.3,71.0,0.0,0.0,328.0,-444.0,1.0
3968500,2729500.0,7.0,29.0,24.0,15.8,1000.0,99.0,0.9,0.0,9.5,80.0,0.0,0.0,325.0,-441.0,1.0
3968500,2729500.0,7.0,30.0,1.0,14.2,1000.0,258.0,1.0,0.0,9.3,86.0,0.0,0.0,323.0,-440.0,1.0
3968500,2729500.0,7.0,30.0,2.0,13.6,1000.0,125.0,1.5,0.0,9.1,91.0,0.0,0.0,322.0,-439.0,1.0
3968500,2729500.0,7.0,30.0,3.0,13.0,1000.0,191.0,1.9,1.0,9.0,93.0,0.0,0.0,323.0,-437.0,1.0
3968500,2729500.0,7.0,30.0,4.0,12.8,1000.0,169.0,2.3,1.0,9.0,96.0,0.0,0.0,323.0,-432.0,1.0
3968500,2729500.0,7.0,30.0,5.0,11.9,1000.0,186.0,2.1,2.0,9.0,98.0,0.0,0.0,322.0,-426.0,1.0
3968500,2729500.0,7.0,30.0,6.0,13.0,1001.0,182.0,2.0,1.0,9.0,98.0,9.0,39.0,320.0,-423.0,1.0
3968500,2729500.0,7.0,30.0,7.0,15.5,1001.0,179.0,2.4,1.0,9.4,91.0,77.0,102.0,322.0,-425.0,1.0
3968500,2729500.0,7.0,30.0,8.0,18.3,1001.0,174.0,2.3,0.0,9.8,80.0,194.0,144.0,328.0,-431.0,1.0
3968500,2729500.0,7.0,30.0,9.0,21.2,1001.0,178.0,2.7,0.0,10.3,70.0,323.0,171.0,336.0,-441.0,1.0
3968500,2729500.0,7.0,30.0,10.0,23.4,1001.0,191.0,3.4,0.0,10.4,61.0,444.0,190.0,346.0,-453.0,1.0
3968500,2729500.0,7.0,30.0,11.0,25.7,1001.0,184.0,4.0,1.0,10.3,52.0,549.0,197.0,359.0,-464.0,1.0
3968500,2729500.0,7.0,30.0,12.0,27.4,1001.0,183.0,3.5,2.0,10.3,47.0,608.0,205.0,374.0,-473.0,1.0
3968500,2729500.0,7.0,30.0,13.0,27.7,1000.0,194.0,3.8,2.0,10.3,44.0,574.0,240.0,381.0,-478.0,1.0
3968500,2729500.0,7.0,30.0,14.0,29.5,1000.0,225.0,3.8,4.0,10.2,41.0,256.0,369.0,390.0,-484.0,1.0
3968500,2729500.0,7.0,30.0,15.0,29.5,1000.0,241.0,3.1,3.0,10.1,38.0,275.0,328.0,395.0,-489.0,1.0
3968500,2729500.0,7.0,30.0,16.0,29.6,999.0,265.0,2.8,3.0,9.8,37.0,242.0,281.0,391.0,-488.0,1.0
3968500,2729500.0,7.0,30.0,17.0,29.0,999.0,268.0,2.8,4.0,9.9,38.0,188.0,226.0,392.0,-483.0,1.0
3968500,2729500.0,7.0,30.0,18.0,28.3,999.0,287.0,2.5,4.0,10.4,42.0,140.0,160.0,391.0,-476.0,1.0
3968500,2729500.0,7.0,30.0,19.0,26.9,999.0,261.0,2.7,3.0,10.8,46.0,59.0,99.0,385.0,-466.0,1.0
3968500,2729500.0,7.0,30.0,20.0,24.8,999.0,238.0,2.2,2.0,11.1,52.0,6.0,35.0,374.0,-455.0,1.0
3968500,2729500.0,7.0,30.0,21.0,23.2,999.0,311.0,1.9,2.0,11.3,59.0,0.0,0.0,364.0,-444.0,1.0
3968500,2729500.0,7.0,30.0,22.0,21.8,998.0,252.0,2.3,1.0,11.5,66.0,0.0,0.0,356.0,-435.0,1.0
3968500,2729500.0,7.0,30.0,23.0,21.1,999.0,295.0,2.2,1.0,11.7,72.0,0.0,0.0,348.0,-427.0,1.0
3968500,2729500.0,7.0,30.0,24.0,18.7,999.0,54.0,2.1,2.0,11.7,79.0,0.0,0.0,345.0,-424.0,1.0
3968500,2729500.0,7.0,31.0,1.0,17.3,999.0,2.0,1.1,1.0,11.7,89.0,0.0,0.0,338.0,-421.0,1.0
3968500,2729500.0,7.0,31.0,2.0,16.8,999.0,142.0,2.2,1.0,11.6,93.0,0.0,0.0,332.0,-417.0,1.0
3968500,2729500.0,7.0,31.0,3.0,16.6,999.0,159.0,1.5,1.0,11.4,94.0,0.0,0.0,330.0,-414.0,1.0
3968500,2729500.0,7.0,31.0,4.0,15.9,998.0,200.0,1.3,2.0,11.3,96.0,0.0,0.0,332.0,-411.0,1.0
3968500,2729500.0,7.0,31.0,5.0,15.9,998.0,180.0,1.9,3.0,11.3,98.0,0.0,0.0,339.0,-407.0,1.0
3968500,2729500.0,7.0,31.0,6.0,16.5,998.0,185.0,1.6,4.0,11.5,98.0,6.0,35.0,347.0,-405.0,1.0
3968500,2729500.0,7.0,31.0,7.0,17.9,998.0,164.0,1.5,5.0,11.8,94.0,15.0,97.0,357.0,-408.0,1.0
3968500,2729500.0,7.0,31.0,8.0,20.2,998.0,161.0,1.8,4.0,12.1,86.0,110.0,169.0,363.0,-417.0,1.0
3968500,2729500.0,7.0,31.0,9.0,22.1,998.0,156.0,1.7,4.0,12.5,78.0,85.0,246.0,367.0,-429.0,1.0
3968500,2729500.0,7.0,31.0,10.0,25.6,999.0,182.0,2.7,3.0,13.1,69.0,188.0,295.0,374.0,-442.0,1.0
3968500,2729500.0,7.0,31.0,11.0,28.1,998.0,256.0,3.8,2.0,13.2,58.0,405.0,264.0,379.0,-454.0,1.0
3968500,2729500.0,7.0,31.0,12.0,27.3,997.0,28.0,2.0,4.0,13.0,55.0,135.0,383.0,388.0,-464.0,1.0
3968500,2729500.0,7.0,31.0,13.0,28.3,997.0,224.0,4.8,3.0,12.9,54.0,176.0,385.0,392.0,-474.0,1.0
3968500,2729500.0,7.0,31.0,14.0,29.0,996.0,262.0,5.8,3.0,11.5,46.0,311.0,340.0,391.0,-471.0,1.0
3968500,2729500.0,7.0,31.0,15.0,29.7,996.0,263.0,5.5,3.0,10.6,40.0,380.0,274.0,392.0,-467.0,1.0
3968500,2729500.0,7.0,31.0,16.0,29.2,996.0,267.0,5.7,2.0,10.4,40.0,377.0,212.0,389.0,-468.0,1.0
3968500,2729500.0,7.0,31.0,17.0,28.6,996.0,277.0,5.0,2.0,10.1,40.0,232.0,202.0,383.0,-463.0,1.0
3968500,2729500.0,7.0,31.0,18.0,26.8,996.0,292.0,4.9,4.0,10.2,43.0,49.0,163.0,383.0,-455.0,1.0
3968500,2729500.0,7.0,31.0,19.0,24.9,996.0,299.0,4.5,5.0,10.8,51.0,25.0,97.0,387.0,-445.0,1.0
3968500,2729500.0,7.0,31.0,20.0,22.9,997.0,304.0,4.2,6.0,11.8,62.0,2.0,28.0,388.0,-435.0,1.0
3968500,2729500.0,7.0,31.0,21.0,21.9,997.0,307.0,4.4,5.0,12.0,69.0,0.0,0.0,381.0,-425.0,1.0
3968500,2729500.0,7.0,31.0,22.0,21.2,997.0,300.0,3.8,4.0,11.9,72.0,0.0,0.0,370.0,-416.0,1.0
3968500,2729500.0,7.0,31.0,23.0,20.5,998.0,328.0,3.1,4.0,11.5,73.0,0.0,0.0,361.0,-409.0,1.0
3968500,2729500.0,7.0,31.0,24.0,19.0,999.0,316.0,3.0,4.0,11.0,75.0,0.0,0.0,356.0,-403.0,1.0
3968500,2729500.0,8.0,1.0,1.0,18.1,999.0,324.0,2.8,4.0,10.3,78.0,0.0,0.0,345.0,-396.0,1.0
3968500,2729500.0,8.0,1.0,2.0,17.7,999.0,335.0,3.2,6.0,9.9,76.0,0.0,0.0,352.0,-394.0,1.0
3968500,2729500.0,8.0,1.0,3.0,16.9,999.0,349.0,3.1,4.0,9.6,76.0,0.0,0.0,349.0,-391.0,1.0
3968500,2729500.0,8.0,1.0,4.0,16.3,1000.0,341.0,2.5,4.0,9.5,79.0,0.0,0.0,340.0,-388.0,1.0
3968500,2729500.0,8.0,1.0,5.0,15.2,1000.0,315.0,1.8,2.0,9.3,82.0,0.0,0.0,329.0,-384.0,1.0
3968500,2729500.0,8.0,1.0,6.0,15.3,1001.0,325.0,1.9,4.0,9.3,84.0,6.0,27.0,326.0,-382.0,1.0
3968500,2729500.0,8.0,1.0,7.0,16.6,1001.0,354.0,2.5,4.0,9.3,81.0,83.0,76.0,332.0,-385.0,1.0
3968500,2729500.0,8.0,1.0,8.0,17.8,1001.0,339.0,3.1,4.0,9.1,73.0,166.0,122.0,333.0,-395.0,1.0
3968500,2729500.0,8.0,1.0,9.0,18.6,1002.0,340.0,3.0,3.0,8.7,66.0,349.0,117.0,331.0,-411.0,1.0
3968500,2729500.0,8.0,1.0,10.0,20.5,1002.0,7.0,3.0,4.0,8.2,57.0,376.0,185.0,335.0,-427.0,1.0
3968500,2729500.0,8.0,1.0,11.0,21.3,1002.0,355.0,2.6,5.0,7.5,48.0,185.0,306.0,344.0,-443.0,1.0
3968500,2729500.0,8.0,1.0,12.0,22.2,1001.0,345.0,2.8,5.0,7.6,46.0,209.0,326.0,349.0,-455.0,1.0
3968500,2729500.0,8.0,1.0,13.0,22.3,1001.0,312.0,2.3,5.0,7.8,46.0,281.0,316.0,350.0,-463.0,1.0
3968500,2729500.0,8.0,1.0,14.0,23.0,1001.0,327.0,3.9,3.0,7.6,43.0,453.0,240.0,345.0,-470.0,1.0
3968500,2729500.0,8.0,1.0,15.0,23.4,1000.0,355.0,2.5,3.0,7.6,42.0,452.0,203.0,342.0,-471.0,1.0
3968500,2729500.0,8.0,1.0,16.0,22.7,1000.0,353.0,3.4,3.0,7.3,41.0,470.0,132.0,340.0,-468.0,1.0
3968500,2729500.0,8.0,1.0,17.0,22.7,1000.0,321.0,2.2,2.0,7.3,42.0,412.0,83.0,336.0,-462.0,1.0
3968500,2729500.0,8.0,1.0,18.0,22.5,1000.0,351.0,2.6,1.0,7.3,42.0,269.0,76.0,331.0,-454.0,1.0
3968500,2729500.0,8.0,1.0,19.0,21.4,999.0,18.0,3.2,1.0,7.5,45.0,122.0,63.0,327.0,-443.0,1.0
3968500,2729500.0,8.0,1.0,20.0,19.8,999.0,26.0,2.8,1.0,7.9,51.0,23.0,26.0,324.0,-432.0,1.0
3968500,2729500.0,8.0,1.0,21.0,17.1,999.0,14.0,2.8,1.0,8.2,61.0,0.0,0.0,318.0,-422.0,1.0
3968500,2729500.0,8.0,1.0,22.0,16.1,999.0,336.0,2.8,1.0,8.2,69.0,0.0,0.0,311.0,-414.0,1.0
3968500,2729500.0,8.0,1.0,23.0,15.0,1000.0,15.0,2.6,1.0,8.2,73.0,0.0,0.0,308.0,-409.0,1.0
3968500,2729500.0,8.0,1.0,24.0,14.1,1000.0,341.0,2.8,1.0,8.1,77.0,0.0,0.0,305.0,-405.0,1.0
3968500,2729500.0,8.0,2.0,1.0,14.0,999.0,352.0,2.2,0.0,8.0,79.0,0.0,0.0,303.0,-401.0,1.0
3968500,2729500.0,8.0,2.0,2.0,12.8,999.0,351.0,2.5,0.0,7.9,82.0,0.0,0.0,299.0,-397.0,1.0
3968500,2729500.0,8.0,2.0,3.0,12.5,998.0,342.0,2.3,2.0,7.9,85.0,0.0,0.0,302.0,-394.0,1.0
3968500,2729500.0,8.0,2.0,4.0,12.1,998.0,340.0,2.3,3.0,7.9,87.0,0.0,0.0,309.0,-392.0,1.0
3968500,2729500.0,8.0,2.0,5.0,12.1,998.0,331.0,2.4,6.0,7.9,88.0,0.0,0.0,320.0,-389.0,1.0
3968500,2729500.0,8.0,2.0,6.0,12.5,998.0,335.0,2.1,6.0,7.9,87.0,3.0,25.0,330.0,-388.0,1.0
3968500,2729500.0,8.0,2.0,7.0,14.0,998.0,332.0,2.1,6.0,8.1,84.0,2.0,64.0,333.0,-391.0,1.0
3968500,2729500.0,8.0,2.0,8.0,16.0,997.0,338.0,1.9,4.0,8.4,78.0,62.0,157.0,331.0,-401.0,1.0
3968500,2729500.0,8.0,2.0,9.0,19.0,996.0,87.0,1.4,4.0,8.7,69.0,124.0,224.0,335.0,-417.0,1.0
3968500,2729500.0,8.0,2.0,10.0,21.1,995.0,42.0,2.4,5.0,8.8,59.0,197.0,275.0,347.0,-435.0,1.0
3968500,2729500.0,8.0,2.0,11.0,23.1,994.0,79.0,3.7,5.0,8.9,52.0,470.0,219.0,358.0,-448.0,1.0
3968500,2729500.0,8.0,2.0,12.0,25.0,995.0,119.0,4.2,6.0,9.0,47.0,448.0,270.0,369.0,-458.0,1.0
3968500,2729500.0,8.0,2.0,13.0,24.6,994.0,99.0,3.9,7.0,9.1,46.0,295.0,335.0,378.0,-460.0,1.0
3968500,2729500.0,8.0,2.0,14.0,26.0,993.0,109.0,4.0,7.0,9.7,47.0,334.0,309.0,386.0,-463.0,1.0
3968500,2729500.0,8.0,2.0,15.0,26.0,992.0,111.0,4.8,6.0,10.0,46.0,221.0,300.0,389.0,-473.0,1.0
3968500,2729500.0,8.0,2.0,16.0,26.4,991.0,107.0,5.8,6.0,9.8,45.0,218.0,251.0,388.0,-481.0,1.0
3968500,2729500.0,8.0,2.0,17.0,26.8,991.0,98.0,5.2,6.0,9.8,44.0,295.0,158.0,391.0,-483.0,1.0
3968500,2729500.0,8.0,2.0,18.0,26.4,990.0,105.0,4.9,5.0,10.0,45.0,206.0,115.0,389.0,-480.0,1.0
3968500,2729500.0,8.0,2.0,19.0,25.0,989.0,91.0,4.6,4.0,10.1,48.0,83.0,77.0,381.0,-473.0,1.0
3968500,2729500.0,8.0,2.0,20.0,24.1,989.0,100.0,4.6,6.0,9.9,50.0,4.0,22.0,381.0,-465.0,1.0
3968500,2729500.0,8.0,2.0,21.0,23.5,988.0,132.0,3.3,7.0,9.7,51.0,0.0,0.0,389.0,-458.0,1.0
3968500,2729500.0,8.0,2.0,22.0,23.2,988.0,270.0,1.8,7.0,9.7,52.0,0.0,0.0,392.0,-453.0,1.0
3968500,2729500.0,8.0,2.0,23.0,22.2,988.0,222.0,0.9,7.0,9.9,56.0,0.0,0.0,391.0,-446.0,1.0
3968500,2729500.0,8.0,2.0,24.0,21.5,987.0,247.0,4.1,8.0,10.0,60.0,0.0,0.0,394.0,-442.0,1.0
3968500,2729500.0,8.0,3.0,1.0,21.3,987.0,179.0,2.9,8.0,10.1,62.0,0.0,0.0,397.0,-439.0,1.0
3968500,2729500.0,8.0,3.0,2.0,18.8,987.0,222.0,2.2,7.0,11.0,72.0,0.0,0.0,389.0,-434.0,1.0
3968500,2729500.0,8.0,3.0,3.0,18.2,985.0,163.0,1.7,7.0,11.6,84.0,0.0,0.0,381.0,-432.0,1.0
3968500,2729500.0,8.0,3.0,4.0,17.7,985.0,188.0,2.5,6.0,11.3,85.0,0.0,0.0,377.0,-430.0,1.0
3968500,2729500.0,8.0,3.0,5.0,18.8,986.0,182.0,3.1,7.0,11.4,84.0,0.0,0.0,378.0,-429.0,1.0
3968500,2729500.0,8.0,3.0,6.0,21.4,987.0,208.0,4.2,7.0,11.7,77.0,13.0,32.0,389.0,-428.0,1.0
3968500,2729500.0,8.0,3.0,7.0,21.2,987.0,185.0,4.0,5.0,11.9,73.0,68.0,87.0,385.0,-427.0,1.0
3968500,2729500.0,8.0,3.0,8.0,22.7,987.0,186.0,4.4,5.0,12.2,72.0,125.0,150.0,381.0,-428.0,1.0
3968500,2729500.0,8.0,3.0,9.0,23.5,987.0,194.0,4.8,5.0,12.0,66.0,130.0,228.0,385.0,-431.0,1.0
3968500,2729500.0,8.0,3.0,10.0,24.0,987.0,202.0,5.6,6.0,11.5,61.0,95.0,289.0,391.0,-436.0,1.0
3968500,2729500.0,8.0,3.0,11.0,24.8,987.0,195.0,5.7,6.0,11.4,58.0,130.0,332.0,395.0,-438.0,1.0
3968500,2729500.0,8.0,3.0,12.0,26.2,987.0,200.0,6.0,6.0,11.3,54.0,105.0,345.0,397.0,-438.0,1.0
3968500,2729500.0,8.0,3.0,13.0,25.2,987.0,192.0,6.3,7.0,11.2,53.0,18.0,285.0,399.0,-446.0,1.0
3968500,2729500.0,8.0,3.0,14.0,23.7,987.0,186.0,6.4,6.0,12.0,61.0,10.0,259.0,395.0,-455.0,1.0
3968500,2729500.0,8.0,3.0,15.0,24.7,987.0,182.0,6.1,5.0,13.0,66.0,215.0,309.0,389.0,-460.0,1.0
3968500,2729500.0,8.0,3.0,16.0,22.2,988.0,289.0,5.2,6.0,12.7,68.0,53.0,245.0,383.0,-463.0,1.0
3968500,2729500.0,8.0,3.0,17.0,19.6,989.0,281.0,3.7,8.0,12.8,80.0,0.0,96.0,381.0,-460.0,1.0
3968500,2729500.0,8.0,3.0,18.0,20.1,989.0,241.0,2.9,7.0,13.5,90.0,7.0,120.0,380.0,-456.0,1.0
3968500,2729500.0,8.0,3.0,19.0,19.3,989.0,276.0,3.8,5.0,12.9,87.0,15.0,77.0,368.0,-448.0,1.0
3968500,2729500.0,8.0,3.0,20.0,18.5,990.0,227.0,2.4,7.0,11.9,85.0,0.0,11.0,362.0,-438.0,1.0
3968500,2729500.0,8.0,3.0,21.0,16.5,990.0,230.0,2.4,5.0,11.6,90.0,0.0,0.0,354.0,-430.0,1.0
3968500,2729500.0,8.0,3.0,22.0,16.7,991.0,2.0,1.5,6.0,11.6,96.0,0.0,0.0,347.0,-425.0,1.0
3968500,2729500.0,8.0,3.0,23.0,15.4,992.0,242.0,1.3,6.0,11.3,96.0,0.0,0.0,348.0,-420.0,1.0
3968500,2729500.0,8.0,3.0,24.0,15.0,992.0,234.0,1.6,1.0,10.9,98.0,0.0,0.0,329.0,-416.0,1.0
3968500,2729500.0,8.0,4.0,1.0,14.6,992.0,186.0,1.2,5.0,10.7,99.0,0.0,0.0,325.0,-412.0,1.0
3968500,2729500.0,8.0,4.0,2.0,14.3,992.0,146.0,1.8,1.0,10.5,99.0,0.0,0.0,324.0,-408.0,1.0
3968500,2729500.0,8.0,4.0,3.0,13.8,993.0,139.0,1.7,1.0,10.3,100.0,0.0,0.0,308.0,-405.0,1.0
3968500,2729500.0,8.0,4.0,4.0,13.8,993.0,184.0,1.7,3.0,10.1,100.0,0.0,0.0,312.0,-401.0,1.0
3968500,2729500.0,8.0,4.0,5.0,13.9,992.0,155.0,1.7,7.0,10.1,100.0,0.0,0.0,331.0,-398.0,1.0
3968500,2729500.0,8.0,4.0,6.0,14.1,992.0,166.0,1.7,7.0,10.2,100.0,0.0,8.0,345.0,-398.0,1.0
3968500,2729500.0,8.0,4.0,7.0,14.6,992.0,176.0,1.5,7.0,10.4,99.0,0.0,28.0,345.0,-401.0,1.0
3968500,2729500.0,8.0,4.0,8.0,15.7,992.0,168.0,1.8,7.0,10.9,99.0,16.0,141.0,350.0,-405.0,1.0
3968500,2729500.0,8.0,4.0,9.0,18.1,992.0,178.0,2.9,5.0,11.6,94.0,192.0,209.0,349.0,-413.0,1.0
3968500,2729500.0,8.0,4.0,10.0,19.8,992.0,177.0,3.3,5.0,11.7,83.0,270.0,253.0,350.0,-423.0,1.0
3968500,2729500.0,8.0,4.0,11.0,20.5,992.0,158.0,3.5,5.0,11.7,78.0,187.0,324.0,355.0,-435.0,1.0
3968500,2729500.0,8.0,4.0,12.0,19.9,991.0,258.0,3.1,7.0,11.8,78.0,5.0,252.0,362.0,-446.0,1.0
3968500,2729500.0,8.0,4.0,13.0,16.3,991.0,246.0,4.1,8.0,11.6,87.0,0.0,100.0,365.0,-450.0,1.0
3968500,2729500.0,8.0,4.0,14.0,16.0,992.0,185.0,2.0,8.0,11.4,97.0,0.0,90.0,360.0,-451.0,1.0
3968500,2729500.0,8.0,4.0,15.0,17.3,993.0,197.0,2.8,6.0,11.7,97.0,0.0,178.0,357.0,-450.0,1.0
3968500,2729500.0,8.0,4.0,16.0,19.3,993.0,240.0,3.4,6.0,10.7,80.0,92.0,252.0,354.0,-445.0,1.0
3968500,2729500.0,8.0,4.0,17.0,19.6,993.0,231.0,3.4,3.0,9.4,65.0,339.0,141.0,346.0,-443.0,1.0
3968500,2729500.0,8.0,4.0,18.0,19.4,993.0,202.0,2.5,4.0,9.3,64.0,188.0,122.0,338.0,-439.0,1.0
3968500,2729500.0,8.0,4.0,19.0,18.5,993.0,199.0,2.7,5.0,9.3,66.0,46.0,79.0,341.0,-429.0,1.0
3968500,2729500.0,8.0,4.0,20.0,16.4,994.0,202.0,2.5,4.0,9.1,73.0,5.0,23.0,333.0,-418.0,1.0
3968500,2729500.0,8.0,4.0,21.0,15.1,994.0,184.0,2.4,5.0,8.9,78.0,0.0,0.0,326.0,-411.0,1.0
3968500,2729500.0,8.0,4.0,22.0,14.0,995.0,185.0,2.2,5.0,8.7,82.0,0.0,0.0,328.0,-407.0,1.0
3968500,2729500.0,8.0,4.0,23.0,13.8,995.0,153.0,2.0,4.0,8.6,84.0,0.0,0.0,326.0,-403.0,1.0
3968500,2729500.0,8.0,4.0,24.0,14.2,995.0,127.0,1.7,3.0,8.7,83.0,0.0,0.0,324.0,-401.0,1.0
3968500,2729500.0,8.0,5.0,1.0,14.8,993.0,94.0,1.6,2.0,8.9,82.0,0.0,0.0,311.0,-407.0,1.0
3968500,2729500.0,8.0,5.0,2.0,15.2,993.0,66.0,1.7,1.0,9.0,81.0,0.0,0.0,309.0,-404.0,1.0
3968500,2729500.0,8.0,5.0,3.0,15.4,993.0,31.0,1.9,0.0,9.1,80.0,0.0,0.0,310.0,-402.0,1.0
3968500,2729500.0,8.0,5.0,4.0,14.8,994.0,35.0,2.2,1.0,9.1,83.0,0.0,0.0,309.0,-400.0,1.0
3968500,2729500.0,8.0,5.0,5.0,14.8,994.0,34.0,2.1,1.0,9.1,84.0,0.0,0.0,308.0,-399.0,1.0
3968500,2729500.0,8.0,5.0,6.0,13.5,994.0,38.0,2.4,2.0,8.9,87.0,9.0,24.0,310.0,-398.0,1.0
3968500,2729500.0,8.0,5.0,7.0,15.1,995.0,35.0,2.2,1.0,9.3,90.0,94.0,78.0,310.0,-399.0,1.0
3968500,2729500.0,8.0,5.0,8.0,17.1,995.0,36.0,1.3,1.0,9.7,84.0,236.0,101.0,312.0,-408.0,1.0
3968500,2729500.0,8.0,5.0,9.0,20.2,995.0,38.0,1.2,1.0,9.8,72.0,386.0,112.0,320.0,-423.0,1.0
3968500,2729500.0,8.0,5.0,10.0,22.3,995.0,58.0,1.7,1.0,10.1,63.0,534.0,112.0,331.0,-442.0,1.0
3968500,2729500.0,8.0,5.0,11.0,24.5,995.0,20.0,1.3,1.0,10.1,55.0,653.0,108.0,340.0,-460.0,1.0
3968500,2729500.0,8.0,5.0,12.0,25.7,995.0,66.0,1.9,1.0,9.5,47.0,729.0,105.0,347.0,-475.0,1.0
3968500,2729500.0,8.0,5.0,13.0,26.7,995.0,30.0,1.8,2.0,9.1,42.0,519.0,241.0,355.0,-487.0,1.0
3968500,2729500.0,8.0,5.0,14.0,27.5,995.0,241.0,1.0,2.0,9.0,39.0,378.0,301.0,362.0,-494.0,1.0
3968500,2729500.0,8.0,5.0,15.0,28.2,995.0,56.0,1.5,3.0,8.8,37.0,300.0,295.0,366.0,-497.0,1.0
3968500,2729500.0,8.0,5.0,16.0,28.0,995.0,98.0,2.0,4.0,8.8,36.0,231.0,261.0,371.0,-495.0,1.0
3968500,2729500.0,8.0,5.0,17.0,28.5,995.0,9.0,0.9,3.0,8.6,35.0,236.0,182.0,371.0,-489.0,1.0
3968500,2729500.0,8.0,5.0,18.0,28.2,994.0,76.0,2.6,2.0,8.1,33.0,199.0,109.0,366.0,-481.0,1.0
3968500,2729500.0,8.0,5.0,19.0,27.0,994.0,89.0,2.3,1.0,8.3,35.0,100.0,70.0,358.0,-468.0,1.0
3968500,2729500.0,8.0,5.0,20.0,25.1,994.0,41.0,1.1,1.0,8.8,41.0,17.0,25.0,352.0,-454.0,1.0
3968500,2729500.0,8.0,5.0,21.0,22.8,994.0,98.0,1.2,0.0,9.0,47.0,0.0,0.0,343.0,-444.0,1.0
3968500,2729500.0,8.0,5.0,22.0,21.1,994.0,48.0,1.8,0.0,9.2,55.0,0.0,0.0,333.0,-437.0,1.0
3968500,2729500.0,8.0,5.0,23.0,20.3,994.0,83.0,1.1,0.0,9.3,60.0,0.0,0.0,329.0,-431.0,1.0
3968500,2729500.0,8.0,5.0,24.0,19.3,995.0,67.0,0.6,0.0,9.2,62.0,0.0,0.0,325.0,-424.0,1.0
3968500,2729500.0,8.0,6.0,1.0,19.2,995.0,58.0,0.0,2.0,9.2,65.0,0.0,0.0,329.0,-420.0,1.0
3968500,2729500.0,8.0,6.0,2.0,17.5,995.0,28.0,0.0,1.0,9.2,68.0,0.0,0.0,329.0,-416.0,1.0
3968500,2729500.0,8.0,6.0,3.0,16.4,995.0,30.0,0.0,0.0,9.0,73.0,0.0,0.0,317.0,-413.0,1.0
3968500,2729500.0,8.0,6.0,4.0,15.4,995.0,22.0,0.1,1.0,9.0,78.0,0.0,0.0,314.0,-410.0,1.0
3968500,2729500.0,8.0,6.0,5.0,15.3,995.0,21.0,0.3,2.0,9.0,81.0,0.0,0.0,318.0,-408.0,1.0
3968500,2729500.0,8.0,6.0,6.0,15.4,994.0,50.0,0.0,2.0,9.2,83.0,5.0,24.0,321.0,-405.0,1.0
3968500,2729500.0,8.0,6.0,7.0,16.4,995.0,359.0,0.0,1.0,9.4,82.0,57.0,97.0,318.0,-407.0,1.0
3968500,2729500.0,8.0,6.0,8.0,18.6,995.0,353.0,0.0,1.0,9.7,76.0,156.0,157.0,318.0,-416.0,1.0
3968500,2729500.0,8.0,6.0,9.0,21.9,994.0,30.0,0.0,1.0,10.1,67.0,299.0,191.0,328.0,-432.0,1.0
3968500,2729500.0,8.0,6.0,10.0,24.5,995.0,173.0,0.8,0.0,10.3,56.0,421.0,220.0,337.0,-451.0,1.0
3968500,2729500.0,8.0,6.0,11.0,27.4,994.0,164.0,2.6,1.0,10.0,47.0,480.0,252.0,348.0,-468.0,1.0
3968500,2729500.0,8.0,6.0,12.0,29.0,994.0,218.0,2.2,1.0,9.4,39.0,419.0,328.0,360.0,-482.0,1.0
3968500,2729500.0,8.0,6.0,13.0,30.2,993.0,82.0,1.7,2.0,8.6,33.0,364.0,366.0,369.0,-488.0,1.0
3968500,2729500.0,8.0,6.0,14.0,31.0,993.0,214.0,1.2,2.0,8.3,30.0,374.0,348.0,376.0,-485.0,1.0
3968500,2729500.0,8.0,6.0,15.0,31.4,992.0,122.0,1.3,3.0,8.2,28.0,247.0,353.0,381.0,-484.0,1.0
3968500,2729500.0,8.0,6.0,16.0,31.0,992.0,265.0,1.2,2.0,8.0,28.0,243.0,292.0,380.0,-484.0,1.0
3968500,2729500.0,8.0,6.0,17.0,30.9,991.0,285.0,0.7,2.0,8.1,28.0,268.0,197.0,376.0,-480.0,1.0
3968500,2729500.0,8.0,6.0,18.0,31.1,991.0,230.0,0.6,2.0,8.1,28.0,191.0,140.0,374.0,-473.0,1.0
3968500,2729500.0,8.0,6.0,19.0,29.7,990.0,9.0,0.6,2.0,8.3,30.0,74.0,88.0,370.0,-466.0,1.0
3968500,2729500.0,8.0,6.0,20.0,26.9,990.0,321.0,0.7,3.0,9.1,37.0,5.0,23.0,366.0,-457.0,1.0
3968500,2729500.0,8.0,6.0,21.0,25.1,991.0,6.0,1.0,5.0,9.7,45.0,0.0,0.0,371.0,-448.0,1.0
3968500,2729500.0,8.0,6.0,22.0,23.2,991.0,52.0,0.3,4.0,9.9,52.0,0.0,0.0,368.0,-439.0,1.0
3968500,2729500.0,8.0,6.0,23.0,22.0,991.0,64.0,0.3,4.0,10.0,57.0,0.0,0.0,358.0,-431.0,1.0
3968500,2729500.0,8.0,6.0,24.0,20.8,992.0,56.0,0.9,3.0,10.1,62.0,0.0,0.0,351.0,-426.0,1.0
3968500,2729500.0,8.0,7.0,1.0,19.1,991.0,56.0,0.5,5.0,10.0,67.0,0.0,0.0,350.0,-422.0,1.0
3968500,2729500.0,8.0,7.0,2.0,18.9,991.0,54.0,0.6,4.0,9.8,70.0,0.0,0.0,350.0,-419.0,1.0
3968500,2729500.0,8.0,7.0,3.0,19.6,991.0,37.0,2.3,1.0,10.3,72.0,0.0,0.0,335.0,-419.0,1.0
3968500,2729500.0,8.0,7.0,4.0,18.8,991.0,21.0,2.7,0.0,10.9,76.0,0.0,0.0,319.0,-421.0,1.0
3968500,2729500.0,8.0,7.0,5.0,17.9,991.0,25.0,3.3,6.0,11.5,84.0,0.0,0.0,337.0,-419.0,1.0
3968500,2729500.0,8.0,7.0,6.0,17.0,991.0,54.0,3.6,7.0,11.6,90.0,0.0,3.0,363.0,-415.0,1.0
3968500,2729500.0,8.0,7.0,7.0,17.1,992.0,72.0,3.1,8.0,11.0,88.0,0.0,36.0,369.0,-417.0,1.0
3968500,2729500.0,8.0,7.0,8.0,17.1,992.0,33.0,3.3,7.0,10.5,84.0,1.0,114.0,368.0,-425.0,1.0
3968500,2729500.0,8.0,7.0,9.0,16.8,992.0,317.0,3.6,8.0,10.3,83.0,0.0,155.0,367.0,-436.0,1.0
3968500,2729500.0,8.0,7.0,10.0,17.1,993.0,355.0,3.0,8.0,10.1,81.0,1.0,207.0,373.0,-447.0,1.0
3968500,2729500.0,8.0,7.0,11.0,17.1,993.0,356.0,2.4,8.0,9.7,78.0,3.0,264.0,374.0,-454.0,1.0
3968500,2729500.0,8.0,7.0,12.0,17.5,993.0,349.0,3.9,7.0,9.3,74.0,24.0,348.0,371.0,-463.0,1.0
3968500,2729500.0,8.0,7.0,13.0,18.0,993.0,341.0,3.5,7.0,9.4,72.0,55.0,391.0,369.0,-470.0,1.0
3968500,2729500.0,8.0,7.0,14.0,18.5,993.0,348.0,3.8,7.0,9.4,70.0,47.0,368.0,371.0,-472.0,1.0
3968500,2729500.0,8.0,7.0,15.0,19.7,993.0,351.0,4.3,7.0,9.1,65.0,66.0,357.0,373.0,-471.0,1.0
3968500,2729500.0,8.0,7.0,16.0,20.0,992.0,356.0,4.8,6.0,8.9,60.0,126.0,326.0,370.0,-466.0,1.0
3968500,2729500.0,8.0,7.0,17.0,20.4,992.0,0.0,4.4,6.0,8.7,57.0,115.0,255.0,366.0,-461.0,1.0
3968500,2729500.0,8.0,7.0,18.0,20.5,992.0,342.0,3.7,5.0,8.2,53.0,55.0,173.0,361.0,-453.0,1.0
3968500,2729500.0,8.0,7.0,19.0,20.5,992.0,359.0,3.4,5.0,8.1,52.0,9.0,80.0,356.0,-446.0,1.0
3968500,2729500.0,8.0,7.0,20.0,19.5,992.0,347.0,2.6,6.0,8.1,54.0,0.0,11.0,358.0,-440.0,1.0
3968500,2729500.0,8.0,7.0,21.0,18.2,993.0,352.0,3.7,7.0,7.7,55.0,0.0,0.0,363.0,-435.0,1.0
3968500,2729500.0,8.0,7.0,22.0,16.8,993.0,3.0,3.7,6.0,7.5,59.0,0.0,0.0,359.0,-431.0,1.0
3968500,2729500.0,8.0,7.0,23.0,15.8,994.0,22.0,4.0,6.0,7.4,63.0,0.0,0.0,352.0,-427.0,1.0
3968500,2729500.0,8.0,7.0,24.0,15.1,994.0,9.0,3.8,6.0,7.2,64.0,0.0,0.0,349.0,-424.0,1.0
3968500,2729500.0,8.0,8.0,1.0,13.9,995.0,359.0,3.8,7.0,7.1,68.0,0.0,0.0,351.0,-420.0,1.0
3968500,2729500.0,8.0,8.0,2.0,13.5,995.0,351.0,3.9,7.0,7.1,72.0,0.0,0.0,353.0,-416.0,1.0
3968500,2729500.0,8.0,8.0,3.0,13.1,995.0,4.0,3.3,8.0,7.1,73.0,0.0,0.0,355.0,-412.0,1.0
3968500,2729500.0,8.0,8.0,4.0,12.6,995.0,347.0,3.1,7.0,7.2,76.0,0.0,0.0,354.0,-405.0,1.0
3968500,2729500.0,8.0,8.0,5.0,12.4,995.0,354.0,2.4,8.0,7.2,78.0,0.0,0.0,353.0,-396.0,1.0
3968500,2729500.0,8.0,8.0,6.0,12.5,995.0,309.0,0.9,8.0,7.1,78.0,4.0,18.0,357.0,-390.0,1.0
3968500,2729500.0,8.0,8.0,7.0,12.8,995.0,19.0,2.0,5.0,7.3,78.0,15.0,75.0,342.0,-389.0,1.0
3968500,2729500.0,8.0,8.0,8.0,13.7,995.0,18.0,2.8,5.0,7.5,78.0,40.0,140.0,329.0,-395.0,1.0
3968500,2729500.0,8.0,8.0,9.0,14.9,996.0,19.0,3.3,5.0,7.7,74.0,168.0,180.0,333.0,-406.0,1.0
3968500,2729500.0,8.0,8.0,10.0,16.3,996.0,13.0,3.0,6.0,7.5,66.0,194.0,237.0,340.0,-417.0,1.0
3968500,2729500.0,8.0,8.0,11.0,18.7,996.0,5.0,3.1,6.0,7.2,57.0,308.0,237.0,351.0,-427.0,1.0
3968500,2729500.0,8.0,8.0,12.0,20.8,995.0,32.0,3.6,4.0,7.1,48.0,565.0,127.0,347.0,-436.0,1.0
3968500,2729500.0,8.0,8.0,13.0,22.4,995.0,47.0,3.6,5.0,6.4,39.0,392.0,241.0,348.0,-444.0,1.0
3968500,2729500.0,8.0,8.0,14.0,22.4,995.0,42.0,3.9,5.0,5.6,33.0,286.0,279.0,351.0,-449.0,1.0
3968500,2729500.0,8.0,8.0,15.0,23.4,995.0,69.0,4.3,4.0,5.4,31.0,363.0,209.0,347.0,-450.0,1.0
3968500,2729500.0,8.0,8.0,16.0,23.3,996.0,31.0,2.9,6.0,5.5,30.0,243.0,126.0,352.0,-449.0,1.0
3968500,2729500.0,8.0,8.0,17.0,22.9,995.0,43.0,4.2,4.0,5.2,29.0,258.0,115.0,350.0,-445.0,1.0
3968500,2729500.0,8.0,8.0,18.0,22.8,995.0,35.0,4.1,3.0,4.8,27.0,161.0,91.0,336.0,-438.0,1.0
3968500,2729500.0,8.0,8.0,19.0,22.5,994.0,29.0,3.1,2.0,5.1,29.0,96.0,47.0,327.0,-429.0,1.0
3968500,2729500.0,8.0,8.0,20.0,20.5,995.0,20.0,2.5,3.0,5.7,35.0,15.0,18.0,325.0,-420.0,1.0
3968500,2729500.0,8.0,8.0,21.0,19.0,995.0,3.0,3.5,3.0,5.7,39.0,0.0,0.0,323.0,-411.0,1.0
3968500,2729500.0,8.0,8.0,22.0,17.9,996.0,11.0,3.2,4.0,5.8,43.0,0.0,0.0,322.0,-404.0,1.0
3968500,2729500.0,8.0,8.0,23.0,17.1,997.0,37.0,3.0,4.0,6.2,49.0,0.0,0.0,324.0,-398.0,1.0
3968500,2729500.0,8.0,8.0,24.0,16.5,997.0,51.0,2.8,5.0,6.4,53.0,0.0,0.0,328.0,-392.0,1.0
3968500,2729500.0,8.0,9.0,1.0,15.3,997.0,48.0,1.9,2.0,6.4,56.0,0.0,0.0,315.0,-387.0,1.0
3968500,2729500.0,8.0,9.0,2.0,14.2,998.0,41.0,1.6,1.0,6.1,58.0,0.0,0.0,291.0,-381.0,1.0
3968500,2729500.0,8.0,9.0,3.0,13.9,998.0,18.0,1.4,1.0,5.9,58.0,0.0,0.0,283.0,-375.0,1.0
3968500,2729500.0,8.0,9.0,4.0,13.4,998.0,3.0,1.5,0.0,5.7,58.0,0.0,0.0,276.0,-370.0,1.0
3968500,2729500.0,8.0,9.0,5.0,12.6,998.0,15.0,2.3,1.0,5.8,61.0,0.0,0.0,274.0,-367.0,1.0
3968500,2729500.0,8.0,9.0,6.0,13.0,999.0,350.0,2.0,1.0,5.9,63.0,5.0,27.0,277.0,-365.0,1.0
3968500,2729500.0,8.0,9.0,7.0,14.5,999.0,344.0,2.1,0.0,5.9,59.0,54.0,119.0,273.0,-367.0,1.0
3968500,2729500.0,8.0,9.0,8.0,16.4,999.0,31.0,2.4,0.0,5.8,53.0,131.0,206.0,271.0,-376.0,1.0
3968500,2729500.0,8.0,9.0,9.0,18.6,999.0,61.0,2.5,0.0,5.8,46.0,205.0,284.0,277.0,-391.0,1.0
3968500,2729500.0,8.0,9.0,10.0,20.5,999.0,42.0,3.0,0.0,5.8,40.0,282.0,350.0,285.0,-407.0,1.0
3968500,2729500.0,8.0,9.0,11.0,21.7,999.0,51.0,4.5,0.0,5.6,35.0,353.0,401.0,291.0,-422.0,1.0
3968500,2729500.0,8.0,9.0,12.0,22.8,999.0,57.0,3.6,1.0,5.1,30.0,383.0,432.0,300.0,-435.0,1.0
3968500,2729500.0,8.0,9.0,13.0,23.3,998.0,56.0,3.8,0.0,4.5,25.0,405.0,441.0,303.0,-445.0,1.0
3968500,2729500.0,8.0,9.0,14.0,24.2,998.0,28.0,3.5,0.0,4.3,23.0,391.0,428.0,301.0,-451.0,1.0
3968500,2729500.0,8.0,9.0,15.0,25.1,999.0,54.0,3.1,0.0,4.5,23.0,346.0,394.0,306.0,-451.0,1.0
3968500,2729500.0,8.0,9.0,16.0,25.4,998.0,38.0,2.3,0.0,4.7,23.0,297.0,344.0,308.0,-450.0,1.0
3968500,2729500.0,8.0,9.0,17.0,25.0,998.0,33.0,2.8,0.0,4.6,23.0,219.0,278.0,308.0,-446.0,1.0
3968500,2729500.0,8.0,9.0,18.0,24.5,998.0,42.0,3.0,1.0,4.5,23.0,131.0,198.0,310.0,-439.0,1.0
3968500,2729500.0,8.0,9.0,19.0,23.7,998.0,60.0,3.0,1.0,4.7,25.0,55.0,115.0,314.0,-430.0,1.0
3968500,2729500.0,8.0,9.0,20.0,22.1,997.0,61.0,2.2,2.0,5.0,28.0,6.0,28.0,315.0,-419.0,1.0
3968500,2729500.0,8.0,9.0,21.0,17.9,997.0,20.0,1.4,1.0,5.0,34.0,0.0,0.0,306.0,-407.0,1.0
3968500,2729500.0,8.0,9.0,22.0,16.4,998.0,17.0,1.1,1.0,5.1,42.0,0.0,0.0,292.0,-399.0,1.0
3968500,2729500.0,8.0,9.0,23.0,15.0,999.0,37.0,1.1,1.0,5.2,46.0,0.0,0.0,288.0,-392.0,1.0
3968500,2729500.0,8.0,9.0,24.0,13.8,1000.0,39.0,0.7,1.0,5.1,50.0,0.0,0.0,283.0,-387.0,1.0
3968500,2729500.0,8.0,10.0,1.0,12.7,1000.0,24.0,0.4,2.0,5.3,55.0,0.0,0.0,284.0,-382.0,1.0
3968500,2729500.0,8.0,10.0,2.0,11.5,1000.0,31.0,0.8,2.0,5.6,63.0,0.0,0.0,284.0,-379.0,1.0
3968500,2729500.0,8.0,10.0,3.0,10.5,1000.0,38.0,0.9,1.0,5.9,71.0,0.0,0.0,278.0,-378.0,1.0
3968500,2729500.0,8.0,10.0,4.0,10.5,1000.0,41.0,1.1,2.0,5.8,72.0,0.0,0.0,275.0,-376.0,1.0
3968500,2729500.0,8.0,10.0,5.0,9.2,1000.0,39.0,0.4,3.0,5.6,73.0,0.0,0.0,279.0,-374.0,1.0
3968500,2729500.0,8.0,10.0,6.0,9.1,1000.0,41.0,0.1,2.0,5.7,78.0,8.0,22.0,276.0,-373.0,1.0
3968500,2729500.0,8.0,10.0,7.0,11.6,1000.0,37.0,0.1,1.0,6.0,75.0,97.0,72.0,271.0,-375.0,1.0
3968500,2729500.0,8.0,10.0,8.0,15.1,1001.0,39.0,0.6,1.0,6.1,63.0,240.0,91.0,275.0,-385.0,1.0
3968500,2729500.0,8.0,10.0,9.0,19.2,1002.0,16.0,0.8,1.0,6.1,49.0,390.0,100.0,286.0,-402.0,1.0
3968500,2729500.0,8.0,10.0,10.0,22.3,1002.0,63.0,1.1,3.0,5.9,38.0,516.0,107.0,303.0,-423.0,1.0
3968500,2729500.0,8.0,10.0,11.0,24.8,1001.0,74.0,1.9,4.0,5.7,31.0,610.0,116.0,320.0,-442.0,1.0
3968500,2729500.0,8.0,10.0,12.0,25.6,1002.0,106.0,2.4,4.0,5.7,28.0,691.0,109.0,331.0,-456.0,1.0
3968500,2729500.0,8.0,10.0,13.0,26.7,1002.0,12.0,1.5,4.0,5.7,27.0,710.0,110.0,336.0,-467.0,1.0
3968500,2729500.0,8.0,10.0,14.0,27.1,1001.0,57.0,2.0,4.0,5.6,25.0,669.0,118.0,340.0,-476.0,1.0
3968500,2729500.0,8.0,10.0,15.0,27.7,1001.0,38.0,1.6,3.0,5.4,23.0,632.0,97.0,339.0,-478.0,1.0
3968500,2729500.0,8.0,10.0,16.0,27.7,1000.0,27.0,2.0,3.0,5.3,22.0,453.0,137.0,337.0,-474.0,1.0
3968500,2729500.0,8.0,10.0,17.0,28.1,1000.0,42.0,2.9,5.0,5.3,23.0,365.0,104.0,343.0,-467.0,1.0
3968500,2729500.0,8.0,10.0,18.0,27.0,1000.0,26.0,2.3,4.0,5.8,25.0,225.0,89.0,345.0,-457.0,1.0
3968500,2729500.0,8.0,10.0,19.0,26.1,1000.0,44.0,3.1,4.0,5.9,27.0,93.0,64.0,340.0,-446.0,1.0
3968500,2729500.0,8.0,10.0,20.0,24.1,1000.0,66.0,2.2,6.0,5.9,29.0,11.0,21.0,340.0,-434.0,1.0
3968500,2729500.0,8.0,10.0,21.0,21.2,1000.0,70.0,1.0,5.0,6.2,36.0,0.0,0.0,336.0,-424.0,1.0
3968500,2729500.0,8.0,10.0,22.0,19.2,1000.0,71.0,1.3,3.0,6.3,42.0,0.0,0.0,319.0,-416.0,1.0
3968500,2729500.0,8.0,10.0,23.0,18.9,1001.0,33.0,0.8,3.0,6.2,44.0,0.0,0.0,310.0,-409.0,1.0
3968500,2729500.0,8.0,10.0,24.0,16.2,1001.0,23.0,0.4,4.0,6.1,48.0,0.0,0.0,308.0,-402.0,1.0
3968500,2729500.0,8.0,11.0,1.0,15.3,1001.0,41.0,1.5,4.0,6.4,57.0,0.0,0.0,306.0,-397.0,1.0
3968500,2729500.0,8.0,11.0,2.0,14.7,1002.0,45.0,0.6,3.0,6.5,61.0,0.0,0.0,302.0,-395.0,1.0
3968500,2729500.0,8.0,11.0,3.0,13.5,1002.0,73.0,1.0,3.0,6.6,65.0,0.0,0.0,298.0,-393.0,1.0
3968500,2729500.0,8.0,11.0,4.0,12.4,1002.0,61.0,0.9,1.0,6.9,73.0,0.0,0.0,291.0,-390.0,1.0
3968500,2729500.0,8.0,11.0,5.0,11.8,1001.0,35.0,0.3,2.0,6.9,78.0,0.0,0.0,287.0,-387.0,1.0
3968500,2729500.0,8.0,11.0,6.0,11.8,1001.0,50.0,0.9,2.0,6.8,78.0,7.0,20.0,288.0,-385.0,1.0
3968500,2729500.0,8.0,11.0,7.0,15.3,1003.0,33.0,1.5,1.0,6.8,69.0,87.0,70.0,290.0,-387.0,1.0
3968500,2729500.0,8.0,11.0,8.0,18.2,1002.0,50.0,1.1,1.0,6.9,58.0,232.0,89.0,296.0,-396.0,1.0
3968500,2729500.0,8.0,11.0,9.0,20.9,1002.0,58.0,0.9,1.0,7.2,50.0,378.0,98.0,304.0,-413.0,1.0
3968500,2729500.0,8.0,11.0,10.0,24.0,1002.0,93.0,1.6,0.0,7.0,41.0,495.0,113.0,312.0,-433.0,1.0
3968500,2729500.0,8.0,11.0,11.0,26.0,1002.0,148.0,1.7,0.0,6.6,33.0,651.0,88.0,318.0,-453.0,1.0
3968500,2729500.0,8.0,11.0,12.0,27.7,1002.0,84.0,3.2,0.0,6.5,29.0,721.0,86.0,326.0,-469.0,1.0
3968500,2729500.0,8.0,11.0,13.0,28.2,1002.0,116.0,3.5,1.0,6.3,26.0,713.0,101.0,335.0,-480.0,1.0
3968500,2729500.0,8.0,11.0,14.0,29.2,1001.0,102.0,2.6,1.0,6.4,26.0,736.0,72.0,342.0,-487.0,1.0
3968500,2729500.0,8.0,11.0,15.0,29.8,1001.0,56.0,3.1,0.0,6.7,26.0,667.0,71.0,344.0,-489.0,1.0
3968500,2729500.0,8.0,11.0,16.0,30.1,1000.0,123.0,4.1,0.0,6.4,24.0,523.0,90.0,342.0,-486.0,1.0
3968500,2729500.0,8.0,11.0,17.0,30.2,1000.0,56.0,3.8,1.0,6.3,23.0,398.0,81.0,344.0,-479.0,1.0
3968500,2729500.0,8.0,11.0,18.0,29.5,999.0,78.0,3.0,1.0,6.3,24.0,235.0,81.0,345.0,-469.0,1.0
3968500,2729500.0,8.0,11.0,19.0,28.2,999.0,64.0,3.1,1.0,6.0,24.0,95.0,61.0,340.0,-457.0,1.0
3968500,2729500.0,8.0,11.0,20.0,26.0,999.0,108.0,2.1,0.0,5.7,25.0,11.0,21.0,330.0,-443.0,1.0
3968500,2729500.0,8.0,11.0,21.0,22.9,999.0,107.0,0.2,0.0,5.7,29.0,0.0,0.0,317.0,-431.0,1.0
3968500,2729500.0,8.0,11.0,22.0,21.8,999.0,41.0,1.7,0.0,6.0,35.0,0.0,0.0,310.0,-419.0,1.0
3968500,2729500.0,8.0,11.0,23.0,20.5,999.0,8.0,1.4,0.0,6.3,40.0,0.0,0.0,307.0,-409.0,1.0
3968500,2729500.0,8.0,11.0,24.0,20.1,1000.0,37.0,0.7,0.0,6.2,41.0,0.0,0.0,304.0,-406.0,1.0
3968500,2729500.0,8.0,12.0,1.0,18.6,1000.0,356.0,0.7,0.0,6.1,43.0,0.0,0.0,301.0,-398.0,1.0
3968500,2729500.0,8.0,12.0,2.0,17.8,1000.0,51.0,1.4,0.0,6.2,47.0,0.0,0.0,297.0,-390.0,1.0
3968500,2729500.0,8.0,12.0,3.0,17.1,1000.0,45.0,1.3,0.0,6.2,50.0,0.0,0.0,295.0,-385.0,1.0
3968500,2729500.0,8.0,12.0,4.0,16.8,1000.0,31.0,0.6,1.0,6.2,51.0,0.0,0.0,296.0,-380.0,1.0
3968500,2729500.0,8.0,12.0,5.0,14.2,1000.0,24.0,0.0,2.0,6.2,56.0,0.0,0.0,294.0,-376.0,1.0
3968500,2729500.0,8.0,12.0,6.0,13.4,1000.0,349.0,0.4,2.0,6.5,65.0,6.0,19.0,290.0,-373.0,1.0
3968500,2729500.0,8.0,12.0,7.0,16.0,1000.0,332.0,0.2,1.0,7.1,68.0,83.0,71.0,292.0,-375.0,1.0
3968500,2729500.0,8.0,12.0,8.0,18.4,999.0,345.0,0.0,0.0,7.7,62.0,216.0,99.0,297.0,-388.0,1.0
3968500,2729500.0,8.0,12.0,9.0,22.3,999.0,22.0,0.1,0.0,8.3,55.0,357.0,114.0,306.0,-408.0,1.0
3968500,2729500.0,8.0,12.0,10.0,25.0,999.0,176.0,0.4,1.0,8.8,47.0,478.0,128.0,320.0,-430.0,1.0
3968500,2729500.0,8.0,12.0,11.0,27.1,999.0,163.0,1.0,1.0,8.5,40.0,590.0,131.0,330.0,-451.0,1.0
3968500,2729500.0,8.0,12.0,12.0,28.9,999.0,170.0,1.6,1.0,8.2,34.0,646.0,139.0,339.0,-469.0,1.0
3968500,2729500.0,8.0,12.0,13.0,30.8,998.0,190.0,2.3,2.0,7.8,29.0,659.0,144.0,347.0,-482.0,1.0
3968500,2729500.0,8.0,12.0,14.0,31.1,998.0,236.0,2.5,3.0,7.8,27.0,614.0,154.0,356.0,-489.0,1.0
3968500,2729500.0,8.0,12.0,15.0,32.1,997.0,252.0,1.3,2.0,7.4,25.0,536.0,156.0,359.0,-493.0,1.0
3968500,2729500.0,8.0,12.0,16.0,31.9,997.0,180.0,1.9,2.0,7.0,23.0,448.0,139.0,358.0,-493.0,1.0
3968500,2729500.0,8.0,12.0,17.0,31.9,996.0,197.0,1.6,3.0,7.0,23.0,277.0,147.0,359.0,-487.0,1.0
3968500,2729500.0,8.0,12.0,18.0,30.8,996.0,182.0,1.5,4.0,6.9,24.0,164.0,111.0,358.0,-477.0,1.0
3968500,2729500.0,8.0,12.0,19.0,27.9,995.0,178.0,0.8,5.0,7.1,27.0,69.0,66.0,354.0,-463.0,1.0
3968500,2729500.0,8.0,12.0,20.0,25.8,995.0,46.0,1.2,6.0,7.3,33.0,8.0,18.0,349.0,-448.0,1.0
3968500,2729500.0,8.0,12.0,21.0,22.4,996.0,155.0,1.6,6.0,7.3,38.0,0.0,0.0,341.0,-434.0,1.0
3968500,2729500.0,8.0,12.0,22.0,21.7,995.0,177.0,1.1,3.0,7.5,44.0,0.0,0.0,332.0,-423.0,1.0
3968500,2729500.0,8.0,12.0,23.0,21.1,995.0,170.0,1.2,3.0,7.6,47.0,0.0,0.0,327.0,-415.0,1.0
3968500,2729500.0,8.0,12.0,24.0,20.0,995.0,185.0,1.6,7.0,7.6,49.0,0.0,0.0,332.0,-411.0,1.0
3968500,2729500.0,8.0,13.0,1.0,19.4,995.0,177.0,1.8,7.0,7.8,53.0,0.0,0.0,338.0,-409.0,1.0
3968500,2729500.0,8.0,13.0,2.0,19.1,995.0,135.0,1.7,7.0,7.9,56.0,0.0,0.0,339.0,-408.0,1.0
3968500,2729500.0,8.0,13.0,3.0,18.5,995.0,317.0,0.8,8.0,8.2,59.0,0.0,0.0,342.0,-407.0,1.0
3968500,2729500.0,8.0,13.0,4.0,18.3,994.0,21.0,0.4,8.0,8.5,63.0,0.0,0.0,346.0,-405.0,1.0
3968500,2729500.0,8.0,13.0,5.0,18.3,994.0,329.0,0.6,8.0,8.6,64.0,0.0,0.0,349.0,-404.0,1.0
3968500,2729500.0,8.0,13.0,6.0,17.4,994.0,179.0,1.7,8.0,8.7,66.0,0.0,5.0,350.0,-404.0,1.0
3968500,2729500.0,8.0,13.0,7.0,19.3,994.0,304.0,0.8,6.0,9.1,68.0,1.0,53.0,346.0,-406.0,1.0
3968500,2729500.0,8.0,13.0,8.0,18.7,994.0,36.0,1.1,7.0,9.9,70.0,0.0,97.0,346.0,-415.0,1.0
3968500,2729500.0,8.0,13.0,9.0,19.8,994.0,215.0,0.7,6.0,11.1,77.0,6.0,172.0,350.0,-428.0,1.0
3968500,2729500.0,8.0,13.0,10.0,21.9,994.0,357.0,0.0,6.0,11.6,74.0,8.0,226.0,355.0,-444.0,1.0
3968500,2729500.0,8.0,13.0,11.0,22.4,995.0,6.0,0.5,7.0,10.5,61.0,0.0,172.0,364.0,-460.0,1.0
3968500,2729500.0,8.0,13.0,12.0,21.9,995.0,2.0,0.3,8.0,10.9,64.0,0.0,114.0,375.0,-471.0,1.0
3968500,2729500.0,8.0,13.0,13.0,21.4,995.0,240.0,0.5,8.0,12.6,76.0,0.0,141.0,384.0,-474.0,1.0
3968500,2729500.0,8.0,13.0,14.0,24.2,994.0,304.0,0.0,6.0,11.9,67.0,116.0,345.0,383.0,-462.0,1.0
3968500,2729500.0,8.0,13.0,15.0,25.5,994.0,197.0,1.2,6.0,10.8,54.0,286.0,280.0,383.0,-449.0,1.0
3968500,2729500.0,8.0,13.0,16.0,21.5,993.0,241.0,2.1,7.0,10.8,58.0,93.0,200.0,384.0,-452.0,1.0
3968500,2729500.0,8.0,13.0,17.0,18.7,993.0,245.0,1.9,7.0,11.7,77.0,41.0,136.0,379.0,-453.0,1.0
3968500,2729500.0,8.0,13.0,18.0,18.7,993.0,217.0,1.1,8.0,12.5,90.0,20.0,90.0,380.0,-449.0,1.0
3968500,2729500.0,8.0,13.0,19.0,19.0,992.0,202.0,0.8,8.0,12.5,90.0,0.0,10.0,387.0,-443.0,1.0
3968500,2729500.0,8.0,13.0,20.0,18.6,992.0,236.0,0.3,8.0,12.5,90.0,0.0,3.0,389.0,-438.0,1.0
3968500,2729500.0,8.0,13.0,21.0,18.4,992.0,337.0,0.5,8.0,12.5,91.0,0.0,0.0,389.0,-434.0,1.0
3968500,2729500.0,8.0,13.0,22.0,18.0,993.0,188.0,0.6,8.0,12.5,93.0,0.0,0.0,387.0,-431.0,1.0
3968500,2729500.0,8.0,13.0,23.0,18.1,994.0,214.0,1.6,8.0,12.4,93.0,0.0,0.0,388.0,-428.0,1.0
3968500,2729500.0,8.0,13.0,24.0,17.9,994.0,355.0,0.4,8.0,12.3,93.0,0.0,0.0,390.0,-424.0,1.0
3968500,2729500.0,8.0,14.0,1.0,17.9,994.0,182.0,1.6,8.0,12.3,94.0,0.0,0.0,391.0,-421.0,1.0
3968500,2729500.0,8.0,14.0,2.0,17.9,994.0,320.0,1.4,8.0,12.3,93.0,0.0,0.0,392.0,-420.0,1.0
3968500,2729500.0,8.0,14.0,3.0,17.5,994.0,300.0,1.1,8.0,12.0,92.0,0.0,0.0,392.0,-418.0,1.0
3968500,2729500.0,8.0,14.0,4.0,17.2,994.0,336.0,1.9,8.0,11.6,92.0,0.0,0.0,391.0,-418.0,1.0
3968500,2729500.0,8.0,14.0,5.0,16.8,994.0,346.0,1.7,7.0,11.6,93.0,0.0,0.0,383.0,-417.0,1.0
3968500,2729500.0,8.0,14.0,6.0,16.5,994.0,318.0,1.7,7.0,11.2,93.0,0.0,11.0,376.0,-414.0,1.0
3968500,2729500.0,8.0,14.0,7.0,16.7,994.0,326.0,2.6,6.0,10.9,90.0,3.0,57.0,368.0,-412.0,1.0
3968500,2729500.0,8.0,14.0,8.0,17.3,994.0,339.0,2.7,6.0,10.9,88.0,6.0,117.0,362.0,-412.0,1.0
3968500,2729500.0,8.0,14.0,9.0,17.6,994.0,348.0,3.2,7.0,10.7,84.0,3.0,158.0,371.0,-417.0,1.0
3968500,2729500.0,8.0,14.0,10.0,17.9,995.0,343.0,3.7,7.0,10.4,80.0,6.0,215.0,377.0,-425.0,1.0
3968500,2729500.0,8.0,14.0,11.0,19.2,995.0,344.0,3.7,7.0,9.8,72.0,83.0,316.0,378.0,-435.0,1.0
3968500,2729500.0,8.0,14.0,12.0,20.1,995.0,346.0,3.8,7.0,8.9,61.0,34.0,310.0,378.0,-442.0,1.0
3968500,2729500.0,8.0,14.0,13.0,21.0,995.0,342.0,4.1,5.0,8.2,53.0,181.0,352.0,366.0,-447.0,1.0
3968500,2729500.0,8.0,14.0,14.0,21.6,995.0,311.0,3.9,4.0,7.7,48.0,268.0,321.0,355.0,-451.0,1.0
3968500,2729500.0,8.0,14.0,15.0,22.8,994.0,352.0,4.9,4.0,7.8,46.0,107.0,324.0,354.0,-451.0,1.0
3968500,2729500.0,8.0,14.0,16.0,22.4,995.0,330.0,3.8,4.0,7.9,45.0,228.0,201.0,355.0,-448.0,1.0
3968500,2729500.0,8.0,14.0,17.0,21.4,994.0,348.0,5.1,4.0,8.2,49.0,167.0,164.0,352.0,-443.0,1.0
3968500,2729500.0,8.0,14.0,18.0,20.4,994.0,1.0,3.7,3.0,8.3,53.0,197.0,90.0,343.0,-436.0,1.0
3968500,2729500.0,8.0,14.0,19.0,19.6,995.0,354.0,3.6,4.0,8.4,56.0,68.0,61.0,338.0,-428.0,1.0
3968500,2729500.0,8.0,14.0,20.0,18.4,995.0,354.0,2.4,7.0,8.6,61.0,5.0,16.0,353.0,-421.0,1.0
3968500,2729500.0,8.0,14.0,21.0,17.8,996.0,352.0,2.1,7.0,8.6,65.0,0.0,0.0,364.0,-413.0,1.0
3968500,2729500.0,8.0,14.0,22.0,17.2,996.0,27.0,1.3,6.0,8.6,67.0,0.0,0.0,357.0,-407.0,1.0
3968500,2729500.0,8.0,14.0,23.0,16.3,997.0,338.0,1.2,6.0,8.1,67.0,0.0,0.0,348.0,-405.0,1.0
3968500,2729500.0,8.0,14.0,24.0,15.6,997.0,349.0,1.3,4.0,7.7,67.0,0.0,0.0,335.0,-403.0,1.0
3968500,2729500.0,8.0,15.0,1.0,14.8,997.0,15.0,0.5,3.0,7.8,71.0,0.0,0.0,318.0,-399.0,1.0
3968500,2729500.0,8.0,15.0,2.0,12.7,998.0,6.0,0.0,3.0,8.0,80.0,0.0,0.0,308.0,-394.0,1.0
3968500,2729500.0,8.0,15.0,3.0,11.7,998.0,9.0,0.3,4.0,8.1,89.0,0.0,0.0,308.0,-388.0,1.0
3968500,2729500.0,8.0,15.0,4.0,10.8,998.0,28.0,0.8,4.0,7.9,93.0,0.0,0.0,310.0,-385.0,1.0
3968500,2729500.0,8.0,15.0,5.0,10.2,997.0,27.0,1.2,1.0,7.6,94.0,0.0,0.0,293.0,-382.0,1.0
3968500,2729500.0,8.0,15.0,6.0,10.4,997.0,338.0,0.7,1.0,7.5,95.0,3.0,17.0,278.0,-379.0,1.0
3968500,2729500.0,8.0,15.0,7.0,11.4,998.0,329.0,0.2,1.0,7.8,94.0,68.0,73.0,280.0,-380.0,1.0
3968500,2729500.0,8.0,15.0,8.0,14.6,999.0,322.0,0.6,1.0,8.2,87.0,194.0,111.0,285.0,-388.0,1.0
3968500,2729500.0,8.0,15.0,9.0,16.7,999.0,79.0,0.9,2.0,8.4,75.0,339.0,132.0,298.0,-403.0,1.0
3968500,2729500.0,8.0,15.0,10.0,19.1,999.0,320.0,2.0,4.0,7.8,60.0,451.0,152.0,322.0,-419.0,1.0
3968500,2729500.0,8.0,15.0,11.0,20.7,999.0,309.0,2.8,5.0,7.1,48.0,510.0,180.0,343.0,-432.0,1.0
3968500,2729500.0,8.0,15.0,12.0,21.4,998.0,321.0,2.9,6.0,7.2,46.0,400.0,282.0,359.0,-439.0,1.0
3968500,2729500.0,8.0,15.0,13.0,21.8,998.0,347.0,3.5,7.0,7.4,46.0,247.0,356.0,372.0,-444.0,1.0
3968500,2729500.0,8.0,15.0,14.0,22.2,998.0,340.0,3.8,6.0,7.5,45.0,320.0,316.0,375.0,-446.0,1.0
3968500,2729500.0,8.0,15.0,15.0,22.1,997.0,331.0,3.4,4.0,7.9,47.0,307.0,282.0,363.0,-446.0,1.0
3968500,2729500.0,8.0,15.0,16.0,22.4,997.0,354.0,3.2,5.0,8.0,47.0,201.0,223.0,359.0,-444.0,1.0
3968500,2729500.0,8.0,15.0,17.0,22.4,997.0,8.0,3.2,6.0,7.8,46.0,123.0,173.0,367.0,-442.0,1.0
3968500,2729500.0,8.0,15.0,18.0,22.0,997.0,341.0,3.3,5.0,8.0,47.0,113.0,125.0,365.0,-437.0,1.0
3968500,2729500.0,8.0,15.0,19.0,20.8,997.0,354.0,2.8,4.0,8.3,51.0,55.0,68.0,352.0,-431.0,1.0
3968500,2729500.0,8.0,15.0,20.0,19.9,997.0,60.0,1.1,6.0,8.7,57.0,4.0,16.0,354.0,-425.0,1.0
3968500,2729500.0,8.0,15.0,21.0,18.6,997.0,257.0,0.9,6.0,9.0,63.0,0.0,0.0,359.0,-419.0,1.0
3968500,2729500.0,8.0,15.0,22.0,17.7,997.0,294.0,0.0,7.0,8.9,68.0,0.0,0.0,360.0,-413.0,1.0
3968500,2729500.0,8.0,15.0,23.0,17.9,997.0,24.0,0.3,7.0,9.0,70.0,0.0,0.0,364.0,-409.0,1.0
3968500,2729500.0,8.0,15.0,24.0,17.0,998.0,343.0,0.6,7.0,9.1,72.0,0.0,0.0,363.0,-410.0,1.0
3968500,2729500.0,8.0,16.0,1.0,17.6,998.0,354.0,0.8,5.0,9.3,74.0,0.0,0.0,354.0,-411.0,1.0
3968500,2729500.0,8.0,16.0,2.0,17.4,997.0,344.0,1.0,6.0,9.8,77.0,0.0,0.0,350.0,-410.0,1.0
3968500,2729500.0,8.0,16.0,3.0,16.7,997.0,328.0,1.5,7.0,10.2,82.0,0.0,0.0,359.0,-409.0,1.0
3968500,2729500.0,8.0,16.0,4.0,16.8,997.0,333.0,1.3,7.0,10.4,86.0,0.0,0.0,362.0,-408.0,1.0
3968500,2729500.0,8.0,16.0,5.0,17.2,997.0,357.0,2.8,8.0,10.6,86.0,0.0,0.0,366.0,-407.0,1.0
3968500,2729500.0,8.0,16.0,6.0,16.1,997.0,4.0,2.0,8.0,10.6,87.0,0.0,2.0,368.0,-406.0,1.0
3968500,2729500.0,8.0,16.0,7.0,16.1,997.0,350.0,1.8,7.0,10.3,88.0,1.0,54.0,359.0,-406.0,1.0
3968500,2729500.0,8.0,16.0,8.0,16.9,997.0,356.0,2.5,6.0,10.3,86.0,13.0,127.0,348.0,-406.0,1.0
3968500,2729500.0,8.0,16.0,9.0,17.4,997.0,348.0,3.1,6.0,10.2,82.0,44.0,205.0,345.0,-409.0,1.0
3968500,2729500.0,8.0,16.0,10.0,17.6,997.0,347.0,3.5,5.0,9.7,76.0,72.0,268.0,341.0,-414.0,1.0
3968500,2729500.0,8.0,16.0,11.0,18.8,997.0,10.0,4.5,5.0,9.2,69.0,130.0,310.0,341.0,-422.0,1.0
3968500,2729500.0,8.0,16.0,12.0,19.7,997.0,354.0,4.4,6.0,8.8,62.0,90.0,332.0,350.0,-435.0,1.0
3968500,2729500.0,8.0,16.0,13.0,19.9,997.0,5.0,4.7,6.0,8.6,59.0,74.0,331.0,358.0,-443.0,1.0
3968500,2729500.0,8.0,16.0,14.0,21.2,997.0,359.0,3.2,5.0,8.7,56.0,68.0,316.0,358.0,-445.0,1.0
3968500,2729500.0,8.0,16.0,15.0,21.7,997.0,353.0,3.8,5.0,8.7,54.0,84.0,308.0,357.0,-451.0,1.0
3968500,2729500.0,8.0,16.0,16.0,21.2,997.0,34.0,3.6,6.0,8.5,52.0,136.0,198.0,360.0,-458.0,1.0
3968500,2729500.0,8.0,16.0,17.0,20.8,996.0,62.0,2.9,3.0,8.7,55.0,305.0,109.0,351.0,-455.0,1.0
3968500,2729500.0,8.0,16.0,18.0,20.9,996.0,36.0,3.0,3.0,9.0,57.0,217.0,74.0,340.0,-450.0,1.0
3968500,2729500.0,8.0,16.0,19.0,19.8,996.0,27.0,1.5,3.0,9.2,60.0,82.0,54.0,337.0,-442.0,1.0
3968500,2729500.0,8.0,16.0,20.0,18.1,996.0,333.0,0.7,3.0,9.0,64.0,8.0,16.0,330.0,-432.0,1.0
3968500,2729500.0,8.0,16.0,21.0,17.1,997.0,349.0,1.0,2.0,8.7,68.0,0.0,0.0,321.0,-424.0,1.0
3968500,2729500.0,8.0,16.0,22.0,15.1,997.0,3.0,0.6,3.0,8.8,75.0,0.0,0.0,315.0,-419.0,1.0
3968500,2729500.0,8.0,16.0,23.0,14.3,998.0,7.0,0.2,3.0,9.0,85.0,0.0,0.0,313.0,-414.0,1.0
3968500,2729500.0,8.0,16.0,24.0,13.3,998.0,359.0,0.4,2.0,9.1,91.0,0.0,0.0,308.0,-409.0,1.0
3968500,2729500.0,8.0,17.0,1.0,12.4,998.0,337.0,0.0,3.0,8.5,91.0,0.0,0.0,303.0,-404.0,1.0
3968500,2729500.0,8.0,17.0,2.0,11.7,998.0,339.0,0.0,2.0,8.1,91.0,0.0,0.0,299.0,-401.0,1.0
3968500,2729500.0,8.0,17.0,3.0,11.5,998.0,4.0,0.2,0.0,7.9,92.0,0.0,0.0,286.0,-398.0,1.0
3968500,2729500.0,8.0,17.0,4.0,11.0,998.0,337.0,0.0,0.0,7.8,93.0,0.0,0.0,279.0,-395.0,1.0
3968500,2729500.0,8.0,17.0,5.0,10.7,998.0,359.0,0.1,2.0,7.8,94.0,0.0,0.0,285.0,-392.0,1.0
3968500,2729500.0,8.0,17.0,6.0,10.8,997.0,20.0,1.0,2.0,7.8,95.0,1.0,14.0,290.0,-389.0,1.0
3968500,2729500.0,8.0,17.0,7.0,12.2,999.0,25.0,0.9,1.0,8.1,94.0,48.0,78.0,288.0,-390.0,1.0
3968500,2729500.0,8.0,17.0,8.0,14.7,999.0,17.0,0.8,1.0,8.5,87.0,155.0,130.0,291.0,-399.0,1.0
3968500,2729500.0,8.0,17.0,9.0,17.5,998.0,27.0,1.1,1.0,9.3,80.0,284.0,163.0,301.0,-414.0,1.0
3968500,2729500.0,8.0,17.0,10.0,18.0,998.0,34.0,1.1,1.0,9.7,75.0,406.0,185.0,309.0,-432.0,1.0
3968500,2729500.0,8.0,17.0,11.0,22.3,998.0,49.0,2.0,1.0,9.4,63.0,453.0,221.0,320.0,-449.0,1.0
3968500,2729500.0,8.0,17.0,12.0,23.0,998.0,54.0,2.0,2.0,8.8,50.0,500.0,238.0,333.0,-463.0,1.0
3968500,2729500.0,8.0,17.0,13.0,23.6,997.0,48.0,2.9,2.0,8.0,44.0,475.0,267.0,337.0,-474.0,1.0
3968500,2729500.0,8.0,17.0,14.0,25.0,998.0,29.0,2.3,2.0,7.5,39.0,481.0,244.0,341.0,-480.0,1.0
3968500,2729500.0,8.0,17.0,15.0,25.4,998.0,68.0,2.7,1.0,7.2,35.0,468.0,209.0,343.0,-482.0,1.0
3968500,2729500.0,8.0,17.0,16.0,26.0,997.0,66.0,3.3,2.0,7.0,34.0,375.0,190.0,345.0,-479.0,1.0
3968500,2729500.0,8.0,17.0,17.0,25.7,997.0,81.0,3.4,1.0,6.9,33.0,282.0,156.0,344.0,-472.0,1.0
3968500,2729500.0,8.0,17.0,18.0,25.4,997.0,100.0,3.1,1.0,6.9,33.0,156.0,121.0,341.0,-463.0,1.0
3968500,2729500.0,8.0,17.0,19.0,23.8,996.0,83.0,2.5,1.0,7.0,36.0,53.0,70.0,338.0,-452.0,1.0
3968500,2729500.0,8.0,17.0,20.0,22.3,996.0,79.0,1.6,2.0,7.1,40.0,3.0,15.0,335.0,-441.0,1.0
3968500,2729500.0,8.0,17.0,21.0,18.8,996.0,49.0,0.8,2.0,7.3,48.0,0.0,0.0,329.0,-431.0,1.0
3968500,2729500.0,8.0,17.0,22.0,18.4,996.0,35.0,0.0,1.0,7.7,56.0,0.0,0.0,321.0,-422.0,1.0
3968500,2729500.0,8.0,17.0,23.0,16.9,997.0,355.0,0.1,1.0,7.8,61.0,0.0,0.0,316.0,-414.0,1.0
3968500,2729500.0,8.0,17.0,24.0,16.5,997.0,16.0,0.6,0.0,7.8,65.0,0.0,0.0,312.0,-408.0,1.0
3968500,2729500.0,8.0,18.0,1.0,16.8,997.0,359.0,0.8,0.0,7.8,65.0,0.0,0.0,311.0,-406.0,1.0
3968500,2729500.0,8.0,18.0,2.0,15.6,997.0,21.0,1.2,0.0,7.9,68.0,0.0,0.0,310.0,-404.0,1.0
3968500,2729500.0,8.0,18.0,3.0,14.8,997.0,39.0,1.7,0.0,8.2,75.0,0.0,0.0,307.0,-403.0,1.0
3968500,2729500.0,8.0,18.0,4.0,14.8,997.0,53.0,1.3,0.0,8.4,78.0,0.0,0.0,307.0,-402.0,1.0
3968500,2729500.0,8.0,18.0,5.0,14.7,997.0,56.0,1.4,0.0,8.3,78.0,0.0,0.0,308.0,-401.0,1.0
3968500,2729500.0,8.0,18.0,6.0,14.1,997.0,44.0,1.4,0.0,8.5,82.0,0.0,13.0,308.0,-400.0,1.0
3968500,2729500.0,8.0,18.0,7.0,16.3,997.0,41.0,1.9,0.0,8.9,81.0,40.0,75.0,309.0,-401.0,1.0
3968500,2729500.0,8.0,18.0,8.0,17.5,998.0,55.0,1.6,1.0,8.8,72.0,137.0,132.0,314.0,-408.0,1.0
3968500,2729500.0,8.0,18.0,9.0,20.2,997.0,65.0,2.4,0.0,9.0,65.0,260.0,169.0,320.0,-424.0,1.0
3968500,2729500.0,8.0,18.0,10.0,22.7,997.0,31.0,3.1,0.0,9.6,59.0,386.0,188.0,331.0,-443.0,1.0
3968500,2729500.0,8.0,18.0,11.0,24.9,998.0,93.0,2.2,0.0,9.6,51.0,484.0,202.0,342.0,-460.0,1.0
3968500,2729500.0,8.0,18.0,12.0,25.9,997.0,90.0,4.0,0.0,9.4,46.0,548.0,208.0,349.0,-474.0,1.0
3968500,2729500.0,8.0,18.0,13.0,27.3,997.0,105.0,4.5,1.0,9.4,42.0,569.0,209.0,354.0,-485.0,1.0
3968500,2729500.0,8.0,18.0,14.0,28.0,996.0,96.0,4.4,1.0,9.3,39.0,553.0,200.0,360.0,-489.0,1.0
3968500,2729500.0,8.0,18.0,15.0,28.9,996.0,127.0,3.2,1.0,9.4,38.0,486.0,195.0,364.0,-492.0,1.0
3968500,2729500.0,8.0,18.0,16.0,28.3,996.0,64.0,2.7,1.0,9.3,37.0,379.0,184.0,364.0,-494.0,1.0
3968500,2729500.0,8.0,18.0,17.0,28.3,995.0,80.0,2.9,1.0,9.0,37.0,258.0,161.0,361.0,-489.0,1.0
3968500,2729500.0,8.0,18.0,18.0,27.3,995.0,86.0,3.6,1.0,8.8,37.0,142.0,121.0,358.0,-480.0,1.0
3968500,2729500.0,8.0,18.0,19.0,25.9,995.0,71.0,1.7,0.0,8.9,40.0,48.0,68.0,352.0,-469.0,1.0
3968500,2729500.0,8.0,18.0,20.0,24.6,995.0,106.0,0.8,0.0,9.1,44.0,3.0,15.0,346.0,-457.0,1.0
3968500,2729500.0,8.0,18.0,21.0,21.5,996.0,90.0,0.8,0.0,8.9,50.0,0.0,0.0,337.0,-447.0,1.0
3968500,2729500.0,8.0,18.0,22.0,20.4,995.0,92.0,1.6,0.0,9.2,58.0,0.0,0.0,330.0,-440.0,1.0
3968500,2729500.0,8.0,18.0,23.0,19.8,995.0,344.0,1.2,0.0,9.6,64.0,0.0,0.0,327.0,-436.0,1.0
3968500,2729500.0,8.0,18.0,24.0,18.8,995.0,356.0,1.3,1.0,9.6,68.0,0.0,0.0,327.0,-432.0,1.0
3968500,2729500.0,8.0,19.0,1.0,18.0,996.0,95.0,0.8,0.0,9.5,70.0,0.0,0.0,324.0,-428.0,1.0
3968500,2729500.0,8.0,19.0,2.0,17.1,995.0,126.0,1.0,0.0,9.2,72.0,0.0,0.0,319.0,-423.0,1.0
3968500,2729500.0,8.0,19.0,3.0,16.9,995.0,349.0,1.2,0.0,9.2,74.0,0.0,0.0,317.0,-417.0,1.0
3968500,2729500.0,8.0,19.0,4.0,16.2,995.0,342.0,1.3,0.0,9.1,76.0,0.0,0.0,314.0,-412.0,1.0
3968500,2729500.0,8.0,19.0,5.0,15.6,995.0,5.0,1.9,2.0,9.1,79.0,0.0,0.0,315.0,-410.0,1.0
3968500,2729500.0,8.0,19.0,6.0,15.7,996.0,10.0,1.5,2.0,9.1,80.0,0.0,10.0,316.0,-408.0,1.0
3968500,2729500.0,8.0,19.0,7.0,16.7,996.0,23.0,1.1,1.0,9.3,79.0,28.0,72.0,315.0,-408.0,1.0
3968500,2729500.0,8.0,19.0,8.0,18.6,996.0,20.0,1.7,1.0,9.8,76.0,101.0,138.0,317.0,-414.0,1.0
3968500,2729500.0,8.0,19.0,9.0,20.8,996.0,75.0,1.7,1.0,10.3,70.0,201.0,189.0,323.0,-428.0,1.0
3968500,2729500.0,8.0,19.0,10.0,22.9,996.0,10.0,2.0,0.0,10.6,64.0,325.0,213.0,331.0,-447.0,1.0
3968500,2729500.0,8.0,19.0,11.0,25.5,996.0,41.0,1.5,0.0,10.9,56.0,433.0,222.0,339.0,-464.0,1.0
3968500,2729500.0,8.0,19.0,12.0,28.2,996.0,34.0,1.8,0.0,10.7,47.0,497.0,229.0,350.0,-479.0,1.0
3968500,2729500.0,8.0,19.0,13.0,29.3,995.0,78.0,2.8,1.0,9.8,39.0,517.0,231.0,360.0,-492.0,1.0
3968500,2729500.0,8.0,19.0,14.0,29.7,995.0,134.0,2.9,2.0,9.3,35.0,471.0,240.0,366.0,-501.0,1.0
3968500,2729500.0,8.0,19.0,15.0,30.3,994.0,106.0,1.7,2.0,9.1,34.0,376.0,247.0,371.0,-506.0,1.0
3968500,2729500.0,8.0,19.0,16.0,31.0,994.0,111.0,0.9,2.0,8.9,32.0,307.0,212.0,371.0,-504.0,1.0
3968500,2729500.0,8.0,19.0,17.0,30.2,993.0,68.0,2.0,2.0,8.8,31.0,206.0,175.0,370.0,-497.0,1.0
3968500,2729500.0,8.0,19.0,18.0,29.6,993.0,76.0,1.7,2.0,8.8,33.0,114.0,123.0,366.0,-485.0,1.0
3968500,2729500.0,8.0,19.0,19.0,28.4,993.0,98.0,1.3,1.0,8.9,35.0,38.0,64.0,361.0,-471.0,1.0
3968500,2729500.0,8.0,19.0,20.0,26.5,993.0,79.0,0.7,4.0,9.3,40.0,2.0,12.0,361.0,-458.0,1.0
3968500,2729500.0,8.0,19.0,21.0,24.5,994.0,73.0,0.7,4.0,9.6,46.0,0.0,0.0,362.0,-447.0,1.0
3968500,2729500.0,8.0,19.0,22.0,23.5,994.0,26.0,0.9,1.0,9.7,51.0,0.0,0.0,349.0,-437.0,1.0
3968500,2729500.0,8.0,19.0,23.0,21.8,995.0,55.0,0.6,0.0,9.7,55.0,0.0,0.0,334.0,-430.0,1.0
3968500,2729500.0,8.0,19.0,24.0,19.3,994.0,163.0,0.4,0.0,9.7,63.0,0.0,0.0,324.0,-427.0,1.0
3968500,2729500.0,8.0,20.0,1.0,18.8,994.0,171.0,1.1,1.0,9.8,70.0,0.0,0.0,321.0,-422.0,1.0
3968500,2729500.0,8.0,20.0,2.0,18.1,994.0,131.0,1.4,3.0,9.8,72.0,0.0,0.0,327.0,-415.0,1.0
3968500,2729500.0,8.0,20.0,3.0,17.8,994.0,93.0,1.0,5.0,9.7,74.0,0.0,0.0,336.0,-408.0,1.0
3968500,2729500.0,8.0,20.0,4.0,16.3,994.0,19.0,0.5,5.0,9.7,78.0,0.0,0.0,338.0,-404.0,1.0
3968500,2729500.0,8.0,20.0,5.0,16.2,994.0,199.0,1.1,8.0,9.7,82.0,0.0,0.0,344.0,-400.0,1.0
3968500,2729500.0,8.0,20.0,6.0,17.1,994.0,359.0,0.3,8.0,9.9,81.0,0.0,2.0,355.0,-395.0,1.0
3968500,2729500.0,8.0,20.0,7.0,17.4,994.0,353.0,0.5,6.0,10.0,80.0,0.0,38.0,351.0,-395.0,1.0
3968500,2729500.0,8.0,20.0,8.0,17.7,994.0,2.0,0.0,7.0,10.4,81.0,0.0,62.0,349.0,-406.0,1.0
3968500,2729500.0,8.0,20.0,9.0,19.6,994.0,316.0,0.0,7.0,10.8,78.0,43.0,192.0,358.0,-426.0,1.0
3968500,2729500.0,8.0,20.0,10.0,21.9,994.0,267.0,0.0,5.0,11.0,70.0,263.0,203.0,361.0,-447.0,1.0
3968500,2729500.0,8.0,20.0,11.0,24.9,995.0,310.0,1.8,5.0,10.9,59.0,377.0,204.0,366.0,-466.0,1.0
3968500,2729500.0,8.0,20.0,12.0,28.2,995.0,333.0,1.6,5.0,10.7,48.0,376.0,241.0,379.0,-485.0,1.0
3968500,2729500.0,8.0,20.0,13.0,29.8,994.0,109.0,1.5,5.0,10.4,41.0,438.0,220.0,390.0,-499.0,1.0
3968500,2729500.0,8.0,20.0,14.0,28.7,994.0,44.0,2.5,7.0,9.8,38.0,63.0,285.0,395.0,-506.0,1.0
3968500,2729500.0,8.0,20.0,15.0,27.5,993.0,47.0,4.1,7.0,9.6,39.0,2.0,181.0,396.0,-507.0,1.0
3968500,2729500.0,8.0,20.0,16.0,27.2,993.0,8.0,2.2,7.0,10.3,44.0,3.0,163.0,394.0,-503.0,1.0
3968500,2729500.0,8.0,20.0,17.0,27.3,993.0,324.0,1.5,5.0,10.2,44.0,43.0,165.0,389.0,-495.0,1.0
3968500,2729500.0,8.0,20.0,18.0,26.5,994.0,314.0,2.1,7.0,10.3,45.0,3.0,88.0,388.0,-485.0,1.0
3968500,2729500.0,8.0,20.0,19.0,24.6,994.0,37.0,4.2,8.0,10.7,51.0,0.0,27.0,391.0,-472.0,1.0
3968500,2729500.0,8.0,20.0,20.0,21.6,995.0,156.0,2.0,6.0,10.9,64.0,0.0,2.0,381.0,-459.0,1.0
3968500,2729500.0,8.0,20.0,21.0,19.8,994.0,93.0,1.6,5.0,11.1,72.0,0.0,0.0,370.0,-446.0,1.0
3968500,2729500.0,8.0,20.0,22.0,18.6,995.0,126.0,0.9,4.0,11.2,79.0,0.0,0.0,355.0,-436.0,1.0
3968500,2729500.0,8.0,20.0,23.0,18.5,995.0,105.0,1.1,3.0,11.5,83.0,0.0,0.0,336.0,-430.0,1.0
3968500,2729500.0,8.0,20.0,24.0,18.9,995.0,159.0,1.5,3.0,11.7,83.0,0.0,0.0,337.0,-425.0,1.0
3968500,2729500.0,8.0,21.0,1.0,19.6,994.0,186.0,2.0,4.0,12.1,82.0,0.0,0.0,351.0,-463.0,1.0
3968500,2729500.0,8.0,21.0,2.0,20.0,994.0,212.0,2.2,5.0,12.3,82.0,0.0,0.0,358.0,-459.0,1.0
3968500,2729500.0,8.0,21.0,3.0,19.9,994.0,205.0,2.1,5.0,12.5,82.0,0.0,0.0,364.0,-457.0,1.0
3968500,2729500.0,8.0,21.0,4.0,19.4,993.0,210.0,1.8,5.0,12.3,84.0,0.0,0.0,356.0,-453.0,1.0
3968500,2729500.0,8.0,21.0,5.0,19.4,993.0,182.0,1.8,5.0,12.3,86.0,0.0,0.0,342.0,-449.0,1.0
3968500,2729500.0,8.0,21.0,6.0,18.9,993.0,106.0,1.3,6.0,12.0,89.0,0.0,11.0,346.0,-446.0,1.0
3968500,2729500.0,8.0,21.0,7.0,19.6,994.0,171.0,1.5,6.0,12.4,86.0,26.0,66.0,354.0,-444.0,1.0
3968500,2729500.0,8.0,21.0,8.0,23.1,994.0,125.0,1.7,6.0,12.9,79.0,124.0,129.0,360.0,-444.0,1.0
3968500,2729500.0,8.0,21.0,9.0,26.0,995.0,143.0,1.8,5.0,13.3,67.0,220.0,180.0,369.0,-456.0,1.0
3968500,2729500.0,8.0,21.0,10.0,28.0,995.0,172.0,2.8,6.0,13.7,60.0,229.0,254.0,380.0,-475.0,1.0
3968500,2729500.0,8.0,21.0,11.0,28.5,995.0,162.0,3.0,7.0,14.2,58.0,204.0,314.0,393.0,-495.0,1.0
3968500,2729500.0,8.0,21.0,12.0,28.3,995.0,298.0,2.8,6.0,14.8,60.0,272.0,329.0,397.0,-508.0,1.0
3968500,2729500.0,8.0,21.0,13.0,29.7,995.0,326.0,3.6,7.0,14.8,57.0,249.0,345.0,401.0,-517.0,1.0
3968500,2729500.0,8.0,21.0,14.0,28.7,995.0,341.0,3.3,8.0,14.8,57.0,0.0,195.0,411.0,-522.0,1.0
3968500,2729500.0,8.0,21.0,15.0,28.7,995.0,285.0,3.1,7.0,14.9,59.0,0.0,102.0,411.0,-523.0,1.0
3968500,2729500.0,8.0,21.0,16.0,28.2,996.0,330.0,4.2,7.0,14.3,57.0,0.0,95.0,406.0,-515.0,1.0
3968500,2729500.0,8.0,21.0,17.0,27.5,996.0,296.0,3.1,8.0,13.7,57.0,0.0,75.0,407.0,-499.0,1.0
3968500,2729500.0,8.0,21.0,18.0,26.3,996.0,272.0,2.3,8.0,12.8,56.0,1.0,80.0,404.0,-487.0,1.0
3968500,2729500.0,8.0,21.0,19.0,24.9,997.0,325.0,2.2,7.0,12.2,58.0,0.0,26.0,395.0,-480.0,1.0
3968500,2729500.0,8.0,21.0,20.0,22.6,997.0,262.0,2.6,7.0,12.7,68.0,0.0,4.0,386.0,-470.0,1.0
3968500,2729500.0,8.0,21.0,21.0,22.3,997.0,278.0,2.2,6.0,12.8,74.0,0.0,0.0,377.0,-460.0,1.0
3968500,2729500.0,8.0,21.0,22.0,21.3,996.0,286.0,2.2,6.0,12.5,75.0,0.0,0.0,371.0,-452.0,1.0
3968500,2729500.0,8.0,21.0,23.0,20.4,996.0,79.0,1.7,8.0,12.2,78.0,0.0,0.0,375.0,-446.0,1.0
3968500,2729500.0,8.0,21.0,24.0,19.8,997.0,334.0,1.9,8.0,12.2,81.0,0.0,0.0,381.0,-441.0,1.0
3968500,2729500.0,8.0,22.0,1.0,18.7,997.0,213.0,1.7,6.0,12.4,87.0,0.0,0.0,371.0,-435.0,1.0
3968500,2729500.0,8.0,22.0,2.0,19.7,997.0,303.0,1.5,6.0,12.4,87.0,0.0,0.0,362.0,-429.0,1.0
3968500,2729500.0,8.0,22.0,3.0,19.5,998.0,314.0,2.0,6.0,12.1,83.0,0.0,0.0,363.0,-424.0,1.0
3968500,2729500.0,8.0,22.0,4.0,18.6,997.0,72.0,1.1,6.0,11.9,85.0,0.0,0.0,361.0,-421.0,1.0
3968500,2729500.0,8.0,22.0,5.0,18.2,997.0,348.0,0.7,8.0,11.9,88.0,0.0,0.0,367.0,-419.0,1.0
3968500,2729500.0,8.0,22.0,6.0,18.0,997.0,8.0,1.0,8.0,11.6,88.0,0.0,5.0,375.0,-417.0,1.0
3968500,2729500.0,8.0,22.0,7.0,18.6,997.0,344.0,1.3,7.0,11.9,88.0,0.0,43.0,370.0,-418.0,1.0
3968500,2729500.0,8.0,22.0,8.0,19.9,997.0,350.0,1.7,7.0,12.8,89.0,20.0,132.0,369.0,-423.0,1.0
3968500,2729500.0,8.0,22.0,9.0,20.8,997.0,346.0,1.4,8.0,13.2,86.0,120.0,220.0,376.0,-433.0,1.0
3968500,2729500.0,8.0,22.0,10.0,22.6,996.0,328.0,1.1,7.0,13.1,79.0,254.0,262.0,377.0,-446.0,1.0
3968500,2729500.0,8.0,22.0,11.0,24.5,997.0,243.0,1.2,4.0,13.3,71.0,334.0,294.0,369.0,-462.0,1.0
3968500,2729500.0,8.0,22.0,12.0,25.6,995.0,285.0,1.1,5.0,13.1,64.0,309.0,343.0,370.0,-477.0,1.0
3968500,2729500.0,8.0,22.0,13.0,27.8,995.0,106.0,1.2,8.0,12.3,55.0,164.0,372.0,388.0,-488.0,1.0
3968500,2729500.0,8.0,22.0,14.0,28.5,994.0,255.0,1.4,8.0,11.7,48.0,79.0,330.0,401.0,-496.0,1.0
3968500,2729500.0,8.0,22.0,15.0,28.2,993.0,229.0,2.1,8.0,12.0,48.0,125.0,320.0,402.0,-498.0,1.0
3968500,2729500.0,8.0,22.0,16.0,28.5,992.0,287.0,2.6,8.0,12.4,50.0,46.0,241.0,402.0,-491.0,1.0
3968500,2729500.0,8.0,22.0,17.0,28.0,992.0,154.0,2.3,7.0,12.9,52.0,65.0,198.0,401.0,-486.0,1.0
3968500,2729500.0,8.0,22.0,18.0,27.8,991.0,263.0,2.4,6.0,13.5,56.0,7.0,98.0,396.0,-480.0,1.0
3968500,2729500.0,8.0,22.0,19.0,25.2,991.0,326.0,3.2,6.0,14.5,65.0,25.0,59.0,392.0,-468.0,1.0
3968500,2729500.0,8.0,22.0,20.0,23.6,991.0,4.0,2.3,5.0,14.7,75.0,0.0,4.0,382.0,-457.0,1.0
3968500,2729500.0,8.0,22.0,21.0,22.1,991.0,321.0,2.3,3.0,14.5,80.0,0.0,0.0,369.0,-451.0,1.0
3968500,2729500.0,8.0,22.0,22.0,21.5,991.0,12.0,1.2,3.0,14.6,86.0,0.0,0.0,360.0,-448.0,1.0
3968500,2729500.0,8.0,22.0,23.0,20.4,991.0,347.0,1.3,3.0,14.3,89.0,0.0,0.0,358.0,-444.0,1.0
3968500,2729500.0,8.0,22.0,24.0,20.0,990.0,252.0,1.7,1.0,14.0,91.0,0.0,0.0,348.0,-443.0,1.0
3968500,2729500.0,8.0,23.0,1.0,19.8,990.0,200.0,1.2,3.0,14.1,94.0,0.0,0.0,347.0,-442.0,1.0
3968500,2729500.0,8.0,23.0,2.0,19.3,989.0,348.0,2.5,5.0,14.1,96.0,0.0,0.0,361.0,-441.0,1.0
3968500,2729500.0,8.0,23.0,3.0,18.9,989.0,87.0,2.2,6.0,13.8,97.0,0.0,0.0,369.0,-439.0,1.0
3968500,2729500.0,8.0,23.0,4.0,19.5,989.0,282.0,3.1,6.0,13.0,91.0,0.0,0.0,372.0,-432.0,1.0
3968500,2729500.0,8.0,23.0,5.0,18.9,990.0,171.0,2.0,6.0,11.8,82.0,0.0,0.0,371.0,-424.0,1.0
3968500,2729500.0,8.0,23.0,6.0,18.5,990.0,303.0,1.9,7.0,10.3,75.0,0.0,3.0,372.0,-417.0,1.0
3968500,2729500.0,8.0,23.0,7.0,18.7,991.0,72.0,2.4,6.0,9.6,70.0,0.0,40.0,369.0,-414.0,1.0
3968500,2729500.0,8.0,23.0,8.0,19.6,992.0,280.0,2.3,6.0,9.7,68.0,18.0,119.0,364.0,-417.0,1.0
3968500,2729500.0,8.0,23.0,9.0,19.2,992.0,254.0,2.5,6.0,9.6,67.0,112.0,194.0,365.0,-424.0,1.0
3968500,2729500.0,8.0,23.0,10.0,21.6,993.0,271.0,3.9,4.0,9.0,59.0,441.0,123.0,357.0,-435.0,1.0
3968500,2729500.0,8.0,23.0,11.0,22.4,993.0,295.0,4.7,1.0,8.2,48.0,539.0,131.0,338.0,-447.0,1.0
3968500,2729500.0,8.0,23.0,12.0,22.7,994.0,252.0,4.7,1.0,8.0,46.0,481.0,208.0,329.0,-457.0,1.0
3968500,2729500.0,8.0,23.0,13.0,22.7,994.0,296.0,4.3,3.0,7.7,44.0,324.0,291.0,339.0,-464.0,1.0
3968500,2729500.0,8.0,23.0,14.0,23.3,994.0,289.0,4.7,5.0,7.8,44.0,186.0,314.0,355.0,-468.0,1.0
3968500,2729500.0,8.0,23.0,15.0,23.6,994.0,310.0,4.7,6.0,7.7,42.0,132.0,281.0,361.0,-469.0,1.0
3968500,2729500.0,8.0,23.0,16.0,23.1,994.0,276.0,3.7,6.0,7.2,39.0,129.0,235.0,359.0,-467.0,1.0
3968500,2729500.0,8.0,23.0,17.0,22.5,994.0,275.0,3.7,5.0,7.0,40.0,172.0,160.0,353.0,-460.0,1.0
3968500,2729500.0,8.0,23.0,18.0,21.5,993.0,265.0,3.2,6.0,7.3,43.0,49.0,113.0,349.0,-453.0,1.0
3968500,2729500.0,8.0,23.0,19.0,20.0,993.0,275.0,2.8,6.0,7.4,48.0,4.0,37.0,347.0,-443.0,1.0
3968500,2729500.0,8.0,23.0,20.0,18.1,993.0,285.0,2.1,6.0,7.6,54.0,0.0,0.0,342.0,-432.0,1.0
3968500,2729500.0,8.0,23.0,21.0,17.3,994.0,261.0,1.7,6.0,7.8,60.0,0.0,0.0,338.0,-422.0,1.0
3968500,2729500.0,8.0,23.0,22.0,16.9,994.0,270.0,3.5,6.0,7.7,62.0,0.0,0.0,336.0,-416.0,1.0
3968500,2729500.0,8.0,23.0,23.0,16.5,994.0,278.0,2.9,6.0,7.6,63.0,0.0,0.0,335.0,-411.0,1.0
3968500,2729500.0,8.0,23.0,24.0,15.1,994.0,32.0,1.5,2.0,7.5,66.0,0.0,0.0,322.0,-406.0,1.0
3968500,2729500.0,8.0,24.0,1.0,12.7,995.0,331.0,1.1,1.0,7.5,74.0,0.0,0.0,299.0,-399.0,1.0
3968500,2729500.0,8.0,24.0,2.0,12.1,995.0,236.0,1.5,0.0,7.6,83.0,0.0,0.0,287.0,-392.0,1.0
3968500,2729500.0,8.0,24.0,3.0,11.3,995.0,163.0,1.1,0.0,7.5,86.0,0.0,0.0,279.0,-387.0,1.0
3968500,2729500.0,8.0,24.0,4.0,10.5,995.0,155.0,1.0,2.0,7.5,91.0,0.0,0.0,281.0,-384.0,1.0
3968500,2729500.0,8.0,24.0,5.0,9.9,995.0,116.0,1.2,2.0,7.4,94.0,0.0,0.0,285.0,-379.0,1.0
3968500,2729500.0,8.0,24.0,6.0,10.0,994.0,155.0,0.9,1.0,7.4,95.0,0.0,10.0,279.0,-374.0,1.0
3968500,2729500.0,8.0,24.0,7.0,11.3,995.0,200.0,1.2,2.0,7.6,93.0,37.0,62.0,279.0,-374.0,1.0
3968500,2729500.0,8.0,24.0,8.0,14.0,995.0,226.0,1.3,2.0,7.9,85.0,168.0,104.0,287.0,-383.0,1.0
3968500,2729500.0,8.0,24.0,9.0,16.2,995.0,203.0,1.7,1.0,8.2,75.0,306.0,127.0,290.0,-400.0,1.0
3968500,2729500.0,8.0,24.0,10.0,19.2,995.0,146.0,2.0,0.0,8.5,66.0,405.0,152.0,293.0,-419.0,1.0
3968500,2729500.0,8.0,24.0,11.0,20.3,994.0,111.0,2.3,2.0,8.2,56.0,482.0,174.0,305.0,-437.0,1.0
3968500,2729500.0,8.0,24.0,12.0,21.7,994.0,101.0,2.7,4.0,7.3,46.0,577.0,162.0,323.0,-450.0,1.0
3968500,2729500.0,8.0,24.0,13.0,22.1,993.0,93.0,4.2,4.0,6.1,37.0,595.0,165.0,332.0,-455.0,1.0
3968500,2729500.0,8.0,24.0,14.0,23.0,993.0,161.0,2.1,4.0,5.4,31.0,560.0,168.0,333.0,-454.0,1.0
3968500,2729500.0,8.0,24.0,15.0,23.5,993.0,283.0,3.1,3.0,5.5,31.0,527.0,141.0,334.0,-460.0,1.0
3968500,2729500.0,8.0,24.0,16.0,24.0,992.0,44.0,2.2,2.0,5.6,30.0,414.0,137.0,328.0,-464.0,1.0
3968500,2729500.0,8.0,24.0,17.0,22.9,992.0,131.0,2.2,1.0,5.6,31.0,272.0,127.0,321.0,-455.0,1.0
3968500,2729500.0,8.0,24.0,18.0,22.1,991.0,170.0,2.1,0.0,5.8,33.0,136.0,102.0,311.0,-446.0,1.0
3968500,2729500.0,8.0,24.0,19.0,20.1,990.0,165.0,1.7,0.0,6.2,39.0,31.0,47.0,302.0,-435.0,1.0
3968500,2729500.0,8.0,24.0,20.0,17.3,990.0,209.0,1.7,0.0,6.7,49.0,0.0,0.0,294.0,-424.0,1.0
3968500,2729500.0,8.0,24.0,21.0,15.9,989.0,14.0,1.9,1.0,6.8,56.0,0.0,0.0,287.0,-414.0,1.0
3968500,2729500.0,8.0,24.0,22.0,15.0,990.0,339.0,1.3,1.0,6.9,61.0,0.0,0.0,285.0,-407.0,1.0
3968500,2729500.0,8.0,24.0,23.0,13.1,990.0,5.0,1.5,2.0,7.1,69.0,0.0,0.0,285.0,-402.0,1.0
3968500,2729500.0,8.0,24.0,24.0,14.7,989.0,318.0,1.8,4.0,7.1,70.0,0.0,0.0,295.0,-399.0,1.0
3968500,2729500.0,8.0,25.0,1.0,14.6,988.0,18.0,1.7,8.0,7.1,67.0,0.0,0.0,320.0,-399.0,1.0
3968500,2729500.0,8.0,25.0,2.0,14.0,987.0,7.0,2.3,8.0,7.4,71.0,0.0,0.0,337.0,-401.0,1.0
3968500,2729500.0,8.0,25.0,3.0,12.2,987.0,147.0,2.0,8.0,8.1,84.0,0.0,0.0,337.0,-403.0,1.0
3968500,2729500.0,8.0,25.0,4.0,12.5,987.0,291.0,2.4,7.0,8.7,94.0,0.0,0.0,333.0,-403.0,1.0
3968500,2729500.0,8.0,25.0,5.0,12.4,986.0,143.0,1.6,6.0,9.0,97.0,0.0,0.0,329.0,-404.0,1.0
3968500,2729500.0,8.0,25.0,6.0,12.9,985.0,47.0,1.2,7.0,9.1,97.0,0.0,4.0,332.0,-404.0,1.0
3968500,2729500.0,8.0,25.0,7.0,12.9,985.0,124.0,1.4,7.0,9.3,97.0,7.0,48.0,337.0,-406.0,1.0
3968500,2729500.0,8.0,25.0,8.0,13.5,985.0,30.0,0.7,7.0,9.4,96.0,0.0,66.0,338.0,-410.0,1.0
3968500,2729500.0,8.0,25.0,9.0,14.0,985.0,118.0,1.3,7.0,9.7,96.0,0.0,84.0,341.0,-418.0,1.0
3968500,2729500.0,8.0,25.0,10.0,14.7,985.0,192.0,1.3,7.0,10.0,95.0,0.0,142.0,345.0,-427.0,1.0
3968500,2729500.0,8.0,25.0,11.0,15.3,984.0,135.0,1.9,7.0,10.4,95.0,0.0,111.0,349.0,-435.0,1.0
3968500,2729500.0,8.0,25.0,12.0,16.2,985.0,150.0,1.6,7.0,10.6,92.0,0.0,115.0,354.0,-450.0,1.0
3968500,2729500.0,8.0,25.0,13.0,17.2,984.0,119.0,2.1,7.0,10.9,89.0,21.0,249.0,360.0,-467.0,1.0
3968500,2729500.0,8.0,25.0,14.0,19.5,985.0,59.0,2.5,7.0,11.4,84.0,155.0,268.0,369.0,-472.0,1.0
3968500,2729500.0,8.0,25.0,15.0,19.9,985.0,164.0,3.5,7.0,11.5,78.0,194.0,230.0,376.0,-471.0,1.0
3968500,2729500.0,8.0,25.0,16.0,20.7,985.0,164.0,3.8,6.0,11.7,76.0,140.0,196.0,377.0,-463.0,1.0
3968500,2729500.0,8.0,25.0,17.0,20.8,985.0,161.0,3.8,6.0,11.8,74.0,98.0,149.0,376.0,-451.0,1.0
3968500,2729500.0,8.0,25.0,18.0,20.5,985.0,175.0,3.6,7.0,11.6,74.0,36.0,96.0,379.0,-443.0,1.0
3968500,2729500.0,8.0,25.0,19.0,19.8,984.0,209.0,1.3,6.0,11.5,76.0,0.0,26.0,378.0,-439.0,1.0
3968500,2729500.0,8.0,25.0,20.0,18.2,984.0,238.0,1.4,6.0,11.1,78.0,0.0,0.0,368.0,-436.0,1.0
3968500,2729500.0,8.0,25.0,21.0,17.2,984.0,234.0,1.6,5.0,10.5,80.0,0.0,0.0,358.0,-433.0,1.0
3968500,2729500.0,8.0,25.0,22.0,16.5,984.0,346.0,0.5,7.0,10.4,84.0,0.0,0.0,359.0,-430.0,1.0
3968500,2729500.0,8.0,25.0,23.0,16.2,984.0,121.0,0.9,8.0,10.7,89.0,0.0,0.0,371.0,-427.0,1.0
3968500,2729500.0,8.0,25.0,24.0,16.3,984.0,176.0,2.2,7.0,10.8,91.0,0.0,0.0,371.0,-426.0,1.0
3968500,2729500.0,8.0,26.0,1.0,16.4,983.0,262.0,2.4,7.0,11.3,94.0,0.0,0.0,368.0,-427.0,1.0
3968500,2729500.0,8.0,26.0,2.0,15.7,984.0,46.0,1.0,7.0,11.3,96.0,0.0,0.0,368.0,-426.0,1.0
3968500,2729500.0,8.0,26.0,3.0,15.2,984.0,174.0,2.3,8.0,10.8,96.0,0.0,0.0,369.0,-422.0,1.0
3968500,2729500.0,8.0,26.0,4.0,15.0,984.0,184.0,2.2,7.0,10.7,96.0,0.0,0.0,368.0,-419.0,1.0
3968500,2729500.0,8.0,26.0,5.0,14.4,984.0,172.0,2.8,6.0,10.5,97.0,0.0,0.0,357.0,-418.0,1.0
3968500,2729500.0,8.0,26.0,6.0,14.0,984.0,165.0,2.5,5.0,10.3,98.0,0.0,12.0,348.0,-414.0,1.0
3968500,2729500.0,8.0,26.0,7.0,14.9,985.0,164.0,1.9,2.0,10.4,98.0,46.0,59.0,333.0,-409.0,1.0
3968500,2729500.0,8.0,26.0,8.0,17.1,985.0,158.0,2.8,3.0,10.8,92.0,177.0,88.0,330.0,-411.0,1.0
3968500,2729500.0,8.0,26.0,9.0,16.2,985.0,171.0,2.7,6.0,10.8,88.0,7.0,150.0,347.0,-421.0,1.0
3968500,2729500.0,8.0,26.0,10.0,18.1,985.0,163.0,3.3,7.0,11.5,91.0,2.0,166.0,364.0,-433.0,1.0
3968500,2729500.0,8.0,26.0,11.0,18.3,984.0,159.0,3.2,7.0,12.3,91.0,18.0,240.0,372.0,-445.0,1.0
3968500,2729500.0,8.0,26.0,12.0,20.1,985.0,173.0,4.4,7.0,12.1,84.0,5.0,225.0,376.0,-455.0,1.0
3968500,2729500.0,8.0,26.0,13.0,21.5,985.0,177.0,3.0,6.0,11.9,75.0,32.0,283.0,379.0,-462.0,1.0
3968500,2729500.0,8.0,26.0,14.0,22.4,985.0,183.0,5.9,5.0,10.8,63.0,572.0,134.0,375.0,-468.0,1.0
3968500,2729500.0,8.0,26.0,15.0,23.2,985.0,184.0,3.9,5.0,9.3,52.0,215.0,264.0,372.0,-470.0,1.0
3968500,2729500.0,8.0,26.0,16.0,23.2,985.0,190.0,4.5,4.0,8.7,47.0,312.0,165.0,368.0,-468.0,1.0
3968500,2729500.0,8.0,26.0,17.0,22.1,985.0,199.0,3.6,4.0,8.7,49.0,173.0,149.0,361.0,-464.0,1.0
3968500,2729500.0,8.0,26.0,18.0,21.9,985.0,176.0,4.9,5.0,8.8,52.0,63.0,104.0,361.0,-457.0,1.0
3968500,2729500.0,8.0,26.0,19.0,20.7,984.0,177.0,2.9,4.0,8.7,54.0,4.0,34.0,358.0,-448.0,1.0
3968500,2729500.0,8.0,26.0,20.0,19.0,984.0,179.0,2.9,4.0,8.8,59.0,0.0,0.0,349.0,-439.0,1.0
3968500,2729500.0,8.0,26.0,21.0,15.8,984.0,169.0,2.5,4.0,9.0,71.0,0.0,0.0,341.0,-433.0,1.0
3968500,2729500.0,8.0,26.0,22.0,15.8,985.0,185.0,1.9,6.0,9.2,79.0,0.0,0.0,343.0,-430.0,1.0
3968500,2729500.0,8.0,26.0,23.0,15.3,985.0,182.0,1.8,5.0,9.1,80.0,0.0,0.0,347.0,-428.0,1.0
3968500,2729500.0,8.0,26.0,24.0,14.3,985.0,193.0,3.3,4.0,9.0,83.0,0.0,0.0,336.0,-425.0,1.0
3968500,2729500.0,8.0,27.0,1.0,13.4,986.0,185.0,3.2,3.0,8.8,86.0,0.0,0.0,325.0,-422.0,1.0
3968500,2729500.0,8.0,27.0,2.0,14.0,986.0,158.0,2.9,3.0,8.6,86.0,0.0,0.0,320.0,-419.0,1.0
3968500,2729500.0,8.0,27.0,3.0,13.7,986.0,178.0,3.1,4.0,8.8,86.0,0.0,0.0,324.0,-415.0,1.0
3968500,2729500.0,8.0,27.0,4.0,13.0,986.0,180.0,3.1,4.0,8.9,90.0,0.0,0.0,326.0,-410.0,1.0
3968500,2729500.0,8.0,27.0,5.0,12.9,986.0,174.0,3.0,3.0,8.8,91.0,0.0,0.0,319.0,-407.0,1.0
3968500,2729500.0,8.0,27.0,6.0,14.0,986.0,160.0,3.9,3.0,8.7,87.0,1.0,11.0,316.0,-404.0,1.0
3968500,2729500.0,8.0,27.0,7.0,14.8,985.0,171.0,5.1,4.0,8.6,82.0,62.0,43.0,322.0,-402.0,1.0
3968500,2729500.0,8.0,27.0,8.0,15.5,986.0,172.0,5.4,6.0,8.6,78.0,115.0,88.0,337.0,-403.0,1.0
3968500,2729500.0,8.0,27.0,9.0,15.9,986.0,207.0,5.6,8.0,8.6,75.0,31.0,164.0,360.0,-409.0,1.0
3968500,2729500.0,8.0,27.0,10.0,16.5,986.0,208.0,6.4,7.0,8.6,73.0,15.0,194.0,366.0,-419.0,1.0
3968500,2729500.0,8.0,27.0,11.0,17.1,986.0,226.0,5.9,7.0,8.6,70.0,0.0,122.0,365.0,-427.0,1.0
3968500,2729500.0,8.0,27.0,12.0,18.0,987.0,195.0,5.1,7.0,9.0,70.0,0.0,137.0,368.0,-435.0,1.0
3968500,2729500.0,8.0,27.0,13.0,17.4,987.0,226.0,5.4,7.0,9.1,70.0,1.0,202.0,368.0,-442.0,1.0
3968500,2729500.0,8.0,27.0,14.0,15.2,988.0,203.0,4.9,7.0,9.0,76.0,0.0,149.0,362.0,-444.0,1.0
3968500,2729500.0,8.0,27.0,15.0,16.1,988.0,223.0,5.5,7.0,9.4,83.0,0.0,144.0,361.0,-444.0,1.0
3968500,2729500.0,8.0,27.0,16.0,16.8,989.0,266.0,3.6,7.0,9.8,81.0,13.0,177.0,364.0,-443.0,1.0
3968500,2729500.0,8.0,27.0,17.0,17.0,989.0,224.0,4.8,7.0,9.9,80.0,45.0,150.0,366.0,-438.0,1.0
3968500,2729500.0,8.0,27.0,18.0,15.4,990.0,242.0,3.9,7.0,9.8,83.0,28.0,93.0,363.0,-431.0,1.0
3968500,2729500.0,8.0,27.0,19.0,14.7,991.0,231.0,5.0,8.0,9.8,89.0,42.0,32.0,364.0,-426.0,1.0
3968500,2729500.0,8.0,27.0,20.0,14.4,991.0,268.0,3.0,8.0,9.8,92.0,0.0,0.0,366.0,-421.0,1.0
3968500,2729500.0,8.0,27.0,21.0,14.4,992.0,260.0,3.9,8.0,9.7,92.0,0.0,0.0,366.0,-417.0,1.0
3968500,2729500.0,8.0,27.0,22.0,14.3,993.0,236.0,2.8,8.0,9.6,91.0,0.0,0.0,367.0,-414.0,1.0
3968500,2729500.0,8.0,27.0,23.0,14.7,994.0,262.0,4.3,8.0,9.5,90.0,0.0,0.0,368.0,-410.0,1.0
3968500,2729500.0,8.0,27.0,24.0,14.4,995.0,272.0,2.5,8.0,9.5,90.0,0.0,0.0,369.0,-406.0,1.0
3968500,2729500.0,8.0,28.0,1.0,14.1,996.0,280.0,2.6,8.0,9.5,91.0,0.0,0.0,369.0,-402.0,1.0
3968500,2729500.0,8.0,28.0,2.0,13.6,996.0,271.0,1.9,8.0,9.5,94.0,0.0,0.0,368.0,-399.0,1.0
3968500,2729500.0,8.0,28.0,3.0,13.5,997.0,169.0,1.7,8.0,9.6,97.0,0.0,0.0,370.0,-397.0,1.0
3968500,2729500.0,8.0,28.0,4.0,13.3,997.0,190.0,1.7,8.0,9.5,97.0,0.0,0.0,370.0,-396.0,1.0
3968500,2729500.0,8.0,28.0,5.0,13.2,998.0,318.0,1.2,8.0,9.4,97.0,0.0,0.0,369.0,-396.0,1.0
3968500,2729500.0,8.0,28.0,6.0,13.0,998.0,243.0,2.0,8.0,9.3,97.0,0.0,2.0,368.0,-395.0,1.0
3968500,2729500.0,8.0,28.0,7.0,13.2,999.0,179.0,2.0,3.0,9.2,96.0,0.0,32.0,343.0,-394.0,1.0
3968500,2729500.0,8.0,28.0,8.0,13.7,999.0,151.0,2.7,4.0,9.3,95.0,23.0,118.0,324.0,-398.0,1.0
3968500,2729500.0,8.0,28.0,9.0,13.8,999.0,160.0,2.5,5.0,9.3,93.0,27.0,179.0,334.0,-405.0,1.0
3968500,2729500.0,8.0,28.0,10.0,15.1,999.0,135.0,2.4,6.0,9.4,90.0,123.0,249.0,347.0,-416.0,1.0
3968500,2729500.0,8.0,28.0,11.0,18.2,999.0,238.0,2.6,4.0,9.3,78.0,386.0,217.0,349.0,-428.0,1.0
3968500,2729500.0,8.0,28.0,12.0,18.7,999.0,153.0,2.8,3.0,9.0,66.0,448.0,222.0,341.0,-441.0,1.0
3968500,2729500.0,8.0,28.0,13.0,19.4,999.0,189.0,3.0,3.0,8.7,62.0,457.0,229.0,339.0,-451.0,1.0
3968500,2729500.0,8.0,28.0,14.0,19.7,998.0,174.0,2.4,4.0,8.2,57.0,456.0,212.0,345.0,-455.0,1.0
3968500,2729500.0,8.0,28.0,15.0,20.5,998.0,135.0,2.4,4.0,8.1,54.0,440.0,176.0,352.0,-457.0,1.0
3968500,2729500.0,8.0,28.0,16.0,20.5,997.0,220.0,2.2,5.0,7.8,51.0,273.0,193.0,353.0,-455.0,1.0
3968500,2729500.0,8.0,28.0,17.0,20.0,997.0,179.0,2.7,6.0,7.4,49.0,180.0,154.0,349.0,-449.0,1.0
3968500,2729500.0,8.0,28.0,18.0,19.3,996.0,175.0,2.7,6.0,7.3,50.0,95.0,104.0,338.0,-440.0,1.0
3968500,2729500.0,8.0,28.0,19.0,16.8,996.0,191.0,2.1,2.0,7.5,57.0,19.0,44.0,320.0,-429.0,1.0
3968500,2729500.0,8.0,28.0,20.0,15.1,996.0,186.0,2.0,2.0,7.8,68.0,0.0,0.0,305.0,-417.0,1.0
3968500,2729500.0,8.0,28.0,21.0,14.2,996.0,195.0,1.7,2.0,7.7,73.0,0.0,0.0,300.0,-408.0,1.0
3968500,2729500.0,8.0,28.0,22.0,13.1,996.0,168.0,1.1,0.0,7.8,78.0,0.0,0.0,294.0,-401.0,1.0
3968500,2729500.0,8.0,28.0,23.0,12.4,996.0,179.0,0.9,0.0,7.8,84.0,0.0,0.0,287.0,-395.0,1.0
3968500,2729500.0,8.0,28.0,24.0,11.7,996.0,211.0,1.2,0.0,7.7,86.0,0.0,0.0,284.0,-391.0,1.0
3968500,2729500.0,8.0,29.0,1.0,11.2,996.0,82.0,1.4,1.0,7.7,90.0,0.0,0.0,284.0,-389.0,1.0
3968500,2729500.0,8.0,29.0,2.0,10.7,995.0,344.0,1.4,1.0,7.8,94.0,0.0,0.0,286.0,-387.0,1.0
3968500,2729500.0,8.0,29.0,3.0,10.6,995.0,34.0,1.3,2.0,7.8,95.0,0.0,0.0,287.0,-385.0,1.0
3968500,2729500.0,8.0,29.0,4.0,10.3,995.0,95.0,2.1,5.0,7.7,95.0,0.0,0.0,299.0,-383.0,1.0
3968500,2729500.0,8.0,29.0,5.0,9.4,994.0,129.0,2.1,4.0,7.5,98.0,0.0,0.0,304.0,-380.0,1.0
3968500,2729500.0,8.0,29.0,6.0,10.3,994.0,210.0,2.1,5.0,7.7,99.0,0.0,6.0,305.0,-377.0,1.0
3968500,2729500.0,8.0,29.0,7.0,12.0,994.0,162.0,2.0,8.0,8.0,95.0,2.0,44.0,321.0,-375.0,1.0
3968500,2729500.0,8.0,29.0,8.0,13.8,994.0,184.0,1.4,8.0,8.1,85.0,1.0,81.0,333.0,-383.0,1.0
3968500,2729500.0,8.0,29.0,9.0,15.6,994.0,176.0,2.6,8.0,8.2,77.0,12.0,154.0,337.0,-401.0,1.0
3968500,2729500.0,8.0,29.0,10.0,16.6,993.0,177.0,2.0,7.0,8.6,73.0,6.0,184.0,339.0,-421.0,1.0
3968500,2729500.0,8.0,29.0,11.0,18.3,993.0,168.0,2.9,6.0,9.0,70.0,12.0,224.0,341.0,-440.0,1.0
3968500,2729500.0,8.0,29.0,12.0,20.4,993.0,153.0,3.2,6.0,9.3,65.0,330.0,248.0,347.0,-452.0,1.0
3968500,2729500.0,8.0,29.0,13.0,22.5,992.0,167.0,3.8,7.0,9.5,58.0,312.0,265.0,358.0,-461.0,1.0
3968500,2729500.0,8.0,29.0,14.0,22.9,993.0,163.0,3.9,7.0,9.4,53.0,32.0,270.0,366.0,-470.0,1.0
3968500,2729500.0,8.0,29.0,15.0,23.4,994.0,178.0,3.2,7.0,9.5,53.0,8.0,211.0,369.0,-475.0,1.0
3968500,2729500.0,8.0,29.0,16.0,23.4,994.0,196.0,3.3,7.0,9.7,53.0,70.0,216.0,372.0,-474.0,1.0
3968500,2729500.0,8.0,29.0,17.0,22.9,994.0,165.0,2.5,8.0,9.9,55.0,10.0,139.0,374.0,-469.0,1.0
3968500,2729500.0,8.0,29.0,18.0,22.1,994.0,200.0,2.8,8.0,10.2,59.0,17.0,94.0,376.0,-461.0,1.0
3968500,2729500.0,8.0,29.0,19.0,20.4,993.0,186.0,1.8,7.0,10.1,62.0,0.0,19.0,371.0,-451.0,1.0
3968500,2729500.0,8.0,29.0,20.0,17.7,994.0,168.0,2.1,5.0,9.8,70.0,0.0,0.0,353.0,-438.0,1.0
3968500,2729500.0,8.0,29.0,21.0,15.5,995.0,169.0,1.4,2.0,9.3,77.0,0.0,0.0,329.0,-427.0,1.0
3968500,2729500.0,8.0,29.0,22.0,15.4,995.0,171.0,1.8,1.0,8.8,79.0,0.0,0.0,311.0,-418.0,1.0
3968500,2729500.0,8.0,29.0,23.0,14.3,996.0,111.0,1.2,1.0,8.8,82.0,0.0,0.0,306.0,-410.0,1.0
3968500,2729500.0,8.0,29.0,24.0,13.3,996.0,39.0,1.6,1.0,8.8,87.0,0.0,0.0,302.0,-402.0,1.0
3968500,2729500.0,8.0,30.0,1.0,12.8,996.0,192.0,2.0,4.0,8.7,91.0,0.0,0.0,308.0,-394.0,1.0
3968500,2729500.0,8.0,30.0,2.0,12.7,997.0,335.0,1.1,6.0,8.7,93.0,0.0,0.0,321.0,-394.0,1.0
3968500,2729500.0,8.0,30.0,3.0,11.6,997.0,198.0,1.6,5.0,8.5,95.0,0.0,0.0,323.0,-396.0,1.0
3968500,2729500.0,8.0,30.0,4.0,11.6,997.0,137.0,1.7,4.0,8.4,96.0,0.0,0.0,315.0,-394.0,1.0
3968500,2729500.0,8.0,30.0,5.0,11.7,997.0,92.0,2.0,6.0,8.4,96.0,0.0,0.0,319.0,-391.0,1.0
3968500,2729500.0,8.0,30.0,6.0,11.7,997.0,292.0,1.1,7.0,8.4,96.0,0.0,8.0,330.0,-388.0,1.0
3968500,2729500.0,8.0,30.0,7.0,12.6,997.0,219.0,1.6,5.0,8.6,95.0,36.0,52.0,327.0,-389.0,1.0
3968500,2729500.0,8.0,30.0,8.0,15.1,997.0,206.0,2.1,4.0,9.2,91.0,142.0,96.0,321.0,-396.0,1.0
3968500,2729500.0,8.0,30.0,9.0,18.1,997.0,158.0,2.7,3.0,9.7,80.0,312.0,96.0,323.0,-408.0,1.0
3968500,2729500.0,8.0,30.0,10.0,19.5,996.0,195.0,2.9,3.0,10.0,72.0,188.0,225.0,329.0,-421.0,1.0
3968500,2729500.0,8.0,30.0,11.0,21.3,996.0,283.0,3.2,5.0,10.5,68.0,191.0,274.0,345.0,-438.0,1.0
3968500,2729500.0,8.0,30.0,12.0,22.0,995.0,104.0,2.5,6.0,10.9,66.0,105.0,305.0,363.0,-456.0,1.0
3968500,2729500.0,8.0,30.0,13.0,24.2,996.0,245.0,2.0,6.0,11.0,61.0,296.0,281.0,371.0,-469.0,1.0
3968500,2729500.0,8.0,30.0,14.0,24.9,995.0,82.0,1.7,5.0,11.2,57.0,179.0,299.0,373.0,-477.0,1.0
3968500,2729500.0,8.0,30.0,15.0,24.6,994.0,174.0,3.8,6.0,11.4,57.0,369.0,193.0,374.0,-480.0,1.0
3968500,2729500.0,8.0,30.0,16.0,24.3,994.0,168.0,3.0,5.0,11.1,56.0,278.0,175.0,371.0,-477.0,1.0
3968500,2729500.0,8.0,30.0,17.0,24.7,993.0,177.0,2.5,3.0,10.6,54.0,206.0,131.0,361.0,-468.0,1.0
3968500,2729500.0,8.0,30.0,18.0,24.0,993.0,161.0,3.6,3.0,10.4,53.0,94.0,96.0,353.0,-457.0,1.0
3968500,2729500.0,8.0,30.0,19.0,22.1,993.0,137.0,2.6,2.0,10.4,58.0,5.0,36.0,345.0,-446.0,1.0
3968500,2729500.0,8.0,30.0,20.0,19.2,992.0,196.0,1.6,2.0,10.5,67.0,0.0,0.0,333.0,-432.0,1.0
3968500,2729500.0,8.0,30.0,21.0,18.1,992.0,245.0,1.8,1.0,10.4,76.0,0.0,0.0,323.0,-420.0,1.0
3968500,2729500.0,8.0,30.0,22.0,18.3,992.0,136.0,1.2,1.0,10.3,77.0,0.0,0.0,319.0,-412.0,1.0
3968500,2729500.0,8.0,30.0,23.0,16.7,992.0,158.0,1.4,1.0,10.3,80.0,0.0,0.0,316.0,-407.0,1.0
3968500,2729500.0,8.0,30.0,24.0,16.9,993.0,121.0,1.1,3.0,10.6,86.0,0.0,0.0,319.0,-402.0,1.0
3968500,2729500.0,8.0,31.0,1.0,16.2,992.0,136.0,1.3,6.0,11.0,91.0,0.0,0.0,335.0,-401.0,1.0
3968500,2729500.0,8.0,31.0,2.0,16.0,992.0,161.0,1.6,5.0,11.0,94.0,0.0,0.0,341.0,-399.0,1.0
3968500,2729500.0,8.0,31.0,3.0,15.5,992.0,157.0,1.6,5.0,10.9,95.0,0.0,0.0,334.0,-398.0,1.0
3968500,2729500.0,8.0,31.0,4.0,15.1,992.0,162.0,2.1,7.0,10.7,96.0,0.0,0.0,341.0,-396.0,1.0
3968500,2729500.0,8.0,31.0,5.0,15.7,992.0,163.0,1.9,7.0,10.6,95.0,0.0,0.0,349.0,-394.0,1.0
3968500,2729500.0,8.0,31.0,6.0,15.5,992.0,145.0,2.0,8.0,10.7,94.0,0.0,2.0,355.0,-394.0,1.0
3968500,2729500.0,8.0,31.0,7.0,16.5,992.0,139.0,2.1,8.0,10.9,94.0,0.0,22.0,361.0,-396.0,1.0
3968500,2729500.0,8.0,31.0,8.0,16.9,992.0,153.0,1.8,7.0,11.1,91.0,0.0,59.0,361.0,-402.0,1.0
3968500,2729500.0,8.0,31.0,9.0,17.8,993.0,210.0,1.8,7.0,11.2,88.0,6.0,145.0,360.0,-411.0,1.0
3968500,2729500.0,8.0,31.0,10.0,18.9,993.0,20.0,2.2,7.0,11.2,83.0,59.0,242.0,364.0,-423.0,1.0
3968500,2729500.0,8.0,31.0,11.0,20.3,993.0,149.0,2.3,6.0,11.1,76.0,141.0,294.0,366.0,-429.0,1.0
3968500,2729500.0,8.0,31.0,12.0,20.8,993.0,317.0,1.9,5.0,10.9,70.0,166.0,321.0,364.0,-430.0,1.0
3968500,2729500.0,8.0,31.0,13.0,21.2,993.0,352.0,2.7,6.0,10.7,67.0,111.0,322.0,367.0,-433.0,1.0
3968500,2729500.0,8.0,31.0,14.0,21.3,993.0,342.0,3.6,7.0,10.8,67.0,20.0,264.0,374.0,-439.0,1.0
3968500,2729500.0,8.0,31.0,15.0,20.6,992.0,235.0,3.1,6.0,10.0,63.0,0.0,145.0,371.0,-443.0,1.0
3968500,2729500.0,8.0,31.0,16.0,19.5,993.0,321.0,3.0,7.0,9.8,66.0,0.0,124.0,366.0,-441.0,1.0
3968500,2729500.0,8.0,31.0,17.0,19.2,993.0,311.0,2.9,7.0,10.4,73.0,0.0,65.0,367.0,-436.0,1.0
3968500,2729500.0,8.0,31.0,18.0,18.6,993.0,304.0,1.9,8.0,10.5,75.0,0.0,28.0,369.0,-430.0,1.0
3968500,2729500.0,8.0,31.0,19.0,17.2,993.0,340.0,1.9,8.0,10.3,78.0,0.0,10.0,369.0,-423.0,1.0
3968500,2729500.0,8.0,31.0,20.0,17.1,993.0,293.0,2.2,7.0,10.0,80.0,0.0,0.0,364.0,-415.0,1.0
3968500,2729500.0,8.0,31.0,21.0,16.0,994.0,24.0,1.1,7.0,9.9,82.0,0.0,0.0,358.0,-410.0,1.0
3968500,2729500.0,8.0,31.0,22.0,15.3,994.0,250.0,0.5,7.0,9.9,87.0,0.0,0.0,354.0,-406.0,1.0
3968500,2729500.0,8.0,31.0,23.0,14.3,994.0,240.0,2.6,7.0,9.7,90.0,0.0,0.0,350.0,-402.0,1.0
3968500,2729500.0,8.0,31.0,24.0,14.0,994.0,176.0,2.0,7.0,9.5,92.0,0.0,0.0,346.0,-398.0,1.0
3968500,2729500.0,9.0,1.0,1.0,13.5,994.0,188.0,0.1,7.0,9.4,93.0,0.0,0.0,344.0,-393.0,1.0
3968500,2729500.0,9.0,1.0,2.0,13.3,993.0,188.0,1.9,7.0,9.2,94.0,0.0,0.0,343.0,-389.0,1.0
3968500,2729500.0,9.0,1.0,3.0,13.1,993.0,161.0,1.6,7.0,9.1,94.0,0.0,0.0,342.0,-386.0,1.0
3968500,2729500.0,9.0,1.0,4.0,13.2,993.0,204.0,0.7,8.0,8.9,92.0,0.0,0.0,345.0,-381.0,1.0
3968500,2729500.0,9.0,1.0,5.0,12.2,993.0,195.0,2.3,6.0,8.6,92.0,0.0,0.0,338.0,-377.0,1.0
3968500,2729500.0,9.0,1.0,6.0,11.5,993.0,191.0,2.6,4.0,8.3,94.0,2.0,14.0,318.0,-376.0,1.0
3968500,2729500.0,9.0,1.0,7.0,12.0,993.0,159.0,2.4,3.0,8.3,95.0,6.0,54.0,303.0,-374.0,1.0
3968500,2729500.0,9.0,1.0,8.0,13.6,994.0,156.0,2.4,5.0,8.6,92.0,9.0,112.0,309.0,-377.0,1.0
3968500,2729500.0,9.0,1.0,9.0,14.5,994.0,134.0,2.3,5.0,8.7,86.0,91.0,220.0,321.0,-384.0,1.0
3968500,2729500.0,9.0,1.0,10.0,17.6,994.0,156.0,3.1,5.0,8.6,74.0,161.0,288.0,327.0,-394.0,1.0
3968500,2729500.0,9.0,1.0,11.0,16.9,994.0,176.0,2.7,6.0,8.5,68.0,126.0,338.0,334.0,-402.0,1.0
3968500,2729500.0,9.0,1.0,12.0,18.3,994.0,213.0,2.9,6.0,8.4,66.0,180.0,372.0,339.0,-409.0,1.0
3968500,2729500.0,9.0,1.0,13.0,19.2,994.0,198.0,2.8,6.0,8.4,61.0,103.0,363.0,344.0,-415.0,1.0
3968500,2729500.0,9.0,1.0,14.0,19.2,994.0,148.0,4.0,6.0,8.1,57.0,1.0,202.0,345.0,-420.0,1.0
3968500,2729500.0,9.0,1.0,15.0,18.0,994.0,288.0,3.3,8.0,7.8,58.0,21.0,260.0,348.0,-419.0,1.0
3968500,2729500.0,9.0,1.0,16.0,18.0,994.0,321.0,3.1,8.0,8.4,64.0,50.0,247.0,354.0,-417.0,1.0
3968500,2729500.0,9.0,1.0,17.0,17.5,995.0,312.0,3.8,7.0,8.7,67.0,57.0,195.0,350.0,-416.0,1.0
3968500,2729500.0,9.0,1.0,18.0,16.6,995.0,285.0,3.5,6.0,8.4,68.0,35.0,120.0,341.0,-408.0,1.0
3968500,2729500.0,9.0,1.0,19.0,14.5,996.0,297.0,3.9,7.0,8.6,76.0,1.0,30.0,335.0,-399.0,1.0
3968500,2729500.0,9.0,1.0,20.0,14.0,997.0,310.0,3.6,7.0,8.7,84.0,0.0,0.0,337.0,-392.0,1.0
3968500,2729500.0,9.0,1.0,21.0,13.4,997.0,319.0,3.5,8.0,8.8,88.0,0.0,0.0,337.0,-386.0,1.0
3968500,2729500.0,9.0,1.0,22.0,13.0,998.0,326.0,3.3,8.0,8.8,91.0,0.0,0.0,332.0,-381.0,1.0
3968500,2729500.0,9.0,1.0,23.0,13.5,998.0,298.0,2.9,8.0,8.9,90.0,0.0,0.0,330.0,-376.0,1.0
3968500,2729500.0,9.0,1.0,24.0,14.2,999.0,283.0,2.5,8.0,9.1,87.0,0.0,0.0,333.0,-374.0,1.0
3968500,2729500.0,9.0,2.0,1.0,14.9,992.0,275.0,2.2,8.0,9.3,85.0,0.0,0.0,359.0,-391.0,1.0
3968500,2729500.0,9.0,2.0,2.0,15.5,992.0,286.0,2.0,8.0,9.5,84.0,0.0,0.0,355.0,-386.0,1.0
3968500,2729500.0,9.0,2.0,3.0,15.7,991.0,278.0,1.7,7.0,9.6,83.0,0.0,0.0,358.0,-383.0,1.0
3968500,2729500.0,9.0,2.0,4.0,15.3,991.0,276.0,1.7,7.0,9.5,84.0,0.0,0.0,361.0,-380.0,1.0
3968500,2729500.0,9.0,2.0,5.0,15.3,991.0,204.0,1.4,7.0,9.5,84.0,0.0,0.0,354.0,-379.0,1.0
3968500,2729500.0,9.0,2.0,6.0,14.8,991.0,148.0,1.2,7.0,9.4,87.0,0.0,0.0,350.0,-381.0,1.0
3968500,2729500.0,9.0,2.0,7.0,15.3,991.0,172.0,1.8,7.0,9.5,87.0,6.0,40.0,354.0,-383.0,1.0
3968500,2729500.0,9.0,2.0,8.0,17.8,990.0,158.0,2.8,5.0,9.8,81.0,61.0,121.0,350.0,-387.0,1.0
3968500,2729500.0,9.0,2.0,9.0,19.2,990.0,162.0,3.1,5.0,10.0,73.0,138.0,191.0,347.0,-393.0,1.0
3968500,2729500.0,9.0,2.0,10.0,19.8,990.0,168.0,4.1,6.0,10.2,70.0,224.0,242.0,355.0,-402.0,1.0
3968500,2729500.0,9.0,2.0,11.0,21.5,990.0,177.0,4.5,6.0,10.4,67.0,381.0,231.0,364.0,-412.0,1.0
3968500,2729500.0,9.0,2.0,12.0,22.4,990.0,177.0,4.2,6.0,10.4,62.0,141.0,350.0,368.0,-421.0,1.0
3968500,2729500.0,9.0,2.0,13.0,22.8,990.0,175.0,3.8,4.0,10.7,61.0,178.0,355.0,365.0,-422.0,1.0
3968500,2729500.0,9.0,2.0,14.0,23.8,990.0,186.0,3.8,4.0,10.7,58.0,320.0,293.0,360.0,-426.0,1.0
3968500,2729500.0,9.0,2.0,15.0,22.9,989.0,177.0,4.0,5.0,10.5,57.0,127.0,302.0,364.0,-439.0,1.0
3968500,2729500.0,9.0,2.0,16.0,22.3,989.0,189.0,2.6,7.0,10.7,61.0,0.0,143.0,375.0,-443.0,1.0
3968500,2729500.0,9.0,2.0,17.0,21.7,989.0,194.0,3.2,7.0,11.0,64.0,12.0,146.0,382.0,-438.0,1.0
3968500,2729500.0,9.0,2.0,18.0,20.6,989.0,221.0,2.5,8.0,11.1,69.0,0.0,39.0,385.0,-432.0,1.0
3968500,2729500.0,9.0,2.0,19.0,17.4,988.0,228.0,1.7,8.0,11.4,80.0,0.0,12.0,384.0,-423.0,1.0
3968500,2729500.0,9.0,2.0,20.0,17.3,989.0,199.0,1.9,7.0,11.7,92.0,0.0,0.0,373.0,-415.0,1.0
3968500,2729500.0,9.0,2.0,21.0,17.0,989.0,194.0,1.7,7.0,11.7,93.0,0.0,0.0,367.0,-410.0,1.0
3968500,2729500.0,9.0,2.0,22.0,17.2,989.0,191.0,1.8,8.0,11.7,93.0,0.0,0.0,373.0,-409.0,1.0
3968500,2729500.0,9.0,2.0,23.0,17.2,989.0,183.0,1.9,8.0,11.7,93.0,0.0,0.0,380.0,-407.0,1.0
3968500,2729500.0,9.0,2.0,24.0,17.0,989.0,182.0,2.1,7.0,11.5,92.0,0.0,0.0,376.0,-405.0,1.0
3968500,2729500.0,9.0,3.0,1.0,16.6,989.0,172.0,2.8,8.0,11.0,89.0,0.0,0.0,376.0,-403.0,1.0
3968500,2729500.0,9.0,3.0,2.0,16.3,989.0,181.0,2.8,8.0,10.6,88.0,0.0,0.0,381.0,-400.0,1.0
3968500,2729500.0,9.0,3.0,3.0,16.3,988.0,182.0,4.1,8.0,10.5,88.0,0.0,0.0,383.0,-398.0,1.0
3968500,2729500.0,9.0,3.0,4.0,16.4,988.0,194.0,4.2,7.0,10.4,87.0,0.0,0.0,378.0,-398.0,1.0
3968500,2729500.0,9.0,3.0,5.0,16.8,988.0,183.0,4.6,7.0,10.2,84.0,0.0,0.0,374.0,-400.0,1.0
3968500,2729500.0,9.0,3.0,6.0,16.9,988.0,188.0,4.7,7.0,10.1,82.0,0.0,0.0,377.0,-400.0,1.0
3968500,2729500.0,9.0,3.0,7.0,17.5,988.0,189.0,4.8,8.0,10.2,81.0,0.0,18.0,384.0,-402.0,1.0
3968500,2729500.0,9.0,3.0,8.0,17.8,988.0,181.0,5.1,7.0,10.4,80.0,0.0,45.0,387.0,-404.0,1.0
3968500,2729500.0,9.0,3.0,9.0,17.8,988.0,184.0,5.0,7.0,10.5,80.0,0.0,99.0,383.0,-408.0,1.0
3968500,2729500.0,9.0,3.0,10.0,18.1,988.0,204.0,5.5,7.0,10.6,80.0,0.0,125.0,386.0,-412.0,1.0
3968500,2729500.0,9.0,3.0,11.0,18.9,988.0,182.0,5.1,7.0,10.8,79.0,0.0,123.0,389.0,-417.0,1.0
3968500,2729500.0,9.0,3.0,12.0,19.2,988.0,183.0,5.5,7.0,11.1,78.0,0.0,148.0,391.0,-421.0,1.0
3968500,2729500.0,9.0,3.0,13.0,18.2,988.0,179.0,5.6,7.0,11.8,85.0,0.0,155.0,392.0,-421.0,1.0
3968500,2729500.0,9.0,3.0,14.0,18.5,988.0,180.0,5.4,8.0,12.6,92.0,0.0,136.0,395.0,-420.0,1.0
3968500,2729500.0,9.0,3.0,15.0,19.6,988.0,199.0,6.0,8.0,13.0,91.0,0.0,92.0,402.0,-421.0,1.0
3968500,2729500.0,9.0,3.0,16.0,20.2,988.0,182.0,5.9,8.0,13.1,87.0,0.0,54.0,405.0,-424.0,1.0
3968500,2729500.0,9.0,3.0,17.0,19.7,988.0,208.0,5.7,8.0,13.3,88.0,0.0,54.0,404.0,-429.0,1.0
3968500,2729500.0,9.0,3.0,18.0,19.8,988.0,222.0,5.6,8.0,13.5,91.0,0.0,41.0,404.0,-431.0,1.0
3968500,2729500.0,9.0,3.0,19.0,19.7,988.0,226.0,4.2,7.0,13.7,92.0,0.0,16.0,399.0,-427.0,1.0
3968500,2729500.0,9.0,3.0,20.0,20.0,988.0,231.0,4.4,8.0,13.7,91.0,0.0,0.0,398.0,-422.0,1.0
3968500,2729500.0,9.0,3.0,21.0,19.7,989.0,204.0,3.8,7.0,13.5,90.0,0.0,0.0,398.0,-419.0,1.0
3968500,2729500.0,9.0,3.0,22.0,20.0,989.0,244.0,4.5,5.0,12.9,86.0,0.0,0.0,384.0,-417.0,1.0
3968500,2729500.0,9.0,3.0,23.0,19.3,990.0,252.0,4.3,5.0,11.9,81.0,0.0,0.0,373.0,-415.0,1.0
3968500,2729500.0,9.0,3.0,24.0,18.3,990.0,240.0,3.2,5.0,11.0,79.0,0.0,0.0,369.0,-413.0,1.0
3968500,2729500.0,9.0,4.0,1.0,17.9,991.0,245.0,4.4,3.0,10.8,81.0,0.0,0.0,359.0,-409.0,1.0
3968500,2729500.0,9.0,4.0,2.0,17.7,991.0,250.0,4.2,3.0,10.7,82.0,0.0,0.0,348.0,-406.0,1.0
3968500,2729500.0,9.0,4.0,3.0,17.1,992.0,261.0,4.3,3.0,10.5,82.0,0.0,0.0,345.0,-403.0,1.0
3968500,2729500.0,9.0,4.0,4.0,17.0,993.0,217.0,3.3,6.0,10.3,83.0,0.0,0.0,356.0,-403.0,1.0
3968500,2729500.0,9.0,4.0,5.0,17.1,993.0,248.0,3.0,6.0,10.2,82.0,0.0,0.0,369.0,-402.0,1.0
3968500,2729500.0,9.0,4.0,6.0,16.1,994.0,221.0,2.4,5.0,10.2,85.0,0.0,0.0,362.0,-401.0,1.0
3968500,2729500.0,9.0,4.0,7.0,16.9,995.0,234.0,3.0,6.0,10.3,86.0,0.0,26.0,361.0,-403.0,1.0
3968500,2729500.0,9.0,4.0,8.0,17.6,995.0,224.0,3.1,7.0,10.3,82.0,27.0,111.0,372.0,-407.0,1.0
3968500,2729500.0,9.0,4.0,9.0,18.7,996.0,225.0,3.6,6.0,10.3,77.0,71.0,181.0,374.0,-413.0,1.0
3968500,2729500.0,9.0,4.0,10.0,19.3,997.0,269.0,4.0,6.0,9.9,71.0,68.0,239.0,371.0,-421.0,1.0
3968500,2729500.0,9.0,4.0,11.0,20.7,997.0,243.0,4.2,5.0,9.7,65.0,133.0,281.0,369.0,-428.0,1.0
3968500,2729500.0,9.0,4.0,12.0,20.0,997.0,270.0,5.5,5.0,9.4,62.0,184.0,303.0,366.0,-433.0,1.0
3968500,2729500.0,9.0,4.0,13.0,21.2,998.0,286.0,5.8,4.0,8.9,58.0,192.0,308.0,362.0,-436.0,1.0
3968500,2729500.0,9.0,4.0,14.0,21.1,998.0,274.0,5.6,5.0,8.9,56.0,139.0,302.0,364.0,-430.0,1.0
3968500,2729500.0,9.0,4.0,15.0,23.0,998.0,270.0,5.2,6.0,9.2,54.0,137.0,266.0,376.0,-428.0,1.0
3968500,2729500.0,9.0,4.0,16.0,22.0,998.0,243.0,5.7,5.0,9.3,54.0,111.0,214.0,379.0,-430.0,1.0
3968500,2729500.0,9.0,4.0,17.0,21.4,998.0,260.0,5.0,7.0,9.0,55.0,98.0,147.0,381.0,-427.0,1.0
3968500,2729500.0,9.0,4.0,18.0,20.4,998.0,249.0,4.1,8.0,9.2,58.0,34.0,81.0,390.0,-424.0,1.0
3968500,2729500.0,9.0,4.0,19.0,19.5,998.0,266.0,3.7,5.0,9.3,63.0,3.0,18.0,380.0,-421.0,1.0
3968500,2729500.0,9.0,4.0,20.0,17.3,999.0,221.0,2.5,5.0,9.2,69.0,0.0,0.0,361.0,-417.0,1.0
3968500,2729500.0,9.0,4.0,21.0,17.7,999.0,259.0,3.5,5.0,9.1,72.0,0.0,0.0,357.0,-415.0,1.0
3968500,2729500.0,9.0,4.0,22.0,16.7,1000.0,283.0,3.2,5.0,8.9,72.0,0.0,0.0,355.0,-413.0,1.0
3968500,2729500.0,9.0,4.0,23.0,15.7,1000.0,268.0,3.1,5.0,8.6,74.0,0.0,0.0,350.0,-412.0,1.0
3968500,2729500.0,9.0,4.0,24.0,14.7,1001.0,272.0,2.4,4.0,8.5,77.0,0.0,0.0,342.0,-410.0,1.0
3968500,2729500.0,9.0,5.0,1.0,14.3,1001.0,267.0,1.9,3.0,8.4,80.0,0.0,0.0,331.0,-408.0,1.0
3968500,2729500.0,9.0,5.0,2.0,13.8,1001.0,207.0,1.6,4.0,8.4,82.0,0.0,0.0,328.0,-407.0,1.0
3968500,2729500.0,9.0,5.0,3.0,13.0,1001.0,198.0,1.8,4.0,8.4,86.0,0.0,0.0,331.0,-404.0,1.0
3968500,2729500.0,9.0,5.0,4.0,12.5,1001.0,215.0,2.0,3.0,8.3,89.0,0.0,0.0,324.0,-402.0,1.0
3968500,2729500.0,9.0,5.0,5.0,12.3,1002.0,167.0,1.9,5.0,8.2,90.0,0.0,0.0,328.0,-402.0,1.0
3968500,2729500.0,9.0,5.0,6.0,11.9,1002.0,179.0,1.3,5.0,8.1,91.0,0.0,0.0,336.0,-402.0,1.0
3968500,2729500.0,9.0,5.0,7.0,12.6,1002.0,110.0,1.3,2.0,8.1,90.0,46.0,31.0,322.0,-402.0,1.0
3968500,2729500.0,9.0,5.0,8.0,13.9,1003.0,189.0,2.1,2.0,8.3,86.0,219.0,54.0,312.0,-404.0,1.0
3968500,2729500.0,9.0,5.0,9.0,16.2,1002.0,195.0,2.8,2.0,8.4,78.0,410.0,59.0,316.0,-410.0,1.0
3968500,2729500.0,9.0,5.0,10.0,17.8,1002.0,209.0,3.1,3.0,8.6,70.0,531.0,51.0,327.0,-418.0,1.0
3968500,2729500.0,9.0,5.0,11.0,18.0,1002.0,271.0,2.6,6.0,8.8,68.0,109.0,272.0,346.0,-433.0,1.0
3968500,2729500.0,9.0,5.0,12.0,18.4,1002.0,252.0,2.9,8.0,9.1,69.0,8.0,241.0,365.0,-450.0,1.0
3968500,2729500.0,9.0,5.0,13.0,18.5,1001.0,250.0,3.4,7.0,9.4,70.0,8.0,243.0,367.0,-462.0,1.0
3968500,2729500.0,9.0,5.0,14.0,19.1,1001.0,231.0,3.6,7.0,9.6,70.0,2.0,203.0,363.0,-468.0,1.0
3968500,2729500.0,9.0,5.0,15.0,19.3,1001.0,227.0,4.0,7.0,10.0,71.0,0.0,127.0,362.0,-470.0,1.0
3968500,2729500.0,9.0,5.0,16.0,17.7,1001.0,222.0,1.9,8.0,10.4,77.0,0.0,96.0,362.0,-470.0,1.0
3968500,2729500.0,9.0,5.0,17.0,17.9,1001.0,193.0,1.3,8.0,10.8,83.0,2.0,110.0,360.0,-464.0,1.0
3968500,2729500.0,9.0,5.0,18.0,17.6,1000.0,130.0,1.4,8.0,11.0,85.0,9.0,76.0,358.0,-455.0,1.0
3968500,2729500.0,9.0,5.0,19.0,17.2,1000.0,76.0,1.2,6.0,11.0,87.0,2.0,18.0,351.0,-443.0,1.0
3968500,2729500.0,9.0,5.0,20.0,15.9,1000.0,171.0,0.9,6.0,10.9,91.0,0.0,0.0,341.0,-430.0,1.0
3968500,2729500.0,9.0,5.0,21.0,16.5,1000.0,16.0,0.9,7.0,11.0,94.0,0.0,0.0,341.0,-420.0,1.0
3968500,2729500.0,9.0,5.0,22.0,16.4,1000.0,179.0,0.6,7.0,11.1,93.0,0.0,0.0,343.0,-413.0,1.0
3968500,2729500.0,9.0,5.0,23.0,16.6,1000.0,139.0,0.5,7.0,11.2,94.0,0.0,0.0,344.0,-408.0,1.0
3968500,2729500.0,9.0,5.0,24.0,16.4,1000.0,124.0,0.8,8.0,11.2,94.0,0.0,0.0,346.0,-404.0,1.0
3968500,2729500.0,9.0,6.0,1.0,16.4,999.0,122.0,0.4,8.0,11.2,94.0,0.0,0.0,347.0,-402.0,1.0
3968500,2729500.0,9.0,6.0,2.0,16.4,999.0,118.0,0.3,6.0,11.1,94.0,0.0,0.0,343.0,-400.0,1.0
3968500,2729500.0,9.0,6.0,3.0,15.2,999.0,190.0,0.6,3.0,10.9,95.0,0.0,0.0,330.0,-396.0,1.0
3968500,2729500.0,9.0,6.0,4.0,15.6,999.0,179.0,1.3,3.0,10.8,97.0,0.0,0.0,321.0,-393.0,1.0
3968500,2729500.0,9.0,6.0,5.0,15.7,998.0,186.0,1.6,5.0,10.9,96.0,0.0,0.0,326.0,-390.0,1.0
3968500,2729500.0,9.0,6.0,6.0,14.8,998.0,186.0,1.8,6.0,10.7,97.0,0.0,0.0,331.0,-389.0,1.0
3968500,2729500.0,9.0,6.0,7.0,15.3,998.0,177.0,2.0,6.0,10.7,98.0,0.0,32.0,333.0,-392.0,1.0
3968500,2729500.0,9.0,6.0,8.0,16.4,998.0,157.0,1.9,7.0,11.0,96.0,6.0,103.0,338.0,-399.0,1.0
3968500,2729500.0,9.0,6.0,9.0,18.2,998.0,157.0,1.9,5.0,11.4,90.0,62.0,198.0,340.0,-412.0,1.0
3968500,2729500.0,9.0,6.0,10.0,20.6,997.0,151.0,1.8,2.0,11.7,81.0,288.0,204.0,335.0,-429.0,1.0
3968500,2729500.0,9.0,6.0,11.0,22.5,997.0,232.0,3.6,2.0,11.7,71.0,403.0,213.0,338.0,-448.0,1.0
3968500,2729500.0,9.0,6.0,12.0,23.6,997.0,215.0,3.7,1.0,11.4,64.0,458.0,223.0,343.0,-463.0,1.0
3968500,2729500.0,9.0,6.0,13.0,24.7,996.0,154.0,3.8,2.0,11.4,59.0,489.0,217.0,350.0,-476.0,1.0
3968500,2729500.0,9.0,6.0,14.0,25.5,996.0,189.0,3.5,2.0,11.5,56.0,470.0,209.0,357.0,-484.0,1.0
3968500,2729500.0,9.0,6.0,15.0,25.5,995.0,177.0,3.6,1.0,11.4,55.0,394.0,198.0,359.0,-484.0,1.0
3968500,2729500.0,9.0,6.0,16.0,25.8,994.0,190.0,3.3,1.0,11.5,54.0,299.0,172.0,359.0,-479.0,1.0
3968500,2729500.0,9.0,6.0,17.0,25.2,994.0,187.0,3.5,1.0,11.5,55.0,188.0,136.0,359.0,-471.0,1.0
3968500,2729500.0,9.0,6.0,18.0,24.0,994.0,183.0,2.8,0.0,11.5,58.0,78.0,89.0,355.0,-460.0,1.0
3968500,2729500.0,9.0,6.0,19.0,21.0,994.0,198.0,1.5,2.0,11.7,67.0,8.0,20.0,350.0,-448.0,1.0
3968500,2729500.0,9.0,6.0,20.0,18.8,993.0,171.0,1.9,3.0,11.6,78.0,0.0,0.0,346.0,-436.0,1.0
3968500,2729500.0,9.0,6.0,21.0,18.3,993.0,208.0,1.7,2.0,11.4,83.0,0.0,0.0,340.0,-426.0,1.0
3968500,2729500.0,9.0,6.0,22.0,17.0,993.0,204.0,1.9,2.0,11.3,88.0,0.0,0.0,334.0,-419.0,1.0
3968500,2729500.0,9.0,6.0,23.0,15.7,993.0,196.0,1.4,2.0,11.0,93.0,0.0,0.0,329.0,-414.0,1.0
3968500,2729500.0,9.0,6.0,24.0,15.1,993.0,136.0,1.5,0.0,10.7,96.0,0.0,0.0,320.0,-408.0,1.0
3968500,2729500.0,9.0,7.0,1.0,14.5,993.0,165.0,0.5,2.0,10.5,97.0,0.0,0.0,319.0,-404.0,1.0
3968500,2729500.0,9.0,7.0,2.0,14.5,992.0,150.0,1.4,2.0,10.2,97.0,0.0,0.0,324.0,-401.0,1.0
3968500,2729500.0,9.0,7.0,3.0,13.9,992.0,177.0,1.0,1.0,10.1,98.0,0.0,0.0,320.0,-399.0,1.0
3968500,2729500.0,9.0,7.0,4.0,12.9,992.0,171.0,1.1,1.0,9.8,100.0,0.0,0.0,316.0,-397.0,1.0
3968500,2729500.0,9.0,7.0,5.0,13.1,991.0,135.0,0.8,4.0,9.6,100.0,0.0,0.0,320.0,-396.0,1.0
3968500,2729500.0,9.0,7.0,6.0,13.1,991.0,173.0,1.1,4.0,9.6,100.0,0.0,0.0,326.0,-396.0,1.0
3968500,2729500.0,9.0,7.0,7.0,13.4,991.0,160.0,1.1,5.0,9.8,100.0,29.0,37.0,329.0,-397.0,1.0
3968500,2729500.0,9.0,7.0,8.0,16.1,991.0,148.0,1.6,4.0,10.2,95.0,131.0,81.0,334.0,-402.0,1.0
3968500,2729500.0,9.0,7.0,9.0,18.2,990.0,183.0,2.1,3.0,11.1,88.0,277.0,97.0,336.0,-411.0,1.0
3968500,2729500.0,9.0,7.0,10.0,20.7,990.0,182.0,2.5,2.0,11.8,82.0,407.0,106.0,337.0,-422.0,1.0
3968500,2729500.0,9.0,7.0,11.0,23.1,990.0,190.0,2.9,1.0,12.3,73.0,471.0,132.0,340.0,-429.0,1.0
3968500,2729500.0,9.0,7.0,12.0,24.3,990.0,357.0,2.6,3.0,12.6,67.0,309.0,265.0,350.0,-428.0,1.0
3968500,2729500.0,9.0,7.0,13.0,25.0,990.0,262.0,4.2,6.0,12.1,60.0,61.0,311.0,372.0,-424.0,1.0
3968500,2729500.0,9.0,7.0,14.0,24.8,990.0,265.0,4.3,4.0,11.5,57.0,77.0,305.0,376.0,-426.0,1.0
3968500,2729500.0,9.0,7.0,15.0,22.3,990.0,282.0,6.1,6.0,11.5,62.0,4.0,195.0,371.0,-428.0,1.0
3968500,2729500.0,9.0,7.0,16.0,18.9,990.0,310.0,7.4,6.0,11.1,71.0,0.0,101.0,367.0,-426.0,1.0
3968500,2729500.0,9.0,7.0,17.0,16.5,991.0,334.0,5.4,7.0,9.8,76.0,0.0,93.0,360.0,-422.0,1.0
3968500,2729500.0,9.0,7.0,18.0,15.3,993.0,2.0,5.1,7.0,8.8,76.0,2.0,67.0,357.0,-418.0,1.0
3968500,2729500.0,9.0,7.0,19.0,14.9,994.0,333.0,2.7,6.0,8.4,76.0,0.0,10.0,349.0,-412.0,1.0
3968500,2729500.0,9.0,7.0,20.0,14.5,994.0,341.0,3.2,6.0,8.3,78.0,0.0,0.0,343.0,-406.0,1.0
3968500,2729500.0,9.0,7.0,21.0,13.8,995.0,301.0,3.0,5.0,8.3,81.0,0.0,0.0,337.0,-398.0,1.0
3968500,2729500.0,9.0,7.0,22.0,13.2,996.0,283.0,2.8,4.0,8.1,82.0,0.0,0.0,327.0,-390.0,1.0
3968500,2729500.0,9.0,7.0,23.0,12.4,997.0,294.0,3.3,3.0,7.5,80.0,0.0,0.0,315.0,-382.0,1.0
3968500,2729500.0,9.0,7.0,24.0,12.1,998.0,283.0,3.8,5.0,7.3,80.0,0.0,0.0,318.0,-375.0,1.0
3968500,2729500.0,9.0,8.0,1.0,12.5,998.0,297.0,2.9,4.0,7.4,82.0,0.0,0.0,323.0,-370.0,1.0
3968500,2729500.0,9.0,8.0,2.0,12.2,998.0,299.0,3.3,5.0,7.4,82.0,0.0,0.0,323.0,-366.0,1.0
3968500,2729500.0,9.0,8.0,3.0,12.0,999.0,302.0,2.3,5.0,7.3,82.0,0.0,0.0,329.0,-362.0,1.0
3968500,2729500.0,9.0,8.0,4.0,11.3,1000.0,311.0,1.5,5.0,7.2,83.0,0.0,0.0,328.0,-360.0,1.0
3968500,2729500.0,9.0,8.0,5.0,11.4,999.0,301.0,1.8,5.0,7.1,83.0,0.0,0.0,326.0,-357.0,1.0
3968500,2729500.0,9.0,8.0,6.0,11.0,1000.0,273.0,2.3,4.0,7.0,83.0,0.0,0.0,317.0,-355.0,1.0
3968500,2729500.0,9.0,8.0,7.0,11.5,1001.0,293.0,2.0,2.0,7.0,83.0,21.0,34.0,299.0,-355.0,1.0
3968500,2729500.0,9.0,8.0,8.0,13.1,1002.0,281.0,3.3,3.0,7.1,78.0,122.0,77.0,295.0,-359.0,1.0
3968500,2729500.0,9.0,8.0,9.0,14.3,1003.0,295.0,4.2,3.0,7.2,72.0,238.0,104.0,304.0,-370.0,1.0
3968500,2729500.0,9.0,8.0,10.0,15.7,1004.0,311.0,4.4,3.0,7.2,67.0,210.0,203.0,308.0,-384.0,1.0
3968500,2729500.0,9.0,8.0,11.0,16.8,1004.0,316.0,5.1,3.0,7.3,63.0,144.0,276.0,312.0,-397.0,1.0
3968500,2729500.0,9.0,8.0,12.0,17.3,1004.0,297.0,5.0,4.0,7.3,59.0,244.0,280.0,318.0,-409.0,1.0
3968500,2729500.0,9.0,8.0,13.0,18.1,1004.0,314.0,4.9,3.0,7.2,56.0,351.0,240.0,319.0,-416.0,1.0
3968500,2729500.0,9.0,8.0,14.0,18.4,1005.0,291.0,4.6,3.0,7.0,53.0,249.0,266.0,315.0,-420.0,1.0
3968500,2729500.0,9.0,8.0,15.0,17.5,1005.0,293.0,4.2,4.0,6.7,52.0,147.0,258.0,317.0,-421.0,1.0
3968500,2729500.0,9.0,8.0,16.0,18.0,1005.0,311.0,3.4,5.0,6.7,52.0,122.0,205.0,326.0,-420.0,1.0
3968500,2729500.0,9.0,8.0,17.0,17.1,1005.0,335.0,4.2,3.0,6.7,53.0,166.0,111.0,322.0,-415.0,1.0
3968500,2729500.0,9.0,8.0,18.0,15.9,1005.0,329.0,3.2,3.0,6.7,56.0,82.0,61.0,310.0,-407.0,1.0
3968500,2729500.0,9.0,8.0,19.0,14.8,1005.0,306.0,2.6,2.0,6.6,60.0,10.0,16.0,304.0,-397.0,1.0
3968500,2729500.0,9.0,8.0,20.0,13.3,1005.0,310.0,2.5,2.0,6.6,66.0,0.0,0.0,295.0,-387.0,1.0
3968500,2729500.0,9.0,8.0,21.0,12.5,1005.0,323.0,2.2,1.0,6.7,71.0,0.0,0.0,285.0,-379.0,1.0
3968500,2729500.0,9.0,8.0,22.0,11.8,1005.0,315.0,1.8,0.0,6.7,75.0,0.0,0.0,274.0,-373.0,1.0
3968500,2729500.0,9.0,8.0,23.0,10.0,1006.0,339.0,1.8,0.0,6.7,81.0,0.0,0.0,266.0,-368.0,1.0
3968500,2729500.0,9.0,8.0,24.0,8.3,1006.0,55.0,1.3,1.0,6.4,88.0,0.0,0.0,265.0,-364.0,1.0
3968500,2729500.0,9.0,9.0,1.0,7.9,1006.0,24.0,1.5,0.0,6.4,94.0,0.0,0.0,262.0,-359.0,1.0
3968500,2729500.0,9.0,9.0,2.0,7.2,1006.0,213.0,1.0,0.0,6.4,97.0,0.0,0.0,255.0,-355.0,1.0
3968500,2729500.0,9.0,9.0,3.0,6.6,1006.0,252.0,0.9,0.0,6.1,98.0,0.0,0.0,254.0,-351.0,1.0
3968500,2729500.0,9.0,9.0,4.0,6.4,1006.0,356.0,1.6,1.0,6.0,99.0,0.0,0.0,258.0,-349.0,1.0
3968500,2729500.0,9.0,9.0,5.0,6.0,1006.0,350.0,1.3,1.0,5.9,100.0,0.0,0.0,261.0,-349.0,1.0
3968500,2729500.0,9.0,9.0,6.0,5.5,1006.0,30.0,1.0,1.0,5.8,100.0,0.0,0.0,259.0,-349.0,1.0
3968500,2729500.0,9.0,9.0,7.0,6.9,1007.0,11.0,0.8,3.0,5.9,100.0,32.0,36.0,269.0,-350.0,1.0
3968500,2729500.0,9.0,9.0,8.0,9.3,1007.0,13.0,1.0,3.0,6.3,94.0,151.0,76.0,282.0,-355.0,1.0
3968500,2729500.0,9.0,9.0,9.0,12.2,1007.0,36.0,2.0,1.0,6.7,83.0,273.0,105.0,282.0,-368.0,1.0
3968500,2729500.0,9.0,9.0,10.0,14.5,1006.0,12.0,2.1,1.0,7.2,75.0,385.0,124.0,283.0,-385.0,1.0
3968500,2729500.0,9.0,9.0,11.0,16.5,1007.0,55.0,2.5,1.0,7.4,66.0,485.0,131.0,292.0,-402.0,1.0
3968500,2729500.0,9.0,9.0,12.0,17.5,1007.0,23.0,2.7,1.0,7.2,59.0,553.0,132.0,298.0,-416.0,1.0
3968500,2729500.0,9.0,9.0,13.0,18.7,1006.0,26.0,2.9,1.0,7.0,54.0,569.0,131.0,302.0,-425.0,1.0
3968500,2729500.0,9.0,9.0,14.0,19.5,1006.0,31.0,3.2,1.0,7.3,53.0,533.0,131.0,308.0,-430.0,1.0
3968500,2729500.0,9.0,9.0,15.0,19.7,1005.0,16.0,3.4,0.0,7.3,51.0,448.0,132.0,307.0,-433.0,1.0
3968500,2729500.0,9.0,9.0,16.0,20.2,1004.0,44.0,3.5,0.0,7.4,51.0,342.0,122.0,305.0,-431.0,1.0
3968500,2729500.0,9.0,9.0,17.0,19.6,1004.0,56.0,3.2,0.0,7.6,52.0,214.0,103.0,305.0,-426.0,1.0
3968500,2729500.0,9.0,9.0,18.0,18.4,1004.0,61.0,3.0,0.0,7.4,53.0,86.0,72.0,303.0,-418.0,1.0
3968500,2729500.0,9.0,9.0,19.0,16.1,1003.0,86.0,2.7,1.0,7.3,59.0,7.0,17.0,301.0,-408.0,1.0
3968500,2729500.0,9.0,9.0,20.0,14.0,1003.0,36.0,1.9,1.0,7.3,68.0,0.0,0.0,296.0,-397.0,1.0
3968500,2729500.0,9.0,9.0,21.0,12.9,1004.0,56.0,1.6,1.0,7.3,75.0,0.0,0.0,290.0,-390.0,1.0
3968500,2729500.0,9.0,9.0,22.0,12.4,1004.0,335.0,1.7,0.0,7.5,81.0,0.0,0.0,284.0,-384.0,1.0
3968500,2729500.0,9.0,9.0,23.0,11.1,1003.0,13.0,1.6,0.0,7.5,86.0,0.0,0.0,279.0,-380.0,1.0
3968500,2729500.0,9.0,9.0,24.0,10.3,1003.0,38.0,1.2,1.0,7.3,90.0,0.0,0.0,277.0,-376.0,1.0
3968500,2729500.0,9.0,10.0,1.0,10.6,1003.0,15.0,1.5,2.0,7.3,92.0,0.0,0.0,281.0,-373.0,1.0
3968500,2729500.0,9.0,10.0,2.0,10.0,1003.0,8.0,1.9,2.0,7.3,92.0,0.0,0.0,282.0,-370.0,1.0
3968500,2729500.0,9.0,10.0,3.0,9.1,1003.0,4.0,2.1,1.0,7.1,95.0,0.0,0.0,277.0,-368.0,1.0
3968500,2729500.0,9.0,10.0,4.0,8.9,1003.0,14.0,2.7,1.0,7.0,97.0,0.0,0.0,272.0,-367.0,1.0
3968500,2729500.0,9.0,10.0,5.0,8.6,1003.0,19.0,2.6,1.0,6.9,97.0,0.0,0.0,271.0,-366.0,1.0
3968500,2729500.0,9.0,10.0,6.0,7.9,1003.0,20.0,2.4,0.0,6.8,99.0,0.0,0.0,268.0,-365.0,1.0
3968500,2729500.0,9.0,10.0,7.0,9.4,1003.0,17.0,2.1,1.0,6.8,96.0,28.0,35.0,268.0,-364.0,1.0
3968500,2729500.0,9.0,10.0,8.0,11.6,1003.0,36.0,2.1,1.0,7.0,88.0,134.0,78.0,274.0,-368.0,1.0
3968500,2729500.0,9.0,10.0,9.0,15.0,1003.0,102.0,2.1,2.0,7.3,75.0,244.0,112.0,283.0,-380.0,1.0
3968500,2729500.0,9.0,10.0,10.0,16.7,1003.0,182.0,3.0,2.0,7.4,65.0,365.0,127.0,292.0,-398.0,1.0
3968500,2729500.0,9.0,10.0,11.0,18.8,1003.0,111.0,2.2,3.0,7.5,59.0,448.0,142.0,300.0,-416.0,1.0
3968500,2729500.0,9.0,10.0,12.0,21.6,1002.0,119.0,3.0,3.0,7.6,51.0,516.0,142.0,311.0,-430.0,1.0
3968500,2729500.0,9.0,10.0,13.0,22.6,1002.0,96.0,3.8,1.0,7.1,43.0,528.0,141.0,315.0,-440.0,1.0
3968500,2729500.0,9.0,10.0,14.0,23.7,1001.0,84.0,4.1,1.0,7.0,39.0,499.0,139.0,317.0,-446.0,1.0
3968500,2729500.0,9.0,10.0,15.0,23.8,1001.0,87.0,4.0,2.0,7.0,38.0,424.0,136.0,321.0,-448.0,1.0
3968500,2729500.0,9.0,10.0,16.0,24.2,1000.0,93.0,3.3,2.0,7.5,40.0,314.0,126.0,325.0,-446.0,1.0
3968500,2729500.0,9.0,10.0,17.0,23.1,1000.0,109.0,3.2,2.0,7.8,42.0,185.0,106.0,325.0,-440.0,1.0
3968500,2729500.0,9.0,10.0,18.0,22.0,1000.0,120.0,3.1,2.0,7.8,45.0,68.0,68.0,321.0,-430.0,1.0
3968500,2729500.0,9.0,10.0,19.0,19.1,1000.0,94.0,2.7,1.0,8.0,52.0,2.0,15.0,313.0,-418.0,1.0
3968500,2729500.0,9.0,10.0,20.0,16.9,1000.0,354.0,2.4,1.0,8.0,62.0,0.0,0.0,303.0,-406.0,1.0
3968500,2729500.0,9.0,10.0,21.0,15.3,1001.0,220.0,2.3,1.0,8.0,69.0,0.0,0.0,296.0,-398.0,1.0
3968500,2729500.0,9.0,10.0,22.0,14.7,1001.0,77.0,3.0,1.0,7.8,73.0,0.0,0.0,292.0,-393.0,1.0
3968500,2729500.0,9.0,10.0,23.0,14.3,1001.0,115.0,2.0,1.0,7.8,74.0,0.0,0.0,289.0,-389.0,1.0
3968500,2729500.0,9.0,10.0,24.0,13.2,1001.0,334.0,2.0,0.0,7.8,78.0,0.0,0.0,285.0,-385.0,1.0
3968500,2729500.0,9.0,11.0,1.0,12.1,1001.0,152.0,1.5,1.0,7.8,84.0,0.0,0.0,282.0,-381.0,1.0
3968500,2729500.0,9.0,11.0,2.0,11.9,1001.0,128.0,2.1,0.0,7.7,87.0,0.0,0.0,280.0,-379.0,1.0
3968500,2729500.0,9.0,11.0,3.0,10.9,1000.0,267.0,1.8,1.0,7.5,88.0,0.0,0.0,278.0,-377.0,1.0
3968500,2729500.0,9.0,11.0,4.0,10.3,1000.0,331.0,1.8,1.0,7.3,91.0,0.0,0.0,277.0,-375.0,1.0
3968500,2729500.0,9.0,11.0,5.0,9.6,1000.0,17.0,1.6,1.0,7.3,94.0,0.0,0.0,275.0,-373.0,1.0
3968500,2729500.0,9.0,11.0,6.0,9.5,1000.0,312.0,2.3,1.0,7.2,96.0,0.0,0.0,273.0,-372.0,1.0
3968500,2729500.0,9.0,11.0,7.0,11.1,1000.0,79.0,1.4,1.0,7.3,93.0,25.0,33.0,275.0,-372.0,1.0
3968500,2729500.0,9.0,11.0,8.0,13.2,1001.0,86.0,1.7,0.0,7.7,86.0,130.0,76.0,277.0,-376.0,1.0
3968500,2729500.0,9.0,11.0,9.0,16.5,1000.0,124.0,1.6,0.0,8.1,76.0,255.0,102.0,282.0,-386.0,1.0
3968500,2729500.0,9.0,11.0,10.0,19.3,1000.0,153.0,1.9,0.0,8.5,66.0,379.0,114.0,293.0,-402.0,1.0
3968500,2729500.0,9.0,11.0,11.0,21.3,1000.0,112.0,1.8,0.0,9.0,59.0,479.0,120.0,302.0,-418.0,1.0
3968500,2729500.0,9.0,11.0,12.0,22.8,999.0,132.0,2.1,0.0,9.1,54.0,543.0,121.0,309.0,-431.0,1.0
3968500,2729500.0,9.0,11.0,13.0,24.5,999.0,132.0,2.4,0.0,9.2,50.0,561.0,119.0,317.0,-442.0,1.0
3968500,2729500.0,9.0,11.0,14.0,25.7,999.0,161.0,2.4,0.0,9.7,48.0,526.0,120.0,324.0,-449.0,1.0
3968500,2729500.0,9.0,11.0,15.0,25.9,999.0,165.0,2.3,0.0,10.0,47.0,439.0,123.0,328.0,-452.0,1.0
3968500,2729500.0,9.0,11.0,16.0,25.9,998.0,127.0,3.2,0.0,10.3,48.0,326.0,115.0,329.0,-450.0,1.0
3968500,2729500.0,9.0,11.0,17.0,25.1,998.0,128.0,3.1,0.0,10.7,51.0,198.0,97.0,329.0,-444.0,1.0
3968500,2729500.0,9.0,11.0,18.0,23.8,997.0,106.0,2.4,1.0,10.3,53.0,74.0,66.0,326.0,-433.0,1.0
3968500,2729500.0,9.0,11.0,19.0,21.3,996.0,101.0,2.0,1.0,10.1,58.0,4.0,13.0,321.0,-422.0,1.0
3968500,2729500.0,9.0,11.0,20.0,20.1,997.0,248.0,2.2,1.0,10.2,65.0,0.0,0.0,314.0,-412.0,1.0
3968500,2729500.0,9.0,11.0,21.0,18.6,997.0,243.0,2.1,1.0,10.0,70.0,0.0,0.0,310.0,-405.0,1.0
3968500,2729500.0,9.0,11.0,22.0,17.3,997.0,222.0,2.0,1.0,9.9,75.0,0.0,0.0,308.0,-401.0,1.0
3968500,2729500.0,9.0,11.0,23.0,16.4,997.0,163.0,2.0,2.0,9.3,76.0,0.0,0.0,302.0,-397.0,1.0
3968500,2729500.0,9.0,11.0,24.0,15.7,998.0,130.0,2.1,3.0,8.7,74.0,0.0,0.0,292.0,-394.0,1.0
3968500,2729500.0,9.0,12.0,1.0,15.4,994.0,117.0,2.3,4.0,8.1,71.0,0.0,0.0,308.0,-390.0,1.0
3968500,2729500.0,9.0,12.0,2.0,15.3,994.0,144.0,2.5,5.0,7.7,69.0,0.0,0.0,313.0,-390.0,1.0
3968500,2729500.0,9.0,12.0,3.0,15.3,993.0,153.0,2.7,6.0,7.7,69.0,0.0,0.0,312.0,-390.0,1.0
3968500,2729500.0,9.0,12.0,4.0,15.0,993.0,154.0,2.6,6.0,8.2,75.0,0.0,0.0,317.0,-389.0,1.0
3968500,2729500.0,9.0,12.0,5.0,14.8,993.0,154.0,2.5,7.0,8.8,81.0,0.0,0.0,326.0,-385.0,1.0
3968500,2729500.0,9.0,12.0,6.0,14.0,993.0,162.0,2.1,8.0,9.9,95.0,0.0,0.0,330.0,-384.0,1.0
3968500,2729500.0,9.0,12.0,7.0,15.0,994.0,160.0,2.3,8.0,10.3,97.0,0.0,13.0,334.0,-386.0,1.0
3968500,2729500.0,9.0,12.0,8.0,16.1,994.0,179.0,3.3,7.0,10.9,96.0,22.0,89.0,338.0,-391.0,1.0
3968500,2729500.0,9.0,12.0,9.0,17.7,994.0,186.0,4.3,6.0,11.4,92.0,220.0,97.0,342.0,-402.0,1.0
3968500,2729500.0,9.0,12.0,10.0,18.1,994.0,180.0,4.7,6.0,11.8,90.0,177.0,189.0,348.0,-418.0,1.0
3968500,2729500.0,9.0,12.0,11.0,19.0,994.0,211.0,4.8,7.0,12.0,87.0,9.0,199.0,356.0,-434.0,1.0
3968500,2729500.0,9.0,12.0,12.0,19.9,993.0,194.0,4.2,6.0,12.1,83.0,41.0,250.0,364.0,-442.0,1.0
3968500,2729500.0,9.0,12.0,13.0,21.5,993.0,195.0,5.0,6.0,12.2,78.0,42.0,259.0,372.0,-440.0,1.0
3968500,2729500.0,9.0,12.0,14.0,20.5,993.0,204.0,3.6,8.0,12.5,78.0,10.0,197.0,379.0,-431.0,1.0
3968500,2729500.0,9.0,12.0,15.0,21.0,993.0,254.0,3.8,8.0,12.4,79.0,0.0,137.0,384.0,-421.0,1.0
3968500,2729500.0,9.0,12.0,16.0,21.9,993.0,213.0,3.8,5.0,11.8,72.0,164.0,165.0,379.0,-414.0,1.0
3968500,2729500.0,9.0,12.0,17.0,21.4,993.0,191.0,3.7,5.0,11.5,70.0,217.0,78.0,366.0,-412.0,1.0
3968500,2729500.0,9.0,12.0,18.0,20.0,992.0,221.0,3.2,5.0,11.9,76.0,90.0,54.0,357.0,-411.0,1.0
3968500,2729500.0,9.0,12.0,19.0,18.4,992.0,197.0,2.5,6.0,11.9,83.0,8.0,14.0,355.0,-409.0,1.0
3968500,2729500.0,9.0,12.0,20.0,18.0,992.0,182.0,3.4,5.0,11.0,82.0,0.0,0.0,346.0,-407.0,1.0
3968500,2729500.0,9.0,12.0,21.0,17.0,992.0,189.0,2.2,4.0,10.3,81.0,0.0,0.0,319.0,-405.0,1.0
3968500,2729500.0,9.0,12.0,22.0,16.1,992.0,174.0,2.2,4.0,10.1,84.0,0.0,0.0,311.0,-402.0,1.0
3968500,2729500.0,9.0,12.0,23.0,16.4,992.0,177.0,2.6,5.0,10.0,85.0,0.0,0.0,327.0,-400.0,1.0
3968500,2729500.0,9.0,12.0,24.0,16.1,992.0,189.0,2.1,5.0,9.9,84.0,0.0,0.0,339.0,-400.0,1.0
3968500,2729500.0,9.0,13.0,1.0,16.1,991.0,167.0,2.4,7.0,9.9,84.0,0.0,0.0,353.0,-399.0,1.0
3968500,2729500.0,9.0,13.0,2.0,16.9,990.0,178.0,2.6,7.0,9.9,83.0,0.0,0.0,367.0,-398.0,1.0
3968500,2729500.0,9.0,13.0,3.0,16.2,990.0,192.0,2.8,6.0,10.2,84.0,0.0,0.0,363.0,-398.0,1.0
3968500,2729500.0,9.0,13.0,4.0,16.7,989.0,170.0,3.2,8.0,10.3,86.0,0.0,0.0,370.0,-397.0,1.0
3968500,2729500.0,9.0,13.0,5.0,16.9,989.0,185.0,3.2,8.0,10.2,83.0,0.0,0.0,381.0,-395.0,1.0
3968500,2729500.0,9.0,13.0,6.0,16.4,989.0,214.0,3.4,7.0,9.2,76.0,0.0,0.0,371.0,-390.0,1.0
3968500,2729500.0,9.0,13.0,7.0,15.1,990.0,223.0,3.7,4.0,8.3,73.0,13.0,31.0,345.0,-385.0,1.0
3968500,2729500.0,9.0,13.0,8.0,16.3,990.0,205.0,4.2,3.0,8.0,70.0,116.0,78.0,324.0,-386.0,1.0
3968500,2729500.0,9.0,13.0,9.0,16.5,990.0,239.0,5.1,4.0,7.9,66.0,135.0,147.0,324.0,-393.0,1.0
3968500,2729500.0,9.0,13.0,10.0,16.2,991.0,252.0,5.0,5.0,7.6,64.0,122.0,218.0,329.0,-403.0,1.0
3968500,2729500.0,9.0,13.0,11.0,16.6,991.0,254.0,5.2,6.0,7.1,60.0,92.0,263.0,335.0,-413.0,1.0
3968500,2729500.0,9.0,13.0,12.0,17.8,991.0,250.0,5.4,6.0,6.7,53.0,70.0,273.0,338.0,-423.0,1.0
3968500,2729500.0,9.0,13.0,13.0,18.0,992.0,251.0,6.0,3.0,6.2,47.0,214.0,284.0,325.0,-431.0,1.0
3968500,2729500.0,9.0,13.0,14.0,19.1,992.0,232.0,6.0,2.0,5.7,42.0,371.0,200.0,310.0,-434.0,1.0
3968500,2729500.0,9.0,13.0,15.0,18.7,992.0,238.0,5.9,3.0,5.6,40.0,309.0,186.0,308.0,-433.0,1.0
3968500,2729500.0,9.0,13.0,16.0,18.1,992.0,290.0,4.7,3.0,5.5,41.0,164.0,180.0,307.0,-429.0,1.0
3968500,2729500.0,9.0,13.0,17.0,17.6,992.0,276.0,5.6,3.0,5.6,43.0,139.0,114.0,303.0,-422.0,1.0
3968500,2729500.0,9.0,13.0,18.0,16.4,992.0,313.0,4.1,5.0,5.7,47.0,19.0,63.0,306.0,-415.0,1.0
3968500,2729500.0,9.0,13.0,19.0,13.8,993.0,226.0,2.2,3.0,6.1,56.0,0.0,10.0,301.0,-406.0,1.0
3968500,2729500.0,9.0,13.0,20.0,12.0,993.0,64.0,2.0,2.0,6.4,68.0,0.0,0.0,287.0,-398.0,1.0
3968500,2729500.0,9.0,13.0,21.0,11.6,994.0,157.0,2.6,1.0,6.6,75.0,0.0,0.0,281.0,-392.0,1.0
3968500,2729500.0,9.0,13.0,22.0,12.0,994.0,166.0,3.2,1.0,6.7,76.0,0.0,0.0,280.0,-388.0,1.0
3968500,2729500.0,9.0,13.0,23.0,11.9,994.0,155.0,2.2,1.0,6.7,75.0,0.0,0.0,282.0,-385.0,1.0
3968500,2729500.0,9.0,13.0,24.0,11.7,994.0,152.0,3.1,4.0,6.7,77.0,0.0,0.0,291.0,-382.0,1.0
3968500,2729500.0,9.0,14.0,1.0,11.9,994.0,148.0,3.6,8.0,6.9,78.0,0.0,0.0,314.0,-380.0,1.0
3968500,2729500.0,9.0,14.0,2.0,10.5,993.0,149.0,3.0,6.0,6.8,80.0,0.0,0.0,321.0,-380.0,1.0
3968500,2729500.0,9.0,14.0,3.0,10.9,993.0,156.0,2.6,3.0,6.7,82.0,0.0,0.0,296.0,-380.0,1.0
3968500,2729500.0,9.0,14.0,4.0,10.9,992.0,152.0,2.7,4.0,6.8,82.0,0.0,0.0,287.0,-380.0,1.0
3968500,2729500.0,9.0,14.0,5.0,11.3,992.0,161.0,2.9,8.0,6.9,82.0,0.0,0.0,310.0,-381.0,1.0
3968500,2729500.0,9.0,14.0,6.0,11.6,992.0,164.0,3.2,8.0,6.9,80.0,0.0,0.0,336.0,-382.0,1.0
3968500,2729500.0,9.0,14.0,7.0,11.8,992.0,175.0,3.1,8.0,6.9,79.0,10.0,28.0,339.0,-383.0,1.0
3968500,2729500.0,9.0,14.0,8.0,12.2,991.0,172.0,3.0,7.0,7.0,78.0,5.0,76.0,332.0,-386.0,1.0
3968500,2729500.0,9.0,14.0,9.0,13.6,991.0,182.0,3.4,8.0,7.2,75.0,11.0,138.0,335.0,-392.0,1.0
3968500,2729500.0,9.0,14.0,10.0,14.6,991.0,181.0,4.4,7.0,7.3,71.0,68.0,211.0,340.0,-402.0,1.0
3968500,2729500.0,9.0,14.0,11.0,16.5,991.0,181.0,4.8,6.0,7.5,66.0,202.0,230.0,333.0,-413.0,1.0
3968500,2729500.0,9.0,14.0,12.0,17.8,990.0,180.0,5.7,7.0,7.6,61.0,173.0,244.0,340.0,-425.0,1.0
3968500,2729500.0,9.0,14.0,13.0,17.8,989.0,177.0,5.7,6.0,7.7,59.0,169.0,271.0,344.0,-436.0,1.0
3968500,2729500.0,9.0,14.0,14.0,18.4,988.0,183.0,4.8,7.0,7.9,59.0,60.0,243.0,348.0,-442.0,1.0
3968500,2729500.0,9.0,14.0,15.0,18.6,988.0,176.0,6.2,8.0,8.2,60.0,2.0,157.0,363.0,-443.0,1.0
3968500,2729500.0,9.0,14.0,16.0,19.4,987.0,182.0,6.7,7.0,8.4,60.0,64.0,173.0,367.0,-442.0,1.0
3968500,2729500.0,9.0,14.0,17.0,19.4,986.0,171.0,6.6,6.0,8.4,58.0,84.0,117.0,358.0,-437.0,1.0
3968500,2729500.0,9.0,14.0,18.0,18.2,986.0,170.0,5.7,6.0,8.5,61.0,58.0,53.0,353.0,-429.0,1.0
3968500,2729500.0,9.0,14.0,19.0,17.4,986.0,175.0,5.3,6.0,8.7,66.0,0.0,10.0,351.0,-419.0,1.0
3968500,2729500.0,9.0,14.0,20.0,16.9,985.0,184.0,4.6,6.0,8.7,69.0,0.0,0.0,350.0,-410.0,1.0
3968500,2729500.0,9.0,14.0,21.0,16.1,986.0,183.0,4.4,7.0,8.6,72.0,0.0,0.0,353.0,-403.0,1.0
3968500,2729500.0,9.0,14.0,22.0,16.1,986.0,188.0,4.0,5.0,8.7,74.0,0.0,0.0,348.0,-399.0,1.0
3968500,2729500.0,9.0,14.0,23.0,13.9,986.0,168.0,4.0,5.0,8.6,78.0,0.0,0.0,335.0,-397.0,1.0
3968500,2729500.0,9.0,14.0,24.0,15.8,986.0,190.0,4.2,5.0,8.7,80.0,0.0,0.0,335.0,-395.0,1.0
3968500,2729500.0,9.0,15.0,1.0,16.3,986.0,199.0,2.9,8.0,9.0,77.0,0.0,0.0,351.0,-395.0,1.0
3968500,2729500.0,9.0,15.0,2.0,14.7,986.0,246.0,1.4,7.0,9.1,81.0,0.0,0.0,358.0,-396.0,1.0
3968500,2729500.0,9.0,15.0,3.0,14.7,986.0,163.0,1.1,6.0,8.9,83.0,0.0,0.0,346.0,-398.0,1.0
3968500,2729500.0,9.0,15.0,4.0,14.2,986.0,239.0,1.9,7.0,8.7,82.0,0.0,0.0,344.0,-398.0,1.0
3968500,2729500.0,9.0,15.0,5.0,13.6,986.0,248.0,1.9,7.0,8.6,85.0,0.0,0.0,346.0,-397.0,1.0
3968500,2729500.0,9.0,15.0,6.0,14.2,986.0,196.0,2.1,6.0,8.5,84.0,0.0,0.0,342.0,-394.0,1.0
3968500,2729500.0,9.0,15.0,7.0,14.0,987.0,183.0,2.5,5.0,8.3,81.0,7.0,26.0,332.0,-393.0,1.0
3968500,2729500.0,9.0,15.0,8.0,14.9,987.0,185.0,3.6,4.0,8.1,77.0,58.0,88.0,322.0,-393.0,1.0
3968500,2729500.0,9.0,15.0,9.0,16.0,987.0,178.0,5.0,4.0,8.2,73.0,200.0,118.0,320.0,-395.0,1.0
3968500,2729500.0,9.0,15.0,10.0,17.3,988.0,203.0,5.1,3.0,8.2,68.0,222.0,187.0,319.0,-398.0,1.0
3968500,2729500.0,9.0,15.0,11.0,18.7,987.0,191.0,6.1,3.0,7.7,58.0,303.0,209.0,318.0,-401.0,1.0
3968500,2729500.0,9.0,15.0,12.0,19.7,987.0,190.0,7.3,4.0,7.1,50.0,293.0,219.0,327.0,-405.0,1.0
3968500,2729500.0,9.0,15.0,13.0,19.2,986.0,184.0,8.1,5.0,6.8,47.0,124.0,292.0,337.0,-411.0,1.0
3968500,2729500.0,9.0,15.0,14.0,19.7,986.0,181.0,7.2,4.0,6.4,44.0,228.0,263.0,337.0,-416.0,1.0
3968500,2729500.0,9.0,15.0,15.0,19.7,986.0,181.0,6.7,3.0,6.3,43.0,391.0,141.0,330.0,-418.0,1.0
3968500,2729500.0,9.0,15.0,16.0,19.0,986.0,192.0,6.8,2.0,6.4,45.0,253.0,142.0,321.0,-418.0,1.0
3968500,2729500.0,9.0,15.0,17.0,18.4,986.0,192.0,6.1,4.0,6.6,48.0,104.0,122.0,323.0,-415.0,1.0
3968500,2729500.0,9.0,15.0,18.0,17.5,986.0,178.0,4.9,6.0,6.8,51.0,26.0,62.0,337.0,-410.0,1.0
3968500,2729500.0,9.0,15.0,19.0,16.4,986.0,176.0,4.3,7.0,6.9,56.0,0.0,6.0,346.0,-404.0,1.0
3968500,2729500.0,9.0,15.0,20.0,15.8,986.0,185.0,4.2,7.0,7.0,60.0,0.0,0.0,347.0,-398.0,1.0
3968500,2729500.0,9.0,15.0,21.0,15.7,987.0,176.0,3.7,6.0,7.2,63.0,0.0,0.0,343.0,-393.0,1.0
3968500,2729500.0,9.0,15.0,22.0,14.8,987.0,185.0,4.0,4.0,7.3,66.0,0.0,0.0,329.0,-388.0,1.0
3968500,2729500.0,9.0,15.0,23.0,13.8,988.0,193.0,3.8,3.0,7.3,70.0,0.0,0.0,311.0,-385.0,1.0
3968500,2729500.0,9.0,15.0,24.0,13.7,988.0,195.0,3.5,1.0,7.2,72.0,0.0,0.0,293.0,-382.0,1.0
3968500,2729500.0,9.0,16.0,1.0,12.4,988.0,202.0,1.9,0.0,7.2,75.0,0.0,0.0,276.0,-380.0,1.0
3968500,2729500.0,9.0,16.0,2.0,12.0,989.0,177.0,3.0,0.0,7.3,80.0,0.0,0.0,268.0,-377.0,1.0
3968500,2729500.0,9.0,16.0,3.0,11.3,989.0,170.0,3.2,1.0,7.2,82.0,0.0,0.0,271.0,-375.0,1.0
3968500,2729500.0,9.0,16.0,4.0,10.6,989.0,166.0,3.1,2.0,7.0,84.0,0.0,0.0,278.0,-372.0,1.0
3968500,2729500.0,9.0,16.0,5.0,10.3,990.0,174.0,3.0,3.0,6.9,85.0,0.0,0.0,287.0,-369.0,1.0
3968500,2729500.0,9.0,16.0,6.0,10.6,990.0,158.0,2.9,3.0,7.0,86.0,0.0,0.0,291.0,-368.0,1.0
3968500,2729500.0,9.0,16.0,7.0,10.7,990.0,156.0,2.8,3.0,7.1,86.0,21.0,27.0,291.0,-367.0,1.0
3968500,2729500.0,9.0,16.0,8.0,12.7,990.0,166.0,3.0,2.0,7.4,84.0,123.0,59.0,288.0,-368.0,1.0
3968500,2729500.0,9.0,16.0,9.0,14.0,991.0,213.0,4.3,2.0,7.6,78.0,231.0,83.0,289.0,-376.0,1.0
3968500,2729500.0,9.0,16.0,10.0,14.8,991.0,203.0,4.2,6.0,7.5,71.0,164.0,188.0,314.0,-388.0,1.0
3968500,2729500.0,9.0,16.0,11.0,15.7,992.0,238.0,5.2,7.0,7.3,66.0,29.0,228.0,345.0,-401.0,1.0
3968500,2729500.0,9.0,16.0,12.0,15.8,992.0,241.0,4.2,5.0,7.1,62.0,158.0,248.0,341.0,-411.0,1.0
3968500,2729500.0,9.0,16.0,13.0,16.5,992.0,221.0,5.2,4.0,7.0,60.0,125.0,272.0,326.0,-417.0,1.0
3968500,2729500.0,9.0,16.0,14.0,15.9,992.0,238.0,5.3,7.0,7.1,60.0,1.0,176.0,335.0,-421.0,1.0
3968500,2729500.0,9.0,16.0,15.0,18.0,992.0,227.0,5.3,4.0,6.8,55.0,198.0,204.0,336.0,-422.0,1.0
3968500,2729500.0,9.0,16.0,16.0,17.0,992.0,234.0,5.9,3.0,5.9,46.0,250.0,121.0,317.0,-419.0,1.0
3968500,2729500.0,9.0,16.0,17.0,15.9,993.0,244.0,4.9,3.0,5.8,49.0,104.0,109.0,309.0,-414.0,1.0
3968500,2729500.0,9.0,16.0,18.0,14.0,994.0,273.0,4.3,4.0,6.2,58.0,28.0,56.0,309.0,-406.0,1.0
3968500,2729500.0,9.0,16.0,19.0,12.7,995.0,298.0,3.4,5.0,6.5,67.0,3.0,11.0,314.0,-397.0,1.0
3968500,2729500.0,9.0,16.0,20.0,12.0,996.0,237.0,3.1,5.0,6.8,74.0,0.0,0.0,315.0,-389.0,1.0
3968500,2729500.0,9.0,16.0,21.0,11.7,997.0,254.0,2.4,4.0,6.8,78.0,0.0,0.0,309.0,-382.0,1.0
3968500,2729500.0,9.0,16.0,22.0,11.2,998.0,288.0,1.9,6.0,6.8,80.0,0.0,0.0,311.0,-379.0,1.0
3968500,2729500.0,9.0,16.0,23.0,11.1,998.0,284.0,2.9,5.0,6.8,81.0,0.0,0.0,314.0,-374.0,1.0
3968500,2729500.0,9.0,16.0,24.0,10.3,998.0,273.0,2.8,3.0,6.7,82.0,0.0,0.0,299.0,-369.0,1.0
3968500,2729500.0,9.0,17.0,1.0,8.2,999.0,178.0,1.1,2.0,6.5,88.0,0.0,0.0,280.0,-365.0,1.0
3968500,2729500.0,9.0,17.0,2.0,8.2,1000.0,257.0,1.7,3.0,6.3,92.0,0.0,0.0,276.0,-361.0,1.0
3968500,2729500.0,9.0,17.0,3.0,7.2,1000.0,200.0,0.8,2.0,6.2,93.0,0.0,0.0,273.0,-355.0,1.0
3968500,2729500.0,9.0,17.0,4.0,6.7,1000.0,325.0,1.1,3.0,6.0,96.0,0.0,0.0,271.0,-350.0,1.0
3968500,2729500.0,9.0,17.0,5.0,6.8,1001.0,299.0,1.3,6.0,6.0,96.0,0.0,0.0,285.0,-346.0,1.0
3968500,2729500.0,9.0,17.0,6.0,6.6,1001.0,212.0,0.8,6.0,6.0,96.0,0.0,0.0,296.0,-343.0,1.0
3968500,2729500.0,9.0,17.0,7.0,6.6,1002.0,227.0,0.9,6.0,5.9,97.0,0.0,15.0,294.0,-340.0,1.0
3968500,2729500.0,9.0,17.0,8.0,8.0,1002.0,219.0,1.6,7.0,6.1,95.0,10.0,78.0,297.0,-344.0,1.0
3968500,2729500.0,9.0,17.0,9.0,10.6,1003.0,154.0,1.3,6.0,6.5,88.0,53.0,159.0,302.0,-358.0,1.0
3968500,2729500.0,9.0,17.0,10.0,12.2,1003.0,245.0,1.6,4.0,6.8,80.0,208.0,192.0,294.0,-375.0,1.0
3968500,2729500.0,9.0,17.0,11.0,13.0,1003.0,245.0,1.4,4.0,6.7,73.0,283.0,219.0,290.0,-392.0,1.0
3968500,2729500.0,9.0,17.0,12.0,15.0,1004.0,13.0,1.1,5.0,6.6,66.0,202.0,253.0,298.0,-407.0,1.0
3968500,2729500.0,9.0,17.0,13.0,14.3,1004.0,343.0,0.9,4.0,6.5,62.0,165.0,294.0,299.0,-419.0,1.0
3968500,2729500.0,9.0,17.0,14.0,14.8,1004.0,346.0,1.2,3.0,6.1,59.0,234.0,262.0,290.0,-426.0,1.0
3968500,2729500.0,9.0,17.0,15.0,15.1,1004.0,331.0,1.4,3.0,5.9,55.0,182.0,234.0,288.0,-427.0,1.0
3968500,2729500.0,9.0,17.0,16.0,15.1,1003.0,1.0,1.2,5.0,5.8,54.0,88.0,187.0,296.0,-423.0,1.0
3968500,2729500.0,9.0,17.0,17.0,14.5,1003.0,259.0,1.1,5.0,5.9,56.0,32.0,121.0,302.0,-415.0,1.0
3968500,2729500.0,9.0,17.0,18.0,14.4,1003.0,280.0,1.1,6.0,6.2,59.0,30.0,60.0,305.0,-404.0,1.0
3968500,2729500.0,9.0,17.0,19.0,12.0,1003.0,290.0,1.7,5.0,6.0,63.0,3.0,11.0,301.0,-392.0,1.0
3968500,2729500.0,9.0,17.0,20.0,10.2,1003.0,24.0,1.4,5.0,6.1,73.0,0.0,0.0,291.0,-382.0,1.0
3968500,2729500.0,9.0,17.0,21.0,9.0,1003.0,23.0,1.5,4.0,6.2,82.0,0.0,0.0,283.0,-374.0,1.0
3968500,2729500.0,9.0,17.0,22.0,8.9,1004.0,61.0,1.0,3.0,5.9,82.0,0.0,0.0,273.0,-367.0,1.0
3968500,2729500.0,9.0,17.0,23.0,7.2,1004.0,49.0,0.9,2.0,5.7,84.0,0.0,0.0,264.0,-360.0,1.0
3968500,2729500.0,9.0,17.0,24.0,6.9,1005.0,77.0,0.8,2.0,5.5,88.0,0.0,0.0,258.0,-356.0,1.0
3968500,2729500.0,9.0,18.0,1.0,6.2,1005.0,24.0,1.0,0.0,5.4,89.0,0.0,0.0,250.0,-355.0,1.0
3968500,2729500.0,9.0,18.0,2.0,5.4,1005.0,118.0,0.8,0.0,5.4,93.0,0.0,0.0,241.0,-354.0,1.0
3968500,2729500.0,9.0,18.0,3.0,5.2,1005.0,88.0,1.1,0.0,5.3,95.0,0.0,0.0,239.0,-352.0,1.0
3968500,2729500.0,9.0,18.0,4.0,4.6,1004.0,79.0,0.8,0.0,5.2,96.0,0.0,0.0,236.0,-351.0,1.0
3968500,2729500.0,9.0,18.0,5.0,4.3,1004.0,79.0,1.1,3.0,5.1,97.0,0.0,0.0,246.0,-350.0,1.0
3968500,2729500.0,9.0,18.0,6.0,3.3,1004.0,38.0,0.9,3.0,4.8,96.0,0.0,0.0,254.0,-348.0,1.0
3968500,2729500.0,9.0,18.0,7.0,4.5,1004.0,44.0,0.6,5.0,4.9,97.0,7.0,25.0,263.0,-346.0,1.0
3968500,2729500.0,9.0,18.0,8.0,6.0,1004.0,135.0,1.3,4.0,5.2,94.0,81.0,76.0,270.0,-349.0,1.0
3968500,2729500.0,9.0,18.0,9.0,9.8,1004.0,177.0,1.4,4.0,5.7,85.0,168.0,122.0,274.0,-361.0,1.0
3968500,2729500.0,9.0,18.0,10.0,12.4,1004.0,185.0,1.3,6.0,6.0,73.0,278.0,147.0,290.0,-378.0,1.0
3968500,2729500.0,9.0,18.0,11.0,14.2,1004.0,163.0,1.8,5.0,6.1,64.0,407.0,135.0,297.0,-397.0,1.0
3968500,2729500.0,9.0,18.0,12.0,17.3,1004.0,162.0,2.4,5.0,6.4,57.0,499.0,116.0,300.0,-414.0,1.0
3968500,2729500.0,9.0,18.0,13.0,18.4,1003.0,192.0,3.6,2.0,6.2,48.0,507.0,124.0,298.0,-427.0,1.0
3968500,2729500.0,9.0,18.0,14.0,18.8,1003.0,182.0,3.7,2.0,5.9,44.0,463.0,128.0,294.0,-434.0,1.0
3968500,2729500.0,9.0,18.0,15.0,19.3,1002.0,189.0,3.3,2.0,6.2,44.0,415.0,106.0,297.0,-436.0,1.0
3968500,2729500.0,9.0,18.0,16.0,19.4,1001.0,151.0,3.0,2.0,6.2,44.0,309.0,98.0,299.0,-434.0,1.0
3968500,2729500.0,9.0,18.0,17.0,18.6,1000.0,187.0,3.4,3.0,6.0,44.0,178.0,85.0,301.0,-428.0,1.0
3968500,2729500.0,9.0,18.0,18.0,17.0,1000.0,170.0,2.8,4.0,6.0,46.0,57.0,53.0,303.0,-417.0,1.0
3968500,2729500.0,9.0,18.0,19.0,12.8,1000.0,229.0,2.1,3.0,6.0,56.0,2.0,10.0,295.0,-401.0,1.0
3968500,2729500.0,9.0,18.0,20.0,11.3,1000.0,193.0,1.8,3.0,6.1,69.0,0.0,0.0,284.0,-389.0,1.0
3968500,2729500.0,9.0,18.0,21.0,10.7,999.0,163.0,1.6,2.0,6.1,74.0,0.0,0.0,278.0,-383.0,1.0
3968500,2729500.0,9.0,18.0,22.0,9.8,999.0,104.0,1.6,2.0,6.3,80.0,0.0,0.0,273.0,-377.0,1.0
3968500,2729500.0,9.0,18.0,23.0,8.7,999.0,165.0,1.7,1.0,6.3,86.0,0.0,0.0,267.0,-374.0,1.0
3968500,2729500.0,9.0,18.0,24.0,8.1,999.0,308.0,1.2,1.0,6.1,88.0,0.0,0.0,262.0,-371.0,1.0
3968500,2729500.0,9.0,19.0,1.0,7.4,999.0,185.0,2.0,0.0,6.1,91.0,0.0,0.0,256.0,-366.0,1.0
3968500,2729500.0,9.0,19.0,2.0,6.4,998.0,51.0,1.2,0.0,5.9,95.0,0.0,0.0,250.0,-364.0,1.0
3968500,2729500.0,9.0,19.0,3.0,5.2,998.0,11.0,1.1,0.0,5.7,98.0,0.0,0.0,247.0,-362.0,1.0
3968500,2729500.0,9.0,19.0,4.0,5.3,998.0,118.0,1.5,0.0,5.6,99.0,0.0,0.0,246.0,-361.0,1.0
3968500,2729500.0,9.0,19.0,5.0,4.7,998.0,115.0,1.5,4.0,5.5,99.0,0.0,0.0,263.0,-359.0,1.0
3968500,2729500.0,9.0,19.0,6.0,4.9,997.0,142.0,1.9,5.0,5.4,100.0,0.0,0.0,284.0,-358.0,1.0
3968500,2729500.0,9.0,19.0,7.0,6.0,997.0,157.0,1.5,6.0,5.5,97.0,5.0,22.0,295.0,-359.0,1.0
3968500,2729500.0,9.0,19.0,8.0,8.8,997.0,137.0,1.9,4.0,5.8,90.0,75.0,80.0,298.0,-363.0,1.0
3968500,2729500.0,9.0,19.0,9.0,12.4,996.0,149.0,2.7,4.0,6.3,78.0,190.0,118.0,303.0,-374.0,1.0
3968500,2729500.0,9.0,19.0,10.0,14.5,997.0,161.0,3.0,6.0,6.6,67.0,263.0,161.0,319.0,-389.0,1.0
3968500,2729500.0,9.0,19.0,11.0,17.1,996.0,162.0,4.3,6.0,6.9,61.0,329.0,189.0,335.0,-405.0,1.0
3968500,2729500.0,9.0,19.0,12.0,18.7,995.0,171.0,4.2,6.0,7.2,56.0,397.0,182.0,343.0,-417.0,1.0
3968500,2729500.0,9.0,19.0,13.0,20.7,995.0,186.0,4.6,3.0,7.5,51.0,465.0,160.0,342.0,-417.0,1.0
3968500,2729500.0,9.0,19.0,14.0,21.4,994.0,187.0,4.5,3.0,7.5,48.0,429.0,157.0,340.0,-413.0,1.0
3968500,2729500.0,9.0,19.0,15.0,21.1,993.0,180.0,4.6,3.0,7.2,45.0,408.0,121.0,340.0,-413.0,1.0
3968500,2729500.0,9.0,19.0,16.0,20.4,993.0,155.0,4.1,3.0,7.1,46.0,301.0,108.0,337.0,-413.0,1.0
3968500,2729500.0,9.0,19.0,17.0,20.3,992.0,173.0,3.9,3.0,7.5,50.0,174.0,90.0,335.0,-415.0,1.0
3968500,2729500.0,9.0,19.0,18.0,19.3,992.0,162.0,3.3,2.0,7.6,52.0,52.0,55.0,329.0,-416.0,1.0
3968500,2729500.0,9.0,19.0,19.0,17.3,991.0,162.0,2.9,2.0,7.6,56.0,2.0,9.0,320.0,-413.0,1.0
3968500,2729500.0,9.0,19.0,20.0,15.0,992.0,165.0,1.9,1.0,7.7,66.0,0.0,0.0,308.0,-408.0,1.0
3968500,2729500.0,9.0,19.0,21.0,14.2,992.0,169.0,2.8,1.0,7.8,73.0,0.0,0.0,300.0,-405.0,1.0
3968500,2729500.0,9.0,19.0,22.0,13.5,992.0,154.0,2.5,1.0,7.9,78.0,0.0,0.0,299.0,-404.0,1.0
3968500,2729500.0,9.0,19.0,23.0,12.0,992.0,147.0,2.7,0.0,7.8,83.0,0.0,0.0,289.0,-402.0,1.0
3968500,2729500.0,9.0,19.0,24.0,12.2,992.0,122.0,2.9,0.0,7.8,86.0,0.0,0.0,280.0,-400.0,1.0
3968500,2729500.0,9.0,20.0,1.0,11.7,992.0,136.0,2.0,0.0,7.9,88.0,0.0,0.0,278.0,-399.0,1.0
3968500,2729500.0,9.0,20.0,2.0,10.5,992.0,139.0,1.9,0.0,7.8,92.0,0.0,0.0,275.0,-398.0,1.0
3968500,2729500.0,9.0,20.0,3.0,10.1,992.0,137.0,1.6,3.0,7.5,94.0,0.0,0.0,285.0,-397.0,1.0
3968500,2729500.0,9.0,20.0,4.0,12.0,991.0,142.0,1.8,5.0,7.6,91.0,0.0,0.0,312.0,-396.0,1.0
3968500,2729500.0,9.0,20.0,5.0,11.4,991.0,138.0,1.6,8.0,8.0,91.0,0.0,0.0,339.0,-396.0,1.0
3968500,2729500.0,9.0,20.0,6.0,12.1,991.0,163.0,1.7,8.0,8.2,93.0,0.0,0.0,357.0,-396.0,1.0
3968500,2729500.0,9.0,20.0,7.0,12.3,991.0,160.0,2.3,7.0,8.5,93.0,4.0,18.0,354.0,-395.0,1.0
3968500,2729500.0,9.0,20.0,8.0,12.5,992.0,148.0,1.9,6.0,8.7,94.0,35.0,68.0,344.0,-395.0,1.0
3968500,2729500.0,9.0,20.0,9.0,13.2,992.0,199.0,2.3,7.0,9.0,95.0,29.0,126.0,346.0,-395.0,1.0
3968500,2729500.0,9.0,20.0,10.0,14.3,992.0,229.0,2.7,7.0,9.4,93.0,11.0,161.0,355.0,-399.0,1.0
3968500,2729500.0,9.0,20.0,11.0,15.8,993.0,249.0,3.6,6.0,9.8,90.0,29.0,200.0,354.0,-408.0,1.0
3968500,2729500.0,9.0,20.0,12.0,15.2,993.0,297.0,4.0,7.0,9.7,86.0,0.0,152.0,355.0,-421.0,1.0
3968500,2729500.0,9.0,20.0,13.0,17.3,993.0,292.0,2.4,7.0,9.6,81.0,0.0,135.0,361.0,-428.0,1.0
3968500,2729500.0,9.0,20.0,14.0,17.5,994.0,242.0,3.0,7.0,9.9,78.0,21.0,193.0,363.0,-431.0,1.0
3968500,2729500.0,9.0,20.0,15.0,16.9,994.0,286.0,2.7,6.0,9.6,77.0,104.0,176.0,355.0,-433.0,1.0
3968500,2729500.0,9.0,20.0,16.0,18.5,994.0,252.0,2.5,8.0,9.0,70.0,0.0,89.0,360.0,-430.0,1.0
3968500,2729500.0,9.0,20.0,17.0,17.7,994.0,305.0,1.9,4.0,8.3,63.0,112.0,75.0,350.0,-423.0,1.0
3968500,2729500.0,9.0,20.0,18.0,15.5,993.0,324.0,1.9,6.0,8.1,67.0,68.0,34.0,336.0,-413.0,1.0
3968500,2729500.0,9.0,20.0,19.0,14.3,994.0,318.0,1.5,4.0,8.1,75.0,1.0,7.0,328.0,-404.0,1.0
3968500,2729500.0,9.0,20.0,20.0,12.9,995.0,174.0,0.6,4.0,7.9,79.0,0.0,0.0,314.0,-395.0,1.0
3968500,2729500.0,9.0,20.0,21.0,12.0,995.0,327.0,0.9,5.0,7.8,85.0,0.0,0.0,311.0,-388.0,1.0
3968500,2729500.0,9.0,20.0,22.0,10.6,996.0,284.0,0.9,2.0,7.5,89.0,0.0,0.0,297.0,-386.0,1.0
3968500,2729500.0,9.0,20.0,23.0,10.2,996.0,237.0,1.6,3.0,7.3,92.0,0.0,0.0,284.0,-383.0,1.0
3968500,2729500.0,9.0,20.0,24.0,9.8,995.0,272.0,1.2,4.0,7.3,94.0,0.0,0.0,289.0,-377.0,1.0
3968500,2729500.0,9.0,21.0,1.0,9.7,995.0,274.0,0.8,5.0,7.3,95.0,0.0,0.0,295.0,-369.0,1.0
3968500,2729500.0,9.0,21.0,2.0,9.7,995.0,142.0,1.2,4.0,7.2,95.0,0.0,0.0,293.0,-363.0,1.0
3968500,2729500.0,9.0,21.0,3.0,8.7,994.0,150.0,1.9,4.0,7.1,95.0,0.0,0.0,284.0,-360.0,1.0
3968500,2729500.0,9.0,21.0,4.0,8.7,994.0,150.0,1.8,5.0,6.8,96.0,0.0,0.0,286.0,-358.0,1.0
3968500,2729500.0,9.0,21.0,5.0,8.1,994.0,151.0,2.1,6.0,6.7,96.0,0.0,0.0,295.0,-356.0,1.0
3968500,2729500.0,9.0,21.0,6.0,8.2,993.0,136.0,2.2,6.0,6.7,98.0,0.0,0.0,301.0,-355.0,1.0
3968500,2729500.0,9.0,21.0,7.0,8.4,993.0,133.0,2.5,7.0,6.7,96.0,1.0,20.0,307.0,-355.0,1.0
3968500,2729500.0,9.0,21.0,8.0,9.7,993.0,137.0,2.3,6.0,6.7,91.0,1.0,60.0,308.0,-358.0,1.0
3968500,2729500.0,9.0,21.0,9.0,10.5,994.0,183.0,2.4,7.0,6.8,87.0,1.0,109.0,311.0,-367.0,1.0
3968500,2729500.0,9.0,21.0,10.0,11.2,993.0,175.0,3.9,7.0,7.0,85.0,0.0,146.0,323.0,-381.0,1.0
3968500,2729500.0,9.0,21.0,11.0,13.1,993.0,174.0,5.7,6.0,7.3,80.0,42.0,267.0,320.0,-395.0,1.0
3968500,2729500.0,9.0,21.0,12.0,14.1,992.0,184.0,6.3,7.0,7.2,73.0,56.0,298.0,326.0,-409.0,1.0
3968500,2729500.0,9.0,21.0,13.0,15.5,992.0,200.0,6.2,7.0,7.0,65.0,58.0,309.0,337.0,-419.0,1.0
3968500,2729500.0,9.0,21.0,14.0,15.5,991.0,205.0,5.7,7.0,6.8,61.0,61.0,290.0,338.0,-424.0,1.0
3968500,2729500.0,9.0,21.0,15.0,15.9,990.0,215.0,6.6,6.0,6.7,59.0,49.0,245.0,332.0,-424.0,1.0
3968500,2729500.0,9.0,21.0,16.0,15.8,989.0,201.0,6.7,7.0,6.6,58.0,14.0,160.0,334.0,-419.0,1.0
3968500,2729500.0,9.0,21.0,17.0,15.4,989.0,227.0,5.4,7.0,6.5,57.0,0.0,79.0,342.0,-414.0,1.0
3968500,2729500.0,9.0,21.0,18.0,15.0,988.0,194.0,6.5,8.0,6.5,59.0,0.0,26.0,350.0,-409.0,1.0
3968500,2729500.0,9.0,21.0,19.0,14.0,988.0,226.0,3.9,8.0,6.8,65.0,0.0,1.0,355.0,-405.0,1.0
3968500,2729500.0,9.0,21.0,20.0,13.8,988.0,210.0,4.6,8.0,7.0,69.0,0.0,0.0,356.0,-403.0,1.0
3968500,2729500.0,9.0,21.0,21.0,13.6,987.0,212.0,4.7,7.0,7.2,71.0,0.0,0.0,351.0,-401.0,1.0
3968500,2729500.0,9.0,21.0,22.0,13.6,987.0,208.0,5.1,7.0,7.2,72.0,0.0,0.0,346.0,-399.0,1.0
3968500,2729500.0,9.0,21.0,23.0,13.8,986.0,192.0,5.0,6.0,7.4,73.0,0.0,0.0,347.0,-398.0,1.0
3968500,2729500.0,9.0,21.0,24.0,14.0,986.0,177.0,4.2,5.0,7.6,74.0,0.0,0.0,354.0,-397.0,1.0
3968500,2729500.0,9.0,22.0,1.0,14.2,991.0,157.0,3.2,3.0,7.8,75.0,0.0,0.0,291.0,-392.0,1.0
3968500,2729500.0,9.0,22.0,2.0,14.1,992.0,144.0,2.3,1.0,8.0,77.0,0.0,0.0,292.0,-385.0,1.0
3968500,2729500.0,9.0,22.0,3.0,13.6,992.0,146.0,1.5,0.0,8.2,80.0,0.0,0.0,291.0,-378.0,1.0
3968500,2729500.0,9.0,22.0,4.0,12.8,992.0,156.0,1.4,0.0,8.1,84.0,0.0,0.0,289.0,-375.0,1.0
3968500,2729500.0,9.0,22.0,5.0,12.3,992.0,154.0,1.3,1.0,8.0,87.0,0.0,0.0,287.0,-373.0,1.0
3968500,2729500.0,9.0,22.0,6.0,11.0,992.0,158.0,1.7,1.0,7.9,94.0,0.0,0.0,285.0,-368.0,1.0
3968500,2729500.0,9.0,22.0,7.0,11.4,992.0,134.0,0.4,1.0,7.9,94.0,15.0,23.0,287.0,-370.0,1.0
3968500,2729500.0,9.0,22.0,8.0,13.6,993.0,99.0,0.5,0.0,8.1,87.0,102.0,62.0,289.0,-377.0,1.0
3968500,2729500.0,9.0,22.0,9.0,16.9,992.0,136.0,1.3,0.0,8.6,78.0,229.0,81.0,294.0,-387.0,1.0
3968500,2729500.0,9.0,22.0,10.0,19.5,992.0,146.0,1.9,0.0,9.2,69.0,347.0,93.0,305.0,-406.0,1.0
3968500,2729500.0,9.0,22.0,11.0,21.6,992.0,129.0,2.0,0.0,9.3,60.0,442.0,97.0,312.0,-425.0,1.0
3968500,2729500.0,9.0,22.0,12.0,23.3,992.0,135.0,2.1,0.0,9.2,53.0,490.0,104.0,321.0,-443.0,1.0
3968500,2729500.0,9.0,22.0,13.0,24.8,992.0,134.0,2.5,0.0,8.9,47.0,474.0,120.0,328.0,-458.0,1.0
3968500,2729500.0,9.0,22.0,14.0,26.0,991.0,174.0,3.4,0.0,8.6,42.0,443.0,116.0,336.0,-469.0,1.0
3968500,2729500.0,9.0,22.0,15.0,26.4,991.0,116.0,3.5,0.0,7.9,36.0,374.0,107.0,340.0,-474.0,1.0
3968500,2729500.0,9.0,22.0,16.0,26.5,991.0,161.0,2.6,0.0,7.3,33.0,269.0,96.0,340.0,-472.0,1.0
3968500,2729500.0,9.0,22.0,17.0,25.1,991.0,152.0,2.3,1.0,7.4,35.0,147.0,78.0,340.0,-464.0,1.0
3968500,2729500.0,9.0,22.0,18.0,22.1,991.0,109.0,2.6,2.0,8.3,44.0,37.0,40.0,338.0,-451.0,1.0
3968500,2729500.0,9.0,22.0,19.0,19.4,990.0,239.0,2.5,1.0,8.9,57.0,0.0,0.0,329.0,-436.0,1.0
3968500,2729500.0,9.0,22.0,20.0,17.5,991.0,191.0,2.0,1.0,8.9,66.0,0.0,0.0,319.0,-422.0,1.0
3968500,2729500.0,9.0,22.0,21.0,16.8,992.0,131.0,1.6,3.0,9.1,73.0,0.0,0.0,320.0,-410.0,1.0
3968500,2729500.0,9.0,22.0,22.0,15.2,992.0,69.0,1.9,3.0,9.1,78.0,0.0,0.0,322.0,-401.0,1.0
3968500,2729500.0,9.0,22.0,23.0,14.4,992.0,103.0,1.8,3.0,9.1,85.0,0.0,0.0,319.0,-396.0,1.0
3968500,2729500.0,9.0,22.0,24.0,13.4,992.0,211.0,1.2,2.0,9.1,89.0,0.0,0.0,313.0,-395.0,1.0
3968500,2729500.0,9.0,23.0,1.0,12.7,992.0,301.0,1.1,3.0,8.8,92.0,0.0,0.0,309.0,-391.0,1.0
3968500,2729500.0,9.0,23.0,2.0,11.6,993.0,289.0,0.4,2.0,8.6,95.0,0.0,0.0,305.0,-383.0,1.0
3968500,2729500.0,9.0,23.0,3.0,11.1,993.0,100.0,1.1,2.0,8.4,98.0,0.0,0.0,297.0,-379.0,1.0
3968500,2729500.0,9.0,23.0,4.0,10.4,993.0,277.0,1.1,1.0,8.2,99.0,0.0,0.0,290.0,-379.0,1.0
3968500,2729500.0,9.0,23.0,5.0,10.3,993.0,348.0,1.2,0.0,7.9,99.0,0.0,0.0,280.0,-379.0,1.0
3968500,2729500.0,9.0,23.0,6.0,9.6,993.0,30.0,1.1,0.0,7.7,99.0,0.0,0.0,275.0,-378.0,1.0
3968500,2729500.0,9.0,23.0,7.0,10.1,993.0,66.0,1.2,3.0,7.7,100.0,11.0,25.0,284.0,-381.0,1.0
3968500,2729500.0,9.0,23.0,8.0,13.2,993.0,10.0,0.5,2.0,8.2,94.0,74.0,85.0,298.0,-385.0,1.0
3968500,2729500.0,9.0,23.0,9.0,16.7,993.0,43.0,0.8,2.0,8.9,82.0,181.0,133.0,303.0,-395.0,1.0
3968500,2729500.0,9.0,23.0,10.0,19.1,992.0,88.0,0.4,3.0,9.2,70.0,286.0,168.0,318.0,-413.0,1.0
3968500,2729500.0,9.0,23.0,11.0,21.4,992.0,163.0,2.0,4.0,9.2,61.0,346.0,199.0,333.0,-433.0,1.0
3968500,2729500.0,9.0,23.0,12.0,22.9,992.0,107.0,1.8,4.0,9.3,55.0,393.0,213.0,345.0,-448.0,1.0
3968500,2729500.0,9.0,23.0,13.0,23.9,991.0,143.0,2.0,2.0,9.7,53.0,408.0,215.0,344.0,-457.0,1.0
3968500,2729500.0,9.0,23.0,14.0,25.0,991.0,116.0,3.0,1.0,9.6,49.0,347.0,217.0,337.0,-463.0,1.0
3968500,2729500.0,9.0,23.0,15.0,25.2,990.0,117.0,2.1,2.0,9.0,44.0,291.0,194.0,339.0,-466.0,1.0
3968500,2729500.0,9.0,23.0,16.0,24.7,990.0,94.0,2.8,3.0,9.0,44.0,180.0,166.0,347.0,-463.0,1.0
3968500,2729500.0,9.0,23.0,17.0,24.1,990.0,75.0,3.0,4.0,8.9,46.0,100.0,112.0,353.0,-456.0,1.0
3968500,2729500.0,9.0,23.0,18.0,21.4,990.0,66.0,1.8,5.0,8.6,48.0,26.0,47.0,354.0,-446.0,1.0
3968500,2729500.0,9.0,23.0,19.0,18.8,989.0,97.0,1.9,2.0,8.1,54.0,0.0,0.0,336.0,-433.0,1.0
3968500,2729500.0,9.0,23.0,20.0,17.4,989.0,21.0,1.7,2.0,7.9,59.0,0.0,0.0,316.0,-423.0,1.0
3968500,2729500.0,9.0,23.0,21.0,17.5,989.0,139.0,1.8,3.0,7.5,59.0,0.0,0.0,316.0,-415.0,1.0
3968500,2729500.0,9.0,23.0,22.0,15.3,989.0,128.0,1.2,3.0,7.2,60.0,0.0,0.0,316.0,-409.0,1.0
3968500,2729500.0,9.0,23.0,23.0,14.3,989.0,93.0,1.0,3.0,7.2,67.0,0.0,0.0,309.0,-405.0,1.0
3968500,2729500.0,9.0,23.0,24.0,13.9,989.0,154.0,1.0,1.0,7.1,69.0,0.0,0.0,298.0,-400.0,1.0
3968500,2729500.0,9.0,24.0,1.0,13.4,989.0,139.0,1.4,2.0,7.0,70.0,0.0,0.0,292.0,-396.0,1.0
3968500,2729500.0,9.0,24.0,2.0,12.1,989.0,125.0,1.4,2.0,7.1,75.0,0.0,0.0,295.0,-393.0,1.0
3968500,2729500.0,9.0,24.0,3.0,10.6,989.0,37.0,0.9,1.0,7.1,83.0,0.0,0.0,288.0,-390.0,1.0
3968500,2729500.0,9.0,24.0,4.0,10.9,989.0,112.0,1.5,1.0,7.1,86.0,0.0,0.0,285.0,-387.0,1.0
3968500,2729500.0,9.0,24.0,5.0,9.6,989.0,115.0,1.5,0.0,7.0,88.0,0.0,0.0,281.0,-384.0,1.0
3968500,2729500.0,9.0,24.0,6.0,9.3,989.0,131.0,1.9,1.0,6.8,90.0,0.0,0.0,280.0,-381.0,1.0
3968500,2729500.0,9.0,24.0,7.0,9.9,989.0,118.0,1.8,2.0,6.9,90.0,10.0,23.0,288.0,-379.0,1.0
3968500,2729500.0,9.0,24.0,8.0,11.8,989.0,123.0,1.8,1.0,7.0,85.0,83.0,73.0,291.0,-381.0,1.0
3968500,2729500.0,9.0,24.0,9.0,15.4,989.0,104.0,1.9,2.0,7.3,73.0,184.0,115.0,298.0,-390.0,1.0
3968500,2729500.0,9.0,24.0,10.0,18.5,989.0,147.0,2.1,2.0,7.5,61.0,284.0,144.0,312.0,-406.0,1.0
3968500,2729500.0,9.0,24.0,11.0,20.4,989.0,180.0,3.2,2.0,7.4,51.0,369.0,160.0,320.0,-424.0,1.0
3968500,2729500.0,9.0,24.0,12.0,21.5,989.0,184.0,2.7,3.0,7.3,46.0,407.0,176.0,330.0,-441.0,1.0
3968500,2729500.0,9.0,24.0,13.0,23.0,989.0,182.0,2.4,1.0,7.1,42.0,395.0,190.0,331.0,-455.0,1.0
3968500,2729500.0,9.0,24.0,14.0,23.8,989.0,192.0,2.0,1.0,7.0,38.0,384.0,175.0,329.0,-462.0,1.0
3968500,2729500.0,9.0,24.0,15.0,24.8,988.0,189.0,1.7,1.0,6.8,35.0,323.0,158.0,332.0,-463.0,1.0
3968500,2729500.0,9.0,24.0,16.0,24.5,987.0,133.0,1.6,1.0,6.7,34.0,228.0,133.0,331.0,-458.0,1.0
3968500,2729500.0,9.0,24.0,17.0,23.2,987.0,141.0,1.5,1.0,7.2,38.0,116.0,98.0,330.0,-449.0,1.0
3968500,2729500.0,9.0,24.0,18.0,20.2,987.0,120.0,1.6,1.0,7.9,47.0,23.0,42.0,326.0,-437.0,1.0
3968500,2729500.0,9.0,24.0,19.0,18.4,986.0,10.0,0.9,1.0,8.1,56.0,0.0,0.0,320.0,-423.0,1.0
3968500,2729500.0,9.0,24.0,20.0,16.9,986.0,25.0,1.4,1.0,8.0,62.0,0.0,0.0,314.0,-411.0,1.0
3968500,2729500.0,9.0,24.0,21.0,14.8,986.0,29.0,1.3,1.0,8.1,70.0,0.0,0.0,309.0,-403.0,1.0
3968500,2729500.0,9.0,24.0,22.0,13.7,986.0,153.0,1.3,0.0,8.1,77.0,0.0,0.0,301.0,-398.0,1.0
3968500,2729500.0,9.0,24.0,23.0,12.5,986.0,53.0,1.1,0.0,8.0,82.0,0.0,0.0,296.0,-393.0,1.0
3968500,2729500.0,9.0,24.0,24.0,11.4,986.0,39.0,1.2,0.0,7.9,88.0,0.0,0.0,296.0,-389.0,1.0
3968500,2729500.0,9.0,25.0,1.0,10.4,986.0,122.0,0.8,1.0,7.8,93.0,0.0,0.0,298.0,-384.0,1.0
3968500,2729500.0,9.0,25.0,2.0,9.8,986.0,238.0,0.4,1.0,7.6,96.0,0.0,0.0,299.0,-379.0,1.0
3968500,2729500.0,9.0,25.0,3.0,9.5,986.0,314.0,0.8,2.0,7.3,95.0,0.0,0.0,300.0,-374.0,1.0
3968500,2729500.0,9.0,25.0,4.0,8.9,986.0,354.0,0.6,1.0,7.1,95.0,0.0,0.0,298.0,-369.0,1.0
3968500,2729500.0,9.0,25.0,5.0,8.9,985.0,145.0,0.8,1.0,7.1,97.0,0.0,0.0,295.0,-366.0,1.0
3968500,2729500.0,9.0,25.0,6.0,8.7,985.0,179.0,0.7,2.0,7.1,98.0,0.0,0.0,297.0,-363.0,1.0
3968500,2729500.0,9.0,25.0,7.0,9.4,985.0,357.0,0.6,3.0,7.2,98.0,5.0,20.0,302.0,-361.0,1.0
3968500,2729500.0,9.0,25.0,8.0,11.0,986.0,135.0,0.7,2.0,7.4,93.0,70.0,72.0,305.0,-364.0,1.0
3968500,2729500.0,9.0,25.0,9.0,14.5,985.0,43.0,0.9,2.0,7.6,80.0,124.0,132.0,310.0,-379.0,1.0
3968500,2729500.0,9.0,25.0,10.0,16.1,985.0,130.0,1.4,4.0,8.2,73.0,153.0,190.0,322.0,-399.0,1.0
3968500,2729500.0,9.0,25.0,11.0,19.2,985.0,146.0,2.8,2.0,8.8,68.0,316.0,182.0,331.0,-420.0,1.0
3968500,2729500.0,9.0,25.0,12.0,21.4,986.0,197.0,2.4,2.0,8.8,58.0,383.0,183.0,336.0,-439.0,1.0
3968500,2729500.0,9.0,25.0,13.0,23.7,985.0,215.0,2.6,3.0,8.7,50.0,352.0,203.0,347.0,-452.0,1.0
3968500,2729500.0,9.0,25.0,14.0,24.0,985.0,192.0,3.2,4.0,8.8,46.0,219.0,237.0,357.0,-462.0,1.0
3968500,2729500.0,9.0,25.0,15.0,24.2,985.0,182.0,3.1,6.0,9.0,46.0,34.0,206.0,366.0,-465.0,1.0
3968500,2729500.0,9.0,25.0,16.0,23.1,985.0,182.0,3.0,5.0,9.0,48.0,35.0,159.0,369.0,-461.0,1.0
3968500,2729500.0,9.0,25.0,17.0,22.2,985.0,189.0,2.3,7.0,9.3,53.0,7.0,88.0,369.0,-453.0,1.0
3968500,2729500.0,9.0,25.0,18.0,21.2,986.0,314.0,1.4,6.0,10.2,61.0,0.0,21.0,372.0,-443.0,1.0
3968500,2729500.0,9.0,25.0,19.0,19.8,986.0,310.0,1.5,7.0,11.0,71.0,0.0,0.0,369.0,-433.0,1.0
3968500,2729500.0,9.0,25.0,20.0,18.9,986.0,189.0,1.3,7.0,11.1,77.0,0.0,0.0,368.0,-425.0,1.0
3968500,2729500.0,9.0,25.0,21.0,19.0,987.0,272.0,0.9,6.0,11.0,78.0,0.0,0.0,364.0,-421.0,1.0
3968500,2729500.0,9.0,25.0,22.0,18.2,987.0,248.0,1.0,7.0,10.8,78.0,0.0,0.0,363.0,-420.0,1.0
3968500,2729500.0,9.0,25.0,23.0,17.9,988.0,355.0,1.2,7.0,10.7,80.0,0.0,0.0,366.0,-418.0,1.0
3968500,2729500.0,9.0,25.0,24.0,17.6,988.0,280.0,0.3,6.0,10.5,80.0,0.0,0.0,361.0,-417.0,1.0
3968500,2729500.0,9.0,26.0,1.0,17.3,988.0,310.0,1.8,8.0,9.8,77.0,0.0,0.0,364.0,-416.0,1.0
3968500,2729500.0,9.0,26.0,2.0,16.8,989.0,321.0,1.8,8.0,9.3,75.0,0.0,0.0,371.0,-416.0,1.0
3968500,2729500.0,9.0,26.0,3.0,16.4,989.0,31.0,1.4,8.0,9.3,77.0,0.0,0.0,370.0,-415.0,1.0
3968500,2729500.0,9.0,26.0,4.0,15.9,989.0,356.0,1.8,8.0,9.4,80.0,0.0,0.0,369.0,-414.0,1.0
3968500,2729500.0,9.0,26.0,5.0,15.3,989.0,353.0,1.3,8.0,9.5,83.0,0.0,0.0,369.0,-412.0,1.0
3968500,2729500.0,9.0,26.0,6.0,15.2,990.0,245.0,1.3,8.0,9.5,86.0,0.0,0.0,368.0,-408.0,1.0
3968500,2729500.0,9.0,26.0,7.0,15.3,990.0,196.0,1.3,8.0,9.6,87.0,0.0,6.0,368.0,-405.0,1.0
3968500,2729500.0,9.0,26.0,8.0,16.1,991.0,272.0,1.3,7.0,9.7,85.0,0.0,44.0,362.0,-404.0,1.0
3968500,2729500.0,9.0,26.0,9.0,16.6,991.0,271.0,2.1,6.0,9.8,82.0,6.0,124.0,353.0,-406.0,1.0
3968500,2729500.0,9.0,26.0,10.0,17.6,991.0,284.0,2.2,6.0,9.9,79.0,19.0,190.0,349.0,-412.0,1.0
3968500,2729500.0,9.0,26.0,11.0,18.2,991.0,266.0,2.6,6.0,9.7,74.0,32.0,237.0,351.0,-417.0,1.0
3968500,2729500.0,9.0,26.0,12.0,18.4,991.0,324.0,2.3,6.0,9.5,70.0,20.0,242.0,352.0,-421.0,1.0
3968500,2729500.0,9.0,26.0,13.0,18.9,991.0,331.0,2.4,7.0,9.6,70.0,18.0,236.0,360.0,-426.0,1.0
3968500,2729500.0,9.0,26.0,14.0,18.7,992.0,2.0,2.5,6.0,9.6,69.0,18.0,226.0,359.0,-431.0,1.0
3968500,2729500.0,9.0,26.0,15.0,18.7,992.0,268.0,2.6,7.0,9.6,69.0,1.0,152.0,359.0,-433.0,1.0
3968500,2729500.0,9.0,26.0,16.0,18.4,992.0,257.0,1.5,7.0,9.6,70.0,0.0,108.0,361.0,-431.0,1.0
3968500,2729500.0,9.0,26.0,17.0,17.1,992.0,151.0,1.7,8.0,10.0,77.0,0.0,36.0,362.0,-425.0,1.0
3968500,2729500.0,9.0,26.0,18.0,16.5,993.0,176.0,1.4,8.0,10.6,86.0,0.0,6.0,363.0,-417.0,1.0
3968500,2729500.0,9.0,26.0,19.0,15.7,993.0,216.0,1.3,8.0,10.6,90.0,0.0,0.0,360.0,-406.0,1.0
3968500,2729500.0,9.0,26.0,20.0,15.4,993.0,192.0,1.0,8.0,10.4,92.0,0.0,0.0,358.0,-397.0,1.0
3968500,2729500.0,9.0,26.0,21.0,15.5,994.0,169.0,1.1,7.0,10.4,93.0,0.0,0.0,354.0,-391.0,1.0
3968500,2729500.0,9.0,26.0,22.0,15.2,994.0,167.0,0.5,7.0,10.4,93.0,0.0,0.0,349.0,-386.0,1.0
3968500,2729500.0,9.0,26.0,23.0,15.1,994.0,210.0,1.4,7.0,10.3,93.0,0.0,0.0,349.0,-384.0,1.0
3968500,2729500.0,9.0,26.0,24.0,15.1,994.0,195.0,0.7,8.0,10.2,93.0,0.0,0.0,353.0,-383.0,1.0
3968500,2729500.0,9.0,27.0,1.0,15.1,994.0,211.0,1.0,7.0,10.1,92.0,0.0,0.0,352.0,-381.0,1.0
3968500,2729500.0,9.0,27.0,2.0,15.6,994.0,322.0,1.6,8.0,10.2,92.0,0.0,0.0,352.0,-377.0,1.0
3968500,2729500.0,9.0,27.0,3.0,15.1,994.0,272.0,1.0,8.0,10.3,92.0,0.0,0.0,355.0,-372.0,1.0
3968500,2729500.0,9.0,27.0,4.0,15.1,994.0,287.0,1.3,8.0,10.2,93.0,0.0,0.0,354.0,-368.0,1.0
3968500,2729500.0,9.0,27.0,5.0,14.7,994.0,8.0,1.2,7.0,10.1,93.0,0.0,0.0,350.0,-365.0,1.0
3968500,2729500.0,9.0,27.0,6.0,14.7,994.0,305.0,1.4,8.0,10.0,93.0,0.0,0.0,349.0,-363.0,1.0
3968500,2729500.0,9.0,27.0,7.0,14.3,994.0,57.0,0.9,8.0,9.9,94.0,0.0,13.0,352.0,-362.0,1.0
3968500,2729500.0,9.0,27.0,8.0,14.4,994.0,18.0,0.8,6.0,10.0,96.0,22.0,75.0,344.0,-363.0,1.0
3968500,2729500.0,9.0,27.0,9.0,17.2,994.0,328.0,1.6,5.0,10.0,87.0,76.0,147.0,335.0,-372.0,1.0
3968500,2729500.0,9.0,27.0,10.0,16.9,994.0,328.0,2.4,6.0,9.7,78.0,51.0,206.0,339.0,-387.0,1.0
3968500,2729500.0,9.0,27.0,11.0,17.4,994.0,340.0,2.0,4.0,9.3,74.0,82.0,253.0,335.0,-403.0,1.0
3968500,2729500.0,9.0,27.0,12.0,18.3,994.0,300.0,1.7,4.0,8.9,69.0,108.0,284.0,331.0,-416.0,1.0
3968500,2729500.0,9.0,27.0,13.0,18.8,993.0,339.0,2.1,2.0,8.8,65.0,197.0,282.0,327.0,-426.0,1.0
3968500,2729500.0,9.0,27.0,14.0,19.2,993.0,324.0,1.6,4.0,8.5,61.0,97.0,269.0,328.0,-432.0,1.0
3968500,2729500.0,9.0,27.0,15.0,19.3,993.0,28.0,1.6,4.0,8.4,59.0,88.0,229.0,335.0,-435.0,1.0
3968500,2729500.0,9.0,27.0,16.0,19.4,992.0,43.0,1.1,3.0,8.3,58.0,142.0,160.0,333.0,-431.0,1.0
3968500,2729500.0,9.0,27.0,17.0,18.6,992.0,24.0,1.7,3.0,8.1,58.0,70.0,105.0,326.0,-423.0,1.0
3968500,2729500.0,9.0,27.0,18.0,16.9,991.0,342.0,1.0,4.0,8.3,64.0,13.0,37.0,326.0,-412.0,1.0
3968500,2729500.0,9.0,27.0,19.0,15.5,991.0,255.0,1.3,4.0,8.3,71.0,0.0,0.0,324.0,-400.0,1.0
3968500,2729500.0,9.0,27.0,20.0,13.6,992.0,23.0,1.2,3.0,8.0,76.0,0.0,0.0,314.0,-391.0,1.0
3968500,2729500.0,9.0,27.0,21.0,13.3,992.0,72.0,0.9,4.0,7.9,80.0,0.0,0.0,311.0,-387.0,1.0
3968500,2729500.0,9.0,27.0,22.0,12.9,992.0,40.0,0.4,6.0,8.0,83.0,0.0,0.0,322.0,-384.0,1.0
3968500,2729500.0,9.0,27.0,23.0,12.2,992.0,23.0,0.2,7.0,8.1,87.0,0.0,0.0,331.0,-382.0,1.0
3968500,2729500.0,9.0,27.0,24.0,12.0,991.0,177.0,1.1,6.0,8.0,89.0,0.0,0.0,330.0,-379.0,1.0
3968500,2729500.0,9.0,28.0,1.0,12.0,991.0,129.0,1.2,7.0,8.0,89.0,0.0,0.0,329.0,-377.0,1.0
3968500,2729500.0,9.0,28.0,2.0,11.7,991.0,146.0,1.5,8.0,8.0,90.0,0.0,0.0,339.0,-378.0,1.0
3968500,2729500.0,9.0,28.0,3.0,11.6,991.0,166.0,1.5,6.0,8.1,92.0,0.0,0.0,335.0,-379.0,1.0
3968500,2729500.0,9.0,28.0,4.0,11.2,991.0,156.0,1.7,4.0,8.1,94.0,0.0,0.0,319.0,-380.0,1.0
3968500,2729500.0,9.0,28.0,5.0,10.6,990.0,159.0,1.9,4.0,7.9,95.0,0.0,0.0,310.0,-380.0,1.0
3968500,2729500.0,9.0,28.0,6.0,10.3,990.0,151.0,1.8,3.0,7.8,96.0,0.0,0.0,306.0,-380.0,1.0
3968500,2729500.0,9.0,28.0,7.0,10.0,990.0,154.0,2.0,6.0,7.7,98.0,0.0,14.0,314.0,-380.0,1.0
3968500,2729500.0,9.0,28.0,8.0,11.6,990.0,171.0,2.3,7.0,7.9,95.0,4.0,64.0,334.0,-382.0,1.0
3968500,2729500.0,9.0,28.0,9.0,13.2,990.0,160.0,2.7,6.0,8.3,90.0,71.0,150.0,339.0,-390.0,1.0
3968500,2729500.0,9.0,28.0,10.0,16.3,990.0,151.0,2.7,5.0,8.8,82.0,165.0,203.0,340.0,-400.0,1.0
3968500,2729500.0,9.0,28.0,11.0,18.2,990.0,163.0,2.6,6.0,9.3,73.0,211.0,246.0,350.0,-412.0,1.0
3968500,2729500.0,9.0,28.0,12.0,19.0,990.0,175.0,2.8,6.0,9.4,68.0,122.0,291.0,360.0,-424.0,1.0
3968500,2729500.0,9.0,28.0,13.0,20.0,989.0,177.0,2.5,4.0,9.3,64.0,151.0,295.0,356.0,-429.0,1.0
3968500,2729500.0,9.0,28.0,14.0,20.2,989.0,176.0,3.3,4.0,8.9,59.0,94.0,275.0,351.0,-426.0,1.0
3968500,2729500.0,9.0,28.0,15.0,20.2,989.0,173.0,4.2,6.0,8.5,56.0,52.0,225.0,360.0,-419.0,1.0
3968500,2729500.0,9.0,28.0,16.0,20.0,989.0,175.0,2.9,6.0,8.4,56.0,29.0,164.0,368.0,-414.0,1.0
3968500,2729500.0,9.0,28.0,17.0,19.5,989.0,181.0,2.8,5.0,8.4,57.0,21.0,101.0,364.0,-412.0,1.0
3968500,2729500.0,9.0,28.0,18.0,18.0,988.0,183.0,2.2,7.0,8.6,62.0,6.0,32.0,366.0,-412.0,1.0
3968500,2729500.0,9.0,28.0,19.0,15.9,989.0,209.0,1.3,5.0,8.7,70.0,0.0,0.0,361.0,-410.0,1.0
3968500,2729500.0,9.0,28.0,20.0,15.1,989.0,148.0,1.3,5.0,8.8,78.0,0.0,0.0,347.0,-407.0,1.0
3968500,2729500.0,9.0,28.0,21.0,14.7,989.0,160.0,1.1,5.0,8.9,82.0,0.0,0.0,346.0,-405.0,1.0
3968500,2729500.0,9.0,28.0,22.0,14.3,990.0,162.0,1.1,6.0,8.9,84.0,0.0,0.0,349.0,-404.0,1.0
3968500,2729500.0,9.0,28.0,23.0,14.3,990.0,174.0,1.2,6.0,8.8,85.0,0.0,0.0,354.0,-402.0,1.0
3968500,2729500.0,9.0,28.0,24.0,13.9,990.0,183.0,2.0,5.0,8.8,85.0,0.0,0.0,348.0,-401.0,1.0
3968500,2729500.0,9.0,29.0,1.0,13.3,990.0,163.0,1.5,5.0,8.7,87.0,0.0,0.0,342.0,-399.0,1.0
3968500,2729500.0,9.0,29.0,2.0,13.0,990.0,159.0,1.6,5.0,8.6,89.0,0.0,0.0,340.0,-396.0,1.0
3968500,2729500.0,9.0,29.0,3.0,11.9,990.0,152.0,0.7,4.0,8.5,92.0,0.0,0.0,332.0,-394.0,1.0
3968500,2729500.0,9.0,29.0,4.0,11.8,990.0,144.0,1.3,3.0,8.3,94.0,0.0,0.0,321.0,-390.0,1.0
3968500,2729500.0,9.0,29.0,5.0,11.0,990.0,158.0,1.2,5.0,8.3,96.0,0.0,0.0,322.0,-385.0,1.0
3968500,2729500.0,9.0,29.0,6.0,11.0,990.0,159.0,1.0,3.0,8.1,97.0,0.0,0.0,319.0,-381.0,1.0
3968500,2729500.0,9.0,29.0,7.0,10.9,990.0,127.0,1.6,8.0,8.2,98.0,3.0,17.0,332.0,-379.0,1.0
3968500,2729500.0,9.0,29.0,8.0,12.5,990.0,127.0,1.1,6.0,8.5,96.0,15.0,70.0,348.0,-383.0,1.0
3968500,2729500.0,9.0,29.0,9.0,14.2,990.0,147.0,1.5,4.0,9.0,91.0,91.0,134.0,336.0,-387.0,1.0
3968500,2729500.0,9.0,29.0,10.0,16.7,990.0,153.0,2.3,4.0,9.3,83.0,144.0,186.0,336.0,-395.0,1.0
3968500,2729500.0,9.0,29.0,11.0,18.2,990.0,156.0,2.7,5.0,9.5,75.0,161.0,233.0,348.0,-407.0,1.0
3968500,2729500.0,9.0,29.0,12.0,19.6,989.0,155.0,3.6,6.0,9.4,68.0,179.0,260.0,360.0,-418.0,1.0
3968500,2729500.0,9.0,29.0,13.0,20.7,989.0,167.0,3.6,6.0,9.4,62.0,101.0,271.0,367.0,-426.0,1.0
3968500,2729500.0,9.0,29.0,14.0,21.7,989.0,161.0,3.4,7.0,9.4,58.0,42.0,237.0,375.0,-433.0,1.0
3968500,2729500.0,9.0,29.0,15.0,21.2,989.0,135.0,3.0,5.0,9.3,56.0,155.0,204.0,372.0,-434.0,1.0
3968500,2729500.0,9.0,29.0,16.0,21.4,988.0,169.0,2.9,7.0,9.4,58.0,26.0,154.0,371.0,-433.0,1.0
3968500,2729500.0,9.0,29.0,17.0,20.4,988.0,144.0,2.8,7.0,9.4,59.0,4.0,78.0,376.0,-432.0,1.0
3968500,2729500.0,9.0,29.0,18.0,19.5,987.0,167.0,3.4,7.0,9.3,62.0,0.0,12.0,370.0,-426.0,1.0
3968500,2729500.0,9.0,29.0,19.0,17.3,987.0,170.0,1.7,5.0,9.2,68.0,0.0,0.0,355.0,-420.0,1.0
3968500,2729500.0,9.0,29.0,20.0,15.9,988.0,160.0,1.7,5.0,9.1,75.0,0.0,0.0,339.0,-415.0,1.0
3968500,2729500.0,9.0,29.0,21.0,15.1,988.0,162.0,1.4,6.0,9.0,79.0,0.0,0.0,339.0,-412.0,1.0
3968500,2729500.0,9.0,29.0,22.0,14.6,988.0,166.0,2.1,5.0,9.0,83.0,0.0,0.0,337.0,-410.0,1.0
3968500,2729500.0,9.0,29.0,23.0,13.8,988.0,122.0,1.2,5.0,9.1,87.0,0.0,0.0,330.0,-409.0,1.0
3968500,2729500.0,9.0,29.0,24.0,14.1,988.0,123.0,1.0,6.0,9.1,89.0,0.0,0.0,334.0,-407.0,1.0
3968500,2729500.0,9.0,30.0,1.0,13.9,988.0,140.0,1.4,8.0,9.2,90.0,0.0,0.0,350.0,-404.0,1.0
3968500,2729500.0,9.0,30.0,2.0,13.6,988.0,132.0,0.8,8.0,9.3,92.0,0.0,0.0,361.0,-403.0,1.0
3968500,2729500.0,9.0,30.0,3.0,13.4,988.0,138.0,0.8,6.0,9.2,93.0,0.0,0.0,352.0,-403.0,1.0
3968500,2729500.0,9.0,30.0,4.0,12.6,988.0,144.0,0.9,4.0,9.1,95.0,0.0,0.0,332.0,-403.0,1.0
3968500,2729500.0,9.0,30.0,5.0,12.5,988.0,162.0,1.7,4.0,9.0,96.0,0.0,0.0,321.0,-401.0,1.0
3968500,2729500.0,9.0,30.0,6.0,12.5,988.0,144.0,2.5,5.0,9.0,97.0,0.0,0.0,323.0,-400.0,1.0
3968500,2729500.0,9.0,30.0,7.0,12.9,989.0,298.0,1.8,7.0,9.2,97.0,2.0,16.0,338.0,-397.0,1.0
3968500,2729500.0,9.0,30.0,8.0,13.6,989.0,139.0,2.9,6.0,9.3,96.0,15.0,68.0,344.0,-395.0,1.0
3968500,2729500.0,9.0,30.0,9.0,15.4,989.0,166.0,2.9,4.0,9.7,91.0,71.0,130.0,334.0,-398.0,1.0
3968500,2729500.0,9.0,30.0,10.0,15.8,989.0,173.0,3.9,5.0,10.0,88.0,76.0,190.0,334.0,-405.0,1.0
3968500,2729500.0,9.0,30.0,11.0,16.9,989.0,181.0,3.4,6.0,10.0,84.0,96.0,230.0,347.0,-412.0,1.0
3968500,2729500.0,9.0,30.0,12.0,20.1,989.0,186.0,4.2,4.0,10.3,75.0,214.0,234.0,351.0,-421.0,1.0
3968500,2729500.0,9.0,30.0,13.0,20.9,989.0,172.0,4.4,3.0,10.4,67.0,283.0,210.0,346.0,-430.0,1.0
3968500,2729500.0,9.0,30.0,14.0,21.9,990.0,184.0,4.4,4.0,9.5,58.0,196.0,223.0,347.0,-435.0,1.0
3968500,2729500.0,9.0,30.0,15.0,22.1,989.0,184.0,5.1,2.0,8.3,49.0,229.0,162.0,344.0,-438.0,1.0
3968500,2729500.0,9.0,30.0,16.0,21.3,989.0,185.0,4.4,2.0,7.9,48.0,187.0,116.0,334.0,-435.0,1.0
3968500,2729500.0,9.0,30.0,17.0,20.4,989.0,191.0,3.3,1.0,7.9,50.0,93.0,83.0,328.0,-430.0,1.0
3968500,2729500.0,9.0,30.0,18.0,18.1,988.0,191.0,2.0,2.0,8.0,56.0,9.0,30.0,322.0,-424.0,1.0
3968500,2729500.0,9.0,30.0,19.0,15.4,989.0,214.0,0.8,3.0,8.1,66.0,0.0,0.0,320.0,-414.0,1.0
3968500,2729500.0,9.0,30.0,20.0,15.1,989.0,163.0,1.4,4.0,8.4,76.0,0.0,0.0,321.0,-402.0,1.0
3968500,2729500.0,9.0,30.0,21.0,14.9,990.0,148.0,1.2,6.0,8.8,81.0,0.0,0.0,333.0,-395.0,1.0
3968500,2729500.0,9.0,30.0,22.0,14.5,990.0,127.0,1.4,7.0,8.9,83.0,0.0,0.0,347.0,-391.0,1.0
3968500,2729500.0,9.0,30.0,23.0,14.7,990.0,140.0,1.4,6.0,9.0,84.0,0.0,0.0,347.0,-388.0,1.0
3968500,2729500.0,9.0,30.0,24.0,14.3,989.0,148.0,1.2,7.0,9.0,85.0,0.0,0.0,348.0,-385.0,1.0
3968500,2729500.0,10.0,1.0,1.0,13.7,989.0,142.0,1.8,7.0,8.7,87.0,0.0,0.0,350.0,-381.0,1.0
3968500,2729500.0,10.0,1.0,2.0,12.8,989.0,121.0,1.6,6.0,8.6,88.0,0.0,0.0,344.0,-380.0,1.0
3968500,2729500.0,10.0,1.0,3.0,12.5,989.0,133.0,1.9,5.0,8.4,90.0,0.0,0.0,333.0,-379.0,1.0
3968500,2729500.0,10.0,1.0,4.0,12.5,989.0,142.0,1.7,5.0,8.6,92.0,0.0,0.0,329.0,-379.0,1.0
3968500,2729500.0,10.0,1.0,5.0,12.5,989.0,123.0,1.2,4.0,8.6,92.0,0.0,0.0,325.0,-381.0,1.0
3968500,2729500.0,10.0,1.0,6.0,13.0,989.0,139.0,1.4,5.0,8.5,90.0,0.0,0.0,325.0,-383.0,1.0
3968500,2729500.0,10.0,1.0,7.0,13.6,989.0,147.0,2.9,5.0,8.7,89.0,0.0,0.0,331.0,-386.0,1.0
3968500,2729500.0,10.0,1.0,8.0,14.0,989.0,159.0,2.7,5.0,9.2,91.0,22.0,31.0,333.0,-389.0,1.0
3968500,2729500.0,10.0,1.0,9.0,14.7,989.0,161.0,2.9,5.0,9.8,93.0,57.0,82.0,335.0,-393.0,1.0
3968500,2729500.0,10.0,1.0,10.0,15.8,989.0,173.0,3.4,7.0,10.1,90.0,96.0,106.0,350.0,-403.0,1.0
3968500,2729500.0,10.0,1.0,11.0,17.5,989.0,173.0,4.5,7.0,10.0,82.0,112.0,120.0,364.0,-416.0,1.0
3968500,2729500.0,10.0,1.0,12.0,17.5,989.0,185.0,4.2,7.0,9.9,77.0,157.0,192.0,367.0,-423.0,1.0
3968500,2729500.0,10.0,1.0,13.0,18.8,989.0,158.0,4.5,6.0,9.7,73.0,153.0,183.0,365.0,-428.0,1.0
3968500,2729500.0,10.0,1.0,14.0,19.7,988.0,179.0,4.6,6.0,9.4,66.0,190.0,189.0,364.0,-434.0,1.0
3968500,2729500.0,10.0,1.0,15.0,19.7,988.0,182.0,3.8,6.0,9.3,63.0,118.0,160.0,365.0,-438.0,1.0
3968500,2729500.0,10.0,1.0,16.0,19.9,988.0,210.0,5.0,7.0,9.5,64.0,73.0,106.0,369.0,-440.0,1.0
3968500,2729500.0,10.0,1.0,17.0,19.5,987.0,211.0,3.7,5.0,9.5,64.0,59.0,70.0,364.0,-434.0,1.0
3968500,2729500.0,10.0,1.0,18.0,18.0,987.0,175.0,2.6,3.0,9.4,68.0,22.0,12.0,342.0,-425.0,1.0
3968500,2729500.0,10.0,1.0,19.0,16.5,987.0,186.0,2.4,5.0,9.6,76.0,0.0,0.0,334.0,-418.0,1.0
3968500,2729500.0,10.0,1.0,20.0,15.6,988.0,179.0,2.4,5.0,9.8,84.0,0.0,0.0,336.0,-413.0,1.0
3968500,2729500.0,10.0,1.0,21.0,15.2,988.0,178.0,2.6,7.0,9.9,88.0,0.0,0.0,342.0,-411.0,1.0
3968500,2729500.0,10.0,1.0,22.0,13.4,987.0,261.0,3.9,8.0,9.9,95.0,0.0,0.0,354.0,-407.0,1.0
3968500,2729500.0,10.0,1.0,23.0,14.0,987.0,159.0,2.3,8.0,9.9,98.0,0.0,0.0,359.0,-404.0,1.0
3968500,2729500.0,10.0,1.0,24.0,14.3,987.0,149.0,1.7,8.0,9.9,95.0,0.0,0.0,358.0,-401.0,1.0
3968500,2729500.0,10.0,2.0,1.0,14.0,987.0,167.0,2.6,8.0,9.9,96.0,0.0,0.0,356.0,-397.0,1.0
3968500,2729500.0,10.0,2.0,2.0,13.7,987.0,179.0,2.6,8.0,9.8,96.0,0.0,0.0,354.0,-394.0,1.0
3968500,2729500.0,10.0,2.0,3.0,14.1,987.0,173.0,3.0,8.0,9.8,96.0,0.0,0.0,353.0,-392.0,1.0
3968500,2729500.0,10.0,2.0,4.0,14.3,986.0,180.0,3.4,6.0,10.0,96.0,0.0,0.0,342.0,-391.0,1.0
3968500,2729500.0,10.0,2.0,5.0,13.9,986.0,170.0,3.5,5.0,9.8,94.0,0.0,0.0,327.0,-390.0,1.0
3968500,2729500.0,10.0,2.0,6.0,14.3,986.0,184.0,4.5,5.0,9.3,90.0,0.0,0.0,323.0,-390.0,1.0
3968500,2729500.0,10.0,2.0,7.0,14.0,986.0,166.0,4.4,7.0,9.1,88.0,0.0,0.0,334.0,-393.0,1.0
3968500,2729500.0,10.0,2.0,8.0,14.3,986.0,175.0,5.2,7.0,9.1,88.0,3.0,26.0,344.0,-395.0,1.0
3968500,2729500.0,10.0,2.0,9.0,15.0,986.0,184.0,4.4,8.0,8.9,83.0,13.0,57.0,350.0,-398.0,1.0
3968500,2729500.0,10.0,2.0,10.0,15.5,986.0,181.0,5.3,7.0,8.7,78.0,25.0,97.0,352.0,-403.0,1.0
3968500,2729500.0,10.0,2.0,11.0,16.2,986.0,182.0,5.2,7.0,8.5,74.0,53.0,123.0,351.0,-410.0,1.0
3968500,2729500.0,10.0,2.0,12.0,16.3,986.0,210.0,5.1,7.0,8.5,71.0,62.0,163.0,353.0,-417.0,1.0
3968500,2729500.0,10.0,2.0,13.0,16.1,986.0,184.0,5.0,7.0,8.5,72.0,25.0,136.0,353.0,-424.0,1.0
3968500,2729500.0,10.0,2.0,14.0,15.6,986.0,181.0,5.3,7.0,8.7,75.0,20.0,120.0,353.0,-429.0,1.0
3968500,2729500.0,10.0,2.0,15.0,16.1,985.0,182.0,4.5,7.0,8.8,76.0,15.0,95.0,354.0,-431.0,1.0
3968500,2729500.0,10.0,2.0,16.0,16.0,985.0,178.0,5.4,7.0,8.8,75.0,10.0,62.0,354.0,-429.0,1.0
3968500,2729500.0,10.0,2.0,17.0,15.6,985.0,192.0,5.7,7.0,8.8,76.0,4.0,32.0,352.0,-425.0,1.0
3968500,2729500.0,10.0,2.0,18.0,15.2,984.0,196.0,6.4,7.0,8.8,78.0,1.0,7.0,350.0,-418.0,1.0
3968500,2729500.0,10.0,2.0,19.0,14.3,984.0,170.0,5.9,7.0,8.6,80.0,0.0,0.0,348.0,-413.0,1.0
3968500,2729500.0,10.0,2.0,20.0,13.8,984.0,174.0,4.9,7.0,8.2,80.0,0.0,0.0,346.0,-410.0,1.0
3968500,2729500.0,10.0,2.0,21.0,13.2,984.0,170.0,4.6,8.0,8.0,80.0,0.0,0.0,350.0,-408.0,1.0
3968500,2729500.0,10.0,2.0,22.0,12.8,984.0,167.0,4.0,8.0,8.0,82.0,0.0,0.0,353.0,-405.0,1.0
3968500,2729500.0,10.0,2.0,23.0,12.7,984.0,185.0,4.1,7.0,8.0,84.0,0.0,0.0,348.0,-403.0,1.0
3968500,2729500.0,10.0,2.0,24.0,12.9,984.0,181.0,5.1,8.0,8.1,85.0,0.0,0.0,350.0,-401.0,1.0
3968500,2729500.0,10.0,3.0,1.0,12.8,983.0,181.0,5.0,7.0,8.1,85.0,0.0,0.0,351.0,-398.0,1.0
3968500,2729500.0,10.0,3.0,2.0,12.6,983.0,185.0,3.8,7.0,8.0,85.0,0.0,0.0,346.0,-395.0,1.0
3968500,2729500.0,10.0,3.0,3.0,12.6,982.0,170.0,3.5,8.0,8.1,86.0,0.0,0.0,352.0,-392.0,1.0
3968500,2729500.0,10.0,3.0,4.0,12.6,982.0,167.0,3.3,8.0,8.2,88.0,0.0,0.0,358.0,-390.0,1.0
3968500,2729500.0,10.0,3.0,5.0,12.5,981.0,162.0,3.0,7.0,8.2,88.0,0.0,0.0,355.0,-388.0,1.0
3968500,2729500.0,10.0,3.0,6.0,12.5,980.0,166.0,2.9,6.0,8.2,88.0,0.0,0.0,347.0,-387.0,1.0
3968500,2729500.0,10.0,3.0,7.0,12.3,980.0,157.0,2.4,7.0,8.2,88.0,0.0,0.0,348.0,-385.0,1.0
3968500,2729500.0,10.0,3.0,8.0,12.7,980.0,167.0,1.9,7.0,8.2,88.0,0.0,14.0,353.0,-385.0,1.0
3968500,2729500.0,10.0,3.0,9.0,12.9,980.0,165.0,1.8,7.0,8.4,88.0,1.0,50.0,353.0,-389.0,1.0
3968500,2729500.0,10.0,3.0,10.0,13.3,979.0,172.0,2.4,7.0,8.6,88.0,3.0,87.0,355.0,-394.0,1.0
3968500,2729500.0,10.0,3.0,11.0,14.0,979.0,175.0,2.4,7.0,8.8,87.0,28.0,111.0,355.0,-396.0,1.0
3968500,2729500.0,10.0,3.0,12.0,14.5,978.0,168.0,1.9,7.0,8.8,84.0,43.0,132.0,356.0,-396.0,1.0
3968500,2729500.0,10.0,3.0,13.0,15.0,978.0,169.0,1.6,7.0,8.8,81.0,19.0,117.0,359.0,-398.0,1.0
3968500,2729500.0,10.0,3.0,14.0,15.6,977.0,144.0,1.7,8.0,8.7,77.0,19.0,111.0,366.0,-402.0,1.0
3968500,2729500.0,10.0,3.0,15.0,15.7,976.0,154.0,1.9,7.0,8.7,75.0,28.0,103.0,368.0,-403.0,1.0
3968500,2729500.0,10.0,3.0,16.0,15.4,976.0,158.0,2.1,7.0,8.8,77.0,16.0,68.0,364.0,-401.0,1.0
3968500,2729500.0,10.0,3.0,17.0,14.6,977.0,170.0,2.9,8.0,9.0,81.0,7.0,40.0,367.0,-399.0,1.0
3968500,2729500.0,10.0,3.0,18.0,13.7,977.0,156.0,1.8,8.0,8.9,85.0,0.0,7.0,367.0,-397.0,1.0
3968500,2729500.0,10.0,3.0,19.0,13.1,977.0,142.0,1.5,8.0,8.9,89.0,0.0,0.0,364.0,-394.0,1.0
3968500,2729500.0,10.0,3.0,20.0,12.7,977.0,179.0,1.6,8.0,8.9,92.0,0.0,0.0,360.0,-391.0,1.0
3968500,2729500.0,10.0,3.0,21.0,12.8,977.0,179.0,1.6,8.0,8.9,93.0,0.0,0.0,359.0,-390.0,1.0
3968500,2729500.0,10.0,3.0,22.0,13.0,978.0,21.0,2.2,8.0,8.7,90.0,0.0,0.0,358.0,-388.0,1.0
3968500,2729500.0,10.0,3.0,23.0,12.4,978.0,342.0,1.5,8.0,8.5,90.0,0.0,0.0,356.0,-385.0,1.0
3968500,2729500.0,10.0,3.0,24.0,12.0,979.0,259.0,2.5,7.0,8.6,94.0,0.0,0.0,351.0,-380.0,1.0
3968500,2729500.0,10.0,4.0,1.0,11.9,980.0,238.0,2.1,8.0,8.5,94.0,0.0,0.0,349.0,-374.0,1.0
3968500,2729500.0,10.0,4.0,2.0,11.5,981.0,215.0,1.3,8.0,8.1,91.0,0.0,0.0,350.0,-369.0,1.0
3968500,2729500.0,10.0,4.0,3.0,10.8,982.0,187.0,0.7,8.0,7.8,91.0,0.0,0.0,348.0,-365.0,1.0
3968500,2729500.0,10.0,4.0,4.0,10.7,982.0,143.0,1.8,8.0,7.7,93.0,0.0,0.0,345.0,-364.0,1.0
3968500,2729500.0,10.0,4.0,5.0,10.9,983.0,180.0,2.9,8.0,7.7,92.0,0.0,0.0,343.0,-363.0,1.0
3968500,2729500.0,10.0,4.0,6.0,10.7,983.0,193.0,2.4,8.0,7.8,93.0,0.0,0.0,342.0,-362.0,1.0
3968500,2729500.0,10.0,4.0,7.0,10.8,984.0,185.0,2.6,8.0,7.8,94.0,0.0,0.0,341.0,-363.0,1.0
3968500,2729500.0,10.0,4.0,8.0,11.4,984.0,171.0,2.5,7.0,7.8,92.0,10.0,34.0,337.0,-364.0,1.0
3968500,2729500.0,10.0,4.0,9.0,11.8,984.0,174.0,3.2,7.0,8.0,91.0,32.0,90.0,333.0,-369.0,1.0
3968500,2729500.0,10.0,4.0,10.0,12.2,985.0,178.0,3.4,7.0,8.1,89.0,45.0,110.0,332.0,-378.0,1.0
3968500,2729500.0,10.0,4.0,11.0,12.6,985.0,181.0,3.5,7.0,8.0,87.0,19.0,116.0,332.0,-387.0,1.0
3968500,2729500.0,10.0,4.0,12.0,12.5,986.0,216.0,3.4,7.0,8.0,86.0,19.0,134.0,332.0,-396.0,1.0
3968500,2729500.0,10.0,4.0,13.0,13.7,986.0,226.0,4.5,8.0,8.0,83.0,41.0,164.0,338.0,-403.0,1.0
3968500,2729500.0,10.0,4.0,14.0,13.2,986.0,208.0,3.2,8.0,8.0,81.0,80.0,221.0,343.0,-408.0,1.0
3968500,2729500.0,10.0,4.0,15.0,13.7,987.0,196.0,2.4,7.0,8.0,81.0,45.0,149.0,338.0,-412.0,1.0
3968500,2729500.0,10.0,4.0,16.0,13.4,987.0,249.0,2.0,7.0,8.0,80.0,29.0,114.0,334.0,-410.0,1.0
3968500,2729500.0,10.0,4.0,17.0,13.5,987.0,277.0,2.9,7.0,8.0,81.0,29.0,81.0,333.0,-405.0,1.0
3968500,2729500.0,10.0,4.0,18.0,12.7,988.0,188.0,2.4,6.0,7.9,81.0,5.0,13.0,327.0,-398.0,1.0
3968500,2729500.0,10.0,4.0,19.0,11.7,988.0,197.0,1.5,7.0,7.8,86.0,0.0,0.0,323.0,-392.0,1.0
3968500,2729500.0,10.0,4.0,20.0,11.1,989.0,173.0,1.1,7.0,7.7,90.0,0.0,0.0,324.0,-388.0,1.0
3968500,2729500.0,10.0,4.0,21.0,11.0,990.0,167.0,1.8,7.0,7.7,91.0,0.0,0.0,322.0,-385.0,1.0
3968500,2729500.0,10.0,4.0,22.0,10.9,990.0,145.0,1.7,7.0,7.7,93.0,0.0,0.0,323.0,-383.0,1.0
3968500,2729500.0,10.0,4.0,23.0,11.0,991.0,178.0,1.7,6.0,7.8,93.0,0.0,0.0,319.0,-380.0,1.0
3968500,2729500.0,10.0,4.0,24.0,11.0,991.0,186.0,1.9,7.0,7.8,93.0,0.0,0.0,320.0,-376.0,1.0
3968500,2729500.0,10.0,5.0,1.0,10.5,991.0,193.0,1.5,7.0,7.7,94.0,0.0,0.0,323.0,-371.0,1.0
3968500,2729500.0,10.0,5.0,2.0,10.6,992.0,189.0,1.0,8.0,7.6,94.0,0.0,0.0,328.0,-367.0,1.0
3968500,2729500.0,10.0,5.0,3.0,10.4,992.0,165.0,0.8,8.0,7.6,94.0,0.0,0.0,336.0,-362.0,1.0
3968500,2729500.0,10.0,5.0,4.0,10.2,992.0,170.0,1.4,6.0,7.6,95.0,0.0,0.0,328.0,-357.0,1.0
3968500,2729500.0,10.0,5.0,5.0,9.8,992.0,181.0,1.5,8.0,7.4,95.0,0.0,0.0,328.0,-354.0,1.0
3968500,2729500.0,10.0,5.0,6.0,9.8,993.0,159.0,1.5,8.0,7.3,95.0,0.0,0.0,339.0,-352.0,1.0
3968500,2729500.0,10.0,5.0,7.0,9.6,993.0,159.0,1.7,6.0,7.3,95.0,0.0,0.0,328.0,-350.0,1.0
3968500,2729500.0,10.0,5.0,8.0,10.2,994.0,163.0,1.7,6.0,7.4,95.0,35.0,37.0,318.0,-350.0,1.0
3968500,2729500.0,10.0,5.0,9.0,11.5,994.0,190.0,3.5,6.0,7.4,90.0,54.0,62.0,321.0,-356.0,1.0
3968500,2729500.0,10.0,5.0,10.0,12.4,994.0,203.0,3.2,6.0,7.3,82.0,107.0,92.0,324.0,-368.0,1.0
3968500,2729500.0,10.0,5.0,11.0,13.3,995.0,207.0,3.7,6.0,7.2,76.0,160.0,126.0,327.0,-383.0,1.0
3968500,2729500.0,10.0,5.0,12.0,12.7,995.0,211.0,3.2,5.0,6.9,73.0,165.0,170.0,323.0,-396.0,1.0
3968500,2729500.0,10.0,5.0,13.0,14.7,995.0,221.0,3.6,5.0,7.0,70.0,162.0,157.0,320.0,-402.0,1.0
3968500,2729500.0,10.0,5.0,14.0,15.3,995.0,226.0,4.4,5.0,7.2,66.0,117.0,135.0,323.0,-404.0,1.0
3968500,2729500.0,10.0,5.0,15.0,15.8,995.0,186.0,4.6,3.0,6.8,61.0,184.0,155.0,317.0,-403.0,1.0
3968500,2729500.0,10.0,5.0,16.0,14.7,994.0,196.0,3.8,5.0,6.6,60.0,147.0,119.0,315.0,-401.0,1.0
3968500,2729500.0,10.0,5.0,17.0,13.9,994.0,190.0,3.3,5.0,6.9,66.0,73.0,64.0,319.0,-398.0,1.0
3968500,2729500.0,10.0,5.0,18.0,12.6,994.0,187.0,3.0,6.0,7.1,73.0,13.0,11.0,319.0,-392.0,1.0
3968500,2729500.0,10.0,5.0,19.0,11.9,994.0,176.0,3.4,4.0,7.2,79.0,0.0,0.0,313.0,-384.0,1.0
3968500,2729500.0,10.0,5.0,20.0,11.5,995.0,171.0,3.2,4.0,7.2,82.0,0.0,0.0,305.0,-378.0,1.0
3968500,2729500.0,10.0,5.0,21.0,11.1,995.0,167.0,3.5,6.0,7.1,83.0,0.0,0.0,312.0,-375.0,1.0
3968500,2729500.0,10.0,5.0,22.0,10.5,994.0,166.0,3.7,5.0,7.0,85.0,0.0,0.0,315.0,-374.0,1.0
3968500,2729500.0,10.0,5.0,23.0,11.1,994.0,169.0,4.1,6.0,7.1,86.0,0.0,0.0,316.0,-374.0,1.0
3968500,2729500.0,10.0,5.0,24.0,11.2,993.0,170.0,3.9,7.0,7.2,85.0,0.0,0.0,326.0,-375.0,1.0
3968500,2729500.0,10.0,6.0,1.0,11.5,993.0,169.0,4.5,8.0,7.3,85.0,0.0,0.0,336.0,-376.0,1.0
3968500,2729500.0,10.0,6.0,2.0,10.8,992.0,174.0,4.7,7.0,7.5,89.0,0.0,0.0,338.0,-376.0,1.0
3968500,2729500.0,10.0,6.0,3.0,10.8,992.0,177.0,4.9,8.0,7.8,94.0,0.0,0.0,338.0,-376.0,1.0
3968500,2729500.0,10.0,6.0,4.0,11.0,991.0,180.0,5.3,8.0,7.9,95.0,0.0,0.0,344.0,-376.0,1.0
3968500,2729500.0,10.0,6.0,5.0,11.0,991.0,181.0,4.4,7.0,8.0,95.0,0.0,0.0,343.0,-376.0,1.0
3968500,2729500.0,10.0,6.0,6.0,11.4,991.0,175.0,4.0,6.0,8.1,95.0,0.0,0.0,337.0,-376.0,1.0
3968500,2729500.0,10.0,6.0,7.0,11.5,991.0,195.0,3.7,7.0,8.2,95.0,0.0,0.0,340.0,-377.0,1.0
3968500,2729500.0,10.0,6.0,8.0,11.8,991.0,155.0,3.3,8.0,8.3,95.0,3.0,25.0,349.0,-378.0,1.0
3968500,2729500.0,10.0,6.0,9.0,12.0,991.0,187.0,3.0,8.0,8.5,96.0,3.0,54.0,355.0,-378.0,1.0
3968500,2729500.0,10.0,6.0,10.0,12.9,991.0,187.0,3.8,7.0,8.8,95.0,17.0,98.0,353.0,-379.0,1.0
3968500,2729500.0,10.0,6.0,11.0,13.0,991.0,162.0,3.6,7.0,8.9,94.0,56.0,124.0,351.0,-381.0,1.0
3968500,2729500.0,10.0,6.0,12.0,13.6,990.0,190.0,4.2,7.0,9.0,92.0,38.0,139.0,353.0,-384.0,1.0
3968500,2729500.0,10.0,6.0,13.0,13.9,990.0,194.0,4.4,7.0,9.0,90.0,2.0,100.0,354.0,-388.0,1.0
3968500,2729500.0,10.0,6.0,14.0,13.9,989.0,183.0,5.1,7.0,9.2,91.0,3.0,91.0,356.0,-393.0,1.0
3968500,2729500.0,10.0,6.0,15.0,14.6,989.0,182.0,5.6,7.0,9.3,89.0,5.0,82.0,358.0,-398.0,1.0
3968500,2729500.0,10.0,6.0,16.0,15.2,988.0,183.0,5.3,7.0,9.2,84.0,20.0,89.0,360.0,-403.0,1.0
3968500,2729500.0,10.0,6.0,17.0,15.0,988.0,177.0,5.0,7.0,9.1,83.0,16.0,61.0,361.0,-402.0,1.0
3968500,2729500.0,10.0,6.0,18.0,14.7,987.0,177.0,5.3,7.0,9.0,83.0,2.0,10.0,361.0,-397.0,1.0
3968500,2729500.0,10.0,6.0,19.0,14.0,987.0,179.0,5.8,7.0,8.9,84.0,0.0,0.0,359.0,-394.0,1.0
3968500,2729500.0,10.0,6.0,20.0,14.1,986.0,166.0,5.0,7.0,8.7,85.0,0.0,0.0,358.0,-393.0,1.0
3968500,2729500.0,10.0,6.0,21.0,13.8,986.0,170.0,4.5,7.0,8.7,85.0,0.0,0.0,357.0,-392.0,1.0
3968500,2729500.0,10.0,6.0,22.0,14.1,985.0,179.0,5.4,7.0,8.6,84.0,0.0,0.0,357.0,-391.0,1.0
3968500,2729500.0,10.0,6.0,23.0,14.2,985.0,170.0,5.5,7.0,8.6,83.0,0.0,0.0,357.0,-390.0,1.0
3968500,2729500.0,10.0,6.0,24.0,14.2,984.0,167.0,4.7,7.0,8.6,83.0,0.0,0.0,356.0,-389.0,1.0
3968500,2729500.0,10.0,7.0,1.0,13.2,983.0,175.0,4.9,7.0,8.9,88.0,0.0,0.0,355.0,-389.0,1.0
3968500,2729500.0,10.0,7.0,2.0,13.3,983.0,179.0,5.2,6.0,9.2,93.0,0.0,0.0,350.0,-390.0,1.0
3968500,2729500.0,10.0,7.0,3.0,13.6,982.0,179.0,5.5,7.0,9.2,92.0,0.0,0.0,350.0,-388.0,1.0
3968500,2729500.0,10.0,7.0,4.0,13.1,982.0,191.0,3.6,7.0,9.0,91.0,0.0,0.0,352.0,-385.0,1.0
3968500,2729500.0,10.0,7.0,5.0,12.4,983.0,178.0,2.9,7.0,8.4,89.0,0.0,0.0,349.0,-384.0,1.0
3968500,2729500.0,10.0,7.0,6.0,11.9,983.0,196.0,2.5,8.0,8.0,88.0,0.0,0.0,352.0,-383.0,1.0
3968500,2729500.0,10.0,7.0,7.0,12.2,983.0,200.0,2.8,8.0,8.1,89.0,0.0,0.0,357.0,-383.0,1.0
3968500,2729500.0,10.0,7.0,8.0,12.8,984.0,255.0,2.9,8.0,8.2,88.0,58.0,17.0,358.0,-384.0,1.0
3968500,2729500.0,10.0,7.0,9.0,13.2,984.0,196.0,4.9,5.0,8.2,85.0,117.0,43.0,344.0,-384.0,1.0
3968500,2729500.0,10.0,7.0,10.0,13.2,985.0,196.0,4.3,7.0,8.2,84.0,103.0,43.0,340.0,-388.0,1.0
3968500,2729500.0,10.0,7.0,11.0,12.8,986.0,234.0,3.0,8.0,8.4,88.0,0.0,79.0,359.0,-394.0,1.0
3968500,2729500.0,10.0,7.0,12.0,13.0,987.0,255.0,3.8,8.0,8.4,88.0,1.0,86.0,362.0,-400.0,1.0
3968500,2729500.0,10.0,7.0,13.0,12.4,988.0,258.0,4.0,7.0,7.9,84.0,6.0,103.0,350.0,-405.0,1.0
3968500,2729500.0,10.0,7.0,14.0,14.2,988.0,259.0,5.4,8.0,7.2,74.0,32.0,91.0,349.0,-408.0,1.0
3968500,2729500.0,10.0,7.0,15.0,12.1,989.0,269.0,5.7,7.0,7.1,73.0,117.0,71.0,347.0,-408.0,1.0
3968500,2729500.0,10.0,7.0,16.0,14.0,990.0,264.0,4.4,6.0,7.0,73.0,72.0,65.0,336.0,-404.0,1.0
3968500,2729500.0,10.0,7.0,17.0,13.2,991.0,289.0,5.0,4.0,6.8,68.0,10.0,30.0,325.0,-397.0,1.0
3968500,2729500.0,10.0,7.0,18.0,12.7,992.0,252.0,2.6,4.0,6.7,70.0,4.0,6.0,312.0,-389.0,1.0
3968500,2729500.0,10.0,7.0,19.0,11.1,994.0,256.0,3.0,3.0,6.9,78.0,0.0,0.0,305.0,-380.0,1.0
3968500,2729500.0,10.0,7.0,20.0,10.1,995.0,226.0,2.3,3.0,6.8,85.0,0.0,0.0,296.0,-372.0,1.0
3968500,2729500.0,10.0,7.0,21.0,9.2,995.0,212.0,2.3,2.0,6.7,89.0,0.0,0.0,283.0,-368.0,1.0
3968500,2729500.0,10.0,7.0,22.0,8.6,996.0,200.0,2.2,2.0,6.6,91.0,0.0,0.0,277.0,-365.0,1.0
3968500,2729500.0,10.0,7.0,23.0,8.4,997.0,171.0,2.3,1.0,6.6,92.0,0.0,0.0,275.0,-361.0,1.0
3968500,2729500.0,10.0,7.0,24.0,8.4,998.0,188.0,2.2,1.0,6.7,94.0,0.0,0.0,268.0,-359.0,1.0
3968500,2729500.0,10.0,8.0,1.0,8.3,996.0,163.0,2.0,0.0,6.8,96.0,0.0,0.0,281.0,-377.0,1.0
3968500,2729500.0,10.0,8.0,2.0,8.3,996.0,174.0,1.8,0.0,6.9,98.0,0.0,0.0,274.0,-377.0,1.0
3968500,2729500.0,10.0,8.0,3.0,8.1,996.0,161.0,1.6,0.0,7.0,100.0,0.0,0.0,273.0,-378.0,1.0
3968500,2729500.0,10.0,8.0,4.0,7.8,996.0,156.0,1.4,0.0,6.8,100.0,0.0,0.0,271.0,-378.0,1.0
3968500,2729500.0,10.0,8.0,5.0,7.5,996.0,91.0,1.4,2.0,6.7,100.0,0.0,0.0,274.0,-377.0,1.0
3968500,2729500.0,10.0,8.0,6.0,7.1,996.0,12.0,1.2,1.0,6.4,100.0,0.0,0.0,276.0,-376.0,1.0
3968500,2729500.0,10.0,8.0,7.0,6.5,996.0,195.0,0.9,7.0,6.3,100.0,0.0,1.0,300.0,-376.0,1.0
3968500,2729500.0,10.0,8.0,8.0,8.0,997.0,150.0,0.9,5.0,6.4,99.0,20.0,50.0,317.0,-378.0,1.0
3968500,2729500.0,10.0,8.0,9.0,10.1,997.0,159.0,1.0,5.0,7.0,96.0,86.0,113.0,315.0,-379.0,1.0
3968500,2729500.0,10.0,8.0,10.0,13.5,998.0,171.0,2.1,5.0,7.6,87.0,185.0,149.0,323.0,-382.0,1.0
3968500,2729500.0,10.0,8.0,11.0,15.3,997.0,147.0,2.5,3.0,8.1,78.0,252.0,178.0,324.0,-388.0,1.0
3968500,2729500.0,10.0,8.0,12.0,16.2,997.0,162.0,3.3,4.0,8.3,73.0,291.0,190.0,324.0,-398.0,1.0
3968500,2729500.0,10.0,8.0,13.0,17.6,997.0,173.0,2.7,2.0,8.3,68.0,307.0,183.0,325.0,-408.0,1.0
3968500,2729500.0,10.0,8.0,14.0,18.2,996.0,188.0,2.6,2.0,8.5,65.0,252.0,187.0,321.0,-412.0,1.0
3968500,2729500.0,10.0,8.0,15.0,18.6,996.0,154.0,2.8,3.0,8.9,66.0,189.0,166.0,327.0,-415.0,1.0
3968500,2729500.0,10.0,8.0,16.0,18.4,996.0,173.0,2.4,3.0,9.2,68.0,133.0,120.0,331.0,-415.0,1.0
3968500,2729500.0,10.0,8.0,17.0,17.3,996.0,139.0,1.9,3.0,9.0,70.0,55.0,68.0,326.0,-409.0,1.0
3968500,2729500.0,10.0,8.0,18.0,14.0,996.0,175.0,2.0,3.0,9.0,79.0,5.0,14.0,318.0,-398.0,1.0
3968500,2729500.0,10.0,8.0,19.0,13.5,996.0,173.0,1.8,1.0,8.9,89.0,0.0,0.0,304.0,-388.0,1.0
3968500,2729500.0,10.0,8.0,20.0,12.3,996.0,131.0,1.7,1.0,8.7,92.0,0.0,0.0,292.0,-382.0,1.0
3968500,2729500.0,10.0,8.0,21.0,11.1,997.0,338.0,0.9,1.0,8.5,97.0,0.0,0.0,286.0,-377.0,1.0
3968500,2729500.0,10.0,8.0,22.0,10.5,997.0,140.0,1.5,1.0,8.2,99.0,0.0,0.0,282.0,-374.0,1.0
3968500,2729500.0,10.0,8.0,23.0,10.8,997.0,149.0,1.6,1.0,8.1,100.0,0.0,0.0,281.0,-370.0,1.0
3968500,2729500.0,10.0,8.0,24.0,10.4,997.0,135.0,1.9,0.0,8.1,100.0,0.0,0.0,274.0,-366.0,1.0
3968500,2729500.0,10.0,9.0,1.0,10.6,996.0,147.0,1.2,4.0,8.0,99.0,0.0,0.0,287.0,-364.0,1.0
3968500,2729500.0,10.0,9.0,2.0,9.2,997.0,137.0,1.6,4.0,7.6,99.0,0.0,0.0,302.0,-362.0,1.0
3968500,2729500.0,10.0,9.0,3.0,9.2,997.0,143.0,1.8,3.0,7.4,100.0,0.0,0.0,295.0,-361.0,1.0
3968500,2729500.0,10.0,9.0,4.0,9.4,997.0,133.0,2.0,3.0,7.4,100.0,0.0,0.0,290.0,-359.0,1.0
3968500,2729500.0,10.0,9.0,5.0,10.1,997.0,155.0,2.1,5.0,7.5,98.0,0.0,0.0,301.0,-359.0,1.0
3968500,2729500.0,10.0,9.0,6.0,9.6,998.0,132.0,2.3,6.0,7.6,98.0,0.0,0.0,317.0,-359.0,1.0
3968500,2729500.0,10.0,9.0,7.0,9.9,998.0,146.0,2.4,8.0,7.6,99.0,0.0,0.0,334.0,-360.0,1.0
3968500,2729500.0,10.0,9.0,8.0,10.3,998.0,142.0,2.9,7.0,7.8,100.0,17.0,43.0,342.0,-363.0,1.0
3968500,2729500.0,10.0,9.0,9.0,11.2,999.0,157.0,3.1,6.0,8.2,100.0,27.0,115.0,333.0,-369.0,1.0
3968500,2729500.0,10.0,9.0,10.0,11.5,1000.0,158.0,3.6,6.0,8.5,100.0,16.0,163.0,330.0,-375.0,1.0
3968500,2729500.0,10.0,9.0,11.0,12.2,1000.0,164.0,3.5,7.0,8.8,100.0,47.0,214.0,340.0,-379.0,1.0
3968500,2729500.0,10.0,9.0,12.0,13.0,1000.0,156.0,3.3,7.0,9.0,97.0,59.0,238.0,350.0,-380.0,1.0
3968500,2729500.0,10.0,9.0,13.0,13.7,1000.0,158.0,3.4,6.0,9.1,94.0,59.0,237.0,347.0,-378.0,1.0
3968500,2729500.0,10.0,9.0,14.0,15.8,1000.0,155.0,3.0,5.0,9.3,88.0,113.0,213.0,340.0,-377.0,1.0
3968500,2729500.0,10.0,9.0,15.0,15.7,1000.0,164.0,2.8,3.0,9.4,83.0,328.0,67.0,325.0,-378.0,1.0
3968500,2729500.0,10.0,9.0,16.0,15.2,1000.0,156.0,3.4,3.0,9.2,83.0,234.0,48.0,314.0,-381.0,1.0
3968500,2729500.0,10.0,9.0,17.0,14.1,1001.0,137.0,3.1,5.0,9.1,86.0,98.0,37.0,322.0,-384.0,1.0
3968500,2729500.0,10.0,9.0,18.0,12.7,1001.0,143.0,2.4,5.0,8.9,91.0,7.0,11.0,328.0,-383.0,1.0
3968500,2729500.0,10.0,9.0,19.0,12.4,1001.0,129.0,2.4,2.0,8.6,94.0,0.0,0.0,308.0,-381.0,1.0
3968500,2729500.0,10.0,9.0,20.0,11.1,1001.0,123.0,2.0,1.0,8.4,96.0,0.0,0.0,285.0,-379.0,1.0
3968500,2729500.0,10.0,9.0,21.0,11.1,1001.0,139.0,1.8,2.0,8.2,99.0,0.0,0.0,284.0,-379.0,1.0
3968500,2729500.0,10.0,9.0,22.0,12.0,1001.0,149.0,2.5,4.0,8.4,98.0,0.0,0.0,299.0,-378.0,1.0
3968500,2729500.0,10.0,9.0,23.0,12.1,1002.0,139.0,2.5,4.0,8.6,97.0,0.0,0.0,307.0,-375.0,1.0
3968500,2729500.0,10.0,9.0,24.0,11.7,1002.0,169.0,1.7,5.0,8.6,98.0,0.0,0.0,308.0,-372.0,1.0
3968500,2729500.0,10.0,10.0,1.0,11.4,1001.0,123.0,2.6,4.0,8.6,99.0,0.0,0.0,304.0,-368.0,1.0
3968500,2729500.0,10.0,10.0,2.0,11.1,1002.0,166.0,1.8,3.0,8.4,100.0,0.0,0.0,295.0,-367.0,1.0
3968500,2729500.0,10.0,10.0,3.0,11.1,1002.0,117.0,2.7,7.0,8.2,98.0,0.0,0.0,304.0,-364.0,1.0
3968500,2729500.0,10.0,10.0,4.0,10.8,1002.0,135.0,2.2,8.0,8.0,97.0,0.0,0.0,319.0,-361.0,1.0
3968500,2729500.0,10.0,10.0,5.0,10.6,1002.0,128.0,2.1,8.0,7.8,96.0,0.0,0.0,320.0,-360.0,1.0
3968500,2729500.0,10.0,10.0,6.0,10.6,1002.0,127.0,2.0,7.0,7.8,96.0,0.0,0.0,315.0,-356.0,1.0
3968500,2729500.0,10.0,10.0,7.0,10.6,1001.0,112.0,2.5,8.0,7.8,96.0,0.0,0.0,314.0,-352.0,1.0
3968500,2729500.0,10.0,10.0,8.0,10.7,1001.0,113.0,2.4,7.0,7.8,96.0,3.0,40.0,314.0,-351.0,1.0
3968500,2729500.0,10.0,10.0,9.0,11.0,1002.0,129.0,1.5,6.0,7.9,96.0,15.0,109.0,308.0,-358.0,1.0
3968500,2729500.0,10.0,10.0,10.0,11.9,1002.0,251.0,1.8,8.0,8.0,94.0,18.0,166.0,312.0,-374.0,1.0
3968500,2729500.0,10.0,10.0,11.0,12.2,1002.0,208.0,2.2,8.0,8.2,92.0,32.0,212.0,321.0,-391.0,1.0
3968500,2729500.0,10.0,10.0,12.0,13.1,1003.0,248.0,1.6,7.0,8.3,89.0,184.0,205.0,321.0,-407.0,1.0
3968500,2729500.0,10.0,10.0,13.0,14.6,1003.0,195.0,2.0,4.0,8.6,86.0,328.0,131.0,316.0,-419.0,1.0
3968500,2729500.0,10.0,10.0,14.0,16.1,1002.0,191.0,2.0,4.0,9.0,82.0,300.0,120.0,313.0,-426.0,1.0
3968500,2729500.0,10.0,10.0,15.0,16.2,1001.0,157.0,1.8,5.0,8.8,76.0,219.0,114.0,320.0,-427.0,1.0
3968500,2729500.0,10.0,10.0,16.0,16.3,1001.0,194.0,1.6,5.0,8.8,75.0,112.0,101.0,324.0,-422.0,1.0
3968500,2729500.0,10.0,10.0,17.0,15.1,1000.0,195.0,1.5,7.0,9.0,80.0,34.0,57.0,328.0,-414.0,1.0
3968500,2729500.0,10.0,10.0,18.0,13.8,1000.0,182.0,1.6,7.0,9.0,86.0,1.0,10.0,330.0,-402.0,1.0
3968500,2729500.0,10.0,10.0,19.0,13.2,1000.0,107.0,1.2,3.0,8.9,91.0,0.0,0.0,315.0,-391.0,1.0
3968500,2729500.0,10.0,10.0,20.0,12.5,1000.0,72.0,1.5,3.0,8.7,93.0,0.0,0.0,302.0,-385.0,1.0
3968500,2729500.0,10.0,10.0,21.0,12.1,1000.0,213.0,1.0,8.0,8.6,95.0,0.0,0.0,313.0,-381.0,1.0
3968500,2729500.0,10.0,10.0,22.0,11.4,1000.0,255.0,0.8,5.0,8.5,97.0,0.0,0.0,317.0,-379.0,1.0
3968500,2729500.0,10.0,10.0,23.0,10.8,999.0,109.0,0.9,4.0,8.2,98.0,0.0,0.0,305.0,-375.0,1.0
3968500,2729500.0,10.0,10.0,24.0,9.9,999.0,121.0,1.1,3.0,7.9,99.0,0.0,0.0,297.0,-372.0,1.0
3968500,2729500.0,10.0,11.0,1.0,9.8,999.0,164.0,1.7,0.0,7.7,100.0,0.0,0.0,283.0,-368.0,1.0
3968500,2729500.0,10.0,11.0,2.0,9.6,999.0,189.0,2.0,1.0,7.6,100.0,0.0,0.0,276.0,-365.0,1.0
3968500,2729500.0,10.0,11.0,3.0,9.0,998.0,176.0,2.1,1.0,7.2,98.0,0.0,0.0,278.0,-363.0,1.0
3968500,2729500.0,10.0,11.0,4.0,8.6,998.0,126.0,1.7,3.0,6.9,96.0,0.0,0.0,283.0,-363.0,1.0
3968500,2729500.0,10.0,11.0,5.0,7.5,998.0,132.0,1.3,5.0,6.7,98.0,0.0,0.0,294.0,-363.0,1.0
3968500,2729500.0,10.0,11.0,6.0,7.0,998.0,120.0,1.2,5.0,6.4,100.0,0.0,0.0,299.0,-361.0,1.0
3968500,2729500.0,10.0,11.0,7.0,6.9,997.0,155.0,1.4,3.0,6.3,100.0,0.0,0.0,290.0,-360.0,1.0
3968500,2729500.0,10.0,11.0,8.0,7.6,998.0,121.0,1.4,4.0,6.5,100.0,36.0,41.0,288.0,-360.0,1.0
3968500,2729500.0,10.0,11.0,9.0,9.5,998.0,113.0,1.4,1.0,6.7,95.0,138.0,76.0,283.0,-364.0,1.0
3968500,2729500.0,10.0,11.0,10.0,12.2,998.0,165.0,1.7,3.0,7.2,88.0,247.0,92.0,284.0,-375.0,1.0
3968500,2729500.0,10.0,11.0,11.0,14.4,998.0,154.0,2.3,2.0,7.4,77.0,329.0,102.0,294.0,-389.0,1.0
3968500,2729500.0,10.0,11.0,12.0,15.8,998.0,155.0,2.8,0.0,7.3,67.0,366.0,113.0,289.0,-402.0,1.0
3968500,2729500.0,10.0,11.0,13.0,16.5,997.0,145.0,3.2,0.0,7.2,62.0,347.0,129.0,287.0,-411.0,1.0
3968500,2729500.0,10.0,11.0,14.0,17.4,997.0,147.0,4.0,0.0,6.9,56.0,336.0,111.0,289.0,-416.0,1.0
3968500,2729500.0,10.0,11.0,15.0,17.4,996.0,142.0,4.1,0.0,6.7,53.0,278.0,92.0,291.0,-416.0,1.0
3968500,2729500.0,10.0,11.0,16.0,16.9,996.0,133.0,4.0,0.0,6.6,53.0,177.0,76.0,290.0,-412.0,1.0
3968500,2729500.0,10.0,11.0,17.0,15.8,996.0,117.0,2.9,0.0,6.8,58.0,72.0,49.0,288.0,-404.0,1.0
3968500,2729500.0,10.0,11.0,18.0,13.6,996.0,121.0,2.7,0.0,7.0,66.0,6.0,11.0,284.0,-393.0,1.0
3968500,2729500.0,10.0,11.0,19.0,11.3,996.0,121.0,2.6,0.0,6.9,76.0,0.0,0.0,277.0,-383.0,1.0
3968500,2729500.0,10.0,11.0,20.0,10.1,996.0,140.0,2.0,0.0,6.9,84.0,0.0,0.0,271.0,-377.0,1.0
3968500,2729500.0,10.0,11.0,21.0,9.4,996.0,124.0,1.9,0.0,6.9,89.0,0.0,0.0,268.0,-371.0,1.0
3968500,2729500.0,10.0,11.0,22.0,9.1,996.0,120.0,1.8,1.0,6.8,92.0,0.0,0.0,270.0,-366.0,1.0
3968500,2729500.0,10.0,11.0,23.0,7.8,996.0,111.0,1.6,1.0,6.7,95.0,0.0,0.0,271.0,-364.0,1.0
3968500,2729500.0,10.0,11.0,24.0,7.5,996.0,144.0,1.6,0.0,6.5,97.0,0.0,0.0,266.0,-361.0,1.0
3968500,2729500.0,10.0,12.0,1.0,7.8,997.0,99.0,1.0,0.0,6.4,97.0,0.0,0.0,264.0,-356.0,1.0
3968500,2729500.0,10.0,12.0,2.0,7.6,997.0,107.0,1.9,0.0,6.4,96.0,0.0,0.0,264.0,-352.0,1.0
3968500,2729500.0,10.0,12.0,3.0,8.6,997.0,126.0,2.3,0.0,6.4,93.0,0.0,0.0,266.0,-349.0,1.0
3968500,2729500.0,10.0,12.0,4.0,8.6,997.0,121.0,1.5,0.0,6.4,91.0,0.0,0.0,267.0,-349.0,1.0
3968500,2729500.0,10.0,12.0,5.0,7.3,997.0,124.0,1.2,4.0,6.2,92.0,0.0,0.0,278.0,-350.0,1.0
3968500,2729500.0,10.0,12.0,6.0,6.1,997.0,114.0,1.2,5.0,5.9,95.0,0.0,0.0,291.0,-351.0,1.0
3968500,2729500.0,10.0,12.0,7.0,5.2,997.0,93.0,1.0,4.0,5.7,99.0,0.0,0.0,288.0,-350.0,1.0
3968500,2729500.0,10.0,12.0,8.0,6.5,997.0,73.0,1.1,3.0,5.9,100.0,33.0,42.0,282.0,-352.0,1.0
3968500,2729500.0,10.0,12.0,9.0,9.8,998.0,114.0,1.8,2.0,6.4,93.0,117.0,90.0,282.0,-358.0,1.0
3968500,2729500.0,10.0,12.0,10.0,12.9,999.0,164.0,2.1,1.0,6.8,80.0,210.0,119.0,286.0,-369.0,1.0
3968500,2729500.0,10.0,12.0,11.0,15.0,998.0,153.0,3.2,0.0,7.2,72.0,277.0,142.0,289.0,-385.0,1.0
3968500,2729500.0,10.0,12.0,12.0,16.7,998.0,181.0,3.0,0.0,7.4,65.0,318.0,153.0,293.0,-401.0,1.0
3968500,2729500.0,10.0,12.0,13.0,17.4,997.0,159.0,2.8,0.0,7.4,60.0,303.0,167.0,298.0,-412.0,1.0
3968500,2729500.0,10.0,12.0,14.0,18.7,996.0,204.0,2.5,0.0,7.5,57.0,277.0,155.0,302.0,-418.0,1.0
3968500,2729500.0,10.0,12.0,15.0,19.0,996.0,148.0,2.3,0.0,7.5,54.0,239.0,122.0,305.0,-420.0,1.0
3968500,2729500.0,10.0,12.0,16.0,18.3,995.0,91.0,2.2,0.0,7.6,56.0,153.0,93.0,305.0,-418.0,1.0
3968500,2729500.0,10.0,12.0,17.0,15.9,995.0,141.0,1.9,0.0,8.0,65.0,61.0,55.0,302.0,-410.0,1.0
3968500,2729500.0,10.0,12.0,18.0,13.9,995.0,94.0,1.9,0.0,8.1,75.0,4.0,11.0,295.0,-399.0,1.0
3968500,2729500.0,10.0,12.0,19.0,12.7,996.0,80.0,1.2,0.0,7.6,78.0,0.0,0.0,290.0,-388.0,1.0
3968500,2729500.0,10.0,12.0,20.0,11.5,996.0,42.0,1.2,0.0,7.3,82.0,0.0,0.0,286.0,-378.0,1.0
3968500,2729500.0,10.0,12.0,21.0,11.1,997.0,18.0,1.6,0.0,7.2,85.0,0.0,0.0,285.0,-371.0,1.0
3968500,2729500.0,10.0,12.0,22.0,9.8,996.0,32.0,1.2,0.0,7.0,87.0,0.0,0.0,283.0,-367.0,1.0
3968500,2729500.0,10.0,12.0,23.0,9.1,996.0,168.0,1.5,0.0,6.7,89.0,0.0,0.0,280.0,-364.0,1.0
3968500,2729500.0,10.0,12.0,24.0,7.5,996.0,23.0,0.9,0.0,6.4,93.0,0.0,0.0,277.0,-362.0,1.0
3968500,2729500.0,10.0,13.0,1.0,6.4,996.0,14.0,1.4,0.0,6.2,97.0,0.0,0.0,273.0,-358.0,1.0
3968500,2729500.0,10.0,13.0,2.0,6.2,996.0,321.0,1.7,0.0,6.0,100.0,0.0,0.0,271.0,-355.0,1.0
3968500,2729500.0,10.0,13.0,3.0,5.3,996.0,45.0,1.6,0.0,5.8,100.0,0.0,0.0,269.0,-354.0,1.0
3968500,2729500.0,10.0,13.0,4.0,4.9,996.0,14.0,1.5,0.0,5.6,100.0,0.0,0.0,267.0,-355.0,1.0
3968500,2729500.0,10.0,13.0,5.0,4.7,996.0,1.0,1.5,1.0,5.4,100.0,0.0,0.0,269.0,-355.0,1.0
3968500,2729500.0,10.0,13.0,6.0,3.8,996.0,205.0,1.2,1.0,5.2,100.0,0.0,0.0,269.0,-355.0,1.0
3968500,2729500.0,10.0,13.0,7.0,4.1,996.0,28.0,1.1,7.0,5.1,100.0,0.0,0.0,287.0,-356.0,1.0
3968500,2729500.0,10.0,13.0,8.0,4.1,997.0,194.0,1.1,5.0,5.2,100.0,32.0,36.0,302.0,-358.0,1.0
3968500,2729500.0,10.0,13.0,9.0,5.0,997.0,128.0,0.9,3.0,5.3,99.0,99.0,83.0,286.0,-365.0,1.0
3968500,2729500.0,10.0,13.0,10.0,7.1,997.0,129.0,1.0,4.0,5.8,97.0,153.0,132.0,286.0,-375.0,1.0
3968500,2729500.0,10.0,13.0,11.0,11.2,997.0,112.0,1.2,0.0,6.6,90.0,268.0,127.0,281.0,-389.0,1.0
3968500,2729500.0,10.0,13.0,12.0,13.9,998.0,131.0,1.0,0.0,7.1,77.0,358.0,110.0,273.0,-402.0,1.0
3968500,2729500.0,10.0,13.0,13.0,16.2,997.0,214.0,1.5,0.0,7.0,65.0,355.0,117.0,281.0,-412.0,1.0
3968500,2729500.0,10.0,13.0,14.0,16.9,997.0,231.0,1.4,0.0,6.9,58.0,331.0,106.0,285.0,-416.0,1.0
3968500,2729500.0,10.0,13.0,15.0,17.5,996.0,208.0,1.9,0.0,7.0,56.0,272.0,88.0,287.0,-415.0,1.0
3968500,2729500.0,10.0,13.0,16.0,16.3,996.0,203.0,1.8,0.0,7.0,58.0,170.0,73.0,286.0,-407.0,1.0
3968500,2729500.0,10.0,13.0,17.0,13.6,996.0,242.0,1.4,0.0,7.4,69.0,61.0,47.0,282.0,-399.0,1.0
3968500,2729500.0,10.0,13.0,18.0,11.5,997.0,238.0,2.1,0.0,7.4,81.0,4.0,9.0,277.0,-394.0,1.0
3968500,2729500.0,10.0,13.0,19.0,10.3,997.0,32.0,1.5,0.0,7.0,84.0,0.0,0.0,272.0,-392.0,1.0
3968500,2729500.0,10.0,13.0,20.0,9.2,997.0,354.0,2.1,0.0,6.8,89.0,0.0,0.0,269.0,-390.0,1.0
3968500,2729500.0,10.0,13.0,21.0,7.7,998.0,35.0,1.6,1.0,6.7,96.0,0.0,0.0,272.0,-387.0,1.0
3968500,2729500.0,10.0,13.0,22.0,7.1,998.0,313.0,1.2,1.0,6.5,99.0,0.0,0.0,274.0,-383.0,1.0
3968500,2729500.0,10.0,13.0,23.0,6.6,999.0,313.0,1.2,1.0,6.2,99.0,0.0,0.0,270.0,-378.0,1.0
3968500,2729500.0,10.0,13.0,24.0,6.1,999.0,10.0,1.6,4.0,6.1,100.0,0.0,0.0,279.0,-374.0,1.0
3968500,2729500.0,10.0,14.0,1.0,4.7,1000.0,148.0,1.9,2.0,5.7,100.0,0.0,0.0,278.0,-371.0,1.0
3968500,2729500.0,10.0,14.0,2.0,4.3,1000.0,205.0,1.2,2.0,5.3,100.0,0.0,0.0,260.0,-369.0,1.0
3968500,2729500.0,10.0,14.0,3.0,4.7,1000.0,163.0,1.4,8.0,5.3,100.0,0.0,0.0,291.0,-369.0,1.0
3968500,2729500.0,10.0,14.0,4.0,3.9,1000.0,113.0,1.4,8.0,5.2,100.0,0.0,0.0,324.0,-369.0,1.0
3968500,2729500.0,10.0,14.0,5.0,4.3,1000.0,58.0,1.1,6.0,5.2,100.0,0.0,0.0,311.0,-368.0,1.0
3968500,2729500.0,10.0,14.0,6.0,3.8,1001.0,187.0,1.4,7.0,5.1,100.0,0.0,0.0,305.0,-366.0,1.0
3968500,2729500.0,10.0,14.0,7.0,3.3,1001.0,191.0,1.1,7.0,5.0,100.0,0.0,0.0,307.0,-363.0,1.0
3968500,2729500.0,10.0,14.0,8.0,3.4,1002.0,169.0,1.1,7.0,4.9,100.0,19.0,37.0,303.0,-359.0,1.0
3968500,2729500.0,10.0,14.0,9.0,5.0,1003.0,169.0,1.7,5.0,5.1,98.0,59.0,99.0,291.0,-357.0,1.0
3968500,2729500.0,10.0,14.0,10.0,5.8,1003.0,159.0,0.9,6.0,5.5,98.0,68.0,161.0,288.0,-360.0,1.0
3968500,2729500.0,10.0,14.0,11.0,8.0,1003.0,73.0,1.0,4.0,6.2,100.0,86.0,200.0,288.0,-367.0,1.0
3968500,2729500.0,10.0,14.0,12.0,11.4,1004.0,93.0,1.2,4.0,7.1,93.0,261.0,162.0,287.0,-375.0,1.0
3968500,2729500.0,10.0,14.0,13.0,13.9,1004.0,169.0,1.5,1.0,7.4,80.0,352.0,121.0,280.0,-382.0,1.0
3968500,2729500.0,10.0,14.0,14.0,15.9,1004.0,152.0,1.5,0.0,7.2,68.0,322.0,113.0,269.0,-386.0,1.0
3968500,2729500.0,10.0,14.0,15.0,16.6,1004.0,149.0,2.1,2.0,7.2,62.0,249.0,99.0,279.0,-386.0,1.0
3968500,2729500.0,10.0,14.0,16.0,15.7,1004.0,190.0,1.6,3.0,7.4,64.0,143.0,83.0,293.0,-382.0,1.0
3968500,2729500.0,10.0,14.0,17.0,13.6,1003.0,251.0,1.6,3.0,7.6,72.0,65.0,47.0,293.0,-374.0,1.0
3968500,2729500.0,10.0,14.0,18.0,11.6,1004.0,112.0,1.5,2.0,7.5,81.0,4.0,9.0,281.0,-364.0,1.0
3968500,2729500.0,10.0,14.0,19.0,10.4,1004.0,28.0,1.5,1.0,7.1,86.0,0.0,0.0,266.0,-354.0,1.0
3968500,2729500.0,10.0,14.0,20.0,9.4,1005.0,120.0,1.0,1.0,7.0,92.0,0.0,0.0,256.0,-348.0,1.0
3968500,2729500.0,10.0,14.0,21.0,8.4,1005.0,339.0,0.7,1.0,7.0,97.0,0.0,0.0,253.0,-344.0,1.0
3968500,2729500.0,10.0,14.0,22.0,7.5,1005.0,3.0,1.3,1.0,6.6,99.0,0.0,0.0,250.0,-339.0,1.0
3968500,2729500.0,10.0,14.0,23.0,6.8,1006.0,263.0,1.4,0.0,6.3,100.0,0.0,0.0,243.0,-335.0,1.0
3968500,2729500.0,10.0,14.0,24.0,6.4,1006.0,27.0,1.4,0.0,6.1,100.0,0.0,0.0,238.0,-334.0,1.0
3968500,2729500.0,10.0,15.0,1.0,5.5,1007.0,352.0,1.1,8.0,5.8,100.0,0.0,0.0,271.0,-334.0,1.0
3968500,2729500.0,10.0,15.0,2.0,5.1,1007.0,44.0,1.1,6.0,5.6,100.0,0.0,0.0,293.0,-333.0,1.0
3968500,2729500.0,10.0,15.0,3.0,5.3,1007.0,49.0,0.7,8.0,5.5,100.0,0.0,0.0,293.0,-331.0,1.0
3968500,2729500.0,10.0,15.0,4.0,5.0,1007.0,154.0,0.7,8.0,5.5,100.0,0.0,0.0,302.0,-330.0,1.0
3968500,2729500.0,10.0,15.0,5.0,5.0,1007.0,62.0,0.7,7.0,5.5,100.0,0.0,0.0,299.0,-330.0,1.0
3968500,2729500.0,10.0,15.0,6.0,5.0,1007.0,53.0,1.0,7.0,5.5,100.0,0.0,0.0,295.0,-330.0,1.0
3968500,2729500.0,10.0,15.0,7.0,5.0,1007.0,77.0,1.0,8.0,5.5,100.0,0.0,0.0,300.0,-330.0,1.0
3968500,2729500.0,10.0,15.0,8.0,5.6,1007.0,104.0,1.1,8.0,5.6,100.0,18.0,33.0,306.0,-331.0,1.0
3968500,2729500.0,10.0,15.0,9.0,5.6,1008.0,23.0,0.9,7.0,5.7,100.0,43.0,97.0,305.0,-336.0,1.0
3968500,2729500.0,10.0,15.0,10.0,6.4,1008.0,68.0,0.8,8.0,5.9,100.0,60.0,151.0,307.0,-346.0,1.0
3968500,2729500.0,10.0,15.0,11.0,7.5,1008.0,71.0,1.1,7.0,6.3,100.0,67.0,189.0,307.0,-360.0,1.0
3968500,2729500.0,10.0,15.0,12.0,10.5,1008.0,78.0,1.5,4.0,7.0,98.0,183.0,183.0,296.0,-375.0,1.0
3968500,2729500.0,10.0,15.0,13.0,14.2,1007.0,42.0,1.4,1.0,7.6,84.0,345.0,107.0,285.0,-386.0,1.0
3968500,2729500.0,10.0,15.0,14.0,16.4,1007.0,325.0,1.4,1.0,7.3,67.0,344.0,86.0,285.0,-391.0,1.0
3968500,2729500.0,10.0,15.0,15.0,17.5,1007.0,13.0,1.3,1.0,7.0,58.0,281.0,70.0,290.0,-393.0,1.0
3968500,2729500.0,10.0,15.0,16.0,16.7,1006.0,7.0,1.7,1.0,7.2,59.0,175.0,60.0,292.0,-390.0,1.0
3968500,2729500.0,10.0,15.0,17.0,15.0,1006.0,7.0,2.3,1.0,7.5,67.0,59.0,40.0,288.0,-381.0,1.0
3968500,2729500.0,10.0,15.0,18.0,13.0,1006.0,349.0,2.7,1.0,7.5,75.0,3.0,8.0,283.0,-369.0,1.0
3968500,2729500.0,10.0,15.0,19.0,11.2,1006.0,326.0,2.8,0.0,7.4,83.0,0.0,0.0,275.0,-359.0,1.0
3968500,2729500.0,10.0,15.0,20.0,10.0,1006.0,336.0,2.8,0.0,7.2,89.0,0.0,0.0,268.0,-352.0,1.0
3968500,2729500.0,10.0,15.0,21.0,9.8,1006.0,359.0,2.9,1.0,7.1,93.0,0.0,0.0,267.0,-348.0,1.0
3968500,2729500.0,10.0,15.0,22.0,9.0,1006.0,38.0,3.0,0.0,7.0,95.0,0.0,0.0,264.0,-344.0,1.0
3968500,2729500.0,10.0,15.0,23.0,8.7,1007.0,44.0,3.1,0.0,6.9,96.0,0.0,0.0,260.0,-341.0,1.0
3968500,2729500.0,10.0,15.0,24.0,7.9,1007.0,32.0,2.9,0.0,6.5,95.0,0.0,0.0,257.0,-338.0,1.0
3968500,2729500.0,10.0,16.0,1.0,7.5,1007.0,17.0,2.4,1.0,6.0,92.0,0.0,0.0,255.0,-336.0,1.0
3968500,2729500.0,10.0,16.0,2.0,6.6,1007.0,18.0,2.2,0.0,5.8,92.0,0.0,0.0,253.0,-334.0,1.0
3968500,2729500.0,10.0,16.0,3.0,6.1,1007.0,26.0,2.1,0.0,5.7,95.0,0.0,0.0,246.0,-333.0,1.0
3968500,2729500.0,10.0,16.0,4.0,5.8,1007.0,34.0,1.6,0.0,5.6,96.0,0.0,0.0,245.0,-331.0,1.0
3968500,2729500.0,10.0,16.0,5.0,5.4,1006.0,29.0,1.7,1.0,5.4,95.0,0.0,0.0,246.0,-329.0,1.0
3968500,2729500.0,10.0,16.0,6.0,4.7,1007.0,33.0,2.1,0.0,5.2,95.0,0.0,0.0,244.0,-327.0,1.0
3968500,2729500.0,10.0,16.0,7.0,3.9,1007.0,21.0,1.8,1.0,5.0,96.0,0.0,0.0,240.0,-325.0,1.0
3968500,2729500.0,10.0,16.0,8.0,5.6,1007.0,24.0,1.7,1.0,5.0,94.0,38.0,28.0,245.0,-325.0,1.0
3968500,2729500.0,10.0,16.0,9.0,7.6,1007.0,23.0,2.1,1.0,5.3,87.0,150.0,49.0,248.0,-329.0,1.0
3968500,2729500.0,10.0,16.0,10.0,9.8,1007.0,2.0,1.7,0.0,5.4,77.0,253.0,68.0,249.0,-340.0,1.0
3968500,2729500.0,10.0,16.0,11.0,11.2,1006.0,32.0,1.9,0.0,5.4,68.0,332.0,77.0,249.0,-355.0,1.0
3968500,2729500.0,10.0,16.0,12.0,12.8,1006.0,52.0,2.5,0.0,5.0,57.0,375.0,79.0,254.0,-369.0,1.0
3968500,2729500.0,10.0,16.0,13.0,14.2,1006.0,86.0,2.7,0.0,4.5,47.0,367.0,79.0,258.0,-380.0,1.0
3968500,2729500.0,10.0,16.0,14.0,14.5,1006.0,72.0,4.0,0.0,4.2,41.0,338.0,72.0,260.0,-387.0,1.0
3968500,2729500.0,10.0,16.0,15.0,14.2,1005.0,53.0,4.1,0.0,3.8,37.0,279.0,63.0,259.0,-388.0,1.0
3968500,2729500.0,10.0,16.0,16.0,12.9,1004.0,59.0,4.3,0.0,3.5,36.0,177.0,49.0,257.0,-383.0,1.0
3968500,2729500.0,10.0,16.0,17.0,11.2,1004.0,63.0,3.2,0.0,3.7,42.0,61.0,34.0,255.0,-374.0,1.0
3968500,2729500.0,10.0,16.0,18.0,8.6,1004.0,77.0,2.2,0.0,4.3,56.0,3.0,7.0,251.0,-363.0,1.0
3968500,2729500.0,10.0,16.0,19.0,8.1,1005.0,68.0,2.2,0.0,4.7,68.0,0.0,0.0,248.0,-353.0,1.0
3968500,2729500.0,10.0,16.0,20.0,7.6,1006.0,80.0,3.0,0.0,5.0,75.0,0.0,0.0,248.0,-345.0,1.0
3968500,2729500.0,10.0,16.0,21.0,6.9,1006.0,68.0,2.5,0.0,5.0,79.0,0.0,0.0,247.0,-339.0,1.0
3968500,2729500.0,10.0,16.0,22.0,5.9,1006.0,50.0,2.2,0.0,5.0,82.0,0.0,0.0,245.0,-335.0,1.0
3968500,2729500.0,10.0,16.0,23.0,5.6,1006.0,63.0,2.6,1.0,4.8,84.0,0.0,0.0,246.0,-332.0,1.0
3968500,2729500.0,10.0,16.0,24.0,5.1,1006.0,71.0,2.0,0.0,4.7,84.0,0.0,0.0,244.0,-331.0,1.0
3968500,2729500.0,10.0,17.0,1.0,3.7,1006.0,10.0,1.4,2.0,4.5,86.0,0.0,0.0,244.0,-329.0,1.0
3968500,2729500.0,10.0,17.0,2.0,3.5,1006.0,66.0,1.5,2.0,4.5,90.0,0.0,0.0,249.0,-328.0,1.0
3968500,2729500.0,10.0,17.0,3.0,3.7,1006.0,51.0,1.6,1.0,4.4,89.0,0.0,0.0,245.0,-327.0,1.0
3968500,2729500.0,10.0,17.0,4.0,3.5,1006.0,24.0,1.2,2.0,4.3,87.0,0.0,0.0,245.0,-326.0,1.0
3968500,2729500.0,10.0,17.0,5.0,3.1,1006.0,198.0,1.5,0.0,4.3,89.0,0.0,0.0,240.0,-327.0,1.0
3968500,2729500.0,10.0,17.0,6.0,2.7,1006.0,350.0,1.7,0.0,4.4,93.0,0.0,0.0,233.0,-328.0,1.0
3968500,2729500.0,10.0,17.0,7.0,2.5,1006.0,348.0,1.3,0.0,4.4,95.0,0.0,0.0,232.0,-329.0,1.0
3968500,2729500.0,10.0,17.0,8.0,3.7,1006.0,257.0,1.1,0.0,4.5,95.0,34.0,29.0,233.0,-329.0,1.0
3968500,2729500.0,10.0,17.0,9.0,7.4,1007.0,116.0,2.1,0.0,4.9,86.0,149.0,48.0,239.0,-331.0,1.0
3968500,2729500.0,10.0,17.0,10.0,9.3,1006.0,113.0,3.1,0.0,5.0,73.0,251.0,69.0,247.0,-340.0,1.0
3968500,2729500.0,10.0,17.0,11.0,11.1,1006.0,116.0,4.9,1.0,5.0,64.0,330.0,79.0,257.0,-353.0,1.0
3968500,2729500.0,10.0,17.0,12.0,11.6,1006.0,112.0,6.3,2.0,4.9,58.0,346.0,85.0,269.0,-364.0,1.0
3968500,2729500.0,10.0,17.0,13.0,11.1,1005.0,93.0,6.0,2.0,4.8,57.0,180.0,172.0,274.0,-373.0,1.0
3968500,2729500.0,10.0,17.0,14.0,11.6,1005.0,112.0,5.1,2.0,4.9,58.0,242.0,119.0,277.0,-376.0,1.0
3968500,2729500.0,10.0,17.0,15.0,12.3,1004.0,87.0,4.8,1.0,4.9,56.0,285.0,54.0,274.0,-376.0,1.0
3968500,2729500.0,10.0,17.0,16.0,11.7,1004.0,77.0,4.4,1.0,5.1,57.0,181.0,47.0,271.0,-373.0,1.0
3968500,2729500.0,10.0,17.0,17.0,10.8,1004.0,93.0,3.1,2.0,5.2,62.0,57.0,34.0,274.0,-365.0,1.0
3968500,2729500.0,10.0,17.0,18.0,9.3,1004.0,96.0,3.1,1.0,5.1,66.0,1.0,7.0,270.0,-355.0,1.0
3968500,2729500.0,10.0,17.0,19.0,7.9,1004.0,106.0,1.9,0.0,5.1,72.0,0.0,0.0,256.0,-346.0,1.0
3968500,2729500.0,10.0,17.0,20.0,7.1,1004.0,57.0,2.0,0.0,5.0,77.0,0.0,0.0,249.0,-340.0,1.0
3968500,2729500.0,10.0,17.0,21.0,6.7,1004.0,70.0,1.6,0.0,5.0,81.0,0.0,0.0,247.0,-335.0,1.0
3968500,2729500.0,10.0,17.0,22.0,5.6,1004.0,78.0,2.0,1.0,5.0,85.0,0.0,0.0,249.0,-333.0,1.0
3968500,2729500.0,10.0,17.0,23.0,5.1,1005.0,95.0,2.3,1.0,5.1,91.0,0.0,0.0,251.0,-333.0,1.0
3968500,2729500.0,10.0,17.0,24.0,4.5,1004.0,190.0,3.0,1.0,5.1,95.0,0.0,0.0,250.0,-332.0,1.0
3968500,2729500.0,10.0,18.0,1.0,4.8,1004.0,132.0,2.1,1.0,5.1,96.0,0.0,0.0,249.0,-332.0,1.0
3968500,2729500.0,10.0,18.0,2.0,4.8,1004.0,46.0,1.9,0.0,5.1,94.0,0.0,0.0,246.0,-330.0,1.0
3968500,2729500.0,10.0,18.0,3.0,4.2,1004.0,33.0,1.9,1.0,5.0,94.0,0.0,0.0,245.0,-328.0,1.0
3968500,2729500.0,10.0,18.0,4.0,3.2,1003.0,340.0,1.6,1.0,4.9,98.0,0.0,0.0,246.0,-326.0,1.0
3968500,2729500.0,10.0,18.0,5.0,2.6,1003.0,56.0,1.7,0.0,4.7,100.0,0.0,0.0,239.0,-324.0,1.0
3968500,2729500.0,10.0,18.0,6.0,2.8,1003.0,321.0,1.6,1.0,4.7,100.0,0.0,0.0,238.0,-323.0,1.0
3968500,2729500.0,10.0,18.0,7.0,2.6,1003.0,322.0,2.0,0.0,4.7,100.0,0.0,0.0,238.0,-322.0,1.0
3968500,2729500.0,10.0,18.0,8.0,4.2,1003.0,33.0,2.0,0.0,4.8,98.0,32.0,28.0,235.0,-323.0,1.0
3968500,2729500.0,10.0,18.0,9.0,5.9,1004.0,19.0,2.7,1.0,5.1,92.0,138.0,49.0,243.0,-327.0,1.0
3968500,2729500.0,10.0,18.0,10.0,8.2,1003.0,98.0,2.7,1.0,5.2,82.0,244.0,62.0,253.0,-337.0,1.0
3968500,2729500.0,10.0,18.0,11.0,10.6,1003.0,116.0,5.2,1.0,5.2,70.0,316.0,75.0,260.0,-350.0,1.0
3968500,2729500.0,10.0,18.0,12.0,11.0,1002.0,70.0,5.2,1.0,5.1,63.0,368.0,72.0,264.0,-362.0,1.0
3968500,2729500.0,10.0,18.0,13.0,11.3,1002.0,94.0,5.3,1.0,5.1,61.0,372.0,69.0,265.0,-371.0,1.0
3968500,2729500.0,10.0,18.0,14.0,12.0,1001.0,91.0,4.9,1.0,5.1,59.0,339.0,65.0,267.0,-375.0,1.0
3968500,2729500.0,10.0,18.0,15.0,12.0,1000.0,88.0,4.5,0.0,5.1,58.0,277.0,54.0,264.0,-376.0,1.0
3968500,2729500.0,10.0,18.0,16.0,10.9,1000.0,94.0,3.8,0.0,5.0,58.0,167.0,48.0,257.0,-372.0,1.0
3968500,2729500.0,10.0,18.0,17.0,9.4,1000.0,95.0,3.9,0.0,5.1,65.0,51.0,33.0,252.0,-364.0,1.0
3968500,2729500.0,10.0,18.0,18.0,7.4,1000.0,60.0,3.3,1.0,5.1,73.0,1.0,7.0,252.0,-354.0,1.0
3968500,2729500.0,10.0,18.0,19.0,6.5,1000.0,56.0,2.0,1.0,5.0,79.0,0.0,0.0,251.0,-345.0,1.0
3968500,2729500.0,10.0,18.0,20.0,4.9,1000.0,107.0,1.7,0.0,4.8,84.0,0.0,0.0,242.0,-339.0,1.0
3968500,2729500.0,10.0,18.0,21.0,4.5,1000.0,124.0,2.7,0.0,4.7,87.0,0.0,0.0,236.0,-336.0,1.0
3968500,2729500.0,10.0,18.0,22.0,4.6,1000.0,154.0,2.2,1.0,4.6,87.0,0.0,0.0,242.0,-334.0,1.0
3968500,2729500.0,10.0,18.0,23.0,4.2,1000.0,64.0,1.8,0.0,4.5,86.0,0.0,0.0,243.0,-333.0,1.0
3968500,2729500.0,10.0,18.0,24.0,2.7,999.0,81.0,1.5,0.0,4.4,89.0,0.0,0.0,240.0,-331.0,1.0
3968500,2729500.0,10.0,19.0,1.0,1.6,999.0,194.0,1.8,0.0,4.2,94.0,0.0,0.0,240.0,-328.0,1.0
3968500,2729500.0,10.0,19.0,2.0,1.4,999.0,112.0,1.5,0.0,4.2,97.0,0.0,0.0,242.0,-324.0,1.0
3968500,2729500.0,10.0,19.0,3.0,1.3,999.0,182.0,1.8,1.0,4.1,97.0,0.0,0.0,247.0,-319.0,1.0
3968500,2729500.0,10.0,19.0,4.0,1.6,999.0,169.0,2.6,1.0,4.1,95.0,0.0,0.0,251.0,-316.0,1.0
3968500,2729500.0,10.0,19.0,5.0,1.8,998.0,210.0,2.8,2.0,4.1,93.0,0.0,0.0,256.0,-317.0,1.0
3968500,2729500.0,10.0,19.0,6.0,2.0,998.0,156.0,2.7,2.0,4.0,91.0,0.0,0.0,259.0,-317.0,1.0
3968500,2729500.0,10.0,19.0,7.0,1.4,997.0,152.0,2.4,2.0,4.0,91.0,0.0,0.0,259.0,-315.0,1.0
3968500,2729500.0,10.0,19.0,8.0,2.5,997.0,164.0,1.7,3.0,4.0,90.0,11.0,29.0,261.0,-316.0,1.0
3968500,2729500.0,10.0,19.0,9.0,4.9,997.0,152.0,1.7,4.0,4.2,84.0,67.0,84.0,269.0,-320.0,1.0
3968500,2729500.0,10.0,19.0,10.0,7.2,997.0,97.0,2.8,5.0,4.4,74.0,166.0,112.0,279.0,-332.0,1.0
3968500,2729500.0,10.0,19.0,11.0,8.5,996.0,179.0,3.9,5.0,4.5,67.0,192.0,151.0,286.0,-348.0,1.0
3968500,2729500.0,10.0,19.0,12.0,8.7,995.0,157.0,4.0,6.0,4.4,62.0,183.0,181.0,291.0,-364.0,1.0
3968500,2729500.0,10.0,19.0,13.0,10.6,995.0,164.0,4.3,4.0,4.4,58.0,130.0,197.0,292.0,-378.0,1.0
3968500,2729500.0,10.0,19.0,14.0,11.2,995.0,145.0,4.2,4.0,4.5,55.0,155.0,170.0,292.0,-386.0,1.0
3968500,2729500.0,10.0,19.0,15.0,11.4,994.0,175.0,2.9,6.0,4.6,54.0,69.0,143.0,297.0,-389.0,1.0
3968500,2729500.0,10.0,19.0,16.0,10.7,994.0,184.0,3.3,4.0,4.9,59.0,58.0,93.0,298.0,-386.0,1.0
3968500,2729500.0,10.0,19.0,17.0,9.9,994.0,182.0,3.5,7.0,5.4,68.0,5.0,35.0,300.0,-378.0,1.0
3968500,2729500.0,10.0,19.0,18.0,8.7,994.0,172.0,3.1,6.0,5.6,76.0,0.0,3.0,301.0,-368.0,1.0
3968500,2729500.0,10.0,19.0,19.0,8.6,994.0,141.0,3.8,5.0,5.7,80.0,0.0,0.0,296.0,-360.0,1.0
3968500,2729500.0,10.0,19.0,20.0,8.1,994.0,175.0,3.7,5.0,5.8,83.0,0.0,0.0,293.0,-354.0,1.0
3968500,2729500.0,10.0,19.0,21.0,7.8,994.0,143.0,4.3,6.0,6.0,88.0,0.0,0.0,294.0,-347.0,1.0
3968500,2729500.0,10.0,19.0,22.0,7.7,994.0,178.0,3.0,6.0,6.1,91.0,0.0,0.0,296.0,-343.0,1.0
3968500,2729500.0,10.0,19.0,23.0,7.5,994.0,174.0,2.5,7.0,6.1,92.0,0.0,0.0,299.0,-341.0,1.0
3968500,2729500.0,10.0,19.0,24.0,7.5,994.0,177.0,2.9,7.0,6.2,95.0,0.0,0.0,301.0,-337.0,1.0
3968500,2729500.0,10.0,20.0,1.0,7.5,993.0,189.0,2.5,1.0,6.5,98.0,0.0,0.0,289.0,-334.0,1.0
3968500,2729500.0,10.0,20.0,2.0,7.9,993.0,185.0,3.2,6.0,6.7,100.0,0.0,0.0,288.0,-332.0,1.0
3968500,2729500.0,10.0,20.0,3.0,8.0,993.0,172.0,2.7,8.0,6.8,99.0,0.0,0.0,306.0,-333.0,1.0
3968500,2729500.0,10.0,20.0,4.0,8.0,992.0,160.0,2.6,8.0,6.8,99.0,0.0,0.0,313.0,-338.0,1.0
3968500,2729500.0,10.0,20.0,5.0,8.3,992.0,145.0,2.3,8.0,6.9,100.0,0.0,0.0,317.0,-342.0,1.0
3968500,2729500.0,10.0,20.0,6.0,8.5,992.0,159.0,2.2,7.0,7.0,100.0,0.0,0.0,316.0,-344.0,1.0
3968500,2729500.0,10.0,20.0,7.0,8.7,991.0,154.0,2.4,8.0,7.1,99.0,0.0,0.0,319.0,-343.0,1.0
3968500,2729500.0,10.0,20.0,8.0,9.1,991.0,144.0,2.6,8.0,7.2,99.0,0.0,12.0,326.0,-343.0,1.0
3968500,2729500.0,10.0,20.0,9.0,10.1,991.0,166.0,3.1,8.0,7.4,97.0,2.0,72.0,331.0,-348.0,1.0
3968500,2729500.0,10.0,20.0,10.0,10.8,991.0,154.0,3.2,7.0,7.7,95.0,9.0,137.0,330.0,-357.0,1.0
3968500,2729500.0,10.0,20.0,11.0,11.4,991.0,164.0,3.1,7.0,7.8,93.0,6.0,156.0,328.0,-366.0,1.0
3968500,2729500.0,10.0,20.0,12.0,11.9,991.0,165.0,3.8,8.0,7.9,91.0,0.0,91.0,338.0,-372.0,1.0
3968500,2729500.0,10.0,20.0,13.0,12.4,990.0,172.0,4.4,7.0,8.2,90.0,3.0,152.0,342.0,-374.0,1.0
3968500,2729500.0,10.0,20.0,14.0,12.5,990.0,166.0,4.0,7.0,8.3,90.0,0.0,114.0,336.0,-374.0,1.0
3968500,2729500.0,10.0,20.0,15.0,12.4,990.0,159.0,4.3,8.0,8.3,90.0,0.0,54.0,343.0,-375.0,1.0
3968500,2729500.0,10.0,20.0,16.0,12.4,990.0,160.0,3.9,7.0,8.3,90.0,3.0,80.0,343.0,-377.0,1.0
3968500,2729500.0,10.0,20.0,17.0,12.1,989.0,166.0,3.1,7.0,8.3,90.0,5.0,42.0,336.0,-376.0,1.0
3968500,2729500.0,10.0,20.0,18.0,11.8,990.0,167.0,2.5,7.0,8.2,92.0,0.0,4.0,335.0,-372.0,1.0
3968500,2729500.0,10.0,20.0,19.0,11.7,990.0,159.0,3.0,8.0,8.1,92.0,0.0,0.0,341.0,-368.0,1.0
3968500,2729500.0,10.0,20.0,20.0,11.3,990.0,151.0,2.1,8.0,8.1,94.0,0.0,0.0,345.0,-364.0,1.0
3968500,2729500.0,10.0,20.0,21.0,10.9,990.0,148.0,2.0,8.0,8.1,96.0,0.0,0.0,343.0,-362.0,1.0
3968500,2729500.0,10.0,20.0,22.0,10.6,990.0,122.0,1.2,7.0,8.2,99.0,0.0,0.0,335.0,-360.0,1.0
3968500,2729500.0,10.0,20.0,23.0,10.8,990.0,131.0,1.6,7.0,8.1,99.0,0.0,0.0,327.0,-361.0,1.0
3968500,2729500.0,10.0,20.0,24.0,10.6,990.0,121.0,1.5,7.0,8.1,99.0,0.0,0.0,326.0,-363.0,1.0
3968500,2729500.0,10.0,21.0,1.0,10.3,989.0,148.0,0.9,8.0,8.1,100.0,0.0,0.0,332.0,-363.0,1.0
3968500,2729500.0,10.0,21.0,2.0,10.7,989.0,128.0,1.6,8.0,8.1,99.0,0.0,0.0,340.0,-365.0,1.0
3968500,2729500.0,10.0,21.0,3.0,10.9,989.0,133.0,0.8,8.0,8.2,99.0,0.0,0.0,342.0,-366.0,1.0
3968500,2729500.0,10.0,21.0,4.0,10.9,988.0,142.0,1.4,8.0,8.3,99.0,0.0,0.0,342.0,-365.0,1.0
3968500,2729500.0,10.0,21.0,5.0,11.2,987.0,179.0,1.2,7.0,8.3,98.0,0.0,0.0,334.0,-364.0,1.0
3968500,2729500.0,10.0,21.0,6.0,11.1,987.0,162.0,1.6,6.0,8.2,97.0,0.0,0.0,317.0,-363.0,1.0
3968500,2729500.0,10.0,21.0,7.0,11.2,987.0,154.0,1.9,8.0,8.3,97.0,0.0,0.0,328.0,-363.0,1.0
3968500,2729500.0,10.0,21.0,8.0,11.1,986.0,159.0,2.1,8.0,8.4,99.0,0.0,14.0,344.0,-365.0,1.0
3968500,2729500.0,10.0,21.0,9.0,11.3,986.0,169.0,1.6,7.0,8.5,99.0,7.0,83.0,337.0,-369.0,1.0
3968500,2729500.0,10.0,21.0,10.0,12.1,985.0,169.0,2.7,5.0,8.6,97.0,21.0,149.0,313.0,-375.0,1.0
3968500,2729500.0,10.0,21.0,11.0,12.6,985.0,175.0,3.0,6.0,8.9,96.0,4.0,143.0,306.0,-379.0,1.0
3968500,2729500.0,10.0,21.0,12.0,14.2,985.0,174.0,2.8,6.0,9.3,94.0,12.0,183.0,320.0,-382.0,1.0
3968500,2729500.0,10.0,21.0,13.0,14.9,984.0,175.0,4.3,7.0,9.5,89.0,14.0,185.0,334.0,-384.0,1.0
3968500,2729500.0,10.0,21.0,14.0,15.5,983.0,177.0,4.0,7.0,9.4,85.0,17.0,177.0,348.0,-387.0,1.0
3968500,2729500.0,10.0,21.0,15.0,15.0,982.0,182.0,3.8,7.0,9.4,84.0,1.0,102.0,351.0,-388.0,1.0
3968500,2729500.0,10.0,21.0,16.0,15.2,982.0,175.0,4.0,7.0,9.5,86.0,0.0,56.0,352.0,-386.0,1.0
3968500,2729500.0,10.0,21.0,17.0,14.9,982.0,179.0,4.6,7.0,9.5,86.0,0.0,18.0,353.0,-385.0,1.0
3968500,2729500.0,10.0,21.0,18.0,14.6,981.0,168.0,4.0,7.0,9.5,87.0,0.0,0.0,353.0,-384.0,1.0
3968500,2729500.0,10.0,21.0,19.0,13.8,981.0,173.0,4.0,6.0,9.4,90.0,0.0,0.0,344.0,-383.0,1.0
3968500,2729500.0,10.0,21.0,20.0,13.6,981.0,185.0,4.2,6.0,9.3,92.0,0.0,0.0,335.0,-382.0,1.0
3968500,2729500.0,10.0,21.0,21.0,13.4,981.0,179.0,3.6,4.0,9.1,91.0,0.0,0.0,322.0,-380.0,1.0
3968500,2729500.0,10.0,21.0,22.0,12.9,980.0,178.0,3.6,4.0,8.9,91.0,0.0,0.0,308.0,-379.0,1.0
3968500,2729500.0,10.0,21.0,23.0,13.5,980.0,184.0,4.4,5.0,8.8,90.0,0.0,0.0,316.0,-378.0,1.0
3968500,2729500.0,10.0,21.0,24.0,13.9,980.0,184.0,4.7,7.0,9.0,88.0,0.0,0.0,336.0,-378.0,1.0
3968500,2729500.0,10.0,22.0,1.0,14.6,979.0,181.0,4.8,6.0,9.3,88.0,0.0,0.0,343.0,-379.0,1.0
3968500,2729500.0,10.0,22.0,2.0,14.7,979.0,177.0,4.5,6.0,9.6,88.0,0.0,0.0,339.0,-378.0,1.0
3968500,2729500.0,10.0,22.0,3.0,14.3,979.0,176.0,5.0,5.0,9.7,90.0,0.0,0.0,334.0,-378.0,1.0
3968500,2729500.0,10.0,22.0,4.0,13.5,978.0,203.0,3.4,8.0,9.7,94.0,0.0,0.0,343.0,-378.0,1.0
3968500,2729500.0,10.0,22.0,5.0,12.4,978.0,205.0,2.4,8.0,9.2,95.0,0.0,0.0,354.0,-379.0,1.0
3968500,2729500.0,10.0,22.0,6.0,12.5,979.0,188.0,2.6,8.0,8.6,92.0,0.0,0.0,352.0,-379.0,1.0
3968500,2729500.0,10.0,22.0,7.0,12.5,979.0,192.0,3.1,6.0,8.8,93.0,0.0,0.0,341.0,-379.0,1.0
3968500,2729500.0,10.0,22.0,8.0,13.1,979.0,211.0,3.6,6.0,8.9,93.0,1.0,19.0,332.0,-379.0,1.0
3968500,2729500.0,10.0,22.0,9.0,13.7,980.0,207.0,4.4,7.0,8.9,89.0,3.0,58.0,339.0,-379.0,1.0
3968500,2729500.0,10.0,22.0,10.0,14.0,980.0,180.0,4.5,8.0,8.7,85.0,0.0,70.0,351.0,-381.0,1.0
3968500,2729500.0,10.0,22.0,11.0,12.5,980.0,181.0,3.7,8.0,8.7,88.0,0.0,63.0,355.0,-383.0,1.0
3968500,2729500.0,10.0,22.0,12.0,12.8,980.0,181.0,2.6,8.0,9.0,95.0,0.0,68.0,355.0,-383.0,1.0
3968500,2729500.0,10.0,22.0,13.0,14.8,980.0,186.0,3.8,8.0,9.3,91.0,0.0,91.0,360.0,-385.0,1.0
3968500,2729500.0,10.0,22.0,14.0,16.9,980.0,183.0,5.2,6.0,9.4,80.0,38.0,144.0,357.0,-385.0,1.0
3968500,2729500.0,10.0,22.0,15.0,16.3,980.0,182.0,5.2,6.0,9.1,75.0,63.0,109.0,349.0,-384.0,1.0
3968500,2729500.0,10.0,22.0,16.0,16.1,980.0,179.0,5.7,8.0,9.2,77.0,1.0,64.0,357.0,-384.0,1.0
3968500,2729500.0,10.0,22.0,17.0,15.1,980.0,171.0,4.4,6.0,9.4,82.0,11.0,26.0,355.0,-384.0,1.0
3968500,2729500.0,10.0,22.0,18.0,14.9,980.0,185.0,5.5,6.0,9.5,86.0,0.0,0.0,342.0,-383.0,1.0
3968500,2729500.0,10.0,22.0,19.0,14.2,981.0,187.0,4.0,7.0,9.6,90.0,0.0,0.0,346.0,-382.0,1.0
3968500,2729500.0,10.0,22.0,20.0,14.1,981.0,180.0,3.4,8.0,9.8,93.0,0.0,0.0,356.0,-381.0,1.0
3968500,2729500.0,10.0,22.0,21.0,13.8,981.0,191.0,2.3,6.0,9.6,93.0,0.0,0.0,349.0,-381.0,1.0
3968500,2729500.0,10.0,22.0,22.0,12.9,982.0,159.0,2.3,7.0,9.2,93.0,0.0,0.0,341.0,-380.0,1.0
3968500,2729500.0,10.0,22.0,23.0,12.9,983.0,159.0,2.6,7.0,9.1,94.0,0.0,0.0,346.0,-380.0,1.0
3968500,2729500.0,10.0,22.0,24.0,12.7,983.0,155.0,2.8,7.0,9.1,96.0,0.0,0.0,345.0,-380.0,1.0
3968500,2729500.0,10.0,23.0,1.0,12.5,982.0,187.0,2.3,4.0,9.1,96.0,0.0,0.0,326.0,-380.0,1.0
3968500,2729500.0,10.0,23.0,2.0,12.9,983.0,182.0,3.7,5.0,9.1,96.0,0.0,0.0,312.0,-380.0,1.0
3968500,2729500.0,10.0,23.0,3.0,13.1,982.0,176.0,4.7,8.0,9.1,95.0,0.0,0.0,338.0,-379.0,1.0
3968500,2729500.0,10.0,23.0,4.0,12.7,982.0,182.0,3.9,8.0,9.1,95.0,0.0,0.0,357.0,-376.0,1.0
3968500,2729500.0,10.0,23.0,5.0,12.7,982.0,182.0,4.5,8.0,9.1,96.0,0.0,0.0,356.0,-374.0,1.0
3968500,2729500.0,10.0,23.0,6.0,11.3,983.0,251.0,2.0,8.0,8.7,96.0,0.0,0.0,354.0,-372.0,1.0
3968500,2729500.0,10.0,23.0,7.0,10.9,984.0,201.0,0.6,7.0,8.2,96.0,0.0,0.0,344.0,-370.0,1.0
3968500,2729500.0,10.0,23.0,8.0,11.1,985.0,180.0,0.5,6.0,8.1,96.0,3.0,17.0,327.0,-370.0,1.0
3968500,2729500.0,10.0,23.0,9.0,12.0,986.0,192.0,2.4,7.0,8.2,94.0,12.0,67.0,328.0,-374.0,1.0
3968500,2729500.0,10.0,23.0,10.0,13.1,986.0,190.0,3.3,6.0,8.5,91.0,29.0,114.0,332.0,-379.0,1.0
3968500,2729500.0,10.0,23.0,11.0,13.4,987.0,196.0,3.0,7.0,8.4,86.0,8.0,130.0,337.0,-381.0,1.0
3968500,2729500.0,10.0,23.0,12.0,14.0,988.0,187.0,3.3,6.0,8.0,80.0,70.0,161.0,339.0,-380.0,1.0
3968500,2729500.0,10.0,23.0,13.0,14.4,988.0,213.0,1.6,7.0,8.0,77.0,17.0,151.0,342.0,-379.0,1.0
3968500,2729500.0,10.0,23.0,14.0,13.3,989.0,224.0,2.8,8.0,8.0,79.0,0.0,50.0,354.0,-378.0,1.0
3968500,2729500.0,10.0,23.0,15.0,12.9,989.0,222.0,2.5,8.0,7.7,80.0,0.0,51.0,358.0,-374.0,1.0
3968500,2729500.0,10.0,23.0,16.0,12.1,990.0,195.0,2.8,6.0,7.5,81.0,0.0,50.0,343.0,-370.0,1.0
3968500,2729500.0,10.0,23.0,17.0,11.4,990.0,245.0,3.6,7.0,7.3,82.0,1.0,25.0,333.0,-369.0,1.0
3968500,2729500.0,10.0,23.0,18.0,10.6,991.0,239.0,2.3,8.0,6.8,81.0,0.0,2.0,339.0,-368.0,1.0
3968500,2729500.0,10.0,23.0,19.0,10.5,992.0,220.0,2.0,8.0,6.7,82.0,0.0,0.0,340.0,-366.0,1.0
3968500,2729500.0,10.0,23.0,20.0,8.6,992.0,289.0,1.8,7.0,6.5,86.0,0.0,0.0,329.0,-365.0,1.0
3968500,2729500.0,10.0,23.0,21.0,8.4,993.0,242.0,1.6,6.0,6.5,92.0,0.0,0.0,314.0,-363.0,1.0
3968500,2729500.0,10.0,23.0,22.0,8.2,994.0,186.0,1.4,7.0,6.5,93.0,0.0,0.0,314.0,-358.0,1.0
3968500,2729500.0,10.0,23.0,23.0,7.5,994.0,161.0,1.3,8.0,6.5,96.0,0.0,0.0,323.0,-355.0,1.0
3968500,2729500.0,10.0,23.0,24.0,7.2,995.0,139.0,1.6,8.0,6.4,98.0,0.0,0.0,326.0,-354.0,1.0
3968500,2729500.0,10.0,24.0,1.0,7.8,995.0,136.0,1.8,8.0,6.5,98.0,0.0,0.0,325.0,-351.0,1.0
3968500,2729500.0,10.0,24.0,2.0,8.0,995.0,139.0,2.2,7.0,6.6,98.0,0.0,0.0,321.0,-348.0,1.0
3968500,2729500.0,10.0,24.0,3.0,8.6,995.0,140.0,2.2,7.0,6.7,97.0,0.0,0.0,317.0,-349.0,1.0
3968500,2729500.0,10.0,24.0,4.0,8.7,995.0,143.0,2.7,6.0,6.9,97.0,0.0,0.0,314.0,-351.0,1.0
3968500,2729500.0,10.0,24.0,5.0,8.6,995.0,136.0,3.0,5.0,7.1,99.0,0.0,0.0,307.0,-352.0,1.0
3968500,2729500.0,10.0,24.0,6.0,9.2,995.0,139.0,3.3,6.0,7.2,99.0,0.0,0.0,308.0,-353.0,1.0
3968500,2729500.0,10.0,24.0,7.0,9.2,995.0,149.0,3.2,8.0,7.3,99.0,0.0,0.0,325.0,-354.0,1.0
3968500,2729500.0,10.0,24.0,8.0,9.6,994.0,146.0,3.6,8.0,7.4,99.0,0.0,12.0,337.0,-355.0,1.0
3968500,2729500.0,10.0,24.0,9.0,9.8,995.0,148.0,3.6,8.0,7.5,98.0,11.0,62.0,338.0,-357.0,1.0
3968500,2729500.0,10.0,24.0,10.0,10.4,995.0,161.0,3.9,7.0,7.4,94.0,18.0,102.0,333.0,-361.0,1.0
3968500,2729500.0,10.0,24.0,11.0,11.0,996.0,171.0,4.1,7.0,7.5,91.0,2.0,109.0,328.0,-366.0,1.0
3968500,2729500.0,10.0,24.0,12.0,11.3,996.0,175.0,4.3,6.0,7.5,89.0,27.0,148.0,323.0,-372.0,1.0
3968500,2729500.0,10.0,24.0,13.0,11.2,995.0,173.0,3.6,7.0,7.7,90.0,0.0,117.0,321.0,-375.0,1.0
3968500,2729500.0,10.0,24.0,14.0,11.2,995.0,167.0,3.9,8.0,7.8,92.0,0.0,66.0,333.0,-376.0,1.0
3968500,2729500.0,10.0,24.0,15.0,11.3,994.0,164.0,3.6,8.0,7.8,92.0,0.0,45.0,338.0,-375.0,1.0
3968500,2729500.0,10.0,24.0,16.0,10.9,993.0,177.0,4.9,7.0,7.8,93.0,0.0,44.0,331.0,-373.0,1.0
3968500,2729500.0,10.0,24.0,17.0,10.7,993.0,168.0,4.9,8.0,7.7,94.0,0.0,12.0,330.0,-370.0,1.0
3968500,2729500.0,10.0,24.0,18.0,10.8,992.0,168.0,4.9,8.0,7.8,94.0,0.0,0.0,336.0,-367.0,1.0
3968500,2729500.0,10.0,24.0,19.0,11.3,992.0,177.0,4.7,8.0,7.9,94.0,0.0,0.0,337.0,-365.0,1.0
3968500,2729500.0,10.0,24.0,20.0,11.1,992.0,172.0,4.2,8.0,8.0,95.0,0.0,0.0,339.0,-365.0,1.0
3968500,2729500.0,10.0,24.0,21.0,11.3,992.0,163.0,4.2,8.0,8.2,97.0,0.0,0.0,341.0,-365.0,1.0
3968500,2729500.0,10.0,24.0,22.0,11.6,992.0,163.0,3.6,7.0,8.3,96.0,0.0,0.0,338.0,-365.0,1.0
3968500,2729500.0,10.0,24.0,23.0,11.7,992.0,158.0,2.9,7.0,8.4,96.0,0.0,0.0,337.0,-366.0,1.0
3968500,2729500.0,10.0,24.0,24.0,11.8,991.0,169.0,3.3,8.0,8.3,94.0,0.0,0.0,341.0,-366.0,1.0
3968500,2729500.0,10.0,25.0,1.0,12.0,991.0,171.0,4.3,5.0,8.3,93.0,0.0,0.0,334.0,-366.0,1.0
3968500,2729500.0,10.0,25.0,2.0,12.1,991.0,179.0,4.2,6.0,8.3,92.0,0.0,0.0,328.0,-367.0,1.0
3968500,2729500.0,10.0,25.0,3.0,12.2,990.0,179.0,3.9,6.0,8.3,91.0,0.0,0.0,330.0,-367.0,1.0
3968500,2729500.0,10.0,25.0,4.0,12.0,990.0,167.0,4.4,7.0,8.3,92.0,0.0,0.0,334.0,-366.0,1.0
3968500,2729500.0,10.0,25.0,5.0,12.2,989.0,174.0,4.7,7.0,8.3,92.0,0.0,0.0,337.0,-365.0,1.0
3968500,2729500.0,10.0,25.0,6.0,12.2,989.0,164.0,5.3,7.0,8.3,91.0,0.0,0.0,337.0,-364.0,1.0
3968500,2729500.0,10.0,25.0,7.0,12.2,988.0,187.0,4.6,8.0,8.2,90.0,0.0,0.0,341.0,-363.0,1.0
3968500,2729500.0,10.0,25.0,8.0,12.7,987.0,165.0,4.5,8.0,8.0,86.0,0.0,15.0,347.0,-362.0,1.0
3968500,2729500.0,10.0,25.0,9.0,13.2,988.0,160.0,4.1,7.0,8.0,83.0,7.0,70.0,345.0,-362.0,1.0
3968500,2729500.0,10.0,25.0,10.0,13.8,987.0,193.0,5.0,6.0,7.9,80.0,39.0,131.0,340.0,-363.0,1.0
3968500,2729500.0,10.0,25.0,11.0,13.8,987.0,175.0,4.6,8.0,8.0,79.0,4.0,130.0,344.0,-367.0,1.0
3968500,2729500.0,10.0,25.0,12.0,15.6,986.0,189.0,6.6,8.0,8.1,75.0,26.0,177.0,353.0,-373.0,1.0
3968500,2729500.0,10.0,25.0,13.0,15.1,985.0,172.0,7.5,8.0,8.2,73.0,0.0,110.0,356.0,-381.0,1.0
3968500,2729500.0,10.0,25.0,14.0,13.9,984.0,176.0,5.3,7.0,8.5,80.0,0.0,71.0,352.0,-382.0,1.0
3968500,2729500.0,10.0,25.0,15.0,14.2,984.0,213.0,5.0,7.0,9.0,87.0,0.0,64.0,349.0,-379.0,1.0
3968500,2729500.0,10.0,25.0,16.0,14.0,984.0,210.0,5.4,7.0,9.1,88.0,0.0,33.0,350.0,-378.0,1.0
3968500,2729500.0,10.0,25.0,17.0,14.3,984.0,213.0,6.2,7.0,9.0,87.0,0.0,18.0,351.0,-378.0,1.0
3968500,2729500.0,10.0,25.0,18.0,14.2,985.0,211.0,5.6,7.0,9.0,86.0,0.0,0.0,353.0,-377.0,1.0
3968500,2729500.0,10.0,25.0,19.0,14.1,985.0,172.0,6.2,8.0,9.0,87.0,0.0,0.0,358.0,-376.0,1.0
3968500,2729500.0,10.0,25.0,20.0,14.5,986.0,185.0,5.4,8.0,9.0,86.0,0.0,0.0,364.0,-374.0,1.0
3968500,2729500.0,10.0,25.0,21.0,14.5,986.0,195.0,3.9,6.0,8.8,83.0,0.0,0.0,353.0,-372.0,1.0
3968500,2729500.0,10.0,25.0,22.0,13.7,987.0,207.0,4.0,4.0,7.9,77.0,0.0,0.0,327.0,-371.0,1.0
3968500,2729500.0,10.0,25.0,23.0,13.2,988.0,185.0,3.3,4.0,7.3,74.0,0.0,0.0,310.0,-371.0,1.0
3968500,2729500.0,10.0,25.0,24.0,12.6,989.0,175.0,4.0,3.0,7.3,77.0,0.0,0.0,301.0,-372.0,1.0
3968500,2729500.0,10.0,26.0,1.0,12.6,989.0,186.0,4.1,3.0,7.2,77.0,0.0,0.0,292.0,-373.0,1.0
3968500,2729500.0,10.0,26.0,2.0,12.3,989.0,186.0,2.8,6.0,7.2,78.0,0.0,0.0,310.0,-373.0,1.0
3968500,2729500.0,10.0,26.0,3.0,12.9,989.0,208.0,4.0,8.0,7.3,79.0,0.0,0.0,341.0,-374.0,1.0
3968500,2729500.0,10.0,26.0,4.0,12.3,990.0,208.0,3.3,5.0,7.2,78.0,0.0,0.0,335.0,-375.0,1.0
3968500,2729500.0,10.0,26.0,5.0,12.2,990.0,189.0,3.3,5.0,7.0,77.0,0.0,0.0,316.0,-374.0,1.0
3968500,2729500.0,10.0,26.0,6.0,12.9,991.0,203.0,3.3,6.0,7.1,76.0,0.0,0.0,324.0,-373.0,1.0
3968500,2729500.0,10.0,26.0,7.0,12.4,991.0,217.0,3.1,6.0,7.2,77.0,0.0,0.0,332.0,-373.0,1.0
3968500,2729500.0,10.0,26.0,8.0,13.1,992.0,222.0,3.2,6.0,7.2,77.0,2.0,17.0,333.0,-372.0,1.0
3968500,2729500.0,10.0,26.0,9.0,13.6,993.0,205.0,4.1,5.0,7.5,77.0,25.0,79.0,330.0,-373.0,1.0
3968500,2729500.0,10.0,26.0,10.0,14.7,993.0,227.0,4.8,5.0,7.8,76.0,64.0,138.0,328.0,-376.0,1.0
3968500,2729500.0,10.0,26.0,11.0,15.8,994.0,222.0,4.8,4.0,7.7,70.0,135.0,165.0,327.0,-383.0,1.0
3968500,2729500.0,10.0,26.0,12.0,16.6,994.0,228.0,4.4,6.0,7.6,65.0,59.0,205.0,334.0,-391.0,1.0
3968500,2729500.0,10.0,26.0,13.0,16.3,995.0,214.0,3.9,4.0,7.6,63.0,51.0,201.0,334.0,-399.0,1.0
3968500,2729500.0,10.0,26.0,14.0,16.2,995.0,236.0,3.9,3.0,7.5,64.0,101.0,184.0,318.0,-404.0,1.0
3968500,2729500.0,10.0,26.0,15.0,16.3,995.0,235.0,2.9,3.0,7.5,64.0,150.0,119.0,313.0,-404.0,1.0
3968500,2729500.0,10.0,26.0,16.0,16.0,995.0,238.0,2.7,4.0,7.5,64.0,69.0,82.0,319.0,-401.0,1.0
3968500,2729500.0,10.0,26.0,17.0,13.3,996.0,210.0,1.4,8.0,7.5,71.0,12.0,28.0,340.0,-392.0,1.0
3968500,2729500.0,10.0,26.0,18.0,11.4,997.0,242.0,1.2,7.0,7.5,83.0,0.0,0.0,348.0,-385.0,1.0
3968500,2729500.0,10.0,26.0,19.0,10.7,997.0,145.0,1.2,2.0,7.4,88.0,0.0,0.0,314.0,-381.0,1.0
3968500,2729500.0,10.0,26.0,20.0,10.1,997.0,140.0,1.5,1.0,7.2,90.0,0.0,0.0,282.0,-380.0,1.0
3968500,2729500.0,10.0,26.0,21.0,9.5,997.0,152.0,1.8,0.0,7.1,92.0,0.0,0.0,270.0,-380.0,1.0
3968500,2729500.0,10.0,26.0,22.0,8.9,997.0,162.0,2.0,2.0,6.9,94.0,0.0,0.0,271.0,-380.0,1.0
3968500,2729500.0,10.0,26.0,23.0,8.9,998.0,166.0,1.4,2.0,6.9,95.0,0.0,0.0,280.0,-379.0,1.0
3968500,2729500.0,10.0,26.0,24.0,9.0,998.0,149.0,1.7,4.0,7.0,96.0,0.0,0.0,289.0,-377.0,1.0
3968500,2729500.0,10.0,27.0,1.0,9.5,998.0,152.0,2.1,2.0,7.1,96.0,0.0,0.0,292.0,-376.0,1.0
3968500,2729500.0,10.0,27.0,2.0,9.8,998.0,145.0,2.0,2.0,7.2,95.0,0.0,0.0,284.0,-375.0,1.0
3968500,2729500.0,10.0,27.0,3.0,10.5,998.0,144.0,1.7,5.0,7.5,95.0,0.0,0.0,299.0,-375.0,1.0
3968500,2729500.0,10.0,27.0,4.0,10.6,998.0,148.0,1.8,7.0,7.8,97.0,0.0,0.0,322.0,-375.0,1.0
3968500,2729500.0,10.0,27.0,5.0,10.8,998.0,140.0,1.6,7.0,8.0,98.0,0.0,0.0,329.0,-376.0,1.0
3968500,2729500.0,10.0,27.0,6.0,11.4,999.0,151.0,2.0,7.0,8.2,98.0,0.0,0.0,331.0,-377.0,1.0
3968500,2729500.0,10.0,27.0,7.0,11.9,999.0,135.0,1.6,8.0,8.6,99.0,0.0,0.0,336.0,-377.0,1.0
3968500,2729500.0,10.0,27.0,8.0,11.5,1000.0,144.0,2.1,8.0,8.7,100.0,3.0,17.0,341.0,-376.0,1.0
3968500,2729500.0,10.0,27.0,9.0,12.2,1000.0,169.0,2.5,5.0,8.6,98.0,44.0,69.0,330.0,-378.0,1.0
3968500,2729500.0,10.0,27.0,10.0,12.5,1000.0,148.0,2.4,6.0,8.8,97.0,50.0,131.0,324.0,-384.0,1.0
3968500,2729500.0,10.0,27.0,11.0,13.1,1000.0,151.0,2.0,5.0,9.1,97.0,72.0,170.0,325.0,-395.0,1.0
3968500,2729500.0,10.0,27.0,12.0,15.4,1000.0,160.0,2.2,6.0,9.5,92.0,113.0,188.0,329.0,-406.0,1.0
3968500,2729500.0,10.0,27.0,13.0,16.7,999.0,166.0,2.4,5.0,9.9,85.0,155.0,174.0,334.0,-416.0,1.0
3968500,2729500.0,10.0,27.0,14.0,18.3,999.0,189.0,2.6,5.0,9.9,78.0,154.0,149.0,335.0,-422.0,1.0
3968500,2729500.0,10.0,27.0,15.0,18.4,998.0,184.0,2.0,5.0,9.9,74.0,133.0,110.0,336.0,-423.0,1.0
3968500,2729500.0,10.0,27.0,16.0,17.2,998.0,151.0,1.9,5.0,10.0,77.0,74.0,71.0,334.0,-418.0,1.0
3968500,2729500.0,10.0,27.0,17.0,15.9,998.0,160.0,2.1,6.0,10.0,84.0,6.0,26.0,332.0,-409.0,1.0
3968500,2729500.0,10.0,27.0,18.0,14.7,997.0,165.0,2.2,5.0,9.9,89.0,0.0,0.0,327.0,-400.0,1.0
3968500,2729500.0,10.0,27.0,19.0,14.0,998.0,154.0,2.4,3.0,9.6,92.0,0.0,0.0,315.0,-393.0,1.0
3968500,2729500.0,10.0,27.0,20.0,13.2,998.0,151.0,2.4,3.0,9.3,94.0,0.0,0.0,308.0,-389.0,1.0
3968500,2729500.0,10.0,27.0,21.0,12.5,998.0,142.0,2.5,3.0,9.0,96.0,0.0,0.0,308.0,-387.0,1.0
3968500,2729500.0,10.0,27.0,22.0,12.0,999.0,132.0,2.5,3.0,8.8,97.0,0.0,0.0,303.0,-384.0,1.0
3968500,2729500.0,10.0,27.0,23.0,11.4,999.0,135.0,2.5,4.0,8.5,98.0,0.0,0.0,296.0,-382.0,1.0
3968500,2729500.0,10.0,27.0,24.0,10.9,999.0,145.0,2.5,5.0,8.3,99.0,0.0,0.0,299.0,-380.0,1.0
3968500,2729500.0,10.0,28.0,1.0,10.4,998.0,162.0,2.5,6.0,8.0,100.0,0.0,0.0,340.0,-371.0,1.0
3968500,2729500.0,10.0,28.0,2.0,10.0,998.0,175.0,2.5,7.0,7.8,100.0,0.0,0.0,340.0,-370.0,1.0
3968500,2729500.0,10.0,28.0,3.0,9.6,998.0,181.0,2.5,8.0,7.6,100.0,0.0,0.0,339.0,-369.0,1.0
3968500,2729500.0,10.0,28.0,4.0,9.5,998.0,174.0,2.4,8.0,7.6,100.0,0.0,0.0,336.0,-368.0,1.0
3968500,2729500.0,10.0,28.0,5.0,9.7,999.0,167.0,2.5,8.0,7.6,100.0,0.0,0.0,332.0,-367.0,1.0
3968500,2729500.0,10.0,28.0,6.0,9.8,999.0,160.0,2.2,8.0,7.5,100.0,0.0,0.0,335.0,-367.0,1.0
3968500,2729500.0,10.0,28.0,7.0,10.2,999.0,154.0,2.3,8.0,7.7,99.0,0.0,0.0,341.0,-367.0,1.0
3968500,2729500.0,10.0,28.0,8.0,10.2,999.0,153.0,2.5,8.0,7.8,99.0,0.0,3.0,343.0,-367.0,1.0
3968500,2729500.0,10.0,28.0,9.0,10.5,999.0,171.0,2.9,8.0,7.9,100.0,0.0,40.0,344.0,-368.0,1.0
3968500,2729500.0,10.0,28.0,10.0,11.1,999.0,180.0,2.9,7.0,8.2,100.0,0.0,69.0,342.0,-369.0,1.0
3968500,2729500.0,10.0,28.0,11.0,11.6,1000.0,241.0,3.1,7.0,8.4,99.0,0.0,98.0,340.0,-371.0,1.0
3968500,2729500.0,10.0,28.0,12.0,12.0,1001.0,262.0,3.5,7.0,8.6,98.0,0.0,117.0,343.0,-375.0,1.0
3968500,2729500.0,10.0,28.0,13.0,12.0,1001.0,259.0,3.0,7.0,8.7,98.0,0.0,96.0,345.0,-379.0,1.0
3968500,2729500.0,10.0,28.0,14.0,12.3,1001.0,262.0,2.3,7.0,8.8,98.0,0.0,102.0,346.0,-382.0,1.0
3968500,2729500.0,10.0,28.0,15.0,12.2,1000.0,209.0,2.4,7.0,8.6,95.0,5.0,84.0,347.0,-381.0,1.0
3968500,2729500.0,10.0,28.0,16.0,11.8,1000.0,251.0,1.7,7.0,8.1,91.0,0.0,41.0,347.0,-376.0,1.0
3968500,2729500.0,10.0,28.0,17.0,10.0,999.0,207.0,1.3,5.0,7.7,94.0,5.0,19.0,332.0,-368.0,1.0
3968500,2729500.0,10.0,28.0,18.0,9.0,1000.0,260.0,1.6,4.0,7.3,97.0,0.0,0.0,310.0,-361.0,1.0
3968500,2729500.0,10.0,28.0,19.0,9.5,1000.0,238.0,2.3,4.0,7.0,94.0,0.0,0.0,302.0,-359.0,1.0
3968500,2729500.0,10.0,28.0,20.0,9.0,1001.0,234.0,2.4,5.0,6.8,92.0,0.0,0.0,306.0,-361.0,1.0
3968500,2729500.0,10.0,28.0,21.0,8.0,1001.0,209.0,2.4,6.0,6.7,95.0,0.0,0.0,314.0,-362.0,1.0
3968500,2729500.0,10.0,28.0,22.0,8.1,1001.0,220.0,2.2,6.0,6.6,98.0,0.0,0.0,316.0,-362.0,1.0
3968500,2729500.0,10.0,28.0,23.0,7.4,1002.0,213.0,1.9,6.0,6.6,99.0,0.0,0.0,315.0,-360.0,1.0
3968500,2729500.0,10.0,28.0,24.0,7.9,1002.0,207.0,2.3,4.0,6.6,100.0,0.0,0.0,306.0,-359.0,1.0
3968500,2729500.0,10.0,29.0,1.0,7.2,1002.0,160.0,2.3,7.0,6.5,99.0,0.0,0.0,308.0,-357.0,1.0
3968500,2729500.0,10.0,29.0,2.0,6.5,1002.0,168.0,1.8,7.0,6.2,99.0,0.0,0.0,315.0,-355.0,1.0
3968500,2729500.0,10.0,29.0,3.0,5.8,1002.0,206.0,2.3,8.0,6.0,100.0,0.0,0.0,315.0,-354.0,1.0
3968500,2729500.0,10.0,29.0,4.0,5.7,1001.0,177.0,2.6,7.0,5.8,100.0,0.0,0.0,313.0,-353.0,1.0
3968500,2729500.0,10.0,29.0,5.0,6.0,1001.0,168.0,2.3,6.0,5.8,100.0,0.0,0.0,304.0,-351.0,1.0
3968500,2729500.0,10.0,29.0,6.0,5.9,1001.0,182.0,2.3,6.0,5.9,100.0,0.0,0.0,301.0,-353.0,1.0
3968500,2729500.0,10.0,29.0,7.0,6.3,1001.0,192.0,2.8,7.0,5.9,100.0,0.0,0.0,306.0,-353.0,1.0
3968500,2729500.0,10.0,29.0,8.0,6.6,1001.0,187.0,2.4,8.0,6.1,100.0,0.0,9.0,318.0,-354.0,1.0
3968500,2729500.0,10.0,29.0,9.0,7.4,1001.0,185.0,3.0,7.0,6.3,100.0,1.0,55.0,321.0,-355.0,1.0
3968500,2729500.0,10.0,29.0,10.0,8.3,1001.0,176.0,3.0,7.0,6.7,100.0,1.0,90.0,321.0,-358.0,1.0
3968500,2729500.0,10.0,29.0,11.0,9.6,1000.0,222.0,3.8,7.0,7.1,98.0,15.0,135.0,327.0,-361.0,1.0
3968500,2729500.0,10.0,29.0,12.0,10.8,1000.0,233.0,2.8,7.0,7.5,96.0,12.0,149.0,332.0,-364.0,1.0
3968500,2729500.0,10.0,29.0,13.0,12.1,999.0,217.0,3.9,7.0,7.5,87.0,32.0,155.0,336.0,-365.0,1.0
3968500,2729500.0,10.0,29.0,14.0,13.5,1000.0,232.0,2.7,7.0,6.7,72.0,9.0,126.0,339.0,-364.0,1.0
3968500,2729500.0,10.0,29.0,15.0,12.5,999.0,227.0,3.4,5.0,6.5,68.0,18.0,107.0,329.0,-364.0,1.0
3968500,2729500.0,10.0,29.0,16.0,11.6,999.0,217.0,2.7,7.0,6.9,77.0,0.0,50.0,327.0,-364.0,1.0
3968500,2729500.0,10.0,29.0,17.0,11.2,998.0,214.0,2.6,7.0,7.2,84.0,1.0,22.0,336.0,-364.0,1.0
3968500,2729500.0,10.0,29.0,18.0,10.9,998.0,177.0,3.1,7.0,7.2,87.0,0.0,0.0,334.0,-362.0,1.0
3968500,2729500.0,10.0,29.0,19.0,11.0,998.0,219.0,3.5,8.0,7.2,87.0,0.0,0.0,338.0,-360.0,1.0
3968500,2729500.0,10.0,29.0,20.0,10.6,998.0,174.0,2.9,8.0,7.0,86.0,0.0,0.0,340.0,-359.0,1.0
3968500,2729500.0,10.0,29.0,21.0,9.9,998.0,172.0,3.3,7.0,7.0,88.0,0.0,0.0,329.0,-358.0,1.0
3968500,2729500.0,10.0,29.0,22.0,9.4,997.0,178.0,3.1,6.0,7.1,93.0,0.0,0.0,316.0,-356.0,1.0
3968500,2729500.0,10.0,29.0,23.0,9.4,997.0,174.0,2.5,6.0,7.2,96.0,0.0,0.0,309.0,-354.0,1.0
3968500,2729500.0,10.0,29.0,24.0,9.5,997.0,201.0,3.0,7.0,7.2,96.0,0.0,0.0,311.0,-352.0,1.0
3968500,2729500.0,10.0,30.0,1.0,9.6,996.0,205.0,3.3,7.0,7.3,96.0,0.0,0.0,312.0,-350.0,1.0
3968500,2729500.0,10.0,30.0,2.0,9.5,996.0,198.0,3.8,8.0,7.4,98.0,0.0,0.0,314.0,-350.0,1.0
3968500,2729500.0,10.0,30.0,3.0,9.9,995.0,194.0,3.4,8.0,7.4,97.0,0.0,0.0,317.0,-349.0,1.0
3968500,2729500.0,10.0,30.0,4.0,9.9,995.0,201.0,3.6,7.0,7.4,95.0,0.0,0.0,316.0,-347.0,1.0
3968500,2729500.0,10.0,30.0,5.0,9.8,995.0,191.0,4.4,6.0,7.5,97.0,0.0,0.0,312.0,-345.0,1.0
3968500,2729500.0,10.0,30.0,6.0,10.2,995.0,180.0,4.5,2.0,7.5,96.0,0.0,0.0,296.0,-345.0,1.0
3968500,2729500.0,10.0,30.0,7.0,10.8,996.0,182.0,5.1,5.0,7.7,95.0,0.0,0.0,295.0,-344.0,1.0
3968500,2729500.0,10.0,30.0,8.0,10.8,996.0,185.0,4.9,6.0,7.8,95.0,0.0,13.0,315.0,-341.0,1.0
3968500,2729500.0,10.0,30.0,9.0,11.8,997.0,187.0,5.5,5.0,7.9,93.0,39.0,71.0,319.0,-342.0,1.0
3968500,2729500.0,10.0,30.0,10.0,13.0,998.0,195.0,5.7,5.0,7.9,87.0,106.0,107.0,320.0,-346.0,1.0
3968500,2729500.0,10.0,30.0,11.0,13.8,998.0,202.0,4.4,4.0,8.0,82.0,161.0,134.0,322.0,-353.0,1.0
3968500,2729500.0,10.0,30.0,12.0,14.6,998.0,206.0,4.1,3.0,8.2,80.0,221.0,132.0,317.0,-360.0,1.0
3968500,2729500.0,10.0,30.0,13.0,15.8,997.0,208.0,3.9,2.0,8.5,78.0,251.0,120.0,314.0,-366.0,1.0
3968500,2729500.0,10.0,30.0,14.0,16.5,997.0,188.0,5.7,2.0,8.7,75.0,210.0,122.0,314.0,-371.0,1.0
3968500,2729500.0,10.0,30.0,15.0,16.3,996.0,179.0,5.4,1.0,8.8,74.0,130.0,112.0,312.0,-373.0,1.0
3968500,2729500.0,10.0,30.0,16.0,15.5,996.0,170.0,5.2,1.0,9.0,78.0,60.0,76.0,309.0,-372.0,1.0
3968500,2729500.0,10.0,30.0,17.0,14.1,996.0,171.0,5.6,0.0,9.0,84.0,5.0,26.0,303.0,-368.0,1.0
3968500,2729500.0,10.0,30.0,18.0,13.4,996.0,168.0,5.3,0.0,8.8,88.0,0.0,0.0,297.0,-364.0,1.0
3968500,2729500.0,10.0,30.0,19.0,13.3,996.0,168.0,5.4,0.0,8.7,90.0,0.0,0.0,295.0,-362.0,1.0
3968500,2729500.0,10.0,30.0,20.0,13.7,996.0,170.0,5.4,1.0,8.6,88.0,0.0,0.0,296.0,-360.0,1.0
3968500,2729500.0,10.0,30.0,21.0,13.4,995.0,174.0,5.0,0.0,8.3,84.0,0.0,0.0,295.0,-358.0,1.0
3968500,2729500.0,10.0,30.0,22.0,14.1,995.0,173.0,5.4,1.0,8.1,81.0,0.0,0.0,294.0,-356.0,1.0
3968500,2729500.0,10.0,30.0,23.0,13.6,994.0,173.0,5.2,1.0,8.1,80.0,0.0,0.0,296.0,-354.0,1.0
3968500,2729500.0,10.0,30.0,24.0,14.1,993.0,177.0,5.3,0.0,8.0,79.0,0.0,0.0,293.0,-354.0,1.0
3968500,2729500.0,10.0,31.0,1.0,13.5,993.0,175.0,3.7,0.0,7.9,78.0,0.0,0.0,288.0,-354.0,1.0
3968500,2729500.0,10.0,31.0,2.0,13.2,993.0,176.0,3.7,1.0,8.0,82.0,0.0,0.0,290.0,-354.0,1.0
3968500,2729500.0,10.0,31.0,3.0,12.8,992.0,178.0,4.3,2.0,8.1,84.0,0.0,0.0,295.0,-355.0,1.0
3968500,2729500.0,10.0,31.0,4.0,12.1,992.0,176.0,3.1,2.0,8.1,88.0,0.0,0.0,298.0,-356.0,1.0
3968500,2729500.0,10.0,31.0,5.0,11.7,992.0,173.0,3.3,5.0,8.0,90.0,0.0,0.0,305.0,-357.0,1.0
3968500,2729500.0,10.0,31.0,6.0,11.8,991.0,164.0,3.9,5.0,8.0,91.0,0.0,0.0,315.0,-357.0,1.0
3968500,2729500.0,10.0,31.0,7.0,11.6,991.0,175.0,3.8,6.0,8.1,92.0,0.0,0.0,318.0,-357.0,1.0
3968500,2729500.0,10.0,31.0,8.0,11.9,990.0,185.0,4.4,5.0,7.9,90.0,0.0,8.0,321.0,-357.0,1.0
3968500,2729500.0,10.0,31.0,9.0,13.8,990.0,196.0,4.1,4.0,7.9,83.0,64.0,37.0,320.0,-358.0,1.0
3968500,2729500.0,10.0,31.0,10.0,14.5,990.0,202.0,5.8,6.0,8.0,78.0,83.0,78.0,327.0,-363.0,1.0
3968500,2729500.0,10.0,31.0,11.0,15.1,989.0,204.0,6.8,8.0,8.1,75.0,0.0,108.0,342.0,-367.0,1.0
3968500,2729500.0,10.0,31.0,12.0,15.5,990.0,208.0,6.0,7.0,8.1,73.0,0.0,101.0,347.0,-371.0,1.0
3968500,2729500.0,10.0,31.0,13.0,14.7,990.0,244.0,6.9,5.0,8.1,74.0,9.0,131.0,336.0,-374.0,1.0
3968500,2729500.0,10.0,31.0,14.0,11.2,990.0,249.0,8.9,8.0,7.2,76.0,0.0,55.0,331.0,-375.0,1.0
3968500,2729500.0,10.0,31.0,15.0,11.6,991.0,256.0,6.5,8.0,6.0,70.0,0.0,43.0,336.0,-372.0,1.0
3968500,2729500.0,10.0,31.0,16.0,11.7,992.0,252.0,5.5,8.0,5.7,66.0,0.0,30.0,337.0,-366.0,1.0
3968500,2729500.0,10.0,31.0,17.0,10.1,992.0,263.0,6.0,6.0,5.9,71.0,0.0,16.0,328.0,-359.0,1.0
3968500,2729500.0,10.0,31.0,18.0,9.1,993.0,262.0,5.1,7.0,6.0,79.0,0.0,0.0,319.0,-352.0,1.0
3968500,2729500.0,10.0,31.0,19.0,8.8,994.0,255.0,5.3,3.0,5.9,81.0,0.0,0.0,302.0,-348.0,1.0
3968500,2729500.0,10.0,31.0,20.0,8.5,996.0,256.0,5.9,3.0,5.5,77.0,0.0,0.0,280.0,-346.0,1.0
3968500,2729500.0,10.0,31.0,21.0,8.7,997.0,262.0,5.6,3.0,5.1,72.0,0.0,0.0,279.0,-344.0,1.0
3968500,2729500.0,10.0,31.0,22.0,7.8,997.0,277.0,5.2,4.0,5.1,74.0,0.0,0.0,282.0,-343.0,1.0
3968500,2729500.0,10.0,31.0,23.0,7.6,999.0,252.0,5.9,4.0,5.1,77.0,0.0,0.0,284.0,-344.0,1.0
3968500,2729500.0,10.0,31.0,24.0,7.8,999.0,258.0,5.2,3.0,4.9,74.0,0.0,0.0,274.0,-342.0,1.0
3968500,2729500.0,11.0,1.0,1.0,7.8,1002.0,259.0,4.4,5.0,5.0,75.0,0.0,0.0,281.0,-343.0,1.0
3968500,2729500.0,11.0,1.0,2.0,7.8,1002.0,255.0,3.9,5.0,5.1,77.0,0.0,0.0,281.0,-343.0,1.0
3968500,2729500.0,11.0,1.0,3.0,7.7,1002.0,263.0,4.3,6.0,5.2,79.0,0.0,0.0,282.0,-342.0,1.0
3968500,2729500.0,11.0,1.0,4.0,7.7,1003.0,256.0,3.5,3.0,5.2,79.0,0.0,0.0,271.0,-342.0,1.0
3968500,2729500.0,11.0,1.0,5.0,7.7,1003.0,254.0,3.8,3.0,5.2,78.0,0.0,0.0,257.0,-343.0,1.0
3968500,2729500.0,11.0,1.0,6.0,7.7,1004.0,266.0,4.9,6.0,5.2,79.0,0.0,0.0,274.0,-343.0,1.0
3968500,2729500.0,11.0,1.0,7.0,8.0,1005.0,269.0,4.3,7.0,5.2,78.0,0.0,0.0,297.0,-344.0,1.0
3968500,2729500.0,11.0,1.0,8.0,7.7,1006.0,291.0,4.4,8.0,5.3,80.0,0.0,6.0,309.0,-343.0,1.0
3968500,2729500.0,11.0,1.0,9.0,7.6,1007.0,290.0,4.1,7.0,5.5,83.0,5.0,48.0,309.0,-343.0,1.0
3968500,2729500.0,11.0,1.0,10.0,8.7,1008.0,276.0,5.0,4.0,5.4,80.0,130.0,85.0,291.0,-346.0,1.0
3968500,2729500.0,11.0,1.0,11.0,9.6,1008.0,283.0,5.4,4.0,5.2,72.0,141.0,127.0,279.0,-350.0,1.0
3968500,2729500.0,11.0,1.0,12.0,9.9,1009.0,285.0,5.9,6.0,5.0,66.0,48.0,158.0,290.0,-355.0,1.0
3968500,2729500.0,11.0,1.0,13.0,10.3,1009.0,281.0,5.9,5.0,4.9,64.0,67.0,161.0,296.0,-357.0,1.0
3968500,2729500.0,11.0,1.0,14.0,10.2,1009.0,282.0,6.2,6.0,4.9,62.0,18.0,124.0,295.0,-358.0,1.0
3968500,2729500.0,11.0,1.0,15.0,10.1,1009.0,269.0,5.2,6.0,4.8,62.0,1.0,76.0,299.0,-356.0,1.0
3968500,2729500.0,11.0,1.0,16.0,9.5,1009.0,253.0,5.1,6.0,4.9,65.0,6.0,52.0,297.0,-352.0,1.0
3968500,2729500.0,11.0,1.0,17.0,9.4,1009.0,260.0,4.2,7.0,5.0,68.0,0.0,7.0,298.0,-346.0,1.0
3968500,2729500.0,11.0,1.0,18.0,8.4,1010.0,282.0,3.2,7.0,5.2,73.0,0.0,0.0,301.0,-340.0,1.0
3968500,2729500.0,11.0,1.0,19.0,8.1,1011.0,277.0,2.8,8.0,5.5,81.0,0.0,0.0,303.0,-335.0,1.0
3968500,2729500.0,11.0,1.0,20.0,8.2,1012.0,262.0,2.5,7.0,5.6,82.0,0.0,0.0,304.0,-330.0,1.0
3968500,2729500.0,11.0,1.0,21.0,7.8,1013.0,271.0,2.8,5.0,5.6,83.0,0.0,0.0,295.0,-327.0,1.0
3968500,2729500.0,11.0,1.0,22.0,8.0,1013.0,293.0,2.7,6.0,5.6,84.0,0.0,0.0,294.0,-324.0,1.0
3968500,2729500.0,11.0,1.0,23.0,7.5,1013.0,278.0,2.5,6.0,5.7,86.0,0.0,0.0,297.0,-320.0,1.0
3968500,2729500.0,11.0,1.0,24.0,8.0,1014.0,285.0,2.6,8.0,5.7,86.0,0.0,0.0,305.0,-320.0,1.0
3968500,2729500.0,11.0,2.0,1.0,8.0,1014.0,211.0,2.4,5.0,5.7,86.0,0.0,0.0,303.0,-320.0,1.0
3968500,2729500.0,11.0,2.0,2.0,6.8,1015.0,183.0,0.9,2.0,5.7,89.0,0.0,0.0,275.0,-318.0,1.0
3968500,2729500.0,11.0,2.0,3.0,7.8,1015.0,308.0,1.3,2.0,5.7,90.0,0.0,0.0,262.0,-316.0,1.0
3968500,2729500.0,11.0,2.0,4.0,7.0,1015.0,227.0,0.6,5.0,5.8,90.0,0.0,0.0,276.0,-316.0,1.0
3968500,2729500.0,11.0,2.0,5.0,6.9,1015.0,202.0,0.6,7.0,5.9,95.0,0.0,0.0,298.0,-315.0,1.0
3968500,2729500.0,11.0,2.0,6.0,6.6,1015.0,179.0,0.7,7.0,5.9,97.0,0.0,0.0,306.0,-314.0,1.0
3968500,2729500.0,11.0,2.0,7.0,6.6,1016.0,207.0,1.3,7.0,6.0,98.0,0.0,0.0,304.0,-312.0,1.0
3968500,2729500.0,11.0,2.0,8.0,6.7,1016.0,105.0,1.7,7.0,5.9,98.0,0.0,1.0,303.0,-311.0,1.0
3968500,2729500.0,11.0,2.0,9.0,7.2,1016.0,154.0,2.0,8.0,5.9,95.0,0.0,29.0,310.0,-312.0,1.0
3968500,2729500.0,11.0,2.0,10.0,8.0,1016.0,202.0,1.7,7.0,6.0,92.0,3.0,83.0,314.0,-314.0,1.0
3968500,2729500.0,11.0,2.0,11.0,8.9,1017.0,197.0,1.7,6.0,6.1,89.0,34.0,144.0,307.0,-322.0,1.0
3968500,2729500.0,11.0,2.0,12.0,9.9,1016.0,248.0,1.8,5.0,6.2,84.0,136.0,169.0,302.0,-335.0,1.0
3968500,2729500.0,11.0,2.0,13.0,10.6,1016.0,260.0,2.4,6.0,6.3,81.0,103.0,177.0,305.0,-346.0,1.0
3968500,2729500.0,11.0,2.0,14.0,10.8,1016.0,240.0,1.9,8.0,6.3,79.0,15.0,125.0,319.0,-350.0,1.0
3968500,2729500.0,11.0,2.0,15.0,11.4,1015.0,283.0,1.8,8.0,6.3,77.0,11.0,96.0,330.0,-352.0,1.0
3968500,2729500.0,11.0,2.0,16.0,11.5,1015.0,306.0,1.6,7.0,6.2,74.0,18.0,60.0,325.0,-350.0,1.0
3968500,2729500.0,11.0,2.0,17.0,9.7,1015.0,192.0,1.4,5.0,6.2,78.0,5.0,14.0,309.0,-342.0,1.0
3968500,2729500.0,11.0,2.0,18.0,8.0,1015.0,240.0,1.6,5.0,6.1,87.0,0.0,0.0,295.0,-333.0,1.0
3968500,2729500.0,11.0,2.0,19.0,8.3,1015.0,221.0,1.4,6.0,6.1,91.0,0.0,0.0,295.0,-327.0,1.0
3968500,2729500.0,11.0,2.0,20.0,7.4,1015.0,230.0,1.2,6.0,6.2,94.0,0.0,0.0,295.0,-322.0,1.0
3968500,2729500.0,11.0,2.0,21.0,6.8,1015.0,212.0,1.2,6.0,6.1,97.0,0.0,0.0,291.0,-319.0,1.0
3968500,2729500.0,11.0,2.0,22.0,6.5,1015.0,181.0,1.7,5.0,6.0,98.0,0.0,0.0,286.0,-317.0,1.0
3968500,2729500.0,11.0,2.0,23.0,5.8,1014.0,171.0,2.0,5.0,5.8,99.0,0.0,0.0,282.0,-316.0,1.0
3968500,2729500.0,11.0,2.0,24.0,5.5,1014.0,193.0,2.3,3.0,5.6,99.0,0.0,0.0,274.0,-316.0,1.0
3968500,2729500.0,11.0,3.0,1.0,5.0,1014.0,178.0,2.3,2.0,5.5,99.0,0.0,0.0,262.0,-315.0,1.0
3968500,2729500.0,11.0,3.0,2.0,4.2,1013.0,184.0,2.5,2.0,5.3,100.0,0.0,0.0,257.0,-314.0,1.0
3968500,2729500.0,11.0,3.0,3.0,4.2,1013.0,156.0,2.2,1.0,5.1,100.0,0.0,0.0,252.0,-311.0,1.0
3968500,2729500.0,11.0,3.0,4.0,3.9,1013.0,145.0,2.4,1.0,5.0,99.0,0.0,0.0,248.0,-309.0,1.0
3968500,2729500.0,11.0,3.0,5.0,3.2,1011.0,159.0,2.6,2.0,4.9,100.0,0.0,0.0,251.0,-309.0,1.0
3968500,2729500.0,11.0,3.0,6.0,3.3,1011.0,150.0,2.2,8.0,4.8,99.0,0.0,0.0,280.0,-309.0,1.0
3968500,2729500.0,11.0,3.0,7.0,3.3,1011.0,165.0,2.5,8.0,4.7,98.0,0.0,0.0,304.0,-309.0,1.0
3968500,2729500.0,11.0,3.0,8.0,3.1,1010.0,205.0,2.3,6.0,4.7,98.0,0.0,6.0,291.0,-309.0,1.0
3968500,2729500.0,11.0,3.0,9.0,3.3,1010.0,190.0,2.4,7.0,4.7,98.0,5.0,52.0,286.0,-310.0,1.0
3968500,2729500.0,11.0,3.0,10.0,3.9,1011.0,139.0,2.5,8.0,4.8,98.0,9.0,102.0,296.0,-313.0,1.0
3968500,2729500.0,11.0,3.0,11.0,4.6,1011.0,185.0,2.5,6.0,5.1,99.0,42.0,162.0,296.0,-318.0,1.0
3968500,2729500.0,11.0,3.0,12.0,6.2,1011.0,39.0,2.0,4.0,5.6,99.0,106.0,199.0,285.0,-325.0,1.0
3968500,2729500.0,11.0,3.0,13.0,8.1,1010.0,212.0,2.1,3.0,6.1,96.0,160.0,187.0,278.0,-335.0,1.0
3968500,2729500.0,11.0,3.0,14.0,9.9,1009.0,215.0,2.7,3.0,6.3,87.0,140.0,168.0,279.0,-343.0,1.0
3968500,2729500.0,11.0,3.0,15.0,9.9,1008.0,191.0,2.3,4.0,6.1,80.0,43.0,128.0,285.0,-348.0,1.0
3968500,2729500.0,11.0,3.0,16.0,9.6,1008.0,183.0,1.7,5.0,6.0,80.0,14.0,64.0,293.0,-346.0,1.0
3968500,2729500.0,11.0,3.0,17.0,9.1,1007.0,175.0,1.3,7.0,6.2,84.0,0.0,13.0,304.0,-337.0,1.0
3968500,2729500.0,11.0,3.0,18.0,8.8,1007.0,353.0,1.4,8.0,6.3,88.0,0.0,0.0,315.0,-326.0,1.0
3968500,2729500.0,11.0,3.0,19.0,7.3,1007.0,205.0,1.5,7.0,6.0,90.0,0.0,0.0,312.0,-320.0,1.0
3968500,2729500.0,11.0,3.0,20.0,6.2,1006.0,185.0,1.6,6.0,5.8,95.0,0.0,0.0,300.0,-318.0,1.0
3968500,2729500.0,11.0,3.0,21.0,6.1,1006.0,239.0,1.4,5.0,5.8,98.0,0.0,0.0,292.0,-317.0,1.0
3968500,2729500.0,11.0,3.0,22.0,6.1,1006.0,136.0,0.9,5.0,5.8,99.0,0.0,0.0,289.0,-316.0,1.0
3968500,2729500.0,11.0,3.0,23.0,5.4,1005.0,227.0,1.1,5.0,5.7,100.0,0.0,0.0,289.0,-315.0,1.0
3968500,2729500.0,11.0,3.0,24.0,4.6,1005.0,169.0,1.8,2.0,5.5,100.0,0.0,0.0,273.0,-313.0,1.0
3968500,2729500.0,11.0,4.0,1.0,4.8,1005.0,201.0,1.7,0.0,5.3,99.0,0.0,0.0,249.0,-311.0,1.0
3968500,2729500.0,11.0,4.0,2.0,4.1,1004.0,251.0,1.6,1.0,5.2,99.0,0.0,0.0,244.0,-311.0,1.0
3968500,2729500.0,11.0,4.0,3.0,4.1,1004.0,288.0,1.6,0.0,5.1,98.0,0.0,0.0,243.0,-311.0,1.0
3968500,2729500.0,11.0,4.0,4.0,3.4,1003.0,331.0,1.5,2.0,5.0,99.0,0.0,0.0,247.0,-310.0,1.0
3968500,2729500.0,11.0,4.0,5.0,3.9,1002.0,344.0,1.7,6.0,4.9,98.0,0.0,0.0,274.0,-310.0,1.0
3968500,2729500.0,11.0,4.0,6.0,3.4,1002.0,252.0,2.3,7.0,4.8,97.0,0.0,0.0,298.0,-310.0,1.0
3968500,2729500.0,11.0,4.0,7.0,3.6,1001.0,184.0,1.8,8.0,4.8,97.0,0.0,0.0,309.0,-309.0,1.0
3968500,2729500.0,11.0,4.0,8.0,3.8,1001.0,192.0,1.9,7.0,4.8,96.0,0.0,8.0,310.0,-309.0,1.0
3968500,2729500.0,11.0,4.0,9.0,3.1,1001.0,193.0,2.0,7.0,4.8,98.0,16.0,50.0,305.0,-310.0,1.0
3968500,2729500.0,11.0,4.0,10.0,3.7,1001.0,182.0,1.7,8.0,4.9,99.0,25.0,104.0,310.0,-313.0,1.0
3968500,2729500.0,11.0,4.0,11.0,3.9,1000.0,181.0,1.5,8.0,5.0,99.0,33.0,136.0,318.0,-317.0,1.0
3968500,2729500.0,11.0,4.0,12.0,4.7,1000.0,147.0,1.7,6.0,5.1,98.0,48.0,155.0,310.0,-324.0,1.0
3968500,2729500.0,11.0,4.0,13.0,5.8,999.0,148.0,2.1,6.0,5.3,96.0,92.0,159.0,303.0,-331.0,1.0
3968500,2729500.0,11.0,4.0,14.0,7.0,998.0,140.0,1.7,6.0,5.7,94.0,111.0,139.0,307.0,-337.0,1.0
3968500,2729500.0,11.0,4.0,15.0,7.0,997.0,151.0,1.8,6.0,6.0,94.0,35.0,101.0,309.0,-341.0,1.0
3968500,2729500.0,11.0,4.0,16.0,7.4,996.0,168.0,1.7,7.0,6.3,98.0,3.0,48.0,314.0,-339.0,1.0
3968500,2729500.0,11.0,4.0,17.0,7.5,996.0,161.0,2.2,8.0,6.5,99.0,0.0,10.0,323.0,-332.0,1.0
3968500,2729500.0,11.0,4.0,18.0,7.3,995.0,163.0,1.8,8.0,6.4,98.0,0.0,0.0,325.0,-326.0,1.0
3968500,2729500.0,11.0,4.0,19.0,7.4,995.0,170.0,2.3,7.0,6.4,98.0,0.0,0.0,318.0,-323.0,1.0
3968500,2729500.0,11.0,4.0,20.0,7.4,995.0,173.0,2.8,7.0,6.4,99.0,0.0,0.0,313.0,-326.0,1.0
3968500,2729500.0,11.0,4.0,21.0,7.1,995.0,155.0,2.4,8.0,6.4,99.0,0.0,0.0,315.0,-329.0,1.0
3968500,2729500.0,11.0,4.0,22.0,6.8,995.0,153.0,2.8,8.0,6.2,99.0,0.0,0.0,318.0,-328.0,1.0
3968500,2729500.0,11.0,4.0,23.0,6.9,995.0,154.0,2.4,8.0,6.2,99.0,0.0,0.0,318.0,-328.0,1.0
3968500,2729500.0,11.0,4.0,24.0,7.7,995.0,146.0,3.0,5.0,5.6,86.0,0.0,0.0,304.0,-328.0,1.0
3968500,2729500.0,11.0,5.0,1.0,7.5,995.0,145.0,3.2,6.0,5.1,77.0,0.0,0.0,294.0,-328.0,1.0
3968500,2729500.0,11.0,5.0,2.0,7.4,995.0,149.0,3.3,8.0,5.3,80.0,0.0,0.0,306.0,-328.0,1.0
3968500,2729500.0,11.0,5.0,3.0,7.6,995.0,175.0,1.7,8.0,5.3,80.0,0.0,0.0,315.0,-330.0,1.0
3968500,2729500.0,11.0,5.0,4.0,6.6,995.0,210.0,3.8,8.0,5.5,86.0,0.0,0.0,315.0,-333.0,1.0
3968500,2729500.0,11.0,5.0,5.0,6.5,995.0,217.0,3.1,8.0,5.9,96.0,0.0,0.0,315.0,-337.0,1.0
3968500,2729500.0,11.0,5.0,6.0,7.1,995.0,294.0,3.0,7.0,6.1,98.0,0.0,0.0,313.0,-340.0,1.0
3968500,2729500.0,11.0,5.0,7.0,7.1,995.0,269.0,3.4,6.0,6.2,97.0,0.0,0.0,304.0,-340.0,1.0
3968500,2729500.0,11.0,5.0,8.0,6.6,996.0,298.0,2.0,5.0,5.8,92.0,0.0,6.0,293.0,-336.0,1.0
3968500,2729500.0,11.0,5.0,9.0,7.0,998.0,286.0,1.7,4.0,5.5,89.0,52.0,52.0,281.0,-332.0,1.0
3968500,2729500.0,11.0,5.0,10.0,7.1,999.0,313.0,2.9,3.0,5.3,83.0,98.0,95.0,271.0,-333.0,1.0
3968500,2729500.0,11.0,5.0,11.0,7.6,999.0,300.0,2.8,2.0,4.9,76.0,150.0,123.0,261.0,-338.0,1.0
3968500,2729500.0,11.0,5.0,12.0,8.0,1000.0,339.0,3.2,3.0,4.5,67.0,186.0,138.0,261.0,-345.0,1.0
3968500,2729500.0,11.0,5.0,13.0,9.3,1000.0,291.0,3.5,3.0,4.0,57.0,186.0,141.0,266.0,-350.0,1.0
3968500,2729500.0,11.0,5.0,14.0,9.4,1000.0,293.0,3.5,3.0,3.7,50.0,140.0,137.0,266.0,-352.0,1.0
3968500,2729500.0,11.0,5.0,15.0,9.6,999.0,271.0,3.3,4.0,3.5,47.0,123.0,95.0,270.0,-351.0,1.0
3968500,2729500.0,11.0,5.0,16.0,8.8,999.0,258.0,3.1,5.0,3.6,49.0,41.0,60.0,275.0,-347.0,1.0
3968500,2729500.0,11.0,5.0,17.0,5.3,999.0,255.0,2.3,3.0,3.7,59.0,4.0,13.0,265.0,-340.0,1.0
3968500,2729500.0,11.0,5.0,18.0,5.1,999.0,231.0,2.3,2.0,3.7,66.0,0.0,0.0,249.0,-332.0,1.0
3968500,2729500.0,11.0,5.0,19.0,3.6,999.0,248.0,1.8,2.0,3.6,69.0,0.0,0.0,242.0,-326.0,1.0
3968500,2729500.0,11.0,5.0,20.0,2.8,999.0,186.0,1.6,1.0,3.7,78.0,0.0,0.0,236.0,-323.0,1.0
3968500,2729500.0,11.0,5.0,21.0,2.0,999.0,152.0,1.9,1.0,3.8,84.0,0.0,0.0,230.0,-321.0,1.0
3968500,2729500.0,11.0,5.0,22.0,1.4,999.0,144.0,2.2,3.0,3.9,89.0,0.0,0.0,236.0,-320.0,1.0
3968500,2729500.0,11.0,5.0,23.0,1.2,999.0,146.0,2.2,3.0,3.9,91.0,0.0,0.0,243.0,-320.0,1.0
3968500,2729500.0,11.0,5.0,24.0,1.1,998.0,158.0,2.5,2.0,3.9,93.0,0.0,0.0,240.0,-320.0,1.0
3968500,2729500.0,11.0,6.0,1.0,1.0,997.0,152.0,2.4,0.0,4.0,97.0,0.0,0.0,230.0,-320.0,1.0
3968500,2729500.0,11.0,6.0,2.0,1.4,996.0,155.0,2.7,1.0,4.1,98.0,0.0,0.0,231.0,-321.0,1.0
3968500,2729500.0,11.0,6.0,3.0,1.6,995.0,157.0,2.4,4.0,4.2,97.0,0.0,0.0,253.0,-323.0,1.0
3968500,2729500.0,11.0,6.0,4.0,1.9,994.0,178.0,3.6,6.0,4.3,98.0,0.0,0.0,276.0,-325.0,1.0
3968500,2729500.0,11.0,6.0,5.0,3.0,993.0,190.0,5.1,7.0,4.4,96.0,0.0,0.0,289.0,-327.0,1.0
3968500,2729500.0,11.0,6.0,6.0,3.3,992.0,196.0,6.4,7.0,4.5,93.0,0.0,0.0,297.0,-327.0,1.0
3968500,2729500.0,11.0,6.0,7.0,3.8,991.0,188.0,6.0,8.0,4.5,91.0,0.0,0.0,303.0,-328.0,1.0
3968500,2729500.0,11.0,6.0,8.0,4.6,990.0,176.0,6.2,8.0,4.6,87.0,0.0,0.0,310.0,-327.0,1.0
3968500,2729500.0,11.0,6.0,9.0,4.6,989.0,172.0,7.6,8.0,4.6,86.0,0.0,8.0,314.0,-328.0,1.0
3968500,2729500.0,11.0,6.0,10.0,5.0,989.0,182.0,7.1,7.0,4.8,88.0,11.0,86.0,313.0,-330.0,1.0
3968500,2729500.0,11.0,6.0,11.0,5.3,988.0,179.0,7.4,8.0,5.1,90.0,0.0,37.0,315.0,-333.0,1.0
3968500,2729500.0,11.0,6.0,12.0,5.9,988.0,179.0,6.6,8.0,5.3,92.0,0.0,32.0,323.0,-338.0,1.0
3968500,2729500.0,11.0,6.0,13.0,6.0,987.0,179.0,5.8,7.0,5.7,96.0,0.0,62.0,321.0,-340.0,1.0
3968500,2729500.0,11.0,6.0,14.0,6.5,987.0,206.0,6.4,7.0,6.0,98.0,0.0,55.0,318.0,-342.0,1.0
3968500,2729500.0,11.0,6.0,15.0,7.0,986.0,180.0,6.0,7.0,6.1,98.0,0.0,54.0,320.0,-343.0,1.0
3968500,2729500.0,11.0,6.0,16.0,7.1,985.0,204.0,5.8,8.0,6.2,97.0,0.0,24.0,328.0,-344.0,1.0
3968500,2729500.0,11.0,6.0,17.0,7.0,985.0,209.0,5.7,7.0,6.3,98.0,0.0,2.0,330.0,-345.0,1.0
3968500,2729500.0,11.0,6.0,18.0,7.1,985.0,207.0,5.8,7.0,6.3,98.0,0.0,0.0,323.0,-344.0,1.0
3968500,2729500.0,11.0,6.0,19.0,7.2,985.0,208.0,5.4,6.0,6.3,97.0,0.0,0.0,317.0,-344.0,1.0
3968500,2729500.0,11.0,6.0,20.0,7.3,985.0,212.0,4.4,7.0,6.3,97.0,0.0,0.0,311.0,-344.0,1.0
3968500,2729500.0,11.0,6.0,21.0,7.3,985.0,217.0,3.7,7.0,6.3,97.0,0.0,0.0,319.0,-344.0,1.0
3968500,2729500.0,11.0,6.0,22.0,7.1,986.0,225.0,3.2,7.0,6.3,97.0,0.0,0.0,331.0,-345.0,1.0
3968500,2729500.0,11.0,6.0,23.0,7.0,986.0,221.0,2.9,7.0,6.2,96.0,0.0,0.0,335.0,-346.0,1.0
3968500,2729500.0,11.0,6.0,24.0,6.8,986.0,213.0,2.9,8.0,6.0,94.0,0.0,0.0,321.0,-346.0,1.0
3968500,2729500.0,11.0,7.0,1.0,6.7,982.0,198.0,3.0,7.0,5.8,92.0,0.0,0.0,318.0,-347.0,1.0
3968500,2729500.0,11.0,7.0,2.0,6.7,982.0,185.0,3.1,7.0,5.7,89.0,0.0,0.0,317.0,-348.0,1.0
3968500,2729500.0,11.0,7.0,3.0,6.6,981.0,173.0,3.2,8.0,5.5,87.0,0.0,0.0,312.0,-348.0,1.0
3968500,2729500.0,11.0,7.0,4.0,6.5,981.0,170.0,3.2,8.0,5.4,86.0,0.0,0.0,308.0,-348.0,1.0
3968500,2729500.0,11.0,7.0,5.0,6.3,980.0,168.0,3.1,8.0,5.4,86.0,0.0,0.0,314.0,-348.0,1.0
3968500,2729500.0,11.0,7.0,6.0,6.1,979.0,159.0,3.0,8.0,5.2,85.0,0.0,0.0,318.0,-348.0,1.0
3968500,2729500.0,11.0,7.0,7.0,5.5,978.0,160.0,3.3,7.0,5.1,86.0,0.0,0.0,312.0,-347.0,1.0
3968500,2729500.0,11.0,7.0,8.0,6.1,978.0,145.0,3.8,7.0,5.0,84.0,5.0,7.0,307.0,-344.0,1.0
3968500,2729500.0,11.0,7.0,9.0,6.4,978.0,154.0,3.8,5.0,5.0,82.0,43.0,24.0,297.0,-343.0,1.0
3968500,2729500.0,11.0,7.0,10.0,6.9,978.0,153.0,4.3,7.0,5.0,79.0,2.0,68.0,296.0,-345.0,1.0
3968500,2729500.0,11.0,7.0,11.0,7.0,977.0,161.0,4.8,8.0,5.0,78.0,0.0,56.0,311.0,-348.0,1.0
3968500,2729500.0,11.0,7.0,12.0,7.4,977.0,162.0,4.4,6.0,5.1,78.0,2.0,108.0,304.0,-352.0,1.0
3968500,2729500.0,11.0,7.0,13.0,7.6,977.0,172.0,5.0,5.0,5.0,75.0,23.0,113.0,291.0,-354.0,1.0
3968500,2729500.0,11.0,7.0,14.0,7.4,976.0,177.0,4.7,7.0,5.0,74.0,0.0,76.0,295.0,-353.0,1.0
3968500,2729500.0,11.0,7.0,15.0,7.0,976.0,168.0,4.5,6.0,5.0,76.0,0.0,44.0,299.0,-350.0,1.0
3968500,2729500.0,11.0,7.0,16.0,6.5,977.0,172.0,3.6,8.0,5.2,81.0,0.0,21.0,301.0,-346.0,1.0
3968500,2729500.0,11.0,7.0,17.0,5.7,977.0,159.0,2.8,8.0,5.4,88.0,0.0,7.0,308.0,-344.0,1.0
3968500,2729500.0,11.0,7.0,18.0,5.8,977.0,172.0,2.8,7.0,5.5,93.0,0.0,0.0,302.0,-342.0,1.0
3968500,2729500.0,11.0,7.0,19.0,6.0,978.0,161.0,1.9,7.0,5.5,92.0,0.0,0.0,298.0,-342.0,1.0
3968500,2729500.0,11.0,7.0,20.0,6.0,978.0,176.0,2.5,7.0,5.5,92.0,0.0,0.0,298.0,-342.0,1.0
3968500,2729500.0,11.0,7.0,21.0,5.6,978.0,157.0,1.8,7.0,5.5,92.0,0.0,0.0,297.0,-342.0,1.0
3968500,2729500.0,11.0,7.0,22.0,5.7,978.0,151.0,1.9,7.0,5.5,93.0,0.0,0.0,297.0,-342.0,1.0
3968500,2729500.0,11.0,7.0,23.0,6.0,978.0,156.0,1.7,7.0,5.5,93.0,0.0,0.0,297.0,-342.0,1.0
3968500,2729500.0,11.0,7.0,24.0,5.9,979.0,152.0,2.0,7.0,5.5,92.0,0.0,0.0,298.0,-341.0,1.0
3968500,2729500.0,11.0,8.0,1.0,5.5,979.0,132.0,1.4,7.0,5.5,93.0,0.0,0.0,297.0,-339.0,1.0
3968500,2729500.0,11.0,8.0,2.0,4.9,979.0,138.0,1.4,7.0,5.3,94.0,0.0,0.0,295.0,-337.0,1.0
3968500,2729500.0,11.0,8.0,3.0,5.5,980.0,127.0,1.6,8.0,5.4,95.0,0.0,0.0,301.0,-335.0,1.0
3968500,2729500.0,11.0,8.0,4.0,5.5,980.0,107.0,0.6,8.0,5.5,95.0,0.0,0.0,308.0,-333.0,1.0
3968500,2729500.0,11.0,8.0,5.0,5.3,980.0,137.0,1.4,7.0,5.5,95.0,0.0,0.0,303.0,-331.0,1.0
3968500,2729500.0,11.0,8.0,6.0,4.9,981.0,137.0,1.2,8.0,5.4,96.0,0.0,0.0,303.0,-329.0,1.0
3968500,2729500.0,11.0,8.0,7.0,5.3,981.0,155.0,0.8,8.0,5.4,96.0,0.0,0.0,308.0,-330.0,1.0
3968500,2729500.0,11.0,8.0,8.0,5.5,981.0,85.0,1.1,8.0,5.5,96.0,0.0,5.0,309.0,-331.0,1.0
3968500,2729500.0,11.0,8.0,9.0,5.8,982.0,60.0,1.6,8.0,5.6,95.0,4.0,49.0,309.0,-331.0,1.0
3968500,2729500.0,11.0,8.0,10.0,6.2,982.0,14.0,1.4,7.0,5.6,94.0,4.0,88.0,303.0,-337.0,1.0
3968500,2729500.0,11.0,8.0,11.0,6.7,983.0,48.0,1.1,8.0,5.7,91.0,0.0,86.0,302.0,-346.0,1.0
3968500,2729500.0,11.0,8.0,12.0,7.7,983.0,21.0,1.6,7.0,5.7,87.0,16.0,163.0,304.0,-354.0,1.0
3968500,2729500.0,11.0,8.0,13.0,9.0,984.0,358.0,2.0,4.0,5.8,82.0,75.0,204.0,288.0,-360.0,1.0
3968500,2729500.0,11.0,8.0,14.0,9.4,984.0,27.0,2.5,5.0,5.8,78.0,83.0,183.0,281.0,-360.0,1.0
3968500,2729500.0,11.0,8.0,15.0,9.4,984.0,2.0,3.0,6.0,5.7,75.0,49.0,134.0,291.0,-358.0,1.0
3968500,2729500.0,11.0,8.0,16.0,8.8,984.0,34.0,3.9,6.0,5.6,75.0,24.0,76.0,294.0,-354.0,1.0
3968500,2729500.0,11.0,8.0,17.0,8.3,984.0,30.0,3.1,7.0,5.5,77.0,0.0,9.0,297.0,-349.0,1.0
3968500,2729500.0,11.0,8.0,18.0,7.6,985.0,357.0,3.0,7.0,5.5,80.0,0.0,0.0,299.0,-341.0,1.0
3968500,2729500.0,11.0,8.0,19.0,7.3,984.0,8.0,4.1,7.0,5.5,83.0,0.0,0.0,298.0,-336.0,1.0
3968500,2729500.0,11.0,8.0,20.0,6.6,985.0,15.0,3.4,8.0,5.4,85.0,0.0,0.0,302.0,-334.0,1.0
3968500,2729500.0,11.0,8.0,21.0,6.0,985.0,6.0,3.3,8.0,5.3,87.0,0.0,0.0,307.0,-334.0,1.0
3968500,2729500.0,11.0,8.0,22.0,5.7,986.0,346.0,3.0,8.0,5.2,88.0,0.0,0.0,309.0,-331.0,1.0
3968500,2729500.0,11.0,8.0,23.0,5.6,986.0,354.0,3.5,8.0,5.2,89.0,0.0,0.0,311.0,-329.0,1.0
3968500,2729500.0,11.0,8.0,24.0,5.5,986.0,2.0,3.5,8.0,5.2,90.0,0.0,0.0,313.0,-328.0,1.0
3968500,2729500.0,11.0,9.0,1.0,5.2,986.0,21.0,5.0,8.0,5.1,89.0,0.0,0.0,314.0,-328.0,1.0
3968500,2729500.0,11.0,9.0,2.0,4.9,986.0,20.0,5.8,8.0,5.0,90.0,0.0,0.0,316.0,-331.0,1.0
3968500,2729500.0,11.0,9.0,3.0,4.6,986.0,356.0,5.2,8.0,5.0,91.0,0.0,0.0,318.0,-333.0,1.0
3968500,2729500.0,11.0,9.0,4.0,4.5,986.0,359.0,4.8,7.0,4.9,90.0,0.0,0.0,309.0,-335.0,1.0
3968500,2729500.0,11.0,9.0,5.0,4.6,986.0,344.0,5.0,7.0,4.9,91.0,0.0,0.0,300.0,-337.0,1.0
3968500,2729500.0,11.0,9.0,6.0,4.7,986.0,344.0,5.8,7.0,5.0,92.0,0.0,0.0,302.0,-337.0,1.0
3968500,2729500.0,11.0,9.0,7.0,4.7,986.0,352.0,5.7,8.0,5.1,93.0,0.0,0.0,313.0,-336.0,1.0
3968500,2729500.0,11.0,9.0,8.0,4.6,986.0,355.0,5.0,8.0,5.1,94.0,0.0,0.0,324.0,-334.0,1.0
3968500,2729500.0,11.0,9.0,9.0,4.5,986.0,336.0,5.0,7.0,5.2,96.0,0.0,21.0,316.0,-334.0,1.0
3968500,2729500.0,11.0,9.0,10.0,4.6,987.0,345.0,5.4,7.0,5.2,96.0,0.0,57.0,310.0,-335.0,1.0
3968500,2729500.0,11.0,9.0,11.0,4.8,986.0,336.0,5.7,6.0,5.2,95.0,0.0,58.0,304.0,-337.0,1.0
3968500,2729500.0,11.0,9.0,12.0,5.1,986.0,336.0,5.0,7.0,5.3,96.0,0.0,45.0,305.0,-338.0,1.0
3968500,2729500.0,11.0,9.0,13.0,5.3,986.0,352.0,5.6,8.0,5.4,95.0,0.0,35.0,319.0,-339.0,1.0
3968500,2729500.0,11.0,9.0,14.0,5.3,986.0,351.0,4.9,7.0,5.4,95.0,0.0,50.0,320.0,-339.0,1.0
3968500,2729500.0,11.0,9.0,15.0,5.2,986.0,349.0,4.4,7.0,5.4,96.0,0.0,42.0,313.0,-339.0,1.0
3968500,2729500.0,11.0,9.0,16.0,5.2,986.0,332.0,3.8,7.0,5.4,96.0,0.0,29.0,313.0,-338.0,1.0
3968500,2729500.0,11.0,9.0,17.0,5.2,986.0,323.0,3.7,7.0,5.4,96.0,0.0,5.0,313.0,-337.0,1.0
3968500,2729500.0,11.0,9.0,18.0,5.1,986.0,325.0,3.0,8.0,5.4,96.0,0.0,0.0,320.0,-336.0,1.0
3968500,2729500.0,11.0,9.0,19.0,5.0,987.0,338.0,2.5,8.0,5.3,96.0,0.0,0.0,327.0,-336.0,1.0
3968500,2729500.0,11.0,9.0,20.0,4.7,987.0,321.0,1.9,8.0,5.3,96.0,0.0,0.0,325.0,-335.0,1.0
3968500,2729500.0,11.0,9.0,21.0,4.7,987.0,327.0,1.9,8.0,5.2,96.0,0.0,0.0,325.0,-335.0,1.0
3968500,2729500.0,11.0,9.0,22.0,4.6,987.0,287.0,1.9,8.0,5.2,96.0,0.0,0.0,324.0,-335.0,1.0
3968500,2729500.0,11.0,9.0,23.0,4.5,987.0,286.0,1.7,8.0,5.2,96.0,0.0,0.0,324.0,-334.0,1.0
3968500,2729500.0,11.0,9.0,24.0,4.4,987.0,194.0,1.8,8.0,5.2,97.0,0.0,0.0,323.0,-334.0,1.0
3968500,2729500.0,11.0,10.0,1.0,4.4,987.0,212.0,1.6,7.0,5.2,97.0,0.0,0.0,317.0,-334.0,1.0
3968500,2729500.0,11.0,10.0,2.0,4.4,987.0,192.0,2.0,8.0,5.2,97.0,0.0,0.0,316.0,-333.0,1.0
3968500,2729500.0,11.0,10.0,3.0,4.3,987.0,162.0,2.2,8.0,5.2,98.0,0.0,0.0,322.0,-333.0,1.0
3968500,2729500.0,11.0,10.0,4.0,4.3,986.0,183.0,1.7,8.0,5.2,98.0,0.0,0.0,322.0,-333.0,1.0
3968500,2729500.0,11.0,10.0,5.0,4.3,986.0,186.0,1.8,8.0,5.2,98.0,0.0,0.0,321.0,-333.0,1.0
3968500,2729500.0,11.0,10.0,6.0,4.1,986.0,166.0,2.5,8.0,5.2,98.0,0.0,0.0,320.0,-332.0,1.0
3968500,2729500.0,11.0,10.0,7.0,4.1,986.0,188.0,2.4,8.0,5.1,98.0,0.0,0.0,320.0,-332.0,1.0
3968500,2729500.0,11.0,10.0,8.0,4.1,986.0,155.0,2.4,8.0,5.2,99.0,0.0,0.0,319.0,-331.0,1.0
3968500,2729500.0,11.0,10.0,9.0,4.6,986.0,164.0,2.4,8.0,5.2,98.0,0.0,7.0,320.0,-331.0,1.0
3968500,2729500.0,11.0,10.0,10.0,4.9,986.0,192.0,2.0,7.0,5.3,97.0,0.0,19.0,314.0,-333.0,1.0
3968500,2729500.0,11.0,10.0,11.0,5.2,986.0,226.0,1.8,8.0,5.3,95.0,0.0,31.0,316.0,-336.0,1.0
3968500,2729500.0,11.0,10.0,12.0,5.0,986.0,217.0,2.1,8.0,5.2,93.0,0.0,43.0,322.0,-339.0,1.0
3968500,2729500.0,11.0,10.0,13.0,4.8,986.0,197.0,1.9,8.0,5.1,93.0,0.0,59.0,321.0,-339.0,1.0
3968500,2729500.0,11.0,10.0,14.0,4.6,986.0,172.0,2.2,7.0,5.1,93.0,0.0,76.0,313.0,-337.0,1.0
3968500,2729500.0,11.0,10.0,15.0,4.2,986.0,186.0,2.6,5.0,5.0,94.0,2.0,78.0,293.0,-336.0,1.0
3968500,2729500.0,11.0,10.0,16.0,3.8,986.0,177.0,2.1,7.0,4.9,95.0,6.0,52.0,291.0,-335.0,1.0
3968500,2729500.0,11.0,10.0,17.0,4.0,985.0,169.0,2.5,7.0,4.9,96.0,0.0,7.0,303.0,-333.0,1.0
3968500,2729500.0,11.0,10.0,18.0,4.3,985.0,134.0,2.1,7.0,5.1,96.0,0.0,0.0,302.0,-330.0,1.0
3968500,2729500.0,11.0,10.0,19.0,4.5,985.0,178.0,2.1,8.0,5.2,96.0,0.0,0.0,308.0,-329.0,1.0
3968500,2729500.0,11.0,10.0,20.0,4.4,985.0,168.0,2.3,8.0,5.2,97.0,0.0,0.0,312.0,-328.0,1.0
3968500,2729500.0,11.0,10.0,21.0,4.5,985.0,166.0,2.5,8.0,5.3,99.0,0.0,0.0,311.0,-328.0,1.0
3968500,2729500.0,11.0,10.0,22.0,4.6,985.0,174.0,2.6,8.0,5.4,100.0,0.0,0.0,311.0,-327.0,1.0
3968500,2729500.0,11.0,10.0,23.0,4.7,985.0,173.0,2.3,8.0,5.4,100.0,0.0,0.0,310.0,-327.0,1.0
3968500,2729500.0,11.0,10.0,24.0,4.8,985.0,176.0,2.4,8.0,5.5,100.0,0.0,0.0,310.0,-327.0,1.0
3968500,2729500.0,11.0,11.0,1.0,4.9,985.0,156.0,2.3,8.0,5.5,99.0,0.0,0.0,311.0,-327.0,1.0
3968500,2729500.0,11.0,11.0,2.0,4.9,984.0,151.0,2.6,8.0,5.4,98.0,0.0,0.0,311.0,-328.0,1.0
3968500,2729500.0,11.0,11.0,3.0,4.8,984.0,180.0,2.4,8.0,5.5,99.0,0.0,0.0,311.0,-328.0,1.0
3968500,2729500.0,11.0,11.0,4.0,5.0,984.0,168.0,2.1,8.0,5.5,98.0,0.0,0.0,311.0,-328.0,1.0
3968500,2729500.0,11.0,11.0,5.0,5.2,984.0,194.0,2.0,8.0,5.5,98.0,0.0,0.0,310.0,-328.0,1.0
3968500,2729500.0,11.0,11.0,6.0,5.1,984.0,193.0,2.4,7.0,5.5,98.0,0.0,0.0,306.0,-327.0,1.0
3968500,2729500.0,11.0,11.0,7.0,5.2,984.0,174.0,2.4,7.0,5.5,98.0,0.0,0.0,302.0,-327.0,1.0
3968500,2729500.0,11.0,11.0,8.0,5.2,984.0,146.0,2.5,8.0,5.5,98.0,0.0,4.0,305.0,-324.0,1.0
3968500,2729500.0,11.0,11.0,9.0,5.2,985.0,201.0,2.5,7.0,5.5,98.0,7.0,40.0,305.0,-321.0,1.0
3968500,2729500.0,11.0,11.0,10.0,6.4,985.0,191.0,3.0,6.0,5.6,96.0,22.0,85.0,299.0,-324.0,1.0
3968500,2729500.0,11.0,11.0,11.0,6.7,985.0,194.0,3.1,6.0,5.8,93.0,4.0,101.0,298.0,-330.0,1.0
3968500,2729500.0,11.0,11.0,12.0,6.9,985.0,199.0,3.7,7.0,5.8,91.0,0.0,70.0,303.0,-333.0,1.0
3968500,2729500.0,11.0,11.0,13.0,7.5,985.0,181.0,3.4,6.0,5.8,89.0,0.0,96.0,305.0,-334.0,1.0
3968500,2729500.0,11.0,11.0,14.0,7.6,985.0,172.0,3.1,7.0,5.8,87.0,3.0,97.0,306.0,-336.0,1.0
3968500,2729500.0,11.0,11.0,15.0,7.7,985.0,191.0,3.5,8.0,5.8,86.0,0.0,30.0,314.0,-337.0,1.0
3968500,2729500.0,11.0,11.0,16.0,7.2,985.0,195.0,2.6,8.0,5.7,86.0,0.0,10.0,315.0,-335.0,1.0
3968500,2729500.0,11.0,11.0,17.0,7.0,986.0,181.0,2.4,8.0,5.6,87.0,0.0,0.0,313.0,-333.0,1.0
3968500,2729500.0,11.0,11.0,18.0,6.5,986.0,116.0,2.7,8.0,5.5,88.0,0.0,0.0,309.0,-328.0,1.0
3968500,2729500.0,11.0,11.0,19.0,6.1,986.0,115.0,2.3,8.0,5.6,91.0,0.0,0.0,304.0,-324.0,1.0
3968500,2729500.0,11.0,11.0,20.0,5.4,986.0,162.0,1.8,8.0,5.5,94.0,0.0,0.0,299.0,-324.0,1.0
3968500,2729500.0,11.0,11.0,21.0,5.4,986.0,148.0,2.7,8.0,5.5,96.0,0.0,0.0,296.0,-325.0,1.0
3968500,2729500.0,11.0,11.0,22.0,5.7,987.0,141.0,2.3,8.0,5.5,96.0,0.0,0.0,297.0,-321.0,1.0
3968500,2729500.0,11.0,11.0,23.0,5.5,987.0,147.0,2.2,7.0,5.5,95.0,0.0,0.0,294.0,-319.0,1.0
3968500,2729500.0,11.0,11.0,24.0,5.4,987.0,152.0,2.2,8.0,5.5,96.0,0.0,0.0,295.0,-321.0,1.0
3968500,2729500.0,11.0,12.0,1.0,5.4,987.0,163.0,3.1,7.0,5.5,96.0,0.0,0.0,298.0,-322.0,1.0
3968500,2729500.0,11.0,12.0,2.0,5.3,987.0,158.0,3.2,8.0,5.4,95.0,0.0,0.0,302.0,-320.0,1.0
3968500,2729500.0,11.0,12.0,3.0,5.3,987.0,156.0,3.5,8.0,5.4,95.0,0.0,0.0,309.0,-318.0,1.0
3968500,2729500.0,11.0,12.0,4.0,5.1,986.0,147.0,3.5,7.0,5.3,94.0,0.0,0.0,305.0,-316.0,1.0
3968500,2729500.0,11.0,12.0,5.0,4.7,986.0,154.0,3.4,6.0,5.1,92.0,0.0,0.0,296.0,-314.0,1.0
3968500,2729500.0,11.0,12.0,6.0,3.6,986.0,150.0,3.1,4.0,4.8,92.0,0.0,0.0,279.0,-311.0,1.0
3968500,2729500.0,11.0,12.0,7.0,2.9,986.0,161.0,3.2,6.0,4.6,92.0,0.0,0.0,277.0,-310.0,1.0
3968500,2729500.0,11.0,12.0,8.0,3.5,986.0,143.0,2.6,7.0,4.5,92.0,0.0,6.0,293.0,-309.0,1.0
3968500,2729500.0,11.0,12.0,9.0,4.0,986.0,146.0,3.0,7.0,4.6,91.0,17.0,52.0,300.0,-310.0,1.0
3968500,2729500.0,11.0,12.0,10.0,4.3,986.0,150.0,3.5,5.0,4.7,89.0,26.0,102.0,289.0,-312.0,1.0
3968500,2729500.0,11.0,12.0,11.0,4.4,985.0,151.0,3.2,6.0,4.7,89.0,0.0,87.0,282.0,-314.0,1.0
3968500,2729500.0,11.0,12.0,12.0,4.9,985.0,166.0,3.9,7.0,4.9,90.0,0.0,42.0,294.0,-320.0,1.0
3968500,2729500.0,11.0,12.0,13.0,5.1,985.0,175.0,4.5,7.0,5.0,90.0,0.0,29.0,300.0,-327.0,1.0
3968500,2729500.0,11.0,12.0,14.0,5.0,985.0,172.0,5.0,7.0,5.0,90.0,0.0,25.0,300.0,-333.0,1.0
3968500,2729500.0,11.0,12.0,15.0,5.0,985.0,164.0,4.8,7.0,5.0,89.0,0.0,29.0,301.0,-336.0,1.0
3968500,2729500.0,11.0,12.0,16.0,4.8,985.0,179.0,4.1,8.0,5.1,91.0,0.0,24.0,307.0,-335.0,1.0
3968500,2729500.0,11.0,12.0,17.0,5.0,985.0,157.0,3.7,8.0,5.1,93.0,0.0,0.0,311.0,-331.0,1.0
3968500,2729500.0,11.0,12.0,18.0,5.1,986.0,162.0,4.6,8.0,5.2,94.0,0.0,0.0,312.0,-330.0,1.0
3968500,2729500.0,11.0,12.0,19.0,5.4,986.0,173.0,4.5,8.0,5.3,94.0,0.0,0.0,312.0,-330.0,1.0
3968500,2729500.0,11.0,12.0,20.0,5.4,987.0,160.0,4.1,8.0,5.4,94.0,0.0,0.0,314.0,-331.0,1.0
3968500,2729500.0,11.0,12.0,21.0,5.5,988.0,161.0,3.6,7.0,5.4,95.0,0.0,0.0,310.0,-331.0,1.0
3968500,2729500.0,11.0,12.0,22.0,5.7,988.0,154.0,3.2,7.0,5.5,95.0,0.0,0.0,308.0,-332.0,1.0
3968500,2729500.0,11.0,12.0,23.0,5.8,988.0,155.0,2.8,7.0,5.6,95.0,0.0,0.0,310.0,-332.0,1.0
3968500,2729500.0,11.0,12.0,24.0,6.6,988.0,160.0,3.5,6.0,5.7,94.0,0.0,0.0,308.0,-333.0,1.0
3968500,2729500.0,11.0,13.0,1.0,6.5,988.0,158.0,3.7,7.0,5.7,92.0,0.0,0.0,310.0,-335.0,1.0
3968500,2729500.0,11.0,13.0,2.0,6.8,988.0,152.0,3.6,8.0,5.8,93.0,0.0,0.0,323.0,-336.0,1.0
3968500,2729500.0,11.0,13.0,3.0,7.1,988.0,149.0,2.9,8.0,5.9,93.0,0.0,0.0,331.0,-337.0,1.0
3968500,2729500.0,11.0,13.0,4.0,7.1,988.0,161.0,2.5,7.0,5.9,92.0,0.0,0.0,326.0,-338.0,1.0
3968500,2729500.0,11.0,13.0,5.0,7.3,988.0,166.0,3.7,7.0,6.0,92.0,0.0,0.0,319.0,-340.0,1.0
3968500,2729500.0,11.0,13.0,6.0,7.5,988.0,149.0,3.5,8.0,6.1,92.0,0.0,0.0,326.0,-342.0,1.0
3968500,2729500.0,11.0,13.0,7.0,7.7,988.0,150.0,3.6,8.0,6.3,94.0,0.0,0.0,334.0,-343.0,1.0
3968500,2729500.0,11.0,13.0,8.0,8.2,987.0,150.0,3.4,8.0,6.5,95.0,0.0,1.0,336.0,-344.0,1.0
3968500,2729500.0,11.0,13.0,9.0,8.5,988.0,160.0,3.3,8.0,6.7,95.0,0.0,17.0,336.0,-347.0,1.0
3968500,2729500.0,11.0,13.0,10.0,8.9,989.0,163.0,3.9,8.0,6.9,95.0,0.0,36.0,336.0,-352.0,1.0
3968500,2729500.0,11.0,13.0,11.0,9.6,989.0,170.0,3.7,8.0,7.1,95.0,0.0,36.0,336.0,-357.0,1.0
3968500,2729500.0,11.0,13.0,12.0,10.8,989.0,162.0,4.9,7.0,7.4,93.0,0.0,60.0,332.0,-361.0,1.0
3968500,2729500.0,11.0,13.0,13.0,11.7,989.0,156.0,3.9,7.0,7.6,89.0,0.0,94.0,327.0,-363.0,1.0
3968500,2729500.0,11.0,13.0,14.0,11.8,989.0,162.0,4.2,7.0,7.6,86.0,17.0,94.0,329.0,-366.0,1.0
3968500,2729500.0,11.0,13.0,15.0,12.1,988.0,179.0,5.2,7.0,7.7,86.0,25.0,68.0,330.0,-368.0,1.0
3968500,2729500.0,11.0,13.0,16.0,12.1,988.0,175.0,4.8,7.0,7.7,86.0,47.0,20.0,329.0,-368.0,1.0
3968500,2729500.0,11.0,13.0,17.0,11.6,988.0,171.0,3.9,7.0,7.6,86.0,0.0,3.0,328.0,-366.0,1.0
3968500,2729500.0,11.0,13.0,18.0,11.0,989.0,162.0,3.1,6.0,7.5,88.0,0.0,0.0,321.0,-364.0,1.0
3968500,2729500.0,11.0,13.0,19.0,11.0,989.0,160.0,2.2,7.0,7.4,88.0,0.0,0.0,319.0,-362.0,1.0
3968500,2729500.0,11.0,13.0,20.0,10.7,989.0,148.0,1.6,8.0,7.4,89.0,0.0,0.0,327.0,-360.0,1.0
3968500,2729500.0,11.0,13.0,21.0,10.5,990.0,134.0,2.2,6.0,7.4,90.0,0.0,0.0,321.0,-358.0,1.0
3968500,2729500.0,11.0,13.0,22.0,9.0,990.0,151.0,2.1,5.0,7.1,92.0,0.0,0.0,302.0,-356.0,1.0
3968500,2729500.0,11.0,13.0,23.0,8.2,989.0,158.0,2.3,4.0,6.8,95.0,0.0,0.0,287.0,-355.0,1.0
3968500,2729500.0,11.0,13.0,24.0,7.9,989.0,148.0,1.6,1.0,6.7,98.0,0.0,0.0,266.0,-354.0,1.0
3968500,2729500.0,11.0,14.0,1.0,8.5,989.0,173.0,1.9,0.0,6.8,98.0,0.0,0.0,246.0,-354.0,1.0
3968500,2729500.0,11.0,14.0,2.0,8.0,989.0,182.0,2.1,0.0,6.7,97.0,0.0,0.0,234.0,-356.0,1.0
3968500,2729500.0,11.0,14.0,3.0,7.3,988.0,148.0,3.2,1.0,6.5,97.0,0.0,0.0,230.0,-359.0,1.0
3968500,2729500.0,11.0,14.0,4.0,7.9,988.0,162.0,3.0,1.0,6.5,98.0,0.0,0.0,231.0,-360.0,1.0
3968500,2729500.0,11.0,14.0,5.0,7.8,987.0,161.0,3.1,0.0,6.7,98.0,0.0,0.0,226.0,-361.0,1.0
3968500,2729500.0,11.0,14.0,6.0,8.5,987.0,169.0,2.6,2.0,6.8,97.0,0.0,0.0,235.0,-362.0,1.0
3968500,2729500.0,11.0,14.0,7.0,9.3,987.0,181.0,3.2,7.0,6.9,95.0,0.0,0.0,277.0,-364.0,1.0
3968500,2729500.0,11.0,14.0,8.0,9.4,987.0,167.0,2.9,8.0,6.9,92.0,0.0,2.0,316.0,-366.0,1.0
3968500,2729500.0,11.0,14.0,9.0,10.1,986.0,154.0,2.9,8.0,6.9,90.0,12.0,24.0,326.0,-367.0,1.0
3968500,2729500.0,11.0,14.0,10.0,10.5,986.0,166.0,3.5,7.0,7.0,87.0,8.0,58.0,320.0,-369.0,1.0
3968500,2729500.0,11.0,14.0,11.0,10.8,986.0,164.0,3.7,7.0,7.0,85.0,0.0,64.0,317.0,-373.0,1.0
3968500,2729500.0,11.0,14.0,12.0,11.8,986.0,186.0,3.7,8.0,7.0,81.0,0.0,61.0,326.0,-378.0,1.0
3968500,2729500.0,11.0,14.0,13.0,11.8,986.0,168.0,3.2,8.0,7.0,79.0,0.0,46.0,336.0,-384.0,1.0
3968500,2729500.0,11.0,14.0,14.0,12.3,985.0,180.0,2.5,7.0,7.0,78.0,0.0,59.0,333.0,-385.0,1.0
3968500,2729500.0,11.0,14.0,15.0,12.3,985.0,165.0,2.6,7.0,7.1,78.0,0.0,43.0,331.0,-383.0,1.0
3968500,2729500.0,11.0,14.0,16.0,11.4,986.0,175.0,3.2,7.0,7.3,82.0,0.0,23.0,331.0,-381.0,1.0
3968500,2729500.0,11.0,14.0,17.0,10.7,986.0,176.0,3.0,7.0,7.4,88.0,0.0,4.0,329.0,-378.0,1.0
3968500,2729500.0,11.0,14.0,18.0,10.5,986.0,159.0,2.7,7.0,7.4,90.0,0.0,0.0,327.0,-372.0,1.0
3968500,2729500.0,11.0,14.0,19.0,10.1,986.0,154.0,2.9,7.0,7.3,91.0,0.0,0.0,324.0,-365.0,1.0
3968500,2729500.0,11.0,14.0,20.0,10.4,987.0,138.0,2.6,6.0,7.3,91.0,0.0,0.0,317.0,-360.0,1.0
3968500,2729500.0,11.0,14.0,21.0,10.3,987.0,152.0,3.2,7.0,7.2,90.0,0.0,0.0,316.0,-355.0,1.0
3968500,2729500.0,11.0,14.0,22.0,10.1,987.0,158.0,3.3,6.0,7.2,90.0,0.0,0.0,314.0,-351.0,1.0
3968500,2729500.0,11.0,14.0,23.0,9.7,988.0,171.0,4.5,6.0,7.0,90.0,0.0,0.0,307.0,-348.0,1.0
3968500,2729500.0,11.0,14.0,24.0,10.4,988.0,179.0,4.6,5.0,6.8,87.0,0.0,0.0,301.0,-347.0,1.0
3968500,2729500.0,11.0,15.0,1.0,10.1,988.0,176.0,4.6,5.0,6.7,84.0,0.0,0.0,294.0,-345.0,1.0
3968500,2729500.0,11.0,15.0,2.0,10.1,989.0,167.0,4.3,6.0,6.5,82.0,0.0,0.0,298.0,-343.0,1.0
3968500,2729500.0,11.0,15.0,3.0,9.4,989.0,174.0,5.2,5.0,6.4,83.0,0.0,0.0,296.0,-342.0,1.0
3968500,2729500.0,11.0,15.0,4.0,8.9,989.0,203.0,4.8,3.0,6.3,85.0,0.0,0.0,277.0,-341.0,1.0
3968500,2729500.0,11.0,15.0,5.0,8.4,989.0,166.0,4.2,3.0,6.2,86.0,0.0,0.0,267.0,-340.0,1.0
3968500,2729500.0,11.0,15.0,6.0,8.4,989.0,176.0,4.1,4.0,6.1,87.0,0.0,0.0,270.0,-341.0,1.0
3968500,2729500.0,11.0,15.0,7.0,7.8,989.0,177.0,3.8,6.0,6.1,88.0,0.0,0.0,284.0,-341.0,1.0
3968500,2729500.0,11.0,15.0,8.0,7.9,990.0,175.0,4.0,6.0,6.1,89.0,0.0,0.0,293.0,-342.0,1.0
3968500,2729500.0,11.0,15.0,9.0,8.4,991.0,175.0,4.2,4.0,6.1,89.0,32.0,31.0,277.0,-343.0,1.0
3968500,2729500.0,11.0,15.0,10.0,9.7,991.0,176.0,4.4,2.0,6.3,86.0,122.0,51.0,247.0,-345.0,1.0
3968500,2729500.0,11.0,15.0,11.0,9.8,992.0,162.0,4.4,3.0,6.4,83.0,107.0,99.0,243.0,-349.0,1.0
3968500,2729500.0,11.0,15.0,12.0,10.6,992.0,171.0,4.5,4.0,6.4,81.0,77.0,133.0,263.0,-354.0,1.0
3968500,2729500.0,11.0,15.0,13.0,10.5,992.0,175.0,4.1,7.0,6.6,81.0,8.0,122.0,297.0,-361.0,1.0
3968500,2729500.0,11.0,15.0,14.0,10.5,991.0,172.0,3.8,8.0,6.6,82.0,0.0,54.0,325.0,-366.0,1.0
3968500,2729500.0,11.0,15.0,15.0,11.0,991.0,180.0,3.3,7.0,6.7,81.0,2.0,66.0,327.0,-367.0,1.0
3968500,2729500.0,11.0,15.0,16.0,10.3,990.0,177.0,2.5,7.0,6.7,82.0,4.0,36.0,323.0,-365.0,1.0
3968500,2729500.0,11.0,15.0,17.0,10.0,990.0,175.0,2.3,7.0,6.7,84.0,0.0,3.0,322.0,-361.0,1.0
3968500,2729500.0,11.0,15.0,18.0,9.3,989.0,151.0,2.6,7.0,6.6,87.0,0.0,0.0,322.0,-357.0,1.0
3968500,2729500.0,11.0,15.0,19.0,9.2,989.0,155.0,2.0,8.0,6.6,88.0,0.0,0.0,327.0,-356.0,1.0
3968500,2729500.0,11.0,15.0,20.0,9.1,989.0,158.0,2.5,8.0,6.5,87.0,0.0,0.0,333.0,-356.0,1.0
3968500,2729500.0,11.0,15.0,21.0,8.0,988.0,144.0,2.7,6.0,6.3,88.0,0.0,0.0,324.0,-356.0,1.0
3968500,2729500.0,11.0,15.0,22.0,6.3,988.0,136.0,2.6,5.0,6.0,93.0,0.0,0.0,304.0,-355.0,1.0
3968500,2729500.0,11.0,15.0,23.0,5.5,988.0,163.0,2.3,4.0,5.6,95.0,0.0,0.0,291.0,-355.0,1.0
3968500,2729500.0,11.0,15.0,24.0,5.6,988.0,155.0,1.9,4.0,5.6,96.0,0.0,0.0,286.0,-354.0,1.0
3968500,2729500.0,11.0,16.0,1.0,4.7,989.0,122.0,1.5,4.0,5.5,98.0,0.0,0.0,285.0,-354.0,1.0
3968500,2729500.0,11.0,16.0,2.0,4.4,989.0,124.0,2.0,3.0,5.3,99.0,0.0,0.0,274.0,-352.0,1.0
3968500,2729500.0,11.0,16.0,3.0,4.3,989.0,118.0,1.7,5.0,5.3,100.0,0.0,0.0,274.0,-351.0,1.0
3968500,2729500.0,11.0,16.0,4.0,4.3,988.0,131.0,1.9,8.0,5.3,100.0,0.0,0.0,305.0,-351.0,1.0
3968500,2729500.0,11.0,16.0,5.0,4.3,988.0,143.0,1.8,8.0,5.3,100.0,0.0,0.0,325.0,-352.0,1.0
3968500,2729500.0,11.0,16.0,6.0,4.5,989.0,154.0,1.7,8.0,5.3,100.0,0.0,0.0,324.0,-352.0,1.0
3968500,2729500.0,11.0,16.0,7.0,4.3,988.0,152.0,1.6,7.0,5.3,100.0,0.0,0.0,317.0,-352.0,1.0
3968500,2729500.0,11.0,16.0,8.0,4.8,988.0,136.0,1.5,8.0,5.4,99.0,0.0,1.0,318.0,-352.0,1.0
3968500,2729500.0,11.0,16.0,9.0,5.9,988.0,108.0,1.5,7.0,5.6,98.0,0.0,9.0,320.0,-353.0,1.0
3968500,2729500.0,11.0,16.0,10.0,6.4,988.0,148.0,1.5,7.0,5.9,97.0,0.0,26.0,316.0,-355.0,1.0
3968500,2729500.0,11.0,16.0,11.0,7.2,988.0,159.0,2.0,7.0,6.0,95.0,0.0,42.0,319.0,-356.0,1.0
3968500,2729500.0,11.0,16.0,12.0,7.1,987.0,141.0,2.4,7.0,6.1,95.0,0.0,44.0,320.0,-357.0,1.0
3968500,2729500.0,11.0,16.0,13.0,7.6,987.0,154.0,3.4,8.0,6.3,96.0,0.0,37.0,329.0,-358.0,1.0
3968500,2729500.0,11.0,16.0,14.0,8.2,986.0,175.0,2.7,8.0,6.6,97.0,0.0,30.0,340.0,-361.0,1.0
3968500,2729500.0,11.0,16.0,15.0,8.6,986.0,149.0,2.4,7.0,6.9,98.0,0.0,28.0,334.0,-364.0,1.0
3968500,2729500.0,11.0,16.0,16.0,8.8,985.0,161.0,2.6,7.0,7.1,98.0,0.0,14.0,328.0,-366.0,1.0
3968500,2729500.0,11.0,16.0,17.0,9.4,985.0,154.0,2.0,8.0,7.4,99.0,0.0,0.0,337.0,-367.0,1.0
3968500,2729500.0,11.0,16.0,18.0,10.5,985.0,156.0,3.0,8.0,7.8,99.0,0.0,0.0,348.0,-368.0,1.0
3968500,2729500.0,11.0,16.0,19.0,10.8,985.0,172.0,4.1,8.0,8.1,98.0,0.0,0.0,351.0,-368.0,1.0
3968500,2729500.0,11.0,16.0,20.0,11.4,985.0,157.0,3.3,8.0,8.2,96.0,0.0,0.0,353.0,-367.0,1.0
3968500,2729500.0,11.0,16.0,21.0,11.2,986.0,151.0,2.7,7.0,8.2,95.0,0.0,0.0,347.0,-367.0,1.0
3968500,2729500.0,11.0,16.0,22.0,11.1,986.0,148.0,2.9,7.0,8.1,95.0,0.0,0.0,341.0,-367.0,1.0
3968500,2729500.0,11.0,16.0,23.0,10.8,987.0,133.0,2.2,8.0,8.0,95.0,0.0,0.0,346.0,-367.0,1.0
3968500,2729500.0,11.0,16.0,24.0,10.6,987.0,136.0,2.3,8.0,7.9,96.0,0.0,0.0,351.0,-368.0,1.0
3968500,2729500.0,11.0,17.0,1.0,10.5,987.0,137.0,2.2,8.0,7.8,96.0,0.0,0.0,351.0,-368.0,1.0
3968500,2729500.0,11.0,17.0,2.0,10.7,988.0,152.0,2.3,8.0,8.0,97.0,0.0,0.0,350.0,-368.0,1.0
3968500,2729500.0,11.0,17.0,3.0,10.7,988.0,144.0,2.5,8.0,8.1,98.0,0.0,0.0,349.0,-368.0,1.0
3968500,2729500.0,11.0,17.0,4.0,10.2,988.0,159.0,2.7,8.0,7.8,97.0,0.0,0.0,346.0,-368.0,1.0
3968500,2729500.0,11.0,17.0,5.0,10.4,988.0,160.0,2.8,8.0,7.7,96.0,0.0,0.0,345.0,-369.0,1.0
3968500,2729500.0,11.0,17.0,6.0,10.6,988.0,200.0,2.5,8.0,7.9,97.0,0.0,0.0,345.0,-369.0,1.0
3968500,2729500.0,11.0,17.0,7.0,10.6,988.0,187.0,3.4,7.0,8.0,98.0,0.0,0.0,339.0,-369.0,1.0
3968500,2729500.0,11.0,17.0,8.0,10.5,988.0,182.0,2.1,7.0,8.0,98.0,0.0,0.0,332.0,-366.0,1.0
3968500,2729500.0,11.0,17.0,9.0,10.6,988.0,166.0,2.1,7.0,8.1,99.0,0.0,23.0,331.0,-364.0,1.0
3968500,2729500.0,11.0,17.0,10.0,10.7,988.0,181.0,2.3,6.0,8.2,99.0,0.0,47.0,325.0,-364.0,1.0
3968500,2729500.0,11.0,17.0,11.0,10.5,988.0,267.0,1.9,7.0,7.9,97.0,0.0,36.0,323.0,-366.0,1.0
3968500,2729500.0,11.0,17.0,12.0,9.1,988.0,294.0,2.3,7.0,7.2,93.0,0.0,26.0,323.0,-369.0,1.0
3968500,2729500.0,11.0,17.0,13.0,8.9,988.0,247.0,1.8,7.0,6.8,93.0,0.0,60.0,318.0,-370.0,1.0
3968500,2729500.0,11.0,17.0,14.0,9.2,988.0,163.0,1.2,6.0,6.9,94.0,3.0,81.0,314.0,-371.0,1.0
3968500,2729500.0,11.0,17.0,15.0,8.9,988.0,178.0,1.9,5.0,6.9,94.0,7.0,59.0,303.0,-371.0,1.0
3968500,2729500.0,11.0,17.0,16.0,8.4,988.0,155.0,2.6,7.0,6.8,95.0,0.0,23.0,307.0,-369.0,1.0
3968500,2729500.0,11.0,17.0,17.0,8.2,988.0,155.0,2.8,8.0,6.7,96.0,0.0,0.0,321.0,-366.0,1.0
3968500,2729500.0,11.0,17.0,18.0,8.0,988.0,161.0,2.9,7.0,6.7,97.0,0.0,0.0,322.0,-363.0,1.0
3968500,2729500.0,11.0,17.0,19.0,8.1,989.0,146.0,2.6,8.0,6.7,97.0,0.0,0.0,324.0,-361.0,1.0
3968500,2729500.0,11.0,17.0,20.0,7.9,989.0,151.0,2.8,8.0,6.7,98.0,0.0,0.0,330.0,-360.0,1.0
3968500,2729500.0,11.0,17.0,21.0,8.1,990.0,145.0,2.7,7.0,6.6,97.0,0.0,0.0,326.0,-359.0,1.0
3968500,2729500.0,11.0,17.0,22.0,8.0,991.0,137.0,2.8,8.0,6.6,96.0,0.0,0.0,327.0,-358.0,1.0
3968500,2729500.0,11.0,17.0,23.0,8.0,992.0,161.0,2.6,8.0,6.5,96.0,0.0,0.0,334.0,-356.0,1.0
3968500,2729500.0,11.0,17.0,24.0,7.2,992.0,146.0,2.5,7.0,6.4,96.0,0.0,0.0,326.0,-355.0,1.0
3968500,2729500.0,11.0,18.0,1.0,6.8,993.0,203.0,3.3,6.0,6.3,98.0,0.0,0.0,312.0,-352.0,1.0
3968500,2729500.0,11.0,18.0,2.0,6.2,994.0,171.0,2.8,4.0,6.0,98.0,0.0,0.0,293.0,-348.0,1.0
3968500,2729500.0,11.0,18.0,3.0,5.9,994.0,157.0,3.1,2.0,5.8,98.0,0.0,0.0,269.0,-344.0,1.0
3968500,2729500.0,11.0,18.0,4.0,6.0,994.0,145.0,3.7,2.0,5.9,100.0,0.0,0.0,257.0,-340.0,1.0
3968500,2729500.0,11.0,18.0,5.0,6.9,994.0,136.0,4.0,3.0,6.0,98.0,0.0,0.0,262.0,-339.0,1.0
3968500,2729500.0,11.0,18.0,6.0,7.2,995.0,141.0,3.7,5.0,6.1,95.0,0.0,0.0,281.0,-338.0,1.0
3968500,2729500.0,11.0,18.0,7.0,7.2,995.0,144.0,4.2,7.0,6.0,93.0,0.0,0.0,304.0,-339.0,1.0
3968500,2729500.0,11.0,18.0,8.0,7.2,995.0,149.0,4.2,7.0,5.9,92.0,0.0,1.0,316.0,-340.0,1.0
3968500,2729500.0,11.0,18.0,9.0,7.7,996.0,158.0,5.7,7.0,6.0,91.0,25.0,26.0,317.0,-342.0,1.0
3968500,2729500.0,11.0,18.0,10.0,8.3,995.0,156.0,6.2,4.0,6.0,88.0,67.0,62.0,303.0,-344.0,1.0
3968500,2729500.0,11.0,18.0,11.0,9.2,994.0,157.0,6.4,5.0,6.0,84.0,30.0,107.0,294.0,-346.0,1.0
3968500,2729500.0,11.0,18.0,12.0,9.7,994.0,162.0,6.7,6.0,6.0,79.0,43.0,128.0,305.0,-350.0,1.0
3968500,2729500.0,11.0,18.0,13.0,10.1,993.0,164.0,7.2,7.0,5.8,75.0,33.0,130.0,312.0,-355.0,1.0
3968500,2729500.0,11.0,18.0,14.0,10.0,993.0,163.0,7.4,7.0,5.6,72.0,19.0,107.0,313.0,-359.0,1.0
3968500,2729500.0,11.0,18.0,15.0,10.0,992.0,176.0,7.6,7.0,5.5,71.0,7.0,71.0,309.0,-359.0,1.0
3968500,2729500.0,11.0,18.0,16.0,10.0,992.0,175.0,7.5,8.0,5.4,70.0,8.0,35.0,311.0,-356.0,1.0
3968500,2729500.0,11.0,18.0,17.0,10.1,992.0,209.0,7.0,7.0,5.4,68.0,0.0,0.0,311.0,-351.0,1.0
3968500,2729500.0,11.0,18.0,18.0,10.4,992.0,191.0,6.3,7.0,5.3,66.0,0.0,0.0,308.0,-345.0,1.0
3968500,2729500.0,11.0,18.0,19.0,10.1,993.0,219.0,5.4,7.0,5.4,68.0,0.0,0.0,311.0,-342.0,1.0
3968500,2729500.0,11.0,18.0,20.0,10.2,994.0,177.0,5.1,8.0,5.5,70.0,0.0,0.0,322.0,-339.0,1.0
3968500,2729500.0,11.0,18.0,21.0,10.3,994.0,181.0,5.1,7.0,5.8,73.0,0.0,0.0,328.0,-337.0,1.0
3968500,2729500.0,11.0,18.0,22.0,10.3,994.0,189.0,5.0,7.0,6.0,75.0,0.0,0.0,327.0,-335.0,1.0
3968500,2729500.0,11.0,18.0,23.0,9.9,994.0,154.0,4.1,7.0,6.0,76.0,0.0,0.0,330.0,-333.0,1.0
3968500,2729500.0,11.0,18.0,24.0,9.8,995.0,180.0,4.1,8.0,6.0,78.0,0.0,0.0,336.0,-331.0,1.0
3968500,2729500.0,11.0,19.0,1.0,9.5,996.0,175.0,4.4,8.0,6.1,80.0,0.0,0.0,342.0,-330.0,1.0
3968500,2729500.0,11.0,19.0,2.0,9.3,997.0,184.0,5.0,7.0,6.0,81.0,0.0,0.0,336.0,-332.0,1.0
3968500,2729500.0,11.0,19.0,3.0,9.4,997.0,182.0,4.3,7.0,6.0,81.0,0.0,0.0,331.0,-334.0,1.0
3968500,2729500.0,11.0,19.0,4.0,8.6,997.0,158.0,4.4,7.0,6.0,83.0,0.0,0.0,330.0,-335.0,1.0
3968500,2729500.0,11.0,19.0,5.0,8.7,997.0,149.0,4.4,7.0,6.0,85.0,0.0,0.0,329.0,-335.0,1.0
3968500,2729500.0,11.0,19.0,6.0,8.8,997.0,158.0,3.8,6.0,6.1,85.0,0.0,0.0,324.0,-335.0,1.0
3968500,2729500.0,11.0,19.0,7.0,8.3,998.0,171.0,3.9,6.0,6.1,86.0,0.0,0.0,318.0,-333.0,1.0
3968500,2729500.0,11.0,19.0,8.0,8.0,998.0,170.0,3.6,5.0,6.0,88.0,0.0,1.0,312.0,-330.0,1.0
3968500,2729500.0,11.0,19.0,9.0,8.3,998.0,148.0,3.8,4.0,6.0,88.0,0.0,19.0,302.0,-327.0,1.0
3968500,2729500.0,11.0,19.0,10.0,9.1,999.0,153.0,4.0,6.0,6.1,86.0,0.0,47.0,309.0,-328.0,1.0
3968500,2729500.0,11.0,19.0,11.0,9.7,999.0,174.0,4.9,4.0,6.2,83.0,64.0,101.0,312.0,-334.0,1.0
3968500,2729500.0,11.0,19.0,12.0,9.7,999.0,147.0,5.7,5.0,6.2,81.0,124.0,106.0,307.0,-341.0,1.0
3968500,2729500.0,11.0,19.0,13.0,10.4,998.0,148.0,5.6,5.0,6.1,78.0,192.0,74.0,313.0,-347.0,1.0
3968500,2729500.0,11.0,19.0,14.0,10.4,998.0,156.0,4.3,4.0,6.1,76.0,146.0,76.0,307.0,-350.0,1.0
3968500,2729500.0,11.0,19.0,15.0,10.8,998.0,154.0,3.8,3.0,6.1,75.0,90.0,62.0,296.0,-351.0,1.0
3968500,2729500.0,11.0,19.0,16.0,9.9,998.0,152.0,3.5,3.0,6.1,76.0,20.0,34.0,291.0,-348.0,1.0
3968500,2729500.0,11.0,19.0,17.0,8.4,998.0,155.0,2.6,3.0,5.9,80.0,0.0,0.0,285.0,-343.0,1.0
3968500,2729500.0,11.0,19.0,18.0,7.5,998.0,141.0,2.6,3.0,5.6,84.0,0.0,0.0,279.0,-338.0,1.0
3968500,2729500.0,11.0,19.0,19.0,6.6,999.0,139.0,2.2,2.0,5.4,86.0,0.0,0.0,269.0,-335.0,1.0
3968500,2729500.0,11.0,19.0,20.0,6.8,999.0,142.0,2.8,1.0,5.4,85.0,0.0,0.0,257.0,-332.0,1.0
3968500,2729500.0,11.0,19.0,21.0,7.0,999.0,146.0,3.2,0.0,5.3,85.0,0.0,0.0,251.0,-331.0,1.0
3968500,2729500.0,11.0,19.0,22.0,7.2,999.0,151.0,3.6,0.0,5.3,83.0,0.0,0.0,250.0,-333.0,1.0
3968500,2729500.0,11.0,19.0,23.0,7.3,998.0,186.0,3.5,1.0,5.4,85.0,0.0,0.0,249.0,-336.0,1.0
3968500,2729500.0,11.0,19.0,24.0,7.0,998.0,225.0,3.1,3.0,5.6,88.0,0.0,0.0,249.0,-339.0,1.0
3968500,2729500.0,11.0,20.0,1.0,6.6,994.0,272.0,2.4,5.0,5.8,93.0,0.0,0.0,322.0,-347.0,1.0
3968500,2729500.0,11.0,20.0,2.0,6.3,995.0,265.0,1.7,6.0,5.9,96.0,0.0,0.0,329.0,-347.0,1.0
3968500,2729500.0,11.0,20.0,3.0,6.0,995.0,277.0,1.3,8.0,5.9,99.0,0.0,0.0,322.0,-346.0,1.0
3968500,2729500.0,11.0,20.0,4.0,6.0,995.0,234.0,1.2,8.0,5.9,98.0,0.0,0.0,322.0,-346.0,1.0
3968500,2729500.0,11.0,20.0,5.0,5.9,995.0,304.0,1.3,8.0,5.9,98.0,0.0,0.0,330.0,-346.0,1.0
3968500,2729500.0,11.0,20.0,6.0,6.0,995.0,172.0,1.5,8.0,5.8,98.0,0.0,0.0,329.0,-346.0,1.0
3968500,2729500.0,11.0,20.0,7.0,5.9,995.0,357.0,1.3,7.0,5.7,97.0,0.0,0.0,322.0,-347.0,1.0
3968500,2729500.0,11.0,20.0,8.0,6.1,995.0,204.0,1.4,7.0,5.7,97.0,0.0,0.0,316.0,-347.0,1.0
3968500,2729500.0,11.0,20.0,9.0,6.6,995.0,68.0,1.7,8.0,5.8,95.0,24.0,9.0,325.0,-347.0,1.0
3968500,2729500.0,11.0,20.0,10.0,7.2,995.0,169.0,1.0,8.0,5.9,93.0,0.0,49.0,332.0,-349.0,1.0
3968500,2729500.0,11.0,20.0,11.0,7.1,995.0,141.0,2.0,8.0,5.9,92.0,0.0,54.0,333.0,-354.0,1.0
3968500,2729500.0,11.0,20.0,12.0,7.8,995.0,85.0,2.0,8.0,6.0,92.0,0.0,63.0,333.0,-359.0,1.0
3968500,2729500.0,11.0,20.0,13.0,7.9,995.0,136.0,1.5,7.0,6.1,90.0,0.0,90.0,327.0,-364.0,1.0
3968500,2729500.0,11.0,20.0,14.0,8.1,995.0,149.0,2.4,7.0,6.1,89.0,5.0,77.0,322.0,-367.0,1.0
3968500,2729500.0,11.0,20.0,15.0,8.0,994.0,131.0,2.3,7.0,6.1,89.0,5.0,54.0,322.0,-367.0,1.0
3968500,2729500.0,11.0,20.0,16.0,8.0,994.0,142.0,2.2,6.0,6.1,89.0,0.0,22.0,317.0,-364.0,1.0
3968500,2729500.0,11.0,20.0,17.0,7.8,995.0,119.0,3.0,7.0,6.1,90.0,0.0,0.0,317.0,-361.0,1.0
3968500,2729500.0,11.0,20.0,18.0,7.4,995.0,120.0,2.9,6.0,6.0,90.0,0.0,0.0,315.0,-358.0,1.0
3968500,2729500.0,11.0,20.0,19.0,7.3,995.0,144.0,2.2,5.0,5.9,90.0,0.0,0.0,304.0,-358.0,1.0
3968500,2729500.0,11.0,20.0,20.0,6.8,995.0,144.0,2.0,5.0,5.8,91.0,0.0,0.0,297.0,-358.0,1.0
3968500,2729500.0,11.0,20.0,21.0,5.9,995.0,123.0,2.2,4.0,5.7,93.0,0.0,0.0,290.0,-356.0,1.0
3968500,2729500.0,11.0,20.0,22.0,4.3,995.0,139.0,2.4,4.0,5.4,96.0,0.0,0.0,282.0,-354.0,1.0
3968500,2729500.0,11.0,20.0,23.0,4.0,995.0,152.0,2.0,4.0,5.2,100.0,0.0,0.0,279.0,-354.0,1.0
3968500,2729500.0,11.0,20.0,24.0,4.3,996.0,143.0,2.2,5.0,5.2,99.0,0.0,0.0,284.0,-354.0,1.0
3968500,2729500.0,11.0,21.0,1.0,4.2,996.0,141.0,1.9,7.0,5.2,99.0,0.0,0.0,298.0,-354.0,1.0
3968500,2729500.0,11.0,21.0,2.0,3.9,996.0,147.0,2.1,8.0,5.1,100.0,0.0,0.0,312.0,-354.0,1.0
3968500,2729500.0,11.0,21.0,3.0,3.6,996.0,160.0,1.4,8.0,5.0,100.0,0.0,0.0,316.0,-354.0,1.0
3968500,2729500.0,11.0,21.0,4.0,3.0,996.0,142.0,1.5,8.0,4.9,100.0,0.0,0.0,313.0,-352.0,1.0
3968500,2729500.0,11.0,21.0,5.0,2.6,996.0,139.0,2.1,8.0,4.7,100.0,0.0,0.0,311.0,-350.0,1.0
3968500,2729500.0,11.0,21.0,6.0,1.8,996.0,141.0,2.0,8.0,4.5,100.0,0.0,0.0,309.0,-349.0,1.0
3968500,2729500.0,11.0,21.0,7.0,1.6,996.0,174.0,2.3,8.0,4.3,99.0,0.0,0.0,308.0,-347.0,1.0
3968500,2729500.0,11.0,21.0,8.0,1.3,997.0,167.0,2.2,8.0,4.3,100.0,0.0,0.0,308.0,-346.0,1.0
3968500,2729500.0,11.0,21.0,9.0,1.4,997.0,154.0,2.5,8.0,4.3,100.0,8.0,29.0,307.0,-346.0,1.0
3968500,2729500.0,11.0,21.0,10.0,1.4,997.0,165.0,3.6,5.0,4.3,100.0,33.0,77.0,293.0,-348.0,1.0
3968500,2729500.0,11.0,21.0,11.0,2.1,997.0,170.0,3.7,7.0,4.4,100.0,17.0,109.0,288.0,-353.0,1.0
3968500,2729500.0,11.0,21.0,12.0,2.4,998.0,157.0,4.1,7.0,4.5,100.0,0.0,95.0,297.0,-359.0,1.0
3968500,2729500.0,11.0,21.0,13.0,2.7,997.0,182.0,3.8,7.0,4.6,100.0,0.0,70.0,297.0,-363.0,1.0
3968500,2729500.0,11.0,21.0,14.0,3.0,997.0,189.0,3.1,8.0,4.7,100.0,0.0,53.0,300.0,-366.0,1.0
3968500,2729500.0,11.0,21.0,15.0,3.0,997.0,166.0,2.9,7.0,4.8,100.0,0.0,47.0,300.0,-366.0,1.0
3968500,2729500.0,11.0,21.0,16.0,3.2,997.0,156.0,2.9,7.0,4.8,100.0,0.0,18.0,296.0,-362.0,1.0
3968500,2729500.0,11.0,21.0,17.0,3.3,997.0,142.0,2.4,8.0,4.8,99.0,0.0,0.0,301.0,-355.0,1.0
3968500,2729500.0,11.0,21.0,18.0,3.2,997.0,142.0,2.3,8.0,4.9,100.0,0.0,0.0,305.0,-349.0,1.0
3968500,2729500.0,11.0,21.0,19.0,3.3,997.0,132.0,2.6,8.0,4.9,100.0,0.0,0.0,305.0,-346.0,1.0
3968500,2729500.0,11.0,21.0,20.0,3.1,997.0,121.0,2.5,8.0,4.9,100.0,0.0,0.0,304.0,-343.0,1.0
3968500,2729500.0,11.0,21.0,21.0,3.2,997.0,121.0,2.7,7.0,4.8,100.0,0.0,0.0,299.0,-340.0,1.0
3968500,2729500.0,11.0,21.0,22.0,3.5,997.0,133.0,2.1,8.0,4.9,100.0,0.0,0.0,300.0,-338.0,1.0
3968500,2729500.0,11.0,21.0,23.0,3.6,997.0,141.0,2.1,7.0,5.0,100.0,0.0,0.0,303.0,-337.0,1.0
3968500,2729500.0,11.0,21.0,24.0,3.5,997.0,154.0,1.6,7.0,5.0,100.0,0.0,0.0,301.0,-336.0,1.0
3968500,2729500.0,11.0,22.0,1.0,3.1,996.0,135.0,2.7,8.0,4.9,100.0,0.0,0.0,304.0,-332.0,1.0
3968500,2729500.0,11.0,22.0,2.0,2.8,996.0,172.0,2.3,8.0,4.8,100.0,0.0,0.0,307.0,-329.0,1.0
3968500,2729500.0,11.0,22.0,3.0,2.7,996.0,129.0,3.1,8.0,4.7,100.0,0.0,0.0,306.0,-327.0,1.0
3968500,2729500.0,11.0,22.0,4.0,2.5,995.0,123.0,2.3,8.0,4.7,100.0,0.0,0.0,307.0,-327.0,1.0
3968500,2729500.0,11.0,22.0,5.0,2.7,995.0,148.0,3.4,8.0,4.7,100.0,0.0,0.0,308.0,-327.0,1.0
3968500,2729500.0,11.0,22.0,6.0,2.7,994.0,139.0,3.0,8.0,4.7,100.0,0.0,0.0,309.0,-328.0,1.0
3968500,2729500.0,11.0,22.0,7.0,2.8,994.0,146.0,2.9,8.0,4.7,100.0,0.0,0.0,311.0,-331.0,1.0
3968500,2729500.0,11.0,22.0,8.0,3.1,994.0,138.0,4.3,8.0,4.7,99.0,0.0,0.0,314.0,-333.0,1.0
3968500,2729500.0,11.0,22.0,9.0,3.5,994.0,154.0,4.7,8.0,4.7,96.0,0.0,10.0,316.0,-336.0,1.0
3968500,2729500.0,11.0,22.0,10.0,4.0,994.0,145.0,4.9,8.0,4.7,93.0,0.0,37.0,318.0,-339.0,1.0
3968500,2729500.0,11.0,22.0,11.0,4.2,994.0,168.0,4.7,8.0,4.7,91.0,0.0,57.0,319.0,-345.0,1.0
3968500,2729500.0,11.0,22.0,12.0,4.5,993.0,159.0,5.0,6.0,4.7,89.0,14.0,130.0,310.0,-351.0,1.0
3968500,2729500.0,11.0,22.0,13.0,5.5,993.0,151.0,4.4,4.0,4.7,86.0,86.0,155.0,295.0,-357.0,1.0
3968500,2729500.0,11.0,22.0,14.0,6.0,992.0,168.0,3.9,3.0,4.9,84.0,94.0,135.0,286.0,-360.0,1.0
3968500,2729500.0,11.0,22.0,15.0,5.7,992.0,226.0,3.9,4.0,5.0,84.0,52.0,99.0,286.0,-362.0,1.0
3968500,2729500.0,11.0,22.0,16.0,5.0,992.0,174.0,3.7,6.0,4.9,86.0,7.0,38.0,298.0,-361.0,1.0
3968500,2729500.0,11.0,22.0,17.0,4.7,992.0,163.0,3.8,6.0,4.8,88.0,0.0,0.0,305.0,-359.0,1.0
3968500,2729500.0,11.0,22.0,18.0,4.2,992.0,155.0,4.1,5.0,4.8,90.0,0.0,0.0,299.0,-358.0,1.0
3968500,2729500.0,11.0,22.0,19.0,4.3,993.0,143.0,4.0,6.0,4.7,90.0,0.0,0.0,298.0,-357.0,1.0
3968500,2729500.0,11.0,22.0,20.0,4.1,993.0,142.0,4.1,6.0,4.7,90.0,0.0,0.0,303.0,-357.0,1.0
3968500,2729500.0,11.0,22.0,21.0,4.0,994.0,150.0,3.9,6.0,4.7,90.0,0.0,0.0,302.0,-357.0,1.0
3968500,2729500.0,11.0,22.0,22.0,4.3,994.0,145.0,3.6,6.0,4.7,90.0,0.0,0.0,301.0,-356.0,1.0
3968500,2729500.0,11.0,22.0,23.0,4.5,995.0,146.0,3.4,8.0,4.8,90.0,0.0,0.0,311.0,-357.0,1.0
3968500,2729500.0,11.0,22.0,24.0,4.5,995.0,135.0,3.3,8.0,4.8,90.0,0.0,0.0,322.0,-357.0,1.0
3968500,2729500.0,11.0,23.0,1.0,4.9,995.0,176.0,3.7,7.0,4.9,91.0,0.0,0.0,317.0,-357.0,1.0
3968500,2729500.0,11.0,23.0,2.0,4.8,996.0,168.0,3.6,7.0,5.0,92.0,0.0,0.0,313.0,-357.0,1.0
3968500,2729500.0,11.0,23.0,3.0,5.1,996.0,182.0,3.6,7.0,5.1,93.0,0.0,0.0,313.0,-356.0,1.0
3968500,2729500.0,11.0,23.0,4.0,5.6,997.0,179.0,3.2,7.0,5.2,92.0,0.0,0.0,315.0,-355.0,1.0
3968500,2729500.0,11.0,23.0,5.0,5.6,997.0,166.0,3.0,7.0,5.3,91.0,0.0,0.0,316.0,-354.0,1.0
3968500,2729500.0,11.0,23.0,6.0,5.4,997.0,173.0,3.3,7.0,5.2,91.0,0.0,0.0,317.0,-354.0,1.0
3968500,2729500.0,11.0,23.0,7.0,4.5,998.0,190.0,2.4,6.0,5.1,92.0,0.0,0.0,309.0,-353.0,1.0
3968500,2729500.0,11.0,23.0,8.0,4.1,999.0,182.0,2.7,3.0,5.0,95.0,0.0,0.0,282.0,-352.0,1.0
3968500,2729500.0,11.0,23.0,9.0,4.5,999.0,176.0,2.8,3.0,5.0,96.0,3.0,23.0,262.0,-350.0,1.0
3968500,2729500.0,11.0,23.0,10.0,5.6,1000.0,170.0,2.7,4.0,5.1,93.0,62.0,61.0,271.0,-350.0,1.0
3968500,2729500.0,11.0,23.0,11.0,6.5,1000.0,185.0,3.2,2.0,5.3,90.0,144.0,72.0,267.0,-350.0,1.0
3968500,2729500.0,11.0,23.0,12.0,7.8,1001.0,196.0,3.4,3.0,5.6,87.0,168.0,86.0,263.0,-350.0,1.0
3968500,2729500.0,11.0,23.0,13.0,7.5,1000.0,175.0,3.5,2.0,5.7,86.0,177.0,86.0,265.0,-350.0,1.0
3968500,2729500.0,11.0,23.0,14.0,7.3,1000.0,150.0,3.7,3.0,5.5,85.0,115.0,93.0,264.0,-352.0,1.0
3968500,2729500.0,11.0,23.0,15.0,7.7,1000.0,149.0,3.1,1.0,5.5,84.0,105.0,59.0,257.0,-352.0,1.0
3968500,2729500.0,11.0,23.0,16.0,6.7,1000.0,151.0,2.9,1.0,5.4,84.0,31.0,31.0,243.0,-352.0,1.0
3968500,2729500.0,11.0,23.0,17.0,5.1,1000.0,139.0,2.3,1.0,5.2,88.0,0.0,0.0,238.0,-350.0,1.0
3968500,2729500.0,11.0,23.0,18.0,3.7,1000.0,167.0,2.1,1.0,4.9,94.0,0.0,0.0,233.0,-350.0,1.0
3968500,2729500.0,11.0,23.0,19.0,2.7,1000.0,148.0,1.6,0.0,4.8,98.0,0.0,0.0,223.0,-349.0,1.0
3968500,2729500.0,11.0,23.0,20.0,2.8,1000.0,139.0,1.8,0.0,4.7,100.0,0.0,0.0,213.0,-349.0,1.0
3968500,2729500.0,11.0,23.0,21.0,1.8,999.0,130.0,1.8,0.0,4.5,100.0,0.0,0.0,212.0,-349.0,1.0
3968500,2729500.0,11.0,23.0,22.0,2.2,999.0,139.0,2.3,0.0,4.4,100.0,0.0,0.0,211.0,-349.0,1.0
3968500,2729500.0,11.0,23.0,23.0,0.6,999.0,166.0,2.3,0.0,4.3,100.0,0.0,0.0,208.0,-349.0,1.0
3968500,2729500.0,11.0,23.0,24.0,0.7,999.0,187.0,2.1,0.0,4.0,100.0,0.0,0.0,204.0,-350.0,1.0
3968500,2729500.0,11.0,24.0,1.0,1.1,999.0,151.0,1.4,1.0,4.1,100.0,0.0,0.0,213.0,-350.0,1.0
3968500,2729500.0,11.0,24.0,2.0,0.6,999.0,147.0,1.6,1.0,4.1,100.0,0.0,0.0,221.0,-350.0,1.0
3968500,2729500.0,11.0,24.0,3.0,1.4,998.0,165.0,2.4,1.0,4.1,100.0,0.0,0.0,221.0,-350.0,1.0
3968500,2729500.0,11.0,24.0,4.0,2.0,998.0,130.0,1.9,3.0,4.4,100.0,0.0,0.0,234.0,-351.0,1.0
3968500,2729500.0,11.0,24.0,5.0,2.2,997.0,142.0,1.8,7.0,4.5,100.0,0.0,0.0,271.0,-351.0,1.0
3968500,2729500.0,11.0,24.0,6.0,2.5,997.0,163.0,1.6,8.0,4.6,100.0,0.0,0.0,303.0,-351.0,1.0
3968500,2729500.0,11.0,24.0,7.0,3.2,996.0,154.0,1.3,8.0,4.7,100.0,0.0,0.0,311.0,-351.0,1.0
3968500,2729500.0,11.0,24.0,8.0,3.9,996.0,144.0,1.7,8.0,5.0,100.0,0.0,0.0,313.0,-349.0,1.0
3968500,2729500.0,11.0,24.0,9.0,4.2,996.0,147.0,2.5,8.0,5.1,99.0,0.0,5.0,315.0,-350.0,1.0
3968500,2729500.0,11.0,24.0,10.0,4.4,996.0,148.0,3.4,7.0,5.1,98.0,0.0,38.0,306.0,-351.0,1.0
3968500,2729500.0,11.0,24.0,11.0,5.0,996.0,156.0,3.3,7.0,5.2,96.0,0.0,45.0,298.0,-353.0,1.0
3968500,2729500.0,11.0,24.0,12.0,5.7,996.0,158.0,3.4,8.0,5.3,93.0,0.0,40.0,308.0,-356.0,1.0
3968500,2729500.0,11.0,24.0,13.0,6.3,995.0,163.0,3.9,8.0,5.4,91.0,0.0,47.0,318.0,-359.0,1.0
3968500,2729500.0,11.0,24.0,14.0,6.8,995.0,164.0,4.1,8.0,5.5,90.0,0.0,51.0,319.0,-360.0,1.0
3968500,2729500.0,11.0,24.0,15.0,7.0,994.0,171.0,3.7,8.0,5.6,89.0,0.0,35.0,320.0,-358.0,1.0
3968500,2729500.0,11.0,24.0,16.0,7.0,994.0,169.0,2.3,7.0,5.6,88.0,0.0,22.0,313.0,-355.0,1.0
3968500,2729500.0,11.0,24.0,17.0,6.7,994.0,173.0,2.7,8.0,5.6,89.0,0.0,0.0,313.0,-353.0,1.0
3968500,2729500.0,11.0,24.0,18.0,6.5,994.0,172.0,3.1,8.0,5.7,91.0,0.0,0.0,321.0,-353.0,1.0
3968500,2729500.0,11.0,24.0,19.0,6.5,994.0,176.0,2.7,8.0,5.7,93.0,0.0,0.0,322.0,-353.0,1.0
3968500,2729500.0,11.0,24.0,20.0,6.5,995.0,168.0,2.7,7.0,5.8,94.0,0.0,0.0,316.0,-353.0,1.0
3968500,2729500.0,11.0,24.0,21.0,6.2,995.0,160.0,2.8,8.0,5.8,95.0,0.0,0.0,316.0,-352.0,1.0
3968500,2729500.0,11.0,24.0,22.0,6.1,995.0,152.0,2.2,8.0,5.8,96.0,0.0,0.0,322.0,-352.0,1.0
3968500,2729500.0,11.0,24.0,23.0,6.0,995.0,170.0,1.2,8.0,5.7,97.0,0.0,0.0,322.0,-351.0,1.0
3968500,2729500.0,11.0,24.0,24.0,5.8,995.0,140.0,1.6,8.0,5.8,98.0,0.0,0.0,321.0,-350.0,1.0
3968500,2729500.0,11.0,25.0,1.0,5.6,996.0,237.0,1.8,8.0,5.8,99.0,0.0,0.0,321.0,-349.0,1.0
3968500,2729500.0,11.0,25.0,2.0,5.8,995.0,181.0,1.9,8.0,5.8,100.0,0.0,0.0,321.0,-348.0,1.0
3968500,2729500.0,11.0,25.0,3.0,5.7,995.0,187.0,1.5,8.0,5.8,99.0,0.0,0.0,321.0,-347.0,1.0
3968500,2729500.0,11.0,25.0,4.0,5.8,995.0,168.0,1.3,8.0,5.8,99.0,0.0,0.0,321.0,-346.0,1.0
3968500,2729500.0,11.0,25.0,5.0,5.8,995.0,90.0,1.7,8.0,5.8,100.0,0.0,0.0,321.0,-344.0,1.0
3968500,2729500.0,11.0,25.0,6.0,5.8,995.0,141.0,1.8,8.0,5.8,100.0,0.0,0.0,321.0,-344.0,1.0
3968500,2729500.0,11.0,25.0,7.0,6.0,995.0,130.0,1.8,8.0,5.9,100.0,0.0,0.0,322.0,-344.0,1.0
3968500,2729500.0,11.0,25.0,8.0,5.8,995.0,144.0,1.6,8.0,5.9,100.0,0.0,0.0,321.0,-344.0,1.0
3968500,2729500.0,11.0,25.0,9.0,6.1,995.0,157.0,1.6,8.0,5.9,100.0,0.0,11.0,321.0,-344.0,1.0
3968500,2729500.0,11.0,25.0,10.0,6.7,996.0,162.0,1.4,8.0,6.1,100.0,0.0,23.0,322.0,-346.0,1.0
3968500,2729500.0,11.0,25.0,11.0,7.1,996.0,160.0,1.0,8.0,6.2,99.0,0.0,49.0,323.0,-349.0,1.0
3968500,2729500.0,11.0,25.0,12.0,7.4,996.0,139.0,1.2,8.0,6.3,98.0,0.0,47.0,323.0,-352.0,1.0
3968500,2729500.0,11.0,25.0,13.0,7.4,996.0,77.0,1.6,8.0,6.4,98.0,0.0,32.0,323.0,-353.0,1.0
3968500,2729500.0,11.0,25.0,14.0,7.4,996.0,92.0,1.7,8.0,6.4,98.0,0.0,57.0,322.0,-353.0,1.0
3968500,2729500.0,11.0,25.0,15.0,7.7,995.0,97.0,1.8,6.0,6.4,98.0,8.0,85.0,308.0,-353.0,1.0
3968500,2729500.0,11.0,25.0,16.0,7.4,995.0,202.0,2.2,8.0,6.4,98.0,12.0,47.0,308.0,-354.0,1.0
3968500,2729500.0,11.0,25.0,17.0,7.1,994.0,127.0,1.9,7.0,6.4,99.0,0.0,0.0,314.0,-354.0,1.0
3968500,2729500.0,11.0,25.0,18.0,7.2,994.0,49.0,1.5,8.0,6.4,99.0,0.0,0.0,314.0,-352.0,1.0
3968500,2729500.0,11.0,25.0,19.0,7.2,994.0,157.0,1.7,8.0,6.4,99.0,0.0,0.0,322.0,-350.0,1.0
3968500,2729500.0,11.0,25.0,20.0,6.5,994.0,216.0,1.5,8.0,6.2,99.0,0.0,0.0,322.0,-350.0,1.0
3968500,2729500.0,11.0,25.0,21.0,6.5,993.0,221.0,1.7,8.0,6.1,100.0,0.0,0.0,323.0,-350.0,1.0
3968500,2729500.0,11.0,25.0,22.0,6.3,993.0,193.0,1.3,7.0,6.0,99.0,0.0,0.0,315.0,-349.0,1.0
3968500,2729500.0,11.0,25.0,23.0,6.1,992.0,175.0,1.8,7.0,5.9,99.0,0.0,0.0,308.0,-348.0,1.0
3968500,2729500.0,11.0,25.0,24.0,6.1,991.0,198.0,2.5,8.0,5.9,98.0,0.0,0.0,319.0,-348.0,1.0
3968500,2729500.0,11.0,26.0,1.0,5.9,991.0,164.0,2.0,7.0,5.8,98.0,0.0,0.0,321.0,-352.0,1.0
3968500,2729500.0,11.0,26.0,2.0,6.2,990.0,168.0,2.2,7.0,5.8,97.0,0.0,0.0,312.0,-355.0,1.0
3968500,2729500.0,11.0,26.0,3.0,6.2,989.0,170.0,2.9,8.0,5.8,96.0,0.0,0.0,322.0,-357.0,1.0
3968500,2729500.0,11.0,26.0,4.0,6.3,988.0,173.0,3.1,8.0,5.8,95.0,0.0,0.0,333.0,-361.0,1.0
3968500,2729500.0,11.0,26.0,5.0,7.3,987.0,177.0,2.9,8.0,5.9,93.0,0.0,0.0,336.0,-362.0,1.0
3968500,2729500.0,11.0,26.0,6.0,6.8,987.0,180.0,3.0,7.0,5.9,91.0,0.0,0.0,328.0,-362.0,1.0
3968500,2729500.0,11.0,26.0,7.0,7.8,986.0,149.0,2.8,8.0,5.8,89.0,0.0,0.0,328.0,-362.0,1.0
3968500,2729500.0,11.0,26.0,8.0,10.2,986.0,153.0,3.8,7.0,6.1,83.0,0.0,0.0,335.0,-360.0,1.0
3968500,2729500.0,11.0,26.0,9.0,11.1,986.0,167.0,4.6,7.0,6.4,78.0,0.0,5.0,332.0,-358.0,1.0
3968500,2729500.0,11.0,26.0,10.0,11.5,986.0,175.0,3.6,8.0,6.5,76.0,0.0,17.0,341.0,-357.0,1.0
3968500,2729500.0,11.0,26.0,11.0,12.3,986.0,178.0,3.7,8.0,6.3,71.0,0.0,28.0,350.0,-356.0,1.0
3968500,2729500.0,11.0,26.0,12.0,13.0,986.0,173.0,5.2,8.0,5.9,63.0,0.0,76.0,350.0,-356.0,1.0
3968500,2729500.0,11.0,26.0,13.0,13.1,986.0,204.0,5.5,6.0,5.5,57.0,40.0,119.0,335.0,-356.0,1.0
3968500,2729500.0,11.0,26.0,14.0,12.3,987.0,191.0,5.9,5.0,5.2,56.0,34.0,104.0,314.0,-356.0,1.0
3968500,2729500.0,11.0,26.0,15.0,11.5,987.0,198.0,4.5,4.0,5.0,56.0,54.0,69.0,299.0,-356.0,1.0
3968500,2729500.0,11.0,26.0,16.0,10.0,988.0,199.0,3.5,2.0,4.7,57.0,14.0,30.0,279.0,-354.0,1.0
3968500,2729500.0,11.0,26.0,17.0,9.3,989.0,190.0,3.5,1.0,4.4,58.0,0.0,0.0,261.0,-350.0,1.0
3968500,2729500.0,11.0,26.0,18.0,8.5,988.0,173.0,3.3,1.0,4.2,58.0,0.0,0.0,254.0,-345.0,1.0
3968500,2729500.0,11.0,26.0,19.0,8.0,989.0,170.0,3.6,1.0,4.3,62.0,0.0,0.0,254.0,-341.0,1.0
3968500,2729500.0,11.0,26.0,20.0,7.6,989.0,162.0,3.6,1.0,4.6,68.0,0.0,0.0,253.0,-339.0,1.0
3968500,2729500.0,11.0,26.0,21.0,7.2,990.0,162.0,4.3,1.0,4.7,71.0,0.0,0.0,251.0,-336.0,1.0
3968500,2729500.0,11.0,26.0,22.0,6.2,990.0,172.0,4.5,1.0,4.6,74.0,0.0,0.0,251.0,-333.0,1.0
3968500,2729500.0,11.0,26.0,23.0,6.0,990.0,178.0,5.5,0.0,4.6,77.0,0.0,0.0,243.0,-331.0,1.0
3968500,2729500.0,11.0,26.0,24.0,5.0,990.0,163.0,4.3,0.0,4.6,80.0,0.0,0.0,236.0,-330.0,1.0
3968500,2729500.0,11.0,27.0,1.0,4.7,990.0,155.0,3.8,0.0,4.5,82.0,0.0,0.0,234.0,-328.0,1.0
3968500,2729500.0,11.0,27.0,2.0,4.1,990.0,137.0,3.2,0.0,4.5,84.0,0.0,0.0,232.0,-327.0,1.0
3968500,2729500.0,11.0,27.0,3.0,3.3,990.0,122.0,2.6,0.0,4.4,86.0,0.0,0.0,230.0,-325.0,1.0
3968500,2729500.0,11.0,27.0,4.0,2.9,990.0,134.0,2.6,0.0,4.3,89.0,0.0,0.0,228.0,-323.0,1.0
3968500,2729500.0,11.0,27.0,5.0,3.6,989.0,143.0,3.0,1.0,4.4,89.0,0.0,0.0,235.0,-320.0,1.0
3968500,2729500.0,11.0,27.0,6.0,2.8,989.0,130.0,3.4,1.0,4.4,89.0,0.0,0.0,239.0,-318.0,1.0
3968500,2729500.0,11.0,27.0,7.0,2.0,989.0,132.0,3.0,2.0,4.2,91.0,0.0,0.0,242.0,-316.0,1.0
3968500,2729500.0,11.0,27.0,8.0,2.0,988.0,116.0,2.7,2.0,4.2,94.0,0.0,0.0,245.0,-316.0,1.0
3968500,2729500.0,11.0,27.0,9.0,4.0,988.0,139.0,1.9,5.0,4.4,91.0,0.0,18.0,264.0,-316.0,1.0
3968500,2729500.0,11.0,27.0,10.0,5.8,988.0,297.0,2.2,8.0,4.7,85.0,0.0,32.0,304.0,-317.0,1.0
3968500,2729500.0,11.0,27.0,11.0,6.4,987.0,135.0,2.0,7.0,4.8,81.0,0.0,38.0,318.0,-324.0,1.0
3968500,2729500.0,11.0,27.0,12.0,6.7,986.0,79.0,2.0,8.0,5.0,80.0,0.0,66.0,320.0,-335.0,1.0
3968500,2729500.0,11.0,27.0,13.0,7.1,985.0,167.0,2.2,6.0,5.3,83.0,6.0,117.0,315.0,-343.0,1.0
3968500,2729500.0,11.0,27.0,14.0,7.3,984.0,163.0,1.9,7.0,5.5,85.0,0.0,55.0,309.0,-350.0,1.0
3968500,2729500.0,11.0,27.0,15.0,7.5,984.0,171.0,2.1,8.0,5.8,87.0,0.0,29.0,322.0,-354.0,1.0
3968500,2729500.0,11.0,27.0,16.0,7.7,983.0,172.0,1.6,8.0,6.0,90.0,0.0,17.0,329.0,-355.0,1.0
3968500,2729500.0,11.0,27.0,17.0,7.5,983.0,170.0,1.6,8.0,6.2,92.0,0.0,0.0,330.0,-355.0,1.0
3968500,2729500.0,11.0,27.0,18.0,7.6,982.0,174.0,1.2,8.0,6.4,96.0,0.0,0.0,331.0,-355.0,1.0
3968500,2729500.0,11.0,27.0,19.0,7.5,982.0,167.0,2.4,6.0,6.6,99.0,0.0,0.0,317.0,-355.0,1.0
3968500,2729500.0,11.0,27.0,20.0,7.9,982.0,172.0,2.1,6.0,6.8,100.0,0.0,0.0,297.0,-355.0,1.0
3968500,2729500.0,11.0,27.0,21.0,8.0,982.0,168.0,3.0,8.0,6.9,100.0,0.0,0.0,316.0,-355.0,1.0
3968500,2729500.0,11.0,27.0,22.0,8.1,982.0,172.0,2.9,7.0,6.9,99.0,0.0,0.0,327.0,-353.0,1.0
3968500,2729500.0,11.0,27.0,23.0,8.1,982.0,168.0,2.8,7.0,6.8,97.0,0.0,0.0,315.0,-352.0,1.0
3968500,2729500.0,11.0,27.0,24.0,8.1,982.0,169.0,2.8,7.0,6.7,96.0,0.0,0.0,314.0,-350.0,1.0
3968500,2729500.0,11.0,28.0,1.0,8.0,982.0,166.0,3.3,8.0,6.6,96.0,0.0,0.0,324.0,-350.0,1.0
3968500,2729500.0,11.0,28.0,2.0,8.0,982.0,169.0,3.0,8.0,6.6,95.0,0.0,0.0,335.0,-349.0,1.0
3968500,2729500.0,11.0,28.0,3.0,7.9,982.0,164.0,2.8,8.0,6.5,95.0,0.0,0.0,334.0,-347.0,1.0
3968500,2729500.0,11.0,28.0,4.0,7.6,982.0,182.0,2.0,8.0,6.4,95.0,0.0,0.0,334.0,-346.0,1.0
3968500,2729500.0,11.0,28.0,5.0,7.0,982.0,174.0,2.8,8.0,6.2,95.0,0.0,0.0,331.0,-346.0,1.0
3968500,2729500.0,11.0,28.0,6.0,7.0,982.0,177.0,2.6,8.0,6.1,95.0,0.0,0.0,330.0,-344.0,1.0
3968500,2729500.0,11.0,28.0,7.0,6.8,982.0,176.0,3.4,7.0,6.1,95.0,0.0,0.0,320.0,-343.0,1.0
3968500,2729500.0,11.0,28.0,8.0,6.3,981.0,173.0,2.8,7.0,5.9,95.0,0.0,0.0,308.0,-343.0,1.0
3968500,2729500.0,11.0,28.0,9.0,6.4,981.0,180.0,2.3,7.0,5.9,95.0,5.0,29.0,309.0,-342.0,1.0
3968500,2729500.0,11.0,28.0,10.0,6.9,982.0,165.0,2.7,5.0,5.9,94.0,26.0,85.0,290.0,-342.0,1.0
3968500,2729500.0,11.0,28.0,11.0,7.4,983.0,169.0,2.5,6.0,6.0,92.0,10.0,105.0,281.0,-342.0,1.0
3968500,2729500.0,11.0,28.0,12.0,7.6,983.0,169.0,3.0,8.0,6.0,90.0,0.0,70.0,310.0,-344.0,1.0
3968500,2729500.0,11.0,28.0,13.0,8.3,983.0,168.0,2.5,7.0,6.0,88.0,1.0,97.0,321.0,-346.0,1.0
3968500,2729500.0,11.0,28.0,14.0,8.4,983.0,177.0,2.9,7.0,6.0,85.0,0.0,77.0,313.0,-346.0,1.0
3968500,2729500.0,11.0,28.0,15.0,8.4,983.0,168.0,2.1,7.0,6.0,84.0,0.0,55.0,314.0,-345.0,1.0
3968500,2729500.0,11.0,28.0,16.0,8.0,983.0,174.0,2.5,8.0,6.0,86.0,0.0,16.0,322.0,-342.0,1.0
3968500,2729500.0,11.0,28.0,17.0,7.5,983.0,165.0,2.0,8.0,6.0,88.0,0.0,0.0,330.0,-338.0,1.0
3968500,2729500.0,11.0,28.0,18.0,7.1,983.0,155.0,1.5,7.0,5.9,90.0,0.0,0.0,319.0,-334.0,1.0
3968500,2729500.0,11.0,28.0,19.0,6.9,983.0,157.0,1.5,8.0,5.9,91.0,0.0,0.0,318.0,-331.0,1.0
3968500,2729500.0,11.0,28.0,20.0,6.7,983.0,145.0,1.6,8.0,5.9,93.0,0.0,0.0,326.0,-329.0,1.0
3968500,2729500.0,11.0,28.0,21.0,6.3,983.0,158.0,1.7,8.0,5.8,93.0,0.0,0.0,325.0,-327.0,1.0
3968500,2729500.0,11.0,28.0,22.0,6.3,983.0,142.0,1.3,7.0,5.8,94.0,0.0,0.0,314.0,-325.0,1.0
3968500,2729500.0,11.0,28.0,23.0,6.2,983.0,138.0,1.5,8.0,5.8,94.0,0.0,0.0,314.0,-323.0,1.0
3968500,2729500.0,11.0,28.0,24.0,5.9,983.0,167.0,1.1,8.0,5.8,96.0,0.0,0.0,323.0,-321.0,1.0
3968500,2729500.0,11.0,29.0,1.0,6.0,983.0,109.0,1.0,8.0,5.8,97.0,0.0,0.0,323.0,-320.0,1.0
3968500,2729500.0,11.0,29.0,2.0,5.8,982.0,45.0,0.6,8.0,5.9,98.0,0.0,0.0,323.0,-320.0,1.0
3968500,2729500.0,11.0,29.0,3.0,5.6,982.0,64.0,0.6,7.0,5.8,99.0,0.0,0.0,314.0,-321.0,1.0
3968500,2729500.0,11.0,29.0,4.0,5.6,982.0,283.0,1.0,8.0,5.8,99.0,0.0,0.0,313.0,-323.0,1.0
3968500,2729500.0,11.0,29.0,5.0,5.6,982.0,348.0,1.1,8.0,5.8,99.0,0.0,0.0,324.0,-322.0,1.0
3968500,2729500.0,11.0,29.0,6.0,5.7,982.0,351.0,1.3,7.0,5.8,99.0,0.0,0.0,315.0,-321.0,1.0
3968500,2729500.0,11.0,29.0,7.0,5.8,981.0,45.0,1.0,8.0,5.8,99.0,0.0,0.0,315.0,-321.0,1.0
3968500,2729500.0,11.0,29.0,8.0,5.6,981.0,354.0,2.2,8.0,5.8,99.0,0.0,0.0,326.0,-321.0,1.0
3968500,2729500.0,11.0,29.0,9.0,5.7,981.0,358.0,2.1,8.0,5.7,98.0,0.0,9.0,325.0,-322.0,1.0
3968500,2729500.0,11.0,29.0,10.0,5.8,981.0,322.0,2.5,8.0,5.6,95.0,0.0,46.0,325.0,-325.0,1.0
3968500,2729500.0,11.0,29.0,11.0,6.1,981.0,331.0,3.1,6.0,5.6,93.0,5.0,98.0,309.0,-330.0,1.0
3968500,2729500.0,11.0,29.0,12.0,6.1,982.0,324.0,3.5,7.0,5.6,92.0,0.0,79.0,301.0,-335.0,1.0
3968500,2729500.0,11.0,29.0,13.0,6.1,981.0,325.0,3.6,8.0,5.6,92.0,0.0,44.0,318.0,-338.0,1.0
3968500,2729500.0,11.0,29.0,14.0,6.2,981.0,324.0,4.1,8.0,5.6,93.0,0.0,33.0,327.0,-339.0,1.0
3968500,2729500.0,11.0,29.0,15.0,5.9,980.0,336.0,5.1,8.0,5.7,95.0,0.0,22.0,326.0,-338.0,1.0
3968500,2729500.0,11.0,29.0,16.0,5.7,980.0,335.0,4.4,8.0,5.6,95.0,0.0,9.0,325.0,-336.0,1.0
3968500,2729500.0,11.0,29.0,17.0,5.5,980.0,337.0,5.2,8.0,5.4,93.0,0.0,0.0,323.0,-334.0,1.0
3968500,2729500.0,11.0,29.0,18.0,5.4,980.0,338.0,5.2,7.0,5.3,92.0,0.0,0.0,316.0,-332.0,1.0
3968500,2729500.0,11.0,29.0,19.0,5.3,980.0,337.0,5.7,8.0,5.3,93.0,0.0,0.0,316.0,-331.0,1.0
3968500,2729500.0,11.0,29.0,20.0,5.2,980.0,335.0,4.8,8.0,5.2,91.0,0.0,0.0,322.0,-330.0,1.0
3968500,2729500.0,11.0,29.0,21.0,4.9,979.0,323.0,5.7,8.0,5.1,90.0,0.0,0.0,320.0,-331.0,1.0
3968500,2729500.0,11.0,29.0,22.0,4.5,979.0,326.0,5.4,7.0,5.0,91.0,0.0,0.0,313.0,-332.0,1.0
3968500,2729500.0,11.0,29.0,23.0,4.3,979.0,330.0,6.0,8.0,4.9,92.0,0.0,0.0,312.0,-332.0,1.0
3968500,2729500.0,11.0,29.0,24.0,4.0,979.0,339.0,5.7,8.0,4.9,92.0,0.0,0.0,318.0,-331.0,1.0
3968500,2729500.0,11.0,30.0,1.0,3.8,979.0,346.0,5.8,8.0,4.8,92.0,0.0,0.0,317.0,-329.0,1.0
3968500,2729500.0,11.0,30.0,2.0,3.7,978.0,347.0,5.8,7.0,4.7,92.0,0.0,0.0,312.0,-327.0,1.0
3968500,2729500.0,11.0,30.0,3.0,3.8,978.0,343.0,6.0,8.0,4.7,91.0,0.0,0.0,312.0,-325.0,1.0
3968500,2729500.0,11.0,30.0,4.0,3.9,977.0,332.0,6.1,8.0,4.6,89.0,0.0,0.0,318.0,-324.0,1.0
3968500,2729500.0,11.0,30.0,5.0,3.7,976.0,341.0,6.4,8.0,4.5,88.0,0.0,0.0,317.0,-324.0,1.0
3968500,2729500.0,11.0,30.0,6.0,3.1,976.0,330.0,6.4,8.0,4.5,89.0,0.0,0.0,316.0,-325.0,1.0
3968500,2729500.0,11.0,30.0,7.0,2.5,976.0,323.0,6.2,8.0,4.4,92.0,0.0,0.0,313.0,-325.0,1.0
3968500,2729500.0,11.0,30.0,8.0,2.4,976.0,322.0,6.1,8.0,4.3,92.0,0.0,0.0,311.0,-325.0,1.0
3968500,2729500.0,11.0,30.0,9.0,2.5,976.0,316.0,6.2,8.0,4.4,93.0,0.0,19.0,311.0,-325.0,1.0
3968500,2729500.0,11.0,30.0,10.0,2.4,976.0,327.0,6.1,7.0,4.4,93.0,1.0,57.0,304.0,-325.0,1.0
3968500,2729500.0,11.0,30.0,11.0,2.9,976.0,324.0,5.7,6.0,4.4,92.0,3.0,88.0,291.0,-326.0,1.0
3968500,2729500.0,11.0,30.0,12.0,2.9,976.0,325.0,6.6,7.0,4.3,89.0,0.0,63.0,292.0,-327.0,1.0
3968500,2729500.0,11.0,30.0,13.0,2.9,976.0,327.0,6.0,6.0,4.3,88.0,0.0,69.0,293.0,-328.0,1.0
3968500,2729500.0,11.0,30.0,14.0,3.0,976.0,314.0,5.0,7.0,4.2,86.0,0.0,56.0,290.0,-327.0,1.0
3968500,2729500.0,11.0,30.0,15.0,2.7,977.0,316.0,5.2,7.0,4.2,86.0,0.0,19.0,293.0,-325.0,1.0
3968500,2729500.0,11.0,30.0,16.0,2.6,977.0,320.0,5.2,7.0,4.2,88.0,0.0,6.0,291.0,-322.0,1.0
3968500,2729500.0,11.0,30.0,17.0,2.5,978.0,311.0,4.9,7.0,4.1,87.0,0.0,0.0,289.0,-319.0,1.0
3968500,2729500.0,11.0,30.0,18.0,2.3,978.0,303.0,5.4,7.0,4.1,88.0,0.0,0.0,287.0,-317.0,1.0
3968500,2729500.0,11.0,30.0,19.0,1.7,978.0,342.0,4.5,7.0,4.1,91.0,0.0,0.0,286.0,-317.0,1.0
3968500,2729500.0,11.0,30.0,20.0,2.3,979.0,309.0,3.6,7.0,4.2,92.0,0.0,0.0,287.0,-317.0,1.0
3968500,2729500.0,11.0,30.0,21.0,2.1,979.0,313.0,4.5,7.0,4.1,90.0,0.0,0.0,287.0,-317.0,1.0
3968500,2729500.0,11.0,30.0,22.0,2.0,979.0,303.0,4.5,7.0,4.1,90.0,0.0,0.0,287.0,-316.0,1.0
3968500,2729500.0,11.0,30.0,23.0,2.0,980.0,305.0,4.9,7.0,4.0,88.0,0.0,0.0,286.0,-316.0,1.0
3968500,2729500.0,11.0,30.0,24.0,1.6,980.0,295.0,3.8,7.0,3.8,85.0,0.0,0.0,284.0,-315.0,1.0
3968500,2729500.0,12.0,1.0,1.0,1.6,981.0,303.0,3.8,8.0,3.7,83.0,0.0,0.0,289.0,-314.0,1.0
3968500,2729500.0,12.0,1.0,2.0,1.3,981.0,299.0,3.4,8.0,3.6,83.0,0.0,0.0,296.0,-314.0,1.0
3968500,2729500.0,12.0,1.0,3.0,1.3,981.0,289.0,3.8,8.0,3.6,84.0,0.0,0.0,294.0,-313.0,1.0
3968500,2729500.0,12.0,1.0,4.0,1.2,981.0,282.0,4.1,8.0,3.6,83.0,0.0,0.0,293.0,-313.0,1.0
3968500,2729500.0,12.0,1.0,5.0,1.1,982.0,298.0,4.0,8.0,3.5,83.0,0.0,0.0,292.0,-313.0,1.0
3968500,2729500.0,12.0,1.0,6.0,1.0,982.0,291.0,3.9,8.0,3.5,82.0,0.0,0.0,291.0,-312.0,1.0
3968500,2729500.0,12.0,1.0,7.0,0.9,982.0,300.0,3.8,8.0,3.4,82.0,0.0,0.0,291.0,-312.0,1.0
3968500,2729500.0,12.0,1.0,8.0,1.0,983.0,294.0,3.7,8.0,3.5,82.0,0.0,0.0,290.0,-312.0,1.0
3968500,2729500.0,12.0,1.0,9.0,1.0,983.0,293.0,3.6,8.0,3.5,83.0,0.0,8.0,290.0,-312.0,1.0
3968500,2729500.0,12.0,1.0,10.0,1.4,984.0,282.0,3.8,8.0,3.6,83.0,0.0,36.0,290.0,-312.0,1.0
3968500,2729500.0,12.0,1.0,11.0,2.1,984.0,317.0,3.5,6.0,3.5,80.0,35.0,73.0,280.0,-313.0,1.0
3968500,2729500.0,12.0,1.0,12.0,2.3,985.0,302.0,3.4,7.0,3.4,75.0,44.0,88.0,276.0,-314.0,1.0
3968500,2729500.0,12.0,1.0,13.0,2.3,985.0,306.0,3.9,7.0,3.3,72.0,16.0,96.0,282.0,-315.0,1.0
3968500,2729500.0,12.0,1.0,14.0,2.8,985.0,296.0,4.0,5.0,3.2,68.0,44.0,76.0,271.0,-315.0,1.0
3968500,2729500.0,12.0,1.0,15.0,2.8,985.0,292.0,3.2,7.0,3.1,66.0,2.0,53.0,271.0,-315.0,1.0
3968500,2729500.0,12.0,1.0,16.0,1.4,986.0,287.0,2.3,5.0,3.2,70.0,0.0,16.0,269.0,-314.0,1.0
3968500,2729500.0,12.0,1.0,17.0,-0.7,986.0,250.0,2.3,3.0,3.2,79.0,0.0,0.0,242.0,-313.0,1.0
3968500,2729500.0,12.0,1.0,18.0,-0.5,987.0,262.0,2.2,2.0,3.2,86.0,0.0,0.0,225.0,-311.0,1.0
3968500,2729500.0,12.0,1.0,19.0,-0.4,987.0,263.0,2.2,3.0,3.3,88.0,0.0,0.0,227.0,-311.0,1.0
3968500,2729500.0,12.0,1.0,20.0,-1.6,988.0,70.0,1.2,3.0,3.3,91.0,0.0,0.0,231.0,-311.0,1.0
3968500,2729500.0,12.0,1.0,21.0,-2.2,988.0,208.0,1.2,2.0,3.2,94.0,0.0,0.0,224.0,-310.0,1.0
3968500,2729500.0,12.0,1.0,22.0,-2.8,988.0,182.0,1.7,1.0,3.1,97.0,0.0,0.0,213.0,-310.0,1.0
3968500,2729500.0,12.0,1.0,23.0,-3.1,988.0,151.0,1.8,0.0,3.1,99.0,0.0,0.0,201.0,-310.0,1.0
3968500,2729500.0,12.0,1.0,24.0,-3.2,988.0,150.0,1.6,2.0,3.0,99.0,0.0,0.0,203.0,-309.0,1.0
3968500,2729500.0,12.0,2.0,1.0,-2.9,989.0,179.0,2.1,5.0,3.0,96.0,0.0,0.0,243.0,-310.0,1.0
3968500,2729500.0,12.0,2.0,2.0,-2.8,989.0,166.0,2.1,6.0,3.1,97.0,0.0,0.0,245.0,-310.0,1.0
3968500,2729500.0,12.0,2.0,3.0,-2.2,988.0,174.0,2.6,8.0,3.1,96.0,0.0,0.0,261.0,-310.0,1.0
3968500,2729500.0,12.0,2.0,4.0,-2.2,989.0,177.0,2.4,8.0,3.1,93.0,0.0,0.0,271.0,-310.0,1.0
3968500,2729500.0,12.0,2.0,5.0,-2.3,989.0,183.0,2.6,8.0,3.1,93.0,0.0,0.0,271.0,-310.0,1.0
3968500,2729500.0,12.0,2.0,6.0,-1.9,989.0,178.0,2.4,8.0,3.1,95.0,0.0,0.0,270.0,-310.0,1.0
3968500,2729500.0,12.0,2.0,7.0,-1.5,989.0,178.0,2.9,8.0,3.3,96.0,0.0,0.0,272.0,-310.0,1.0
3968500,2729500.0,12.0,2.0,8.0,-1.2,989.0,173.0,2.9,8.0,3.4,96.0,0.0,0.0,273.0,-310.0,1.0
3968500,2729500.0,12.0,2.0,9.0,-1.0,989.0,156.0,2.5,8.0,3.5,96.0,0.0,7.0,274.0,-310.0,1.0
3968500,2729500.0,12.0,2.0,10.0,-0.8,990.0,163.0,2.7,8.0,3.5,96.0,0.0,25.0,274.0,-311.0,1.0
3968500,2729500.0,12.0,2.0,11.0,-0.4,990.0,168.0,2.7,8.0,3.5,93.0,0.0,46.0,276.0,-313.0,1.0
3968500,2729500.0,12.0,2.0,12.0,-0.1,990.0,177.0,3.0,8.0,3.5,91.0,0.0,58.0,278.0,-314.0,1.0
3968500,2729500.0,12.0,2.0,13.0,1.1,990.0,182.0,2.4,8.0,3.6,89.0,1.0,90.0,280.0,-315.0,1.0
3968500,2729500.0,12.0,2.0,14.0,1.1,990.0,176.0,3.1,7.0,3.7,87.0,7.0,95.0,277.0,-315.0,1.0
3968500,2729500.0,12.0,2.0,15.0,1.0,989.0,164.0,3.5,7.0,3.7,88.0,4.0,60.0,272.0,-315.0,1.0
3968500,2729500.0,12.0,2.0,16.0,0.9,989.0,168.0,2.9,8.0,3.7,89.0,0.0,14.0,276.0,-314.0,1.0
3968500,2729500.0,12.0,2.0,17.0,0.6,989.0,163.0,3.2,8.0,3.7,90.0,0.0,0.0,278.0,-312.0,1.0
3968500,2729500.0,12.0,2.0,18.0,0.4,989.0,167.0,3.1,7.0,3.7,92.0,0.0,0.0,270.0,-307.0,1.0
3968500,2729500.0,12.0,2.0,19.0,0.2,989.0,173.0,3.1,7.0,3.7,92.0,0.0,0.0,263.0,-304.0,1.0
3968500,2729500.0,12.0,2.0,20.0,0.1,989.0,148.0,3.1,7.0,3.6,91.0,0.0,0.0,261.0,-305.0,1.0
3968500,2729500.0,12.0,2.0,21.0,0.1,989.0,137.0,3.2,8.0,3.6,91.0,0.0,0.0,266.0,-308.0,1.0
3968500,2729500.0,12.0,2.0,22.0,0.2,988.0,133.0,3.4,8.0,3.5,89.0,0.0,0.0,270.0,-308.0,1.0
3968500,2729500.0,12.0,2.0,23.0,0.6,988.0,140.0,3.7,7.0,3.5,88.0,0.0,0.0,271.0,-307.0,1.0
3968500,2729500.0,12.0,2.0,24.0,1.3,987.0,155.0,4.2,6.0,3.6,87.0,0.0,0.0,262.0,-307.0,1.0
3968500,2729500.0,12.0,3.0,1.0,2.1,997.0,171.0,4.7,6.0,3.8,86.0,0.0,0.0,247.0,-315.0,1.0
3968500,2729500.0,12.0,3.0,2.0,2.7,996.0,185.0,5.2,6.0,4.0,85.0,0.0,0.0,263.0,-315.0,1.0
3968500,2729500.0,12.0,3.0,3.0,3.4,995.0,191.0,5.4,7.0,4.2,86.0,0.0,0.0,274.0,-316.0,1.0
3968500,2729500.0,12.0,3.0,4.0,3.7,995.0,196.0,5.5,7.0,4.3,87.0,0.0,0.0,283.0,-318.0,1.0
3968500,2729500.0,12.0,3.0,5.0,4.0,994.0,190.0,5.1,7.0,4.5,88.0,0.0,0.0,286.0,-319.0,1.0
3968500,2729500.0,12.0,3.0,6.0,4.7,993.0,204.0,5.1,8.0,4.8,90.0,0.0,0.0,290.0,-320.0,1.0
3968500,2729500.0,12.0,3.0,7.0,4.9,992.0,187.0,5.5,8.0,5.0,91.0,0.0,0.0,297.0,-319.0,1.0
3968500,2729500.0,12.0,3.0,8.0,5.8,992.0,209.0,6.2,8.0,5.1,90.0,0.0,0.0,302.0,-319.0,1.0
3968500,2729500.0,12.0,3.0,9.0,6.3,991.0,211.0,6.7,8.0,5.2,87.0,0.0,6.0,309.0,-320.0,1.0
3968500,2729500.0,12.0,3.0,10.0,6.6,990.0,200.0,6.8,8.0,5.2,85.0,0.0,34.0,314.0,-321.0,1.0
3968500,2729500.0,12.0,3.0,11.0,6.3,988.0,175.0,7.2,7.0,5.2,85.0,0.0,56.0,313.0,-323.0,1.0
3968500,2729500.0,12.0,3.0,12.0,6.8,986.0,194.0,8.9,7.0,5.1,82.0,0.0,72.0,311.0,-325.0,1.0
3968500,2729500.0,12.0,3.0,13.0,6.5,984.0,178.0,9.0,6.0,4.9,78.0,14.0,108.0,308.0,-325.0,1.0
3968500,2729500.0,12.0,3.0,14.0,6.5,981.0,175.0,8.9,6.0,4.8,77.0,36.0,112.0,303.0,-326.0,1.0
3968500,2729500.0,12.0,3.0,15.0,7.2,981.0,188.0,7.5,7.0,4.6,72.0,13.0,70.0,310.0,-329.0,1.0
3968500,2729500.0,12.0,3.0,16.0,7.3,980.0,190.0,9.1,7.0,4.3,66.0,0.0,13.0,317.0,-332.0,1.0
3968500,2729500.0,12.0,3.0,17.0,7.5,979.0,212.0,9.4,8.0,4.4,66.0,0.0,1.0,325.0,-336.0,1.0
3968500,2729500.0,12.0,3.0,18.0,7.7,977.0,211.0,10.2,7.0,4.8,71.0,0.0,0.0,326.0,-339.0,1.0
3968500,2729500.0,12.0,3.0,19.0,7.2,976.0,215.0,9.4,8.0,5.3,80.0,0.0,0.0,326.0,-342.0,1.0
3968500,2729500.0,12.0,3.0,20.0,5.5,975.0,266.0,10.3,8.0,5.2,84.0,0.0,0.0,330.0,-346.0,1.0
3968500,2729500.0,12.0,3.0,21.0,6.2,977.0,246.0,6.7,8.0,4.5,76.0,0.0,0.0,326.0,-347.0,1.0
3968500,2729500.0,12.0,3.0,22.0,6.6,978.0,243.0,7.8,6.0,4.1,66.0,0.0,0.0,309.0,-346.0,1.0
3968500,2729500.0,12.0,3.0,23.0,6.2,979.0,260.0,7.7,5.0,3.6,59.0,0.0,0.0,283.0,-343.0,1.0
3968500,2729500.0,12.0,3.0,24.0,5.5,980.0,253.0,8.6,4.0,3.3,55.0,0.0,0.0,263.0,-339.0,1.0
3968500,2729500.0,12.0,4.0,1.0,5.0,981.0,256.0,6.4,5.0,3.2,56.0,0.0,0.0,259.0,-335.0,1.0
3968500,2729500.0,12.0,4.0,2.0,4.6,982.0,248.0,6.1,6.0,3.1,57.0,0.0,0.0,269.0,-331.0,1.0
3968500,2729500.0,12.0,4.0,3.0,4.9,983.0,255.0,8.9,7.0,3.1,57.0,0.0,0.0,282.0,-328.0,1.0
3968500,2729500.0,12.0,4.0,4.0,4.7,984.0,237.0,5.2,7.0,3.2,58.0,0.0,0.0,288.0,-326.0,1.0
3968500,2729500.0,12.0,4.0,5.0,4.4,984.0,229.0,3.8,8.0,3.2,60.0,0.0,0.0,292.0,-326.0,1.0
3968500,2729500.0,12.0,4.0,6.0,4.2,984.0,234.0,4.0,6.0,3.2,61.0,0.0,0.0,283.0,-326.0,1.0
3968500,2729500.0,12.0,4.0,7.0,3.9,984.0,246.0,3.0,7.0,3.2,60.0,0.0,0.0,275.0,-326.0,1.0
3968500,2729500.0,12.0,4.0,8.0,3.6,985.0,227.0,3.5,8.0,3.2,62.0,0.0,0.0,285.0,-325.0,1.0
3968500,2729500.0,12.0,4.0,9.0,3.4,985.0,220.0,3.5,8.0,3.2,64.0,0.0,7.0,289.0,-324.0,1.0
3968500,2729500.0,12.0,4.0,10.0,3.5,985.0,226.0,3.1,7.0,3.3,67.0,7.0,51.0,282.0,-323.0,1.0
3968500,2729500.0,12.0,4.0,11.0,3.5,985.0,203.0,3.6,6.0,3.4,68.0,50.0,103.0,268.0,-324.0,1.0
3968500,2729500.0,12.0,4.0,12.0,4.2,985.0,197.0,3.5,4.0,3.5,69.0,101.0,129.0,250.0,-326.0,1.0
3968500,2729500.0,12.0,4.0,13.0,4.5,985.0,201.0,4.4,3.0,3.5,67.0,78.0,131.0,236.0,-327.0,1.0
3968500,2729500.0,12.0,4.0,14.0,4.4,984.0,208.0,4.6,4.0,3.5,65.0,38.0,105.0,238.0,-329.0,1.0
3968500,2729500.0,12.0,4.0,15.0,4.5,984.0,206.0,3.4,5.0,3.4,64.0,23.0,74.0,250.0,-329.0,1.0
3968500,2729500.0,12.0,4.0,16.0,3.7,983.0,240.0,3.9,6.0,3.5,66.0,2.0,22.0,263.0,-327.0,1.0
3968500,2729500.0,12.0,4.0,17.0,2.1,983.0,257.0,3.8,6.0,3.8,79.0,0.0,1.0,266.0,-324.0,1.0
3968500,2729500.0,12.0,4.0,18.0,1.3,983.0,206.0,2.2,5.0,4.0,90.0,0.0,0.0,255.0,-320.0,1.0
3968500,2729500.0,12.0,4.0,19.0,1.6,983.0,180.0,1.3,3.0,4.0,92.0,0.0,0.0,234.0,-318.0,1.0
3968500,2729500.0,12.0,4.0,20.0,1.8,983.0,205.0,2.1,3.0,4.0,91.0,0.0,0.0,224.0,-317.0,1.0
3968500,2729500.0,12.0,4.0,21.0,0.4,983.0,186.0,1.8,4.0,3.9,92.0,0.0,0.0,228.0,-316.0,1.0
3968500,2729500.0,12.0,4.0,22.0,0.2,984.0,202.0,3.1,4.0,3.7,93.0,0.0,0.0,231.0,-316.0,1.0
3968500,2729500.0,12.0,4.0,23.0,0.2,984.0,200.0,2.4,5.0,3.7,94.0,0.0,0.0,240.0,-316.0,1.0
3968500,2729500.0,12.0,4.0,24.0,0.5,984.0,196.0,2.7,8.0,3.8,94.0,0.0,0.0,266.0,-316.0,1.0
3968500,2729500.0,12.0,5.0,1.0,0.8,984.0,198.0,2.9,7.0,3.9,95.0,0.0,0.0,280.0,-316.0,1.0
3968500,2729500.0,12.0,5.0,2.0,0.8,985.0,240.0,2.9,7.0,3.9,94.0,0.0,0.0,278.0,-315.0,1.0
3968500,2729500.0,12.0,5.0,3.0,1.2,985.0,207.0,2.2,7.0,3.9,92.0,0.0,0.0,279.0,-315.0,1.0
3968500,2729500.0,12.0,5.0,4.0,1.9,986.0,253.0,2.6,7.0,3.8,88.0,0.0,0.0,280.0,-315.0,1.0
3968500,2729500.0,12.0,5.0,5.0,1.7,987.0,243.0,2.3,7.0,3.8,85.0,0.0,0.0,280.0,-315.0,1.0
3968500,2729500.0,12.0,5.0,6.0,1.5,988.0,231.0,2.6,7.0,3.8,87.0,0.0,0.0,279.0,-316.0,1.0
3968500,2729500.0,12.0,5.0,7.0,1.7,989.0,286.0,2.1,8.0,3.8,87.0,0.0,0.0,282.0,-316.0,1.0
3968500,2729500.0,12.0,5.0,8.0,2.2,990.0,257.0,2.4,8.0,3.8,85.0,0.0,0.0,286.0,-317.0,1.0
3968500,2729500.0,12.0,5.0,9.0,2.3,991.0,251.0,3.2,8.0,3.9,85.0,4.0,12.0,288.0,-317.0,1.0
3968500,2729500.0,12.0,5.0,10.0,2.4,992.0,253.0,3.5,6.0,3.9,86.0,9.0,49.0,278.0,-317.0,1.0
3968500,2729500.0,12.0,5.0,11.0,2.3,992.0,199.0,4.6,7.0,4.0,87.0,5.0,69.0,272.0,-319.0,1.0
3968500,2729500.0,12.0,5.0,12.0,3.6,993.0,268.0,4.8,8.0,4.1,86.0,0.0,21.0,283.0,-323.0,1.0
3968500,2729500.0,12.0,5.0,13.0,2.3,994.0,290.0,5.8,7.0,4.2,88.0,3.0,81.0,282.0,-324.0,1.0
3968500,2729500.0,12.0,5.0,14.0,3.3,995.0,274.0,6.6,2.0,4.2,89.0,87.0,97.0,254.0,-324.0,1.0
3968500,2729500.0,12.0,5.0,15.0,3.4,995.0,276.0,7.1,2.0,4.0,81.0,47.0,68.0,232.0,-325.0,1.0
3968500,2729500.0,12.0,5.0,16.0,2.6,995.0,293.0,6.0,5.0,3.8,79.0,3.0,22.0,243.0,-323.0,1.0
3968500,2729500.0,12.0,5.0,17.0,2.4,996.0,297.0,4.9,2.0,3.6,77.0,0.0,2.0,241.0,-320.0,1.0
3968500,2729500.0,12.0,5.0,18.0,2.3,998.0,276.0,4.7,3.0,3.4,75.0,0.0,0.0,230.0,-318.0,1.0
3968500,2729500.0,12.0,5.0,19.0,2.5,999.0,273.0,4.0,1.0,3.4,75.0,0.0,0.0,225.0,-316.0,1.0
3968500,2729500.0,12.0,5.0,20.0,2.8,1000.0,294.0,4.3,1.0,3.4,72.0,0.0,0.0,217.0,-315.0,1.0
3968500,2729500.0,12.0,5.0,21.0,1.9,1001.0,281.0,2.8,0.0,3.4,74.0,0.0,0.0,211.0,-315.0,1.0
3968500,2729500.0,12.0,5.0,22.0,2.1,1001.0,282.0,3.0,0.0,3.4,78.0,0.0,0.0,205.0,-314.0,1.0
3968500,2729500.0,12.0,5.0,23.0,1.8,1002.0,246.0,2.9,0.0,3.5,80.0,0.0,0.0,203.0,-312.0,1.0
3968500,2729500.0,12.0,5.0,24.0,1.3,1002.0,149.0,1.7,0.0,3.5,82.0,0.0,0.0,203.0,-309.0,1.0
3968500,2729500.0,12.0,6.0,1.0,-1.0,1002.0,152.0,2.2,1.0,3.4,88.0,0.0,0.0,204.0,-309.0,1.0
3968500,2729500.0,12.0,6.0,2.0,-1.0,1002.0,163.0,2.6,0.0,3.4,95.0,0.0,0.0,202.0,-310.0,1.0
3968500,2729500.0,12.0,6.0,3.0,-0.9,1002.0,160.0,2.2,0.0,3.4,96.0,0.0,0.0,199.0,-310.0,1.0
3968500,2729500.0,12.0,6.0,4.0,-1.0,1001.0,152.0,3.1,1.0,3.4,96.0,0.0,0.0,205.0,-311.0,1.0
3968500,2729500.0,12.0,6.0,5.0,-0.3,1001.0,172.0,4.7,3.0,3.5,96.0,0.0,0.0,223.0,-311.0,1.0
3968500,2729500.0,12.0,6.0,6.0,0.1,1000.0,173.0,5.4,7.0,3.7,96.0,0.0,0.0,252.0,-312.0,1.0
3968500,2729500.0,12.0,6.0,7.0,0.3,999.0,202.0,4.9,7.0,3.7,95.0,0.0,0.0,272.0,-313.0,1.0
3968500,2729500.0,12.0,6.0,8.0,0.2,999.0,178.0,5.3,8.0,3.8,96.0,0.0,0.0,278.0,-314.0,1.0
3968500,2729500.0,12.0,6.0,9.0,0.4,998.0,180.0,5.6,8.0,3.8,97.0,0.0,4.0,283.0,-314.0,1.0
3968500,2729500.0,12.0,6.0,10.0,0.7,998.0,186.0,6.8,7.0,3.8,95.0,0.0,17.0,281.0,-314.0,1.0
3968500,2729500.0,12.0,6.0,11.0,1.0,997.0,186.0,7.1,8.0,3.9,94.0,0.0,25.0,283.0,-315.0,1.0
3968500,2729500.0,12.0,6.0,12.0,1.3,996.0,178.0,6.7,8.0,4.0,94.0,0.0,27.0,287.0,-316.0,1.0
3968500,2729500.0,12.0,6.0,13.0,1.7,996.0,185.0,6.2,8.0,4.0,94.0,0.0,38.0,288.0,-316.0,1.0
3968500,2729500.0,12.0,6.0,14.0,1.8,995.0,196.0,5.9,8.0,4.1,94.0,0.0,40.0,289.0,-317.0,1.0
3968500,2729500.0,12.0,6.0,15.0,1.8,994.0,179.0,5.3,8.0,4.2,95.0,0.0,27.0,289.0,-318.0,1.0
3968500,2729500.0,12.0,6.0,16.0,2.1,994.0,180.0,6.3,8.0,4.3,97.0,0.0,10.0,291.0,-318.0,1.0
3968500,2729500.0,12.0,6.0,17.0,2.3,994.0,180.0,5.4,8.0,4.4,97.0,0.0,0.0,293.0,-317.0,1.0
3968500,2729500.0,12.0,6.0,18.0,2.6,993.0,189.0,5.6,8.0,4.5,97.0,0.0,0.0,295.0,-316.0,1.0
3968500,2729500.0,12.0,6.0,19.0,2.9,993.0,190.0,5.3,8.0,4.6,97.0,0.0,0.0,298.0,-316.0,1.0
3968500,2729500.0,12.0,6.0,20.0,3.4,993.0,186.0,6.2,8.0,4.7,98.0,0.0,0.0,302.0,-316.0,1.0
3968500,2729500.0,12.0,6.0,21.0,4.2,993.0,196.0,7.2,8.0,4.9,96.0,0.0,0.0,306.0,-315.0,1.0
3968500,2729500.0,12.0,6.0,22.0,4.6,992.0,203.0,6.6,7.0,5.1,95.0,0.0,0.0,307.0,-315.0,1.0
3968500,2729500.0,12.0,6.0,23.0,5.3,992.0,205.0,6.3,7.0,5.3,95.0,0.0,0.0,306.0,-315.0,1.0
3968500,2729500.0,12.0,6.0,24.0,5.2,991.0,206.0,7.0,8.0,5.4,95.0,0.0,0.0,313.0,-315.0,1.0
3968500,2729500.0,12.0,7.0,1.0,5.8,991.0,184.0,6.8,8.0,5.3,93.0,0.0,0.0,317.0,-315.0,1.0
3968500,2729500.0,12.0,7.0,2.0,5.8,991.0,185.0,7.2,8.0,5.3,90.0,0.0,0.0,318.0,-315.0,1.0
3968500,2729500.0,12.0,7.0,3.0,6.0,991.0,207.0,6.4,8.0,5.3,90.0,0.0,0.0,318.0,-315.0,1.0
3968500,2729500.0,12.0,7.0,4.0,5.9,991.0,210.0,5.7,8.0,5.4,90.0,0.0,0.0,319.0,-315.0,1.0
3968500,2729500.0,12.0,7.0,5.0,6.2,990.0,204.0,5.8,8.0,5.4,91.0,0.0,0.0,321.0,-315.0,1.0
3968500,2729500.0,12.0,7.0,6.0,5.8,990.0,188.0,5.7,8.0,5.4,91.0,0.0,0.0,321.0,-314.0,1.0
3968500,2729500.0,12.0,7.0,7.0,5.4,989.0,198.0,6.1,7.0,5.4,94.0,0.0,0.0,316.0,-314.0,1.0
3968500,2729500.0,12.0,7.0,8.0,5.6,989.0,194.0,5.0,8.0,5.4,94.0,0.0,0.0,315.0,-314.0,1.0
3968500,2729500.0,12.0,7.0,9.0,5.6,989.0,188.0,3.8,8.0,5.4,93.0,0.0,0.0,320.0,-314.0,1.0
3968500,2729500.0,12.0,7.0,10.0,5.7,989.0,174.0,4.4,8.0,5.4,93.0,0.0,26.0,319.0,-314.0,1.0
3968500,2729500.0,12.0,7.0,11.0,5.7,989.0,174.0,4.6,6.0,5.4,93.0,5.0,69.0,311.0,-314.0,1.0
3968500,2729500.0,12.0,7.0,12.0,5.6,989.0,177.0,5.3,4.0,5.4,93.0,47.0,109.0,295.0,-315.0,1.0
3968500,2729500.0,12.0,7.0,13.0,5.6,988.0,195.0,5.2,7.0,5.5,94.0,4.0,85.0,299.0,-315.0,1.0
3968500,2729500.0,12.0,7.0,14.0,5.6,988.0,171.0,4.6,8.0,5.5,94.0,0.0,27.0,315.0,-316.0,1.0
3968500,2729500.0,12.0,7.0,15.0,5.6,987.0,173.0,4.8,7.0,5.4,93.0,0.0,34.0,316.0,-316.0,1.0
3968500,2729500.0,12.0,7.0,16.0,5.5,986.0,193.0,4.1,8.0,5.4,94.0,0.0,13.0,317.0,-316.0,1.0
3968500,2729500.0,12.0,7.0,17.0,5.5,986.0,178.0,4.9,8.0,5.5,95.0,0.0,0.0,322.0,-317.0,1.0
3968500,2729500.0,12.0,7.0,18.0,5.8,985.0,199.0,4.5,8.0,5.5,95.0,0.0,0.0,324.0,-317.0,1.0
3968500,2729500.0,12.0,7.0,19.0,5.7,985.0,203.0,4.2,8.0,5.5,94.0,0.0,0.0,324.0,-317.0,1.0
3968500,2729500.0,12.0,7.0,20.0,6.1,984.0,201.0,4.7,8.0,5.4,91.0,0.0,0.0,325.0,-319.0,1.0
3968500,2729500.0,12.0,7.0,21.0,6.1,984.0,198.0,5.2,8.0,5.4,89.0,0.0,0.0,327.0,-320.0,1.0
3968500,2729500.0,12.0,7.0,22.0,6.2,984.0,201.0,5.7,7.0,5.3,88.0,0.0,0.0,320.0,-320.0,1.0
3968500,2729500.0,12.0,7.0,23.0,6.2,984.0,204.0,5.1,7.0,5.3,88.0,0.0,0.0,313.0,-320.0,1.0
3968500,2729500.0,12.0,7.0,24.0,5.6,983.0,244.0,6.4,8.0,5.3,89.0,0.0,0.0,318.0,-321.0,1.0
3968500,2729500.0,12.0,8.0,1.0,5.5,984.0,211.0,4.1,7.0,5.1,88.0,0.0,0.0,317.0,-321.0,1.0
3968500,2729500.0,12.0,8.0,2.0,4.9,985.0,210.0,4.1,4.0,4.8,84.0,0.0,0.0,290.0,-321.0,1.0
3968500,2729500.0,12.0,8.0,3.0,4.5,986.0,206.0,2.3,3.0,4.6,85.0,0.0,0.0,265.0,-319.0,1.0
3968500,2729500.0,12.0,8.0,4.0,4.3,987.0,225.0,3.0,3.0,4.6,85.0,0.0,0.0,259.0,-319.0,1.0
3968500,2729500.0,12.0,8.0,5.0,4.2,987.0,227.0,2.6,3.0,4.4,83.0,0.0,0.0,257.0,-319.0,1.0
3968500,2729500.0,12.0,8.0,6.0,4.2,988.0,217.0,1.7,5.0,4.2,80.0,0.0,0.0,269.0,-321.0,1.0
3968500,2729500.0,12.0,8.0,7.0,3.6,989.0,211.0,2.5,4.0,4.1,80.0,0.0,0.0,275.0,-322.0,1.0
3968500,2729500.0,12.0,8.0,8.0,3.0,989.0,181.0,2.3,5.0,4.1,83.0,0.0,0.0,273.0,-323.0,1.0
3968500,2729500.0,12.0,8.0,9.0,2.8,990.0,189.0,2.6,5.0,4.1,86.0,3.0,11.0,278.0,-323.0,1.0
3968500,2729500.0,12.0,8.0,10.0,3.6,990.0,207.0,3.9,2.0,4.2,87.0,39.0,53.0,263.0,-323.0,1.0
3968500,2729500.0,12.0,8.0,11.0,5.8,990.0,215.0,3.6,2.0,4.5,82.0,96.0,83.0,251.0,-326.0,1.0
3968500,2729500.0,12.0,8.0,12.0,6.8,990.0,220.0,3.9,3.0,4.7,78.0,136.0,97.0,263.0,-330.0,1.0
3968500,2729500.0,12.0,8.0,13.0,6.9,990.0,227.0,4.2,5.0,4.8,77.0,97.0,108.0,283.0,-334.0,1.0
3968500,2729500.0,12.0,8.0,14.0,7.5,989.0,194.0,3.8,7.0,4.9,76.0,32.0,92.0,305.0,-338.0,1.0
3968500,2729500.0,12.0,8.0,15.0,7.4,988.0,190.0,4.6,5.0,5.0,76.0,31.0,66.0,306.0,-340.0,1.0
3968500,2729500.0,12.0,8.0,16.0,7.1,988.0,183.0,4.9,6.0,5.1,79.0,7.0,25.0,298.0,-339.0,1.0
3968500,2729500.0,12.0,8.0,17.0,6.6,987.0,184.0,4.9,8.0,5.2,83.0,0.0,0.0,314.0,-338.0,1.0
3968500,2729500.0,12.0,8.0,18.0,6.8,986.0,185.0,4.8,7.0,5.3,84.0,0.0,0.0,318.0,-338.0,1.0
3968500,2729500.0,12.0,8.0,19.0,7.0,986.0,179.0,4.7,7.0,5.3,84.0,0.0,0.0,315.0,-338.0,1.0
3968500,2729500.0,12.0,8.0,20.0,7.1,985.0,177.0,5.4,7.0,5.3,83.0,0.0,0.0,317.0,-339.0,1.0
3968500,2729500.0,12.0,8.0,21.0,6.9,985.0,172.0,5.0,7.0,5.2,82.0,0.0,0.0,317.0,-339.0,1.0
3968500,2729500.0,12.0,8.0,22.0,6.8,984.0,168.0,3.9,7.0,5.2,83.0,0.0,0.0,317.0,-339.0,1.0
3968500,2729500.0,12.0,8.0,23.0,6.9,983.0,177.0,5.1,7.0,5.3,84.0,0.0,0.0,319.0,-339.0,1.0
3968500,2729500.0,12.0,8.0,24.0,7.1,982.0,177.0,5.7,8.0,5.4,84.0,0.0,0.0,325.0,-339.0,1.0
3968500,2729500.0,12.0,9.0,1.0,7.1,983.0,175.0,5.9,8.0,5.6,87.0,0.0,0.0,333.0,-339.0,1.0
3968500,2729500.0,12.0,9.0,2.0,7.5,982.0,179.0,5.1,8.0,5.8,89.0,0.0,0.0,335.0,-340.0,1.0
3968500,2729500.0,12.0,9.0,3.0,7.9,981.0,172.0,5.4,8.0,5.8,86.0,0.0,0.0,336.0,-340.0,1.0
3968500,2729500.0,12.0,9.0,4.0,8.1,980.0,174.0,5.3,8.0,5.8,84.0,0.0,0.0,337.0,-341.0,1.0
3968500,2729500.0,12.0,9.0,5.0,8.4,980.0,176.0,5.5,8.0,5.9,84.0,0.0,0.0,338.0,-342.0,1.0
3968500,2729500.0,12.0,9.0,6.0,8.4,979.0,177.0,5.1,8.0,6.0,84.0,0.0,0.0,337.0,-342.0,1.0
3968500,2729500.0,12.0,9.0,7.0,7.8,978.0,176.0,5.9,7.0,6.1,88.0,0.0,0.0,329.0,-343.0,1.0
3968500,2729500.0,12.0,9.0,8.0,7.8,978.0,177.0,5.8,8.0,6.1,90.0,0.0,0.0,327.0,-343.0,1.0
3968500,2729500.0,12.0,9.0,9.0,8.0,978.0,176.0,5.8,8.0,6.1,88.0,0.0,5.0,334.0,-344.0,1.0
3968500,2729500.0,12.0,9.0,10.0,8.3,977.0,186.0,6.3,8.0,6.2,88.0,0.0,28.0,333.0,-344.0,1.0
3968500,2729500.0,12.0,9.0,11.0,8.2,977.0,175.0,5.5,7.0,6.2,88.0,7.0,65.0,324.0,-345.0,1.0
3968500,2729500.0,12.0,9.0,12.0,8.0,977.0,206.0,4.1,7.0,6.2,89.0,5.0,79.0,315.0,-346.0,1.0
3968500,2729500.0,12.0,9.0,13.0,7.7,977.0,208.0,3.5,8.0,6.2,90.0,0.0,51.0,324.0,-346.0,1.0
3968500,2729500.0,12.0,9.0,14.0,7.7,977.0,198.0,4.4,8.0,6.1,90.0,0.0,24.0,331.0,-346.0,1.0
3968500,2729500.0,12.0,9.0,15.0,6.6,976.0,189.0,3.9,8.0,5.8,88.0,0.0,21.0,328.0,-347.0,1.0
3968500,2729500.0,12.0,9.0,16.0,6.3,976.0,180.0,3.3,7.0,5.4,86.0,0.0,14.0,318.0,-345.0,1.0
3968500,2729500.0,12.0,9.0,17.0,6.5,976.0,173.0,3.3,6.0,5.4,86.0,0.0,1.0,303.0,-341.0,1.0
3968500,2729500.0,12.0,9.0,18.0,6.4,976.0,176.0,3.5,7.0,5.5,88.0,0.0,0.0,304.0,-337.0,1.0
3968500,2729500.0,12.0,9.0,19.0,6.6,976.0,179.0,4.0,6.0,5.6,89.0,0.0,0.0,303.0,-336.0,1.0
3968500,2729500.0,12.0,9.0,20.0,6.6,976.0,176.0,4.9,6.0,5.5,88.0,0.0,0.0,296.0,-333.0,1.0
3968500,2729500.0,12.0,9.0,21.0,6.3,976.0,183.0,4.8,6.0,5.3,86.0,0.0,0.0,294.0,-330.0,1.0
3968500,2729500.0,12.0,9.0,22.0,6.0,976.0,182.0,4.1,6.0,5.3,86.0,0.0,0.0,291.0,-329.0,1.0
3968500,2729500.0,12.0,9.0,23.0,6.2,976.0,182.0,3.8,6.0,5.3,87.0,0.0,0.0,289.0,-329.0,1.0
3968500,2729500.0,12.0,9.0,24.0,6.0,976.0,182.0,3.7,4.0,5.2,86.0,0.0,0.0,278.0,-330.0,1.0
3968500,2729500.0,12.0,10.0,1.0,6.1,976.0,181.0,5.2,4.0,5.2,86.0,0.0,0.0,267.0,-330.0,1.0
3968500,2729500.0,12.0,10.0,2.0,5.9,975.0,176.0,4.1,5.0,5.2,87.0,0.0,0.0,274.0,-330.0,1.0
3968500,2729500.0,12.0,10.0,3.0,5.3,975.0,174.0,3.6,3.0,5.1,86.0,0.0,0.0,267.0,-329.0,1.0
3968500,2729500.0,12.0,10.0,4.0,5.0,975.0,198.0,4.0,3.0,4.8,85.0,0.0,0.0,253.0,-328.0,1.0
3968500,2729500.0,12.0,10.0,5.0,5.3,975.0,210.0,4.4,4.0,4.8,84.0,0.0,0.0,259.0,-328.0,1.0
3968500,2729500.0,12.0,10.0,6.0,5.8,975.0,194.0,4.8,4.0,4.8,82.0,0.0,0.0,265.0,-329.0,1.0
3968500,2729500.0,12.0,10.0,7.0,5.3,975.0,182.0,3.7,4.0,4.8,82.0,0.0,0.0,263.0,-328.0,1.0
3968500,2729500.0,12.0,10.0,8.0,5.1,975.0,188.0,4.2,4.0,4.8,83.0,0.0,0.0,262.0,-327.0,1.0
3968500,2729500.0,12.0,10.0,9.0,5.5,976.0,186.0,3.6,5.0,4.7,82.0,3.0,9.0,269.0,-326.0,1.0
3968500,2729500.0,12.0,10.0,10.0,5.4,976.0,215.0,4.2,6.0,4.8,82.0,34.0,46.0,282.0,-324.0,1.0
3968500,2729500.0,12.0,10.0,11.0,5.8,977.0,211.0,5.0,4.0,4.7,80.0,73.0,76.0,274.0,-325.0,1.0
3968500,2729500.0,12.0,10.0,12.0,6.0,978.0,207.0,5.9,6.0,4.4,74.0,10.0,87.0,275.0,-328.0,1.0
3968500,2729500.0,12.0,10.0,13.0,6.1,978.0,193.0,5.0,7.0,4.4,73.0,0.0,48.0,294.0,-329.0,1.0
3968500,2729500.0,12.0,10.0,14.0,6.0,978.0,215.0,5.5,6.0,4.5,75.0,0.0,42.0,294.0,-331.0,1.0
3968500,2729500.0,12.0,10.0,15.0,6.1,978.0,212.0,4.2,6.0,4.6,76.0,0.0,23.0,289.0,-331.0,1.0
3968500,2729500.0,12.0,10.0,16.0,5.9,979.0,209.0,3.6,8.0,4.6,77.0,0.0,8.0,299.0,-330.0,1.0
3968500,2729500.0,12.0,10.0,17.0,5.7,980.0,178.0,3.6,7.0,4.7,80.0,0.0,0.0,301.0,-328.0,1.0
3968500,2729500.0,12.0,10.0,18.0,5.6,980.0,219.0,3.2,7.0,4.8,82.0,0.0,0.0,292.0,-326.0,1.0
3968500,2729500.0,12.0,10.0,19.0,5.4,981.0,188.0,3.6,8.0,4.9,84.0,0.0,0.0,294.0,-325.0,1.0
3968500,2729500.0,12.0,10.0,20.0,5.1,982.0,186.0,3.4,7.0,4.9,87.0,0.0,0.0,291.0,-321.0,1.0
3968500,2729500.0,12.0,10.0,21.0,4.9,982.0,195.0,3.0,6.0,5.0,89.0,0.0,0.0,280.0,-317.0,1.0
3968500,2729500.0,12.0,10.0,22.0,4.7,982.0,195.0,2.8,7.0,4.9,89.0,0.0,0.0,279.0,-316.0,1.0
3968500,2729500.0,12.0,10.0,23.0,4.3,983.0,196.0,2.3,6.0,4.9,90.0,0.0,0.0,278.0,-314.0,1.0
3968500,2729500.0,12.0,10.0,24.0,4.4,983.0,149.0,2.1,4.0,4.8,90.0,0.0,0.0,265.0,-311.0,1.0
3968500,2729500.0,12.0,11.0,1.0,4.7,983.0,152.0,3.5,5.0,4.9,91.0,0.0,0.0,261.0,-309.0,1.0
3968500,2729500.0,12.0,11.0,2.0,4.6,983.0,179.0,3.7,5.0,5.0,91.0,0.0,0.0,266.0,-309.0,1.0
3968500,2729500.0,12.0,11.0,3.0,4.3,983.0,204.0,3.8,5.0,4.8,90.0,0.0,0.0,265.0,-309.0,1.0
3968500,2729500.0,12.0,11.0,4.0,4.1,982.0,169.0,3.4,6.0,4.7,88.0,0.0,0.0,269.0,-309.0,1.0
3968500,2729500.0,12.0,11.0,5.0,4.3,982.0,171.0,3.7,8.0,4.7,88.0,0.0,0.0,283.0,-309.0,1.0
3968500,2729500.0,12.0,11.0,6.0,4.3,981.0,168.0,4.4,8.0,4.7,89.0,0.0,0.0,294.0,-309.0,1.0
3968500,2729500.0,12.0,11.0,7.0,4.2,981.0,174.0,5.1,5.0,4.5,86.0,0.0,0.0,282.0,-310.0,1.0
3968500,2729500.0,12.0,11.0,8.0,4.1,980.0,177.0,4.7,7.0,4.3,81.0,0.0,0.0,277.0,-311.0,1.0
3968500,2729500.0,12.0,11.0,9.0,4.2,980.0,167.0,4.9,7.0,4.1,78.0,11.0,2.0,286.0,-310.0,1.0
3968500,2729500.0,12.0,11.0,10.0,4.7,979.0,164.0,5.5,6.0,4.1,76.0,4.0,29.0,282.0,-311.0,1.0
3968500,2729500.0,12.0,11.0,11.0,4.5,978.0,168.0,5.8,8.0,4.2,77.0,0.0,28.0,288.0,-313.0,1.0
3968500,2729500.0,12.0,11.0,12.0,4.3,977.0,179.0,6.1,8.0,4.4,81.0,0.0,68.0,296.0,-315.0,1.0
3968500,2729500.0,12.0,11.0,13.0,4.2,976.0,171.0,7.7,8.0,4.5,85.0,0.0,51.0,298.0,-317.0,1.0
3968500,2729500.0,12.0,11.0,14.0,4.2,976.0,181.0,7.1,7.0,4.6,86.0,0.0,50.0,297.0,-317.0,1.0
3968500,2729500.0,12.0,11.0,15.0,4.5,975.0,170.0,7.2,7.0,4.6,86.0,12.0,41.0,296.0,-317.0,1.0
3968500,2729500.0,12.0,11.0,16.0,4.8,974.0,168.0,5.5,8.0,4.8,87.0,16.0,9.0,303.0,-317.0,1.0
3968500,2729500.0,12.0,11.0,17.0,4.9,974.0,171.0,5.5,8.0,5.0,90.0,0.0,0.0,311.0,-317.0,1.0
3968500,2729500.0,12.0,11.0,18.0,5.3,973.0,176.0,5.2,8.0,5.2,92.0,0.0,0.0,317.0,-317.0,1.0
3968500,2729500.0,12.0,11.0,19.0,5.6,972.0,174.0,7.4,8.0,5.4,92.0,0.0,0.0,321.0,-319.0,1.0
3968500,2729500.0,12.0,11.0,20.0,6.4,970.0,171.0,7.9,7.0,5.6,92.0,0.0,0.0,318.0,-321.0,1.0
3968500,2729500.0,12.0,11.0,21.0,7.4,968.0,175.0,6.5,8.0,6.0,92.0,0.0,0.0,321.0,-322.0,1.0
3968500,2729500.0,12.0,11.0,22.0,8.1,967.0,174.0,6.7,8.0,6.4,92.0,0.0,0.0,336.0,-324.0,1.0
3968500,2729500.0,12.0,11.0,23.0,9.1,967.0,189.0,5.0,8.0,6.7,91.0,0.0,0.0,341.0,-328.0,1.0
3968500,2729500.0,12.0,11.0,24.0,9.1,968.0,198.0,3.8,7.0,6.6,88.0,0.0,0.0,331.0,-332.0,1.0
3968500,2729500.0,12.0,12.0,1.0,9.4,968.0,167.0,3.1,7.0,6.3,82.0,0.0,0.0,320.0,-335.0,1.0
3968500,2729500.0,12.0,12.0,2.0,9.4,968.0,205.0,5.2,7.0,6.1,79.0,0.0,0.0,321.0,-338.0,1.0
3968500,2729500.0,12.0,12.0,3.0,8.9,968.0,179.0,3.8,8.0,6.1,81.0,0.0,0.0,332.0,-341.0,1.0
3968500,2729500.0,12.0,12.0,4.0,8.9,968.0,177.0,4.7,7.0,6.1,83.0,0.0,0.0,331.0,-344.0,1.0
3968500,2729500.0,12.0,12.0,5.0,9.1,968.0,201.0,4.0,7.0,6.2,83.0,0.0,0.0,326.0,-345.0,1.0
3968500,2729500.0,12.0,12.0,6.0,8.7,968.0,181.0,5.2,7.0,6.1,82.0,0.0,0.0,327.0,-346.0,1.0
3968500,2729500.0,12.0,12.0,7.0,8.5,967.0,184.0,4.5,7.0,6.0,82.0,0.0,0.0,324.0,-347.0,1.0
3968500,2729500.0,12.0,12.0,8.0,7.6,967.0,174.0,4.5,8.0,6.2,89.0,0.0,0.0,330.0,-347.0,1.0
3968500,2729500.0,12.0,12.0,9.0,7.6,966.0,163.0,3.4,8.0,6.5,95.0,0.0,1.0,336.0,-348.0,1.0
3968500,2729500.0,12.0,12.0,10.0,7.5,964.0,166.0,2.8,8.0,6.5,96.0,0.0,11.0,335.0,-348.0,1.0
3968500,2729500.0,12.0,12.0,11.0,9.6,963.0,166.0,5.7,8.0,6.9,95.0,0.0,16.0,339.0,-349.0,1.0
3968500,2729500.0,12.0,12.0,12.0,9.7,961.0,166.0,7.1,8.0,7.2,92.0,0.0,36.0,341.0,-349.0,1.0
3968500,2729500.0,12.0,12.0,13.0,9.2,959.0,164.0,7.4,5.0,7.1,91.0,2.0,79.0,319.0,-349.0,1.0
3968500,2729500.0,12.0,12.0,14.0,9.8,958.0,180.0,8.3,4.0,7.0,90.0,19.0,94.0,294.0,-350.0,1.0
3968500,2729500.0,12.0,12.0,15.0,9.2,958.0,230.0,6.4,7.0,6.8,87.0,0.0,44.0,304.0,-350.0,1.0
3968500,2729500.0,12.0,12.0,16.0,8.9,959.0,198.0,6.4,8.0,6.4,84.0,0.0,15.0,326.0,-346.0,1.0
3968500,2729500.0,12.0,12.0,17.0,7.7,961.0,237.0,4.0,8.0,6.3,88.0,0.0,0.0,329.0,-340.0,1.0
3968500,2729500.0,12.0,12.0,18.0,6.6,962.0,264.0,4.9,8.0,6.1,92.0,0.0,0.0,323.0,-335.0,1.0
3968500,2729500.0,12.0,12.0,19.0,5.9,964.0,203.0,4.2,8.0,5.5,89.0,0.0,0.0,318.0,-333.0,1.0
3968500,2729500.0,12.0,12.0,20.0,6.1,966.0,205.0,4.4,8.0,5.5,89.0,0.0,0.0,312.0,-332.0,1.0
3968500,2729500.0,12.0,12.0,21.0,5.9,967.0,193.0,4.3,7.0,5.4,89.0,0.0,0.0,307.0,-332.0,1.0
3968500,2729500.0,12.0,12.0,22.0,5.8,968.0,196.0,4.3,7.0,5.4,89.0,0.0,0.0,312.0,-332.0,1.0
3968500,2729500.0,12.0,12.0,23.0,5.5,969.0,192.0,4.5,7.0,5.3,90.0,0.0,0.0,312.0,-331.0,1.0
3968500,2729500.0,12.0,12.0,24.0,5.0,969.0,191.0,4.7,7.0,5.2,92.0,0.0,0.0,305.0,-329.0,1.0
3968500,2729500.0,12.0,13.0,1.0,4.7,992.0,183.0,4.9,6.0,5.2,95.0,0.0,0.0,322.0,-328.0,1.0
3968500,2729500.0,12.0,13.0,2.0,4.7,991.0,181.0,5.0,6.0,5.2,97.0,0.0,0.0,307.0,-330.0,1.0
3968500,2729500.0,12.0,13.0,3.0,4.8,990.0,182.0,4.8,6.0,5.3,98.0,0.0,0.0,291.0,-331.0,1.0
3968500,2729500.0,12.0,13.0,4.0,5.5,989.0,193.0,4.3,6.0,5.4,97.0,0.0,0.0,318.0,-335.0,1.0
3968500,2729500.0,12.0,13.0,5.0,5.9,989.0,208.0,4.6,6.0,5.5,95.0,0.0,0.0,333.0,-345.0,1.0
3968500,2729500.0,12.0,13.0,6.0,7.2,988.0,220.0,2.6,5.0,5.7,93.0,0.0,0.0,314.0,-350.0,1.0
3968500,2729500.0,12.0,13.0,7.0,8.1,988.0,283.0,7.0,5.0,5.7,85.0,0.0,0.0,306.0,-350.0,1.0
3968500,2729500.0,12.0,13.0,8.0,7.4,990.0,270.0,5.2,5.0,5.1,76.0,0.0,0.0,304.0,-348.0,1.0
3968500,2729500.0,12.0,13.0,9.0,7.4,991.0,256.0,4.8,5.0,4.7,72.0,0.0,7.0,301.0,-344.0,1.0
3968500,2729500.0,12.0,13.0,10.0,7.3,992.0,248.0,5.6,6.0,4.6,71.0,11.0,57.0,305.0,-342.0,1.0
3968500,2729500.0,12.0,13.0,11.0,8.0,993.0,269.0,7.1,3.0,4.4,66.0,14.0,98.0,292.0,-342.0,1.0
3968500,2729500.0,12.0,13.0,12.0,7.0,994.0,273.0,7.4,5.0,4.3,66.0,1.0,77.0,285.0,-342.0,1.0
3968500,2729500.0,12.0,13.0,13.0,7.1,995.0,274.0,7.1,7.0,4.3,68.0,0.0,44.0,304.0,-342.0,1.0
3968500,2729500.0,12.0,13.0,14.0,7.4,995.0,271.0,7.1,7.0,4.3,66.0,0.0,21.0,313.0,-341.0,1.0
3968500,2729500.0,12.0,13.0,15.0,7.5,996.0,278.0,7.2,7.0,4.3,66.0,0.0,18.0,311.0,-340.0,1.0
3968500,2729500.0,12.0,13.0,16.0,6.8,997.0,279.0,7.9,7.0,4.5,70.0,0.0,10.0,305.0,-339.0,1.0
3968500,2729500.0,12.0,13.0,17.0,7.0,999.0,291.0,7.2,7.0,4.6,74.0,0.0,0.0,300.0,-336.0,1.0
3968500,2729500.0,12.0,13.0,18.0,7.1,1001.0,293.0,6.5,6.0,4.5,71.0,0.0,0.0,293.0,-335.0,1.0
3968500,2729500.0,12.0,13.0,19.0,6.9,1002.0,291.0,8.3,5.0,4.4,70.0,0.0,0.0,282.0,-335.0,1.0
3968500,2729500.0,12.0,13.0,20.0,6.7,1003.0,293.0,4.6,3.0,4.2,68.0,0.0,0.0,262.0,-334.0,1.0
3968500,2729500.0,12.0,13.0,21.0,6.4,1004.0,278.0,2.3,3.0,4.2,69.0,0.0,0.0,245.0,-331.0,1.0
3968500,2729500.0,12.0,13.0,22.0,6.2,1005.0,165.0,3.1,5.0,4.3,72.0,0.0,0.0,259.0,-327.0,1.0
3968500,2729500.0,12.0,13.0,23.0,4.9,1005.0,196.0,1.8,5.0,4.3,76.0,0.0,0.0,272.0,-324.0,1.0
3968500,2729500.0,12.0,13.0,24.0,3.1,1005.0,198.0,0.5,2.0,4.2,83.0,0.0,0.0,252.0,-322.0,1.0
3968500,2729500.0,12.0,14.0,1.0,2.4,1005.0,159.0,0.9,2.0,4.2,90.0,0.0,0.0,227.0,-320.0,1.0
3968500,2729500.0,12.0,14.0,2.0,2.7,1006.0,162.0,0.9,2.0,4.2,91.0,0.0,0.0,218.0,-319.0,1.0
3968500,2729500.0,12.0,14.0,3.0,4.5,1006.0,172.0,2.6,6.0,4.5,92.0,0.0,0.0,250.0,-320.0,1.0
3968500,2729500.0,12.0,14.0,4.0,3.0,1006.0,175.0,1.6,7.0,4.7,94.0,0.0,0.0,293.0,-321.0,1.0
3968500,2729500.0,12.0,14.0,5.0,4.8,1006.0,210.0,5.0,7.0,4.7,92.0,0.0,0.0,304.0,-323.0,1.0
3968500,2729500.0,12.0,14.0,6.0,3.9,1005.0,191.0,3.1,8.0,4.8,92.0,0.0,0.0,315.0,-324.0,1.0
3968500,2729500.0,12.0,14.0,7.0,4.1,1005.0,179.0,2.0,8.0,4.7,92.0,0.0,0.0,322.0,-325.0,1.0
3968500,2729500.0,12.0,14.0,8.0,4.2,1005.0,180.0,2.2,8.0,4.8,92.0,0.0,0.0,323.0,-326.0,1.0
3968500,2729500.0,12.0,14.0,9.0,4.2,1004.0,160.0,0.9,8.0,4.9,94.0,0.0,3.0,325.0,-327.0,1.0
3968500,2729500.0,12.0,14.0,10.0,4.7,1004.0,162.0,2.1,8.0,5.0,95.0,0.0,27.0,326.0,-328.0,1.0
3968500,2729500.0,12.0,14.0,11.0,4.8,1004.0,180.0,2.2,8.0,5.2,97.0,0.0,25.0,328.0,-329.0,1.0
3968500,2729500.0,12.0,14.0,12.0,5.2,1004.0,181.0,2.1,8.0,5.4,99.0,0.0,20.0,329.0,-331.0,1.0
3968500,2729500.0,12.0,14.0,13.0,5.4,1004.0,165.0,2.3,7.0,5.5,99.0,0.0,32.0,324.0,-332.0,1.0
3968500,2729500.0,12.0,14.0,14.0,5.8,1004.0,206.0,2.3,7.0,5.6,98.0,0.0,34.0,319.0,-336.0,1.0
3968500,2729500.0,12.0,14.0,15.0,6.2,1003.0,207.0,2.4,6.0,5.8,98.0,0.0,34.0,313.0,-344.0,1.0
3968500,2729500.0,12.0,14.0,16.0,6.1,1003.0,202.0,2.1,7.0,5.9,99.0,1.0,17.0,313.0,-349.0,1.0
3968500,2729500.0,12.0,14.0,17.0,6.4,1003.0,184.0,2.3,8.0,5.9,98.0,0.0,0.0,330.0,-349.0,1.0
3968500,2729500.0,12.0,14.0,18.0,6.5,1003.0,191.0,2.6,8.0,5.9,97.0,0.0,0.0,338.0,-347.0,1.0
3968500,2729500.0,12.0,14.0,19.0,6.6,1003.0,195.0,3.7,8.0,5.9,97.0,0.0,0.0,339.0,-344.0,1.0
3968500,2729500.0,12.0,14.0,20.0,7.1,1003.0,197.0,2.5,8.0,6.0,97.0,0.0,0.0,341.0,-343.0,1.0
3968500,2729500.0,12.0,14.0,21.0,7.2,1004.0,199.0,2.1,7.0,6.1,96.0,0.0,0.0,335.0,-342.0,1.0
3968500,2729500.0,12.0,14.0,22.0,7.5,1004.0,193.0,2.5,8.0,6.1,95.0,0.0,0.0,336.0,-342.0,1.0
3968500,2729500.0,12.0,14.0,23.0,7.3,1004.0,188.0,2.5,8.0,6.2,96.0,0.0,0.0,344.0,-341.0,1.0
3968500,2729500.0,12.0,14.0,24.0,8.1,1004.0,196.0,2.5,7.0,6.3,96.0,0.0,0.0,339.0,-341.0,1.0
3968500,2729500.0,12.0,15.0,1.0,8.2,1004.0,193.0,3.3,7.0,6.4,94.0,0.0,0.0,334.0,-341.0,1.0
3968500,2729500.0,12.0,15.0,2.0,8.1,1004.0,199.0,3.4,7.0,6.5,96.0,0.0,0.0,335.0,-341.0,1.0
3968500,2729500.0,12.0,15.0,3.0,8.5,1004.0,207.0,4.1,8.0,6.6,96.0,0.0,0.0,341.0,-341.0,1.0
3968500,2729500.0,12.0,15.0,4.0,8.4,1004.0,197.0,4.2,8.0,6.6,95.0,0.0,0.0,347.0,-342.0,1.0
3968500,2729500.0,12.0,15.0,5.0,8.4,1004.0,213.0,4.0,8.0,6.6,95.0,0.0,0.0,346.0,-343.0,1.0
3968500,2729500.0,12.0,15.0,6.0,8.3,1004.0,196.0,3.8,8.0,6.6,95.0,0.0,0.0,346.0,-343.0,1.0
3968500,2729500.0,12.0,15.0,7.0,8.4,1004.0,196.0,3.8,8.0,6.7,96.0,0.0,0.0,345.0,-344.0,1.0
3968500,2729500.0,12.0,15.0,8.0,8.5,1004.0,190.0,3.4,8.0,6.8,97.0,0.0,0.0,345.0,-344.0,1.0
3968500,2729500.0,12.0,15.0,9.0,8.4,1004.0,188.0,3.8,8.0,6.8,97.0,0.0,1.0,344.0,-343.0,1.0
3968500,2729500.0,12.0,15.0,10.0,8.6,1004.0,169.0,3.3,7.0,6.7,96.0,0.0,9.0,338.0,-342.0,1.0
3968500,2729500.0,12.0,15.0,11.0,8.8,1004.0,187.0,4.3,7.0,6.7,94.0,0.0,37.0,331.0,-342.0,1.0
3968500,2729500.0,12.0,15.0,12.0,8.8,1004.0,179.0,4.2,7.0,6.8,95.0,0.0,67.0,330.0,-342.0,1.0
3968500,2729500.0,12.0,15.0,13.0,9.0,1003.0,190.0,4.5,8.0,6.8,95.0,0.0,69.0,333.0,-343.0,1.0
3968500,2729500.0,12.0,15.0,14.0,8.9,1003.0,192.0,5.7,8.0,6.8,94.0,0.0,59.0,337.0,-343.0,1.0
3968500,2729500.0,12.0,15.0,15.0,8.9,1002.0,191.0,5.9,7.0,6.7,94.0,17.0,50.0,333.0,-342.0,1.0
3968500,2729500.0,12.0,15.0,16.0,8.7,1002.0,185.0,5.7,7.0,6.6,93.0,22.0,15.0,326.0,-341.0,1.0
3968500,2729500.0,12.0,15.0,17.0,8.4,1002.0,165.0,4.5,7.0,6.6,93.0,0.0,0.0,324.0,-339.0,1.0
3968500,2729500.0,12.0,15.0,18.0,8.1,1002.0,156.0,4.3,8.0,6.5,94.0,0.0,0.0,326.0,-338.0,1.0
3968500,2729500.0,12.0,15.0,19.0,7.6,1001.0,160.0,3.7,8.0,6.4,96.0,0.0,0.0,330.0,-337.0,1.0
3968500,2729500.0,12.0,15.0,20.0,7.5,1001.0,153.0,3.3,8.0,6.4,97.0,0.0,0.0,330.0,-335.0,1.0
3968500,2729500.0,12.0,15.0,21.0,7.1,1001.0,153.0,3.4,8.0,6.3,97.0,0.0,0.0,331.0,-334.0,1.0
3968500,2729500.0,12.0,15.0,22.0,6.9,1000.0,155.0,3.6,8.0,6.2,99.0,0.0,0.0,332.0,-333.0,1.0
3968500,2729500.0,12.0,15.0,23.0,6.8,1000.0,150.0,4.1,8.0,6.2,98.0,0.0,0.0,331.0,-333.0,1.0
3968500,2729500.0,12.0,15.0,24.0,6.8,999.0,147.0,4.7,8.0,6.1,98.0,0.0,0.0,330.0,-334.0,1.0
3968500,2729500.0,12.0,16.0,1.0,6.8,999.0,165.0,3.4,8.0,6.1,98.0,0.0,0.0,329.0,-335.0,1.0
3968500,2729500.0,12.0,16.0,2.0,7.0,998.0,188.0,3.0,8.0,6.1,97.0,0.0,0.0,329.0,-336.0,1.0
3968500,2729500.0,12.0,16.0,3.0,7.2,997.0,206.0,3.4,8.0,6.1,96.0,0.0,0.0,330.0,-342.0,1.0
3968500,2729500.0,12.0,16.0,4.0,7.4,998.0,266.0,4.7,8.0,6.0,93.0,0.0,0.0,331.0,-348.0,1.0
3968500,2729500.0,12.0,16.0,5.0,6.1,999.0,344.0,4.4,7.0,5.7,92.0,0.0,0.0,323.0,-348.0,1.0
3968500,2729500.0,12.0,16.0,6.0,5.7,1001.0,345.0,2.7,6.0,5.4,91.0,0.0,0.0,306.0,-346.0,1.0
3968500,2729500.0,12.0,16.0,7.0,5.7,1003.0,308.0,3.4,4.0,5.0,88.0,0.0,0.0,287.0,-344.0,1.0
3968500,2729500.0,12.0,16.0,8.0,5.7,1005.0,273.0,2.9,6.0,4.9,85.0,0.0,0.0,288.0,-343.0,1.0
3968500,2729500.0,12.0,16.0,9.0,5.7,1006.0,261.0,2.0,7.0,4.8,84.0,0.0,1.0,304.0,-342.0,1.0
3968500,2729500.0,12.0,16.0,10.0,5.7,1007.0,217.0,1.6,6.0,4.8,84.0,0.0,23.0,305.0,-342.0,1.0
3968500,2729500.0,12.0,16.0,11.0,5.8,1008.0,179.0,1.8,8.0,4.8,84.0,0.0,35.0,312.0,-343.0,1.0
3968500,2729500.0,12.0,16.0,12.0,5.8,1008.0,181.0,1.8,8.0,4.9,84.0,0.0,56.0,321.0,-346.0,1.0
3968500,2729500.0,12.0,16.0,13.0,6.6,1008.0,194.0,2.7,8.0,4.9,83.0,0.0,49.0,319.0,-349.0,1.0
3968500,2729500.0,12.0,16.0,14.0,7.3,1008.0,182.0,3.2,7.0,4.9,79.0,10.0,62.0,313.0,-352.0,1.0
3968500,2729500.0,12.0,16.0,15.0,7.3,1008.0,214.0,3.3,7.0,4.7,74.0,39.0,28.0,304.0,-352.0,1.0
3968500,2729500.0,12.0,16.0,16.0,6.5,1008.0,211.0,2.4,6.0,4.7,75.0,29.0,6.0,293.0,-348.0,1.0
3968500,2729500.0,12.0,16.0,17.0,5.1,1009.0,189.0,1.2,6.0,4.6,80.0,0.0,1.0,281.0,-342.0,1.0
3968500,2729500.0,12.0,16.0,18.0,4.3,1009.0,148.0,0.8,5.0,4.6,86.0,0.0,0.0,270.0,-337.0,1.0
3968500,2729500.0,12.0,16.0,19.0,3.4,1009.0,179.0,1.6,4.0,4.6,91.0,0.0,0.0,252.0,-333.0,1.0
3968500,2729500.0,12.0,16.0,20.0,2.7,1009.0,181.0,2.1,1.0,4.5,94.0,0.0,0.0,216.0,-331.0,1.0
3968500,2729500.0,12.0,16.0,21.0,3.1,1009.0,179.0,2.4,0.0,4.4,94.0,0.0,0.0,177.0,-331.0,1.0
3968500,2729500.0,12.0,16.0,22.0,2.9,1009.0,180.0,2.5,2.0,4.5,94.0,0.0,0.0,189.0,-332.0,1.0
3968500,2729500.0,12.0,16.0,23.0,2.8,1009.0,155.0,2.3,2.0,4.4,94.0,0.0,0.0,215.0,-332.0,1.0
3968500,2729500.0,12.0,16.0,24.0,2.3,1008.0,173.0,2.6,4.0,4.4,96.0,0.0,0.0,237.0,-331.0,1.0
3968500,2729500.0,12.0,17.0,1.0,2.3,1008.0,168.0,3.1,5.0,4.4,98.0,0.0,0.0,260.0,-330.0,1.0
3968500,2729500.0,12.0,17.0,2.0,2.7,1008.0,171.0,3.2,5.0,4.4,97.0,0.0,0.0,272.0,-328.0,1.0
3968500,2729500.0,12.0,17.0,3.0,2.0,1007.0,169.0,3.0,3.0,4.4,97.0,0.0,0.0,265.0,-326.0,1.0
3968500,2729500.0,12.0,17.0,4.0,2.0,1007.0,188.0,3.0,2.0,4.3,97.0,0.0,0.0,254.0,-324.0,1.0
3968500,2729500.0,12.0,17.0,5.0,2.0,1007.0,177.0,3.6,4.0,4.3,97.0,0.0,0.0,261.0,-323.0,1.0
3968500,2729500.0,12.0,17.0,6.0,2.2,1007.0,173.0,3.7,3.0,4.4,98.0,0.0,0.0,267.0,-324.0,1.0
3968500,2729500.0,12.0,17.0,7.0,1.8,1007.0,172.0,4.4,6.0,4.4,100.0,0.0,0.0,276.0,-324.0,1.0
3968500,2729500.0,12.0,17.0,8.0,1.2,1006.0,176.0,4.6,5.0,4.3,100.0,0.0,0.0,283.0,-325.0,1.0
3968500,2729500.0,12.0,17.0,9.0,1.4,1007.0,184.0,3.8,5.0,4.2,100.0,2.0,7.0,278.0,-325.0,1.0
3968500,2729500.0,12.0,17.0,10.0,1.4,1007.0,183.0,3.0,7.0,4.2,100.0,45.0,37.0,288.0,-326.0,1.0
3968500,2729500.0,12.0,17.0,11.0,1.8,1007.0,184.0,3.0,5.0,4.3,99.0,68.0,68.0,288.0,-328.0,1.0
3968500,2729500.0,12.0,17.0,12.0,2.1,1006.0,185.0,3.9,6.0,4.3,98.0,113.0,80.0,283.0,-331.0,1.0
3968500,2729500.0,12.0,17.0,13.0,2.6,1006.0,187.0,4.6,5.0,4.4,96.0,156.0,72.0,281.0,-333.0,1.0
3968500,2729500.0,12.0,17.0,14.0,4.1,1006.0,188.0,5.0,4.0,4.4,91.0,160.0,56.0,274.0,-334.0,1.0
3968500,2729500.0,12.0,17.0,15.0,3.8,1005.0,180.0,5.4,2.0,4.4,88.0,95.0,49.0,264.0,-333.0,1.0
3968500,2729500.0,12.0,17.0,16.0,3.3,1005.0,169.0,4.8,3.0,4.4,89.0,25.0,25.0,258.0,-331.0,1.0
3968500,2729500.0,12.0,17.0,17.0,2.5,1005.0,164.0,3.5,3.0,4.2,90.0,0.0,2.0,258.0,-327.0,1.0
3968500,2729500.0,12.0,17.0,18.0,2.6,1004.0,173.0,3.6,3.0,4.0,88.0,0.0,0.0,256.0,-324.0,1.0
3968500,2729500.0,12.0,17.0,19.0,3.3,1004.0,177.0,3.6,0.0,4.0,84.0,0.0,0.0,245.0,-322.0,1.0
3968500,2729500.0,12.0,17.0,20.0,3.1,1003.0,171.0,2.0,1.0,3.9,82.0,0.0,0.0,237.0,-321.0,1.0
3968500,2729500.0,12.0,17.0,21.0,2.3,1003.0,178.0,2.3,1.0,3.8,82.0,0.0,0.0,239.0,-320.0,1.0
3968500,2729500.0,12.0,17.0,22.0,1.6,1002.0,165.0,2.5,2.0,3.7,85.0,0.0,0.0,238.0,-320.0,1.0
3968500,2729500.0,12.0,17.0,23.0,1.5,1002.0,161.0,2.5,1.0,3.7,86.0,0.0,0.0,237.0,-320.0,1.0
3968500,2729500.0,12.0,17.0,24.0,1.6,1001.0,160.0,2.1,0.0,3.7,86.0,0.0,0.0,231.0,-320.0,1.0
3968500,2729500.0,12.0,18.0,1.0,1.3,1000.0,150.0,4.1,0.0,3.7,86.0,0.0,0.0,229.0,-320.0,1.0
3968500,2729500.0,12.0,18.0,2.0,2.6,999.0,167.0,4.5,0.0,3.6,80.0,0.0,0.0,231.0,-320.0,1.0
3968500,2729500.0,12.0,18.0,3.0,2.0,999.0,172.0,5.6,0.0,3.5,77.0,0.0,0.0,231.0,-320.0,1.0
3968500,2729500.0,12.0,18.0,4.0,1.5,998.0,152.0,5.2,0.0,3.5,79.0,0.0,0.0,230.0,-321.0,1.0
3968500,2729500.0,12.0,18.0,5.0,0.8,998.0,150.0,3.4,0.0,3.4,82.0,0.0,0.0,228.0,-321.0,1.0
3968500,2729500.0,12.0,18.0,6.0,1.2,997.0,155.0,2.9,0.0,3.4,83.0,0.0,0.0,228.0,-319.0,1.0
3968500,2729500.0,12.0,18.0,7.0,1.3,997.0,160.0,3.5,1.0,3.4,81.0,0.0,0.0,232.0,-317.0,1.0
3968500,2729500.0,12.0,18.0,8.0,1.3,997.0,169.0,3.7,0.0,3.4,80.0,0.0,0.0,233.0,-317.0,1.0
3968500,2729500.0,12.0,18.0,9.0,0.3,997.0,165.0,4.1,1.0,3.5,85.0,3.0,5.0,234.0,-316.0,1.0
3968500,2729500.0,12.0,18.0,10.0,0.1,997.0,160.0,4.2,3.0,3.6,91.0,57.0,11.0,242.0,-317.0,1.0
3968500,2729500.0,12.0,18.0,11.0,0.5,997.0,160.0,4.4,6.0,3.6,93.0,45.0,36.0,260.0,-321.0,1.0
3968500,2729500.0,12.0,18.0,12.0,1.0,998.0,166.0,4.8,8.0,3.8,93.0,0.0,52.0,280.0,-325.0,1.0
3968500,2729500.0,12.0,18.0,13.0,1.4,998.0,165.0,4.3,7.0,3.9,94.0,0.0,46.0,286.0,-329.0,1.0
3968500,2729500.0,12.0,18.0,14.0,1.7,997.0,170.0,4.0,7.0,4.0,93.0,0.0,40.0,285.0,-332.0,1.0
3968500,2729500.0,12.0,18.0,15.0,2.0,997.0,176.0,3.9,7.0,4.1,93.0,0.0,31.0,288.0,-333.0,1.0
3968500,2729500.0,12.0,18.0,16.0,1.9,997.0,181.0,3.3,7.0,4.2,94.0,0.0,16.0,290.0,-333.0,1.0
3968500,2729500.0,12.0,18.0,17.0,1.7,997.0,175.0,3.9,8.0,4.2,96.0,0.0,1.0,294.0,-331.0,1.0
3968500,2729500.0,12.0,18.0,18.0,1.7,996.0,170.0,3.3,8.0,4.3,98.0,0.0,0.0,298.0,-330.0,1.0
3968500,2729500.0,12.0,18.0,19.0,2.1,996.0,179.0,3.9,8.0,4.3,98.0,0.0,0.0,300.0,-330.0,1.0
3968500,2729500.0,12.0,18.0,20.0,2.5,995.0,185.0,5.0,8.0,4.4,96.0,0.0,0.0,303.0,-331.0,1.0
3968500,2729500.0,12.0,18.0,21.0,2.8,994.0,180.0,3.6,8.0,4.5,96.0,0.0,0.0,307.0,-332.0,1.0
3968500,2729500.0,12.0,18.0,22.0,3.0,994.0,191.0,4.2,8.0,4.6,97.0,0.0,0.0,311.0,-333.0,1.0
3968500,2729500.0,12.0,18.0,23.0,3.5,993.0,195.0,4.4,8.0,4.7,96.0,0.0,0.0,314.0,-335.0,1.0
3968500,2729500.0,12.0,18.0,24.0,3.7,992.0,188.0,3.8,8.0,4.8,96.0,0.0,0.0,316.0,-336.0,1.0
3968500,2729500.0,12.0,19.0,1.0,3.9,990.0,193.0,4.5,8.0,4.9,96.0,0.0,0.0,316.0,-337.0,1.0
3968500,2729500.0,12.0,19.0,2.0,4.1,989.0,192.0,4.1,8.0,5.0,97.0,0.0,0.0,319.0,-338.0,1.0
3968500,2729500.0,12.0,19.0,3.0,4.2,988.0,196.0,4.9,8.0,5.1,98.0,0.0,0.0,323.0,-339.0,1.0
3968500,2729500.0,12.0,19.0,4.0,4.5,987.0,194.0,4.7,8.0,5.2,99.0,0.0,0.0,325.0,-340.0,1.0
3968500,2729500.0,12.0,19.0,5.0,4.9,986.0,196.0,4.8,8.0,5.4,98.0,0.0,0.0,327.0,-340.0,1.0
3968500,2729500.0,12.0,19.0,6.0,5.3,984.0,195.0,4.5,8.0,5.4,97.0,0.0,0.0,328.0,-340.0,1.0
3968500,2729500.0,12.0,19.0,7.0,5.5,983.0,215.0,4.1,7.0,5.4,94.0,0.0,0.0,323.0,-338.0,1.0
3968500,2729500.0,12.0,19.0,8.0,5.2,983.0,201.0,3.3,7.0,5.4,94.0,0.0,0.0,317.0,-337.0,1.0
3968500,2729500.0,12.0,19.0,9.0,5.3,982.0,219.0,2.7,7.0,5.2,92.0,0.0,4.0,315.0,-334.0,1.0
3968500,2729500.0,12.0,19.0,10.0,5.5,982.0,207.0,2.4,7.0,5.2,91.0,9.0,31.0,315.0,-330.0,1.0
3968500,2729500.0,12.0,19.0,11.0,6.0,982.0,205.0,2.1,5.0,5.4,91.0,34.0,53.0,304.0,-330.0,1.0
3968500,2729500.0,12.0,19.0,12.0,6.5,982.0,219.0,2.4,7.0,5.1,84.0,0.0,59.0,304.0,-332.0,1.0
3968500,2729500.0,12.0,19.0,13.0,6.3,982.0,262.0,2.3,7.0,4.8,78.0,0.0,31.0,312.0,-335.0,1.0
3968500,2729500.0,12.0,19.0,14.0,5.9,982.0,285.0,5.2,5.0,4.7,78.0,0.0,39.0,299.0,-336.0,1.0
3968500,2729500.0,12.0,19.0,15.0,5.9,983.0,259.0,3.9,6.0,4.3,72.0,0.0,37.0,292.0,-333.0,1.0
3968500,2729500.0,12.0,19.0,16.0,5.5,984.0,238.0,3.6,6.0,3.8,66.0,0.0,12.0,294.0,-330.0,1.0
3968500,2729500.0,12.0,19.0,17.0,5.1,984.0,214.0,2.5,5.0,3.9,68.0,0.0,0.0,287.0,-328.0,1.0
3968500,2729500.0,12.0,19.0,18.0,4.9,984.0,211.0,3.2,6.0,4.0,72.0,0.0,0.0,285.0,-328.0,1.0
3968500,2729500.0,12.0,19.0,19.0,5.0,984.0,206.0,3.3,7.0,4.4,79.0,0.0,0.0,295.0,-328.0,1.0
3968500,2729500.0,12.0,19.0,20.0,4.7,984.0,218.0,3.9,7.0,4.6,83.0,0.0,0.0,300.0,-328.0,1.0
3968500,2729500.0,12.0,19.0,21.0,4.7,984.0,228.0,4.6,7.0,4.6,84.0,0.0,0.0,300.0,-328.0,1.0
3968500,2729500.0,12.0,19.0,22.0,4.3,985.0,229.0,3.2,8.0,4.6,85.0,0.0,0.0,304.0,-327.0,1.0
3968500,2729500.0,12.0,19.0,23.0,3.8,985.0,218.0,3.0,8.0,4.6,89.0,0.0,0.0,308.0,-326.0,1.0
3968500,2729500.0,12.0,19.0,24.0,3.4,985.0,241.0,2.4,6.0,4.7,92.0,0.0,0.0,295.0,-325.0,1.0
3968500,2729500.0,12.0,20.0,1.0,3.4,985.0,205.0,3.4,7.0,4.7,94.0,0.0,0.0,288.0,-325.0,1.0
3968500,2729500.0,12.0,20.0,2.0,3.2,985.0,219.0,3.4,6.0,4.6,93.0,0.0,0.0,285.0,-325.0,1.0
3968500,2729500.0,12.0,20.0,3.0,3.2,984.0,217.0,2.9,6.0,4.5,92.0,0.0,0.0,279.0,-325.0,1.0
3968500,2729500.0,12.0,20.0,4.0,3.0,984.0,211.0,2.4,5.0,4.4,90.0,0.0,0.0,272.0,-324.0,1.0
3968500,2729500.0,12.0,20.0,5.0,2.0,984.0,228.0,3.2,5.0,4.4,93.0,0.0,0.0,264.0,-322.0,1.0
3968500,2729500.0,12.0,20.0,6.0,2.1,983.0,205.0,2.3,6.0,4.3,96.0,0.0,0.0,266.0,-320.0,1.0
3968500,2729500.0,12.0,20.0,7.0,2.4,983.0,203.0,2.2,8.0,4.4,96.0,0.0,0.0,283.0,-317.0,1.0
3968500,2729500.0,12.0,20.0,8.0,2.2,983.0,219.0,2.4,7.0,4.4,96.0,0.0,0.0,286.0,-316.0,1.0
3968500,2729500.0,12.0,20.0,9.0,2.3,983.0,197.0,2.2,7.0,4.4,96.0,0.0,4.0,279.0,-315.0,1.0
3968500,2729500.0,12.0,20.0,10.0,2.2,983.0,184.0,1.1,8.0,4.4,96.0,0.0,26.0,284.0,-314.0,1.0
3968500,2729500.0,12.0,20.0,11.0,2.7,984.0,123.0,1.5,7.0,4.4,95.0,0.0,46.0,285.0,-313.0,1.0
3968500,2729500.0,12.0,20.0,12.0,3.1,984.0,92.0,1.5,8.0,4.5,93.0,0.0,38.0,285.0,-315.0,1.0
3968500,2729500.0,12.0,20.0,13.0,3.2,984.0,16.0,2.5,8.0,4.4,90.0,0.0,69.0,289.0,-316.0,1.0
3968500,2729500.0,12.0,20.0,14.0,3.3,984.0,350.0,3.0,6.0,4.3,87.0,14.0,78.0,280.0,-318.0,1.0
3968500,2729500.0,12.0,20.0,15.0,3.1,984.0,347.0,2.6,7.0,4.1,84.0,24.0,56.0,276.0,-318.0,1.0
3968500,2729500.0,12.0,20.0,16.0,2.1,984.0,34.0,0.9,6.0,3.9,83.0,28.0,19.0,273.0,-317.0,1.0
3968500,2729500.0,12.0,20.0,17.0,1.6,985.0,47.0,1.5,3.0,3.8,84.0,0.0,2.0,253.0,-316.0,1.0
3968500,2729500.0,12.0,20.0,18.0,1.3,985.0,329.0,1.7,2.0,3.7,86.0,0.0,0.0,234.0,-315.0,1.0
3968500,2729500.0,12.0,20.0,19.0,1.2,986.0,339.0,1.7,1.0,3.7,88.0,0.0,0.0,224.0,-314.0,1.0
3968500,2729500.0,12.0,20.0,20.0,0.5,986.0,259.0,1.9,3.0,3.7,90.0,0.0,0.0,226.0,-314.0,1.0
3968500,2729500.0,12.0,20.0,21.0,0.2,987.0,345.0,1.2,3.0,3.6,90.0,0.0,0.0,233.0,-314.0,1.0
3968500,2729500.0,12.0,20.0,22.0,0.4,987.0,314.0,1.8,4.0,3.5,89.0,0.0,0.0,236.0,-313.0,1.0
3968500,2729500.0,12.0,20.0,23.0,0.1,988.0,316.0,2.5,4.0,3.5,89.0,0.0,0.0,239.0,-313.0,1.0
3968500,2729500.0,12.0,20.0,24.0,-0.1,988.0,327.0,2.1,3.0,3.5,91.0,0.0,0.0,235.0,-312.0,1.0
3968500,2729500.0,12.0,21.0,1.0,0.0,988.0,301.0,2.5,5.0,3.6,93.0,0.0,0.0,238.0,-311.0,1.0
3968500,2729500.0,12.0,21.0,2.0,0.2,989.0,298.0,1.6,7.0,3.6,93.0,0.0,0.0,254.0,-312.0,1.0
3968500,2729500.0,12.0,21.0,3.0,0.2,989.0,282.0,1.6,8.0,3.7,93.0,0.0,0.0,266.0,-313.0,1.0
3968500,2729500.0,12.0,21.0,4.0,0.3,989.0,298.0,1.9,7.0,3.7,93.0,0.0,0.0,266.0,-313.0,1.0
3968500,2729500.0,12.0,21.0,5.0,0.5,989.0,296.0,2.2,7.0,3.7,91.0,0.0,0.0,262.0,-312.0,1.0
3968500,2729500.0,12.0,21.0,6.0,0.6,990.0,326.0,2.9,8.0,3.6,90.0,0.0,0.0,265.0,-311.0,1.0
3968500,2729500.0,12.0,21.0,7.0,0.6,990.0,293.0,3.2,8.0,3.6,90.0,0.0,0.0,269.0,-311.0,1.0
3968500,2729500.0,12.0,21.0,8.0,0.5,990.0,309.0,3.2,8.0,3.6,90.0,0.0,0.0,268.0,-311.0,1.0
3968500,2729500.0,12.0,21.0,9.0,0.6,991.0,323.0,3.7,8.0,3.7,91.0,0.0,2.0,270.0,-310.0,1.0
3968500,2729500.0,12.0,21.0,10.0,0.8,992.0,309.0,3.0,7.0,3.7,91.0,0.0,23.0,266.0,-309.0,1.0
3968500,2729500.0,12.0,21.0,11.0,0.9,993.0,308.0,3.0,6.0,3.7,91.0,0.0,42.0,259.0,-310.0,1.0
3968500,2729500.0,12.0,21.0,12.0,1.0,994.0,294.0,3.4,6.0,3.7,90.0,0.0,53.0,255.0,-312.0,1.0
3968500,2729500.0,12.0,21.0,13.0,1.3,994.0,312.0,4.3,6.0,3.6,86.0,0.0,44.0,254.0,-314.0,1.0
3968500,2729500.0,12.0,21.0,14.0,1.3,994.0,320.0,3.3,7.0,3.5,83.0,0.0,41.0,258.0,-315.0,1.0
3968500,2729500.0,12.0,21.0,15.0,1.4,995.0,318.0,3.7,6.0,3.5,82.0,0.0,33.0,257.0,-315.0,1.0
3968500,2729500.0,12.0,21.0,16.0,0.7,995.0,321.0,3.4,6.0,3.4,82.0,0.0,13.0,252.0,-315.0,1.0
3968500,2729500.0,12.0,21.0,17.0,0.6,996.0,317.0,2.7,6.0,3.4,85.0,0.0,0.0,251.0,-315.0,1.0
3968500,2729500.0,12.0,21.0,18.0,0.4,997.0,296.0,2.1,6.0,3.5,86.0,0.0,0.0,251.0,-314.0,1.0
3968500,2729500.0,12.0,21.0,19.0,0.4,997.0,308.0,2.7,4.0,3.4,86.0,0.0,0.0,243.0,-313.0,1.0
3968500,2729500.0,12.0,21.0,20.0,-0.5,997.0,316.0,2.5,2.0,3.3,87.0,0.0,0.0,225.0,-312.0,1.0
3968500,2729500.0,12.0,21.0,21.0,-0.5,997.0,227.0,1.6,2.0,3.3,89.0,0.0,0.0,215.0,-310.0,1.0
3968500,2729500.0,12.0,21.0,22.0,0.1,998.0,199.0,1.1,6.0,3.5,92.0,0.0,0.0,231.0,-309.0,1.0
3968500,2729500.0,12.0,21.0,23.0,-1.2,998.0,218.0,1.4,6.0,3.5,95.0,0.0,0.0,246.0,-309.0,1.0
3968500,2729500.0,12.0,21.0,24.0,-1.5,999.0,236.0,1.1,4.0,3.4,98.0,0.0,0.0,236.0,-309.0,1.0
3968500,2729500.0,12.0,22.0,1.0,-1.5,999.0,183.0,1.5,7.0,3.4,98.0,0.0,0.0,241.0,-309.0,1.0
3968500,2729500.0,12.0,22.0,2.0,-1.5,999.0,220.0,0.8,6.0,3.3,97.0,0.0,0.0,248.0,-309.0,1.0
3968500,2729500.0,12.0,22.0,3.0,-1.5,999.0,144.0,1.6,6.0,3.3,96.0,0.0,0.0,246.0,-309.0,1.0
3968500,2729500.0,12.0,22.0,4.0,-1.5,999.0,171.0,2.4,7.0,3.3,96.0,0.0,0.0,251.0,-309.0,1.0
3968500,2729500.0,12.0,22.0,5.0,-1.1,999.0,183.0,3.0,7.0,3.4,97.0,0.0,0.0,258.0,-310.0,1.0
3968500,2729500.0,12.0,22.0,6.0,-0.7,999.0,177.0,2.9,8.0,3.5,96.0,0.0,0.0,265.0,-310.0,1.0
3968500,2729500.0,12.0,22.0,7.0,-0.6,999.0,174.0,2.6,8.0,3.5,96.0,0.0,0.0,272.0,-310.0,1.0
3968500,2729500.0,12.0,22.0,8.0,-0.3,999.0,167.0,2.5,8.0,3.6,97.0,0.0,0.0,275.0,-309.0,1.0
3968500,2729500.0,12.0,22.0,9.0,-0.1,999.0,177.0,2.6,8.0,3.7,97.0,0.0,5.0,278.0,-309.0,1.0
3968500,2729500.0,12.0,22.0,10.0,0.1,999.0,168.0,2.5,7.0,3.8,98.0,13.0,23.0,277.0,-309.0,1.0
3968500,2729500.0,12.0,22.0,11.0,0.2,999.0,196.0,3.4,7.0,3.9,99.0,0.0,35.0,274.0,-311.0,1.0
3968500,2729500.0,12.0,22.0,12.0,0.1,999.0,189.0,2.9,8.0,3.9,100.0,0.0,29.0,280.0,-313.0,1.0
3968500,2729500.0,12.0,22.0,13.0,-0.1,999.0,176.0,2.3,7.0,3.8,100.0,0.0,41.0,282.0,-315.0,1.0
3968500,2729500.0,12.0,22.0,14.0,0.2,999.0,170.0,2.6,7.0,3.8,100.0,0.0,34.0,278.0,-315.0,1.0
3968500,2729500.0,12.0,22.0,15.0,0.1,999.0,154.0,1.7,8.0,3.9,100.0,0.0,17.0,284.0,-315.0,1.0
3968500,2729500.0,12.0,22.0,16.0,0.1,999.0,172.0,1.9,8.0,3.9,100.0,0.0,8.0,291.0,-316.0,1.0
3968500,2729500.0,12.0,22.0,17.0,0.3,999.0,180.0,2.0,8.0,3.9,100.0,0.0,0.0,292.0,-316.0,1.0
3968500,2729500.0,12.0,22.0,18.0,0.3,1000.0,173.0,2.3,8.0,3.9,99.0,0.0,0.0,294.0,-316.0,1.0
3968500,2729500.0,12.0,22.0,19.0,0.5,1000.0,174.0,2.3,6.0,3.9,99.0,0.0,0.0,285.0,-316.0,1.0
3968500,2729500.0,12.0,22.0,20.0,0.5,1001.0,178.0,2.1,8.0,3.9,99.0,0.0,0.0,286.0,-316.0,1.0
3968500,2729500.0,12.0,22.0,21.0,0.5,1001.0,178.0,2.1,7.0,4.0,100.0,0.0,0.0,291.0,-316.0,1.0
3968500,2729500.0,12.0,22.0,22.0,0.7,1001.0,177.0,1.1,7.0,4.0,99.0,0.0,0.0,288.0,-315.0,1.0
3968500,2729500.0,12.0,22.0,23.0,0.8,1002.0,164.0,2.5,8.0,3.9,97.0,0.0,0.0,295.0,-315.0,1.0
3968500,2729500.0,12.0,22.0,24.0,0.7,1002.0,157.0,2.4,6.0,3.9,96.0,0.0,0.0,290.0,-315.0,1.0
3968500,2729500.0,12.0,23.0,1.0,0.3,1002.0,158.0,1.2,5.0,3.9,97.0,0.0,0.0,272.0,-314.0,1.0
3968500,2729500.0,12.0,23.0,2.0,-0.1,1002.0,182.0,2.3,4.0,3.7,96.0,0.0,0.0,260.0,-314.0,1.0
3968500,2729500.0,12.0,23.0,3.0,0.1,1002.0,184.0,2.5,5.0,3.7,95.0,0.0,0.0,258.0,-314.0,1.0
3968500,2729500.0,12.0,23.0,4.0,0.0,1002.0,177.0,2.9,8.0,3.8,99.0,0.0,0.0,281.0,-315.0,1.0
3968500,2729500.0,12.0,23.0,5.0,0.4,1003.0,183.0,4.3,7.0,3.8,99.0,0.0,0.0,293.0,-316.0,1.0
3968500,2729500.0,12.0,23.0,6.0,0.2,1002.0,190.0,5.4,6.0,3.8,97.0,0.0,0.0,282.0,-316.0,1.0
3968500,2729500.0,12.0,23.0,7.0,0.2,1002.0,190.0,4.7,5.0,3.8,97.0,0.0,0.0,271.0,-316.0,1.0
3968500,2729500.0,12.0,23.0,8.0,0.4,1002.0,185.0,4.3,8.0,3.8,97.0,0.0,0.0,282.0,-316.0,1.0
3968500,2729500.0,12.0,23.0,9.0,0.7,1002.0,181.0,4.2,8.0,3.8,96.0,0.0,3.0,298.0,-316.0,1.0
3968500,2729500.0,12.0,23.0,10.0,0.7,1002.0,188.0,5.7,8.0,3.9,96.0,0.0,21.0,298.0,-317.0,1.0
3968500,2729500.0,12.0,23.0,11.0,0.7,1002.0,191.0,5.4,7.0,3.8,95.0,0.0,36.0,291.0,-317.0,1.0
3968500,2729500.0,12.0,23.0,12.0,0.6,1002.0,183.0,4.6,7.0,3.8,95.0,0.0,46.0,284.0,-317.0,1.0
3968500,2729500.0,12.0,23.0,13.0,0.9,1001.0,182.0,4.5,7.0,3.8,94.0,0.0,38.0,284.0,-317.0,1.0
3968500,2729500.0,12.0,23.0,14.0,1.0,1001.0,187.0,4.7,8.0,3.7,91.0,0.0,29.0,286.0,-318.0,1.0
3968500,2729500.0,12.0,23.0,15.0,1.1,1001.0,188.0,2.6,8.0,3.7,88.0,0.0,27.0,289.0,-320.0,1.0
3968500,2729500.0,12.0,23.0,16.0,1.0,1001.0,181.0,3.1,8.0,3.6,87.0,0.0,18.0,288.0,-320.0,1.0
3968500,2729500.0,12.0,23.0,17.0,0.8,1001.0,166.0,2.8,8.0,3.6,87.0,0.0,2.0,286.0,-318.0,1.0
3968500,2729500.0,12.0,23.0,18.0,0.2,1000.0,172.0,3.3,7.0,3.5,87.0,0.0,0.0,281.0,-317.0,1.0
3968500,2729500.0,12.0,23.0,19.0,-0.6,999.0,170.0,2.6,5.0,3.4,89.0,0.0,0.0,267.0,-317.0,1.0
3968500,2729500.0,12.0,23.0,20.0,-1.4,999.0,189.0,2.3,4.0,3.2,90.0,0.0,0.0,253.0,-317.0,1.0
3968500,2729500.0,12.0,23.0,21.0,-1.6,998.0,168.0,1.7,3.0,3.1,91.0,0.0,0.0,246.0,-316.0,1.0
3968500,2729500.0,12.0,23.0,22.0,-2.0,998.0,173.0,2.5,3.0,3.1,92.0,0.0,0.0,243.0,-316.0,1.0
3968500,2729500.0,12.0,23.0,23.0,-1.9,997.0,179.0,3.1,4.0,3.1,92.0,0.0,0.0,245.0,-316.0,1.0
3968500,2729500.0,12.0,23.0,24.0,-1.9,997.0,177.0,3.3,7.0,3.1,92.0,0.0,0.0,260.0,-316.0,1.0
3968500,2729500.0,12.0,24.0,1.0,-2.0,997.0,183.0,3.6,5.0,3.1,92.0,0.0,0.0,264.0,-316.0,1.0
3968500,2729500.0,12.0,24.0,2.0,-1.4,996.0,189.0,3.3,5.0,3.1,91.0,0.0,0.0,260.0,-316.0,1.0
3968500,2729500.0,12.0,24.0,3.0,-1.2,995.0,185.0,3.7,5.0,3.1,90.0,0.0,0.0,262.0,-316.0,1.0
3968500,2729500.0,12.0,24.0,4.0,-1.3,994.0,189.0,3.5,5.0,3.1,89.0,0.0,0.0,263.0,-316.0,1.0
3968500,2729500.0,12.0,24.0,5.0,-1.3,994.0,198.0,3.7,6.0,3.1,89.0,0.0,0.0,266.0,-315.0,1.0
3968500,2729500.0,12.0,24.0,6.0,-0.8,993.0,190.0,3.7,8.0,3.1,88.0,0.0,0.0,278.0,-315.0,1.0
3968500,2729500.0,12.0,24.0,7.0,-0.4,994.0,184.0,4.9,8.0,3.1,82.0,0.0,0.0,290.0,-315.0,1.0
3968500,2729500.0,12.0,24.0,8.0,-0.4,994.0,191.0,3.8,8.0,3.0,80.0,0.0,0.0,292.0,-314.0,1.0
3968500,2729500.0,12.0,24.0,9.0,-0.4,994.0,180.0,1.9,8.0,3.0,80.0,0.0,1.0,294.0,-314.0,1.0
3968500,2729500.0,12.0,24.0,10.0,-0.2,994.0,189.0,2.7,8.0,3.1,83.0,1.0,32.0,296.0,-314.0,1.0
3968500,2729500.0,12.0,24.0,11.0,-0.2,995.0,183.0,3.0,7.0,3.4,88.0,4.0,69.0,290.0,-315.0,1.0
3968500,2729500.0,12.0,24.0,12.0,0.1,995.0,176.0,3.0,7.0,3.5,91.0,2.0,79.0,281.0,-315.0,1.0
3968500,2729500.0,12.0,24.0,13.0,0.7,996.0,180.0,3.1,6.0,3.5,89.0,0.0,72.0,275.0,-316.0,1.0
3968500,2729500.0,12.0,24.0,14.0,0.9,995.0,184.0,2.0,7.0,3.6,88.0,0.0,60.0,278.0,-316.0,1.0
3968500,2729500.0,12.0,24.0,15.0,1.1,996.0,176.0,2.2,7.0,3.7,88.0,0.0,26.0,286.0,-317.0,1.0
3968500,2729500.0,12.0,24.0,16.0,1.0,996.0,179.0,2.3,7.0,3.7,88.0,0.0,10.0,286.0,-317.0,1.0
3968500,2729500.0,12.0,24.0,17.0,0.8,997.0,187.0,2.4,7.0,3.7,90.0,0.0,0.0,284.0,-317.0,1.0
3968500,2729500.0,12.0,24.0,18.0,0.8,998.0,187.0,2.5,7.0,3.8,92.0,0.0,0.0,283.0,-317.0,1.0
3968500,2729500.0,12.0,24.0,19.0,0.7,998.0,184.0,2.4,7.0,3.8,93.0,0.0,0.0,284.0,-317.0,1.0
3968500,2729500.0,12.0,24.0,20.0,0.5,999.0,186.0,1.9,7.0,3.8,94.0,0.0,0.0,285.0,-317.0,1.0
3968500,2729500.0,12.0,24.0,21.0,0.7,1000.0,180.0,2.0,7.0,3.7,93.0,0.0,0.0,285.0,-316.0,1.0
3968500,2729500.0,12.0,24.0,22.0,0.6,1000.0,190.0,2.9,5.0,3.8,94.0,0.0,0.0,270.0,-314.0,1.0
3968500,2729500.0,12.0,24.0,23.0,-0.3,1000.0,161.0,2.0,4.0,3.7,94.0,0.0,0.0,250.0,-312.0,1.0
3968500,2729500.0,12.0,24.0,24.0,0.0,1000.0,192.0,3.1,1.0,3.6,94.0,0.0,0.0,225.0,-312.0,1.0
3968500,2729500.0,12.0,25.0,1.0,0.1,1000.0,192.0,3.8,3.0,3.6,94.0,0.0,0.0,220.0,-312.0,1.0
3968500,2729500.0,12.0,25.0,2.0,-0.2,1000.0,186.0,4.1,3.0,3.6,94.0,0.0,0.0,236.0,-313.0,1.0
3968500,2729500.0,12.0,25.0,3.0,-0.5,1000.0,189.0,5.4,4.0,3.5,94.0,0.0,0.0,246.0,-314.0,1.0
3968500,2729500.0,12.0,25.0,4.0,0.1,1000.0,190.0,6.5,6.0,3.5,92.0,0.0,0.0,268.0,-315.0,1.0
3968500,2729500.0,12.0,25.0,5.0,0.2,999.0,190.0,5.5,7.0,3.4,88.0,0.0,0.0,288.0,-316.0,1.0
3968500,2729500.0,12.0,25.0,6.0,0.2,1000.0,188.0,5.9,7.0,3.3,86.0,0.0,0.0,294.0,-317.0,1.0
3968500,2729500.0,12.0,25.0,7.0,0.8,999.0,183.0,6.3,6.0,3.4,85.0,0.0,0.0,290.0,-317.0,1.0
3968500,2729500.0,12.0,25.0,8.0,1.1,1000.0,190.0,6.0,7.0,3.4,84.0,0.0,0.0,292.0,-317.0,1.0
3968500,2729500.0,12.0,25.0,9.0,1.3,999.0,175.0,6.3,8.0,3.5,84.0,0.0,1.0,305.0,-317.0,1.0
3968500,2729500.0,12.0,25.0,10.0,1.4,1000.0,179.0,6.4,7.0,3.7,87.0,0.0,13.0,306.0,-317.0,1.0
3968500,2729500.0,12.0,25.0,11.0,1.4,1000.0,177.0,6.5,8.0,3.8,89.0,0.0,39.0,306.0,-317.0,1.0
3968500,2729500.0,12.0,25.0,12.0,1.7,1000.0,171.0,7.4,7.0,3.9,90.0,0.0,57.0,306.0,-318.0,1.0
3968500,2729500.0,12.0,25.0,13.0,1.8,1000.0,164.0,6.9,8.0,3.9,89.0,0.0,42.0,306.0,-319.0,1.0
3968500,2729500.0,12.0,25.0,14.0,1.8,999.0,159.0,6.0,6.0,4.0,90.0,10.0,60.0,300.0,-320.0,1.0
3968500,2729500.0,12.0,25.0,15.0,1.9,999.0,171.0,5.7,7.0,4.1,93.0,15.0,40.0,292.0,-320.0,1.0
3968500,2729500.0,12.0,25.0,16.0,2.0,998.0,181.0,5.7,8.0,4.2,94.0,0.0,9.0,305.0,-320.0,1.0
3968500,2729500.0,12.0,25.0,17.0,2.0,998.0,187.0,6.8,8.0,4.2,94.0,0.0,1.0,310.0,-321.0,1.0
3968500,2729500.0,12.0,25.0,18.0,2.2,998.0,176.0,5.8,8.0,4.2,95.0,0.0,0.0,309.0,-321.0,1.0
3968500,2729500.0,12.0,25.0,19.0,2.4,998.0,188.0,5.1,8.0,4.3,94.0,0.0,0.0,309.0,-321.0,1.0
3968500,2729500.0,12.0,25.0,20.0,2.5,997.0,199.0,5.4,8.0,4.3,93.0,0.0,0.0,308.0,-322.0,1.0
3968500,2729500.0,12.0,25.0,21.0,2.7,997.0,208.0,7.2,8.0,4.3,93.0,0.0,0.0,308.0,-323.0,1.0
3968500,2729500.0,12.0,25.0,22.0,3.0,996.0,198.0,5.9,8.0,4.5,94.0,0.0,0.0,307.0,-323.0,1.0
3968500,2729500.0,12.0,25.0,23.0,3.2,996.0,196.0,6.1,8.0,4.6,95.0,0.0,0.0,307.0,-323.0,1.0
3968500,2729500.0,12.0,25.0,24.0,3.5,995.0,183.0,4.9,8.0,4.7,95.0,0.0,0.0,307.0,-322.0,1.0
3968500,2729500.0,12.0,26.0,1.0,3.9,994.0,178.0,5.3,8.0,4.7,93.0,0.0,0.0,307.0,-321.0,1.0
3968500,2729500.0,12.0,26.0,2.0,4.2,992.0,190.0,6.4,8.0,4.8,92.0,0.0,0.0,309.0,-320.0,1.0
3968500,2729500.0,12.0,26.0,3.0,4.5,991.0,193.0,6.0,8.0,4.9,92.0,0.0,0.0,311.0,-318.0,1.0
3968500,2729500.0,12.0,26.0,4.0,4.8,991.0,186.0,6.8,8.0,5.0,92.0,0.0,0.0,314.0,-317.0,1.0
3968500,2729500.0,12.0,26.0,5.0,5.0,990.0,182.0,5.0,8.0,5.0,91.0,0.0,0.0,317.0,-317.0,1.0
3968500,2729500.0,12.0,26.0,6.0,5.2,990.0,183.0,5.9,6.0,5.1,91.0,0.0,0.0,307.0,-317.0,1.0
3968500,2729500.0,12.0,26.0,7.0,5.9,990.0,188.0,5.6,6.0,5.1,88.0,0.0,0.0,299.0,-317.0,1.0
3968500,2729500.0,12.0,26.0,8.0,5.8,990.0,195.0,4.5,6.0,5.2,88.0,0.0,0.0,298.0,-317.0,1.0
3968500,2729500.0,12.0,26.0,9.0,6.1,992.0,237.0,4.9,6.0,4.8,81.0,0.0,4.0,295.0,-317.0,1.0
3968500,2729500.0,12.0,26.0,10.0,6.7,993.0,232.0,4.7,6.0,4.3,70.0,20.0,43.0,295.0,-318.0,1.0
3968500,2729500.0,12.0,26.0,11.0,7.4,994.0,207.0,4.5,3.0,4.1,65.0,70.0,81.0,279.0,-320.0,1.0
3968500,2729500.0,12.0,26.0,12.0,7.7,994.0,216.0,4.9,3.0,4.2,64.0,120.0,98.0,263.0,-323.0,1.0
3968500,2729500.0,12.0,26.0,13.0,8.0,994.0,217.0,5.1,3.0,4.3,64.0,104.0,110.0,265.0,-325.0,1.0
3968500,2729500.0,12.0,26.0,14.0,8.5,993.0,213.0,5.3,4.0,4.2,61.0,75.0,102.0,271.0,-326.0,1.0
3968500,2729500.0,12.0,26.0,15.0,7.9,993.0,211.0,4.5,5.0,4.5,65.0,22.0,71.0,282.0,-326.0,1.0
3968500,2729500.0,12.0,26.0,16.0,6.7,992.0,208.0,4.6,5.0,5.0,77.0,9.0,30.0,287.0,-326.0,1.0
3968500,2729500.0,12.0,26.0,17.0,6.5,991.0,206.0,5.0,7.0,5.3,86.0,0.0,4.0,298.0,-324.0,1.0
3968500,2729500.0,12.0,26.0,18.0,6.0,991.0,205.0,5.6,8.0,5.3,88.0,0.0,0.0,315.0,-324.0,1.0
3968500,2729500.0,12.0,26.0,19.0,6.0,990.0,191.0,6.7,7.0,5.3,89.0,0.0,0.0,315.0,-325.0,1.0
3968500,2729500.0,12.0,26.0,20.0,6.0,988.0,201.0,6.5,8.0,5.3,88.0,0.0,0.0,315.0,-326.0,1.0
3968500,2729500.0,12.0,26.0,21.0,6.2,987.0,200.0,6.7,8.0,5.4,90.0,0.0,0.0,325.0,-327.0,1.0
3968500,2729500.0,12.0,26.0,22.0,6.5,986.0,187.0,6.0,8.0,5.5,90.0,0.0,0.0,330.0,-329.0,1.0
3968500,2729500.0,12.0,26.0,23.0,7.0,984.0,190.0,7.3,8.0,5.7,90.0,0.0,0.0,334.0,-330.0,1.0
3968500,2729500.0,12.0,26.0,24.0,6.8,982.0,193.0,7.8,8.0,5.8,90.0,0.0,0.0,336.0,-331.0,1.0
3968500,2729500.0,12.0,27.0,1.0,6.7,982.0,192.0,8.2,8.0,5.7,90.0,0.0,0.0,337.0,-333.0,1.0
3968500,2729500.0,12.0,27.0,2.0,7.2,982.0,198.0,7.2,8.0,5.7,90.0,0.0,0.0,339.0,-335.0,1.0
3968500,2729500.0,12.0,27.0,3.0,7.3,981.0,199.0,6.5,7.0,5.9,91.0,0.0,0.0,333.0,-336.0,1.0
3968500,2729500.0,12.0,27.0,4.0,8.0,981.0,193.0,5.4,8.0,6.2,92.0,0.0,0.0,336.0,-337.0,1.0
3968500,2729500.0,12.0,27.0,5.0,8.5,981.0,194.0,6.3,8.0,6.2,88.0,0.0,0.0,345.0,-338.0,1.0
3968500,2729500.0,12.0,27.0,6.0,8.7,981.0,190.0,6.9,8.0,6.1,85.0,0.0,0.0,344.0,-338.0,1.0
3968500,2729500.0,12.0,27.0,7.0,9.1,982.0,192.0,5.3,7.0,6.0,82.0,0.0,0.0,336.0,-338.0,1.0
3968500,2729500.0,12.0,27.0,8.0,8.6,982.0,190.0,4.3,7.0,6.0,83.0,0.0,0.0,325.0,-337.0,1.0
3968500,2729500.0,12.0,27.0,9.0,8.7,983.0,190.0,4.6,7.0,6.1,85.0,0.0,1.0,322.0,-337.0,1.0
3968500,2729500.0,12.0,27.0,10.0,8.1,984.0,215.0,4.0,7.0,6.1,86.0,0.0,13.0,319.0,-336.0,1.0
3968500,2729500.0,12.0,27.0,11.0,7.7,985.0,213.0,2.8,7.0,6.0,88.0,0.0,49.0,317.0,-336.0,1.0
3968500,2729500.0,12.0,27.0,12.0,7.5,985.0,215.0,2.5,7.0,6.0,89.0,0.0,58.0,317.0,-336.0,1.0
3968500,2729500.0,12.0,27.0,13.0,7.2,984.0,194.0,1.7,8.0,6.0,91.0,0.0,42.0,325.0,-336.0,1.0
3968500,2729500.0,12.0,27.0,14.0,7.3,984.0,191.0,2.9,8.0,6.1,94.0,0.0,47.0,332.0,-336.0,1.0
3968500,2729500.0,12.0,27.0,15.0,7.3,984.0,182.0,3.9,8.0,6.3,96.0,0.0,28.0,332.0,-337.0,1.0
3968500,2729500.0,12.0,27.0,16.0,7.6,983.0,181.0,4.8,8.0,6.3,96.0,0.0,8.0,333.0,-338.0,1.0
3968500,2729500.0,12.0,27.0,17.0,8.7,982.0,186.0,5.7,7.0,6.1,87.0,0.0,0.0,328.0,-338.0,1.0
3968500,2729500.0,12.0,27.0,18.0,9.1,982.0,197.0,6.4,7.0,5.4,74.0,0.0,0.0,323.0,-339.0,1.0
3968500,2729500.0,12.0,27.0,19.0,10.0,982.0,209.0,7.7,8.0,5.3,69.0,0.0,0.0,332.0,-340.0,1.0
3968500,2729500.0,12.0,27.0,20.0,10.3,982.0,204.0,5.8,8.0,5.6,70.0,0.0,0.0,342.0,-341.0,1.0
3968500,2729500.0,12.0,27.0,21.0,10.6,982.0,205.0,6.1,7.0,5.7,71.0,0.0,0.0,338.0,-342.0,1.0
3968500,2729500.0,12.0,27.0,22.0,10.9,982.0,203.0,5.7,6.0,5.8,70.0,0.0,0.0,329.0,-344.0,1.0
3968500,2729500.0,12.0,27.0,23.0,10.6,983.0,198.0,5.1,6.0,5.7,69.0,0.0,0.0,325.0,-344.0,1.0
3968500,2729500.0,12.0,27.0,24.0,10.1,983.0,193.0,5.2,6.0,5.4,67.0,0.0,0.0,323.0,-343.0,1.0
3968500,2729500.0,12.0,28.0,1.0,9.8,983.0,186.0,5.7,5.0,5.3,68.0,0.0,0.0,316.0,-343.0,1.0
3968500,2729500.0,12.0,28.0,2.0,10.5,983.0,192.0,6.3,5.0,5.2,66.0,0.0,0.0,310.0,-343.0,1.0
3968500,2729500.0,12.0,28.0,3.0,10.4,984.0,190.0,6.0,4.0,5.1,63.0,0.0,0.0,304.0,-342.0,1.0
3968500,2729500.0,12.0,28.0,4.0,9.3,984.0,183.0,6.0,3.0,5.0,65.0,0.0,0.0,291.0,-340.0,1.0
3968500,2729500.0,12.0,28.0,5.0,9.1,985.0,185.0,4.9,5.0,5.0,68.0,0.0,0.0,293.0,-339.0,1.0
3968500,2729500.0,12.0,28.0,6.0,8.9,985.0,193.0,5.1,7.0,5.2,70.0,0.0,0.0,307.0,-338.0,1.0
3968500,2729500.0,12.0,28.0,7.0,8.7,986.0,192.0,4.3,6.0,5.2,72.0,0.0,0.0,309.0,-338.0,1.0
3968500,2729500.0,12.0,28.0,8.0,8.5,986.0,196.0,4.5,4.0,5.3,74.0,0.0,0.0,293.0,-337.0,1.0
3968500,2729500.0,12.0,28.0,9.0,7.9,986.0,194.0,4.8,4.0,5.2,75.0,0.0,5.0,280.0,-336.0,1.0
3968500,2729500.0,12.0,28.0,10.0,8.3,986.0,188.0,4.6,4.0,5.2,75.0,17.0,42.0,276.0,-336.0,1.0
3968500,2729500.0,12.0,28.0,11.0,9.0,987.0,193.0,5.6,5.0,5.2,73.0,49.0,86.0,278.0,-337.0,1.0
3968500,2729500.0,12.0,28.0,12.0,9.5,987.0,195.0,5.5,3.0,5.4,72.0,121.0,103.0,270.0,-339.0,1.0
3968500,2729500.0,12.0,28.0,13.0,10.5,987.0,196.0,5.4,5.0,5.7,72.0,93.0,117.0,270.0,-341.0,1.0
3968500,2729500.0,12.0,28.0,14.0,10.7,986.0,197.0,5.6,4.0,5.7,70.0,77.0,105.0,278.0,-342.0,1.0
3968500,2729500.0,12.0,28.0,15.0,10.4,986.0,199.0,5.6,5.0,5.5,67.0,18.0,71.0,280.0,-343.0,1.0
3968500,2729500.0,12.0,28.0,16.0,10.1,986.0,196.0,4.3,6.0,5.3,67.0,2.0,23.0,292.0,-343.0,1.0
3968500,2729500.0,12.0,28.0,17.0,9.7,987.0,201.0,4.3,6.0,5.4,69.0,0.0,6.0,298.0,-340.0,1.0
3968500,2729500.0,12.0,28.0,18.0,9.5,987.0,206.0,3.6,7.0,5.5,72.0,0.0,0.0,305.0,-338.0,1.0
3968500,2729500.0,12.0,28.0,19.0,8.0,988.0,268.0,3.8,8.0,5.3,74.0,0.0,0.0,314.0,-338.0,1.0
3968500,2729500.0,12.0,28.0,20.0,7.5,989.0,263.0,3.4,7.0,5.1,76.0,0.0,0.0,311.0,-339.0,1.0
3968500,2729500.0,12.0,28.0,21.0,6.9,989.0,204.0,2.4,7.0,5.1,79.0,0.0,0.0,304.0,-339.0,1.0
3968500,2729500.0,12.0,28.0,22.0,6.7,990.0,251.0,1.3,6.0,4.9,77.0,0.0,0.0,297.0,-339.0,1.0
3968500,2729500.0,12.0,28.0,23.0,6.7,991.0,239.0,2.0,6.0,4.6,74.0,0.0,0.0,290.0,-338.0,1.0
3968500,2729500.0,12.0,28.0,24.0,6.4,992.0,223.0,1.5,8.0,4.4,71.0,0.0,0.0,301.0,-336.0,1.0
3968500,2729500.0,12.0,29.0,1.0,5.4,993.0,284.0,1.1,6.0,4.3,73.0,0.0,0.0,298.0,-333.0,1.0
3968500,2729500.0,12.0,29.0,2.0,4.3,993.0,187.0,0.8,4.0,4.4,80.0,0.0,0.0,273.0,-330.0,1.0
3968500,2729500.0,12.0,29.0,3.0,3.8,994.0,213.0,1.1,2.0,4.3,83.0,0.0,0.0,248.0,-326.0,1.0
3968500,2729500.0,12.0,29.0,4.0,2.5,995.0,171.0,0.2,1.0,4.3,88.0,0.0,0.0,231.0,-322.0,1.0
3968500,2729500.0,12.0,29.0,5.0,1.9,995.0,161.0,1.2,1.0,4.3,94.0,0.0,0.0,229.0,-321.0,1.0
3968500,2729500.0,12.0,29.0,6.0,1.3,996.0,147.0,1.5,1.0,4.1,95.0,0.0,0.0,230.0,-322.0,1.0
3968500,2729500.0,12.0,29.0,7.0,0.7,996.0,156.0,1.3,1.0,4.0,98.0,0.0,0.0,228.0,-320.0,1.0
3968500,2729500.0,12.0,29.0,8.0,1.2,997.0,203.0,1.8,1.0,4.1,98.0,0.0,0.0,226.0,-318.0,1.0
3968500,2729500.0,12.0,29.0,9.0,0.7,997.0,176.0,2.1,2.0,4.1,99.0,0.0,6.0,229.0,-318.0,1.0
3968500,2729500.0,12.0,29.0,10.0,0.8,998.0,82.0,1.0,4.0,4.0,99.0,34.0,44.0,240.0,-320.0,1.0
3968500,2729500.0,12.0,29.0,11.0,2.4,998.0,219.0,1.0,4.0,4.1,95.0,98.0,73.0,250.0,-325.0,1.0
3968500,2729500.0,12.0,29.0,12.0,4.2,998.0,152.0,2.1,4.0,4.3,88.0,138.0,88.0,254.0,-331.0,1.0
3968500,2729500.0,12.0,29.0,13.0,5.8,998.0,178.0,2.5,4.0,4.3,79.0,139.0,94.0,256.0,-336.0,1.0
3968500,2729500.0,12.0,29.0,14.0,5.5,997.0,74.0,2.7,5.0,4.3,75.0,97.0,93.0,261.0,-338.0,1.0
3968500,2729500.0,12.0,29.0,15.0,6.4,996.0,22.0,1.5,4.0,4.3,74.0,39.0,71.0,261.0,-338.0,1.0
3968500,2729500.0,12.0,29.0,16.0,5.9,996.0,110.0,1.6,4.0,4.3,73.0,16.0,31.0,257.0,-336.0,1.0
3968500,2729500.0,12.0,29.0,17.0,3.7,996.0,195.0,0.8,5.0,4.2,77.0,0.0,3.0,256.0,-332.0,1.0
3968500,2729500.0,12.0,29.0,18.0,2.5,996.0,2.0,1.1,4.0,4.1,84.0,0.0,0.0,250.0,-324.0,1.0
3968500,2729500.0,12.0,29.0,19.0,2.9,996.0,91.0,1.1,4.0,4.1,88.0,0.0,0.0,248.0,-318.0,1.0
3968500,2729500.0,12.0,29.0,20.0,2.4,995.0,94.0,1.2,3.0,4.2,90.0,0.0,0.0,246.0,-316.0,1.0
3968500,2729500.0,12.0,29.0,21.0,2.1,995.0,44.0,1.7,1.0,4.2,93.0,0.0,0.0,234.0,-315.0,1.0
3968500,2729500.0,12.0,29.0,22.0,2.1,995.0,119.0,0.7,1.0,4.3,96.0,0.0,0.0,226.0,-315.0,1.0
3968500,2729500.0,12.0,29.0,23.0,1.7,995.0,43.0,0.5,1.0,4.3,98.0,0.0,0.0,225.0,-315.0,1.0
3968500,2729500.0,12.0,29.0,24.0,1.3,995.0,62.0,0.3,1.0,4.2,98.0,0.0,0.0,224.0,-315.0,1.0
3968500,2729500.0,12.0,30.0,1.0,0.9,995.0,102.0,1.2,2.0,4.0,96.0,0.0,0.0,227.0,-315.0,1.0
3968500,2729500.0,12.0,30.0,2.0,0.0,994.0,21.0,1.4,1.0,3.8,96.0,0.0,0.0,225.0,-315.0,1.0
3968500,2729500.0,12.0,30.0,3.0,-0.1,994.0,39.0,1.5,1.0,3.7,97.0,0.0,0.0,219.0,-314.0,1.0
3968500,2729500.0,12.0,30.0,4.0,-0.6,994.0,39.0,0.9,2.0,3.6,97.0,0.0,0.0,221.0,-313.0,1.0
3968500,2729500.0,12.0,30.0,5.0,-0.8,994.0,45.0,0.0,2.0,3.6,97.0,0.0,0.0,225.0,-311.0,1.0
3968500,2729500.0,12.0,30.0,6.0,-0.9,993.0,165.0,0.6,1.0,3.6,98.0,0.0,0.0,221.0,-310.0,1.0
3968500,2729500.0,12.0,30.0,7.0,-0.6,993.0,157.0,1.3,3.0,3.6,98.0,0.0,0.0,228.0,-310.0,1.0
3968500,2729500.0,12.0,30.0,8.0,-2.3,993.0,16.0,1.5,2.0,3.4,99.0,0.0,0.0,232.0,-311.0,1.0
3968500,2729500.0,12.0,30.0,9.0,-1.5,993.0,179.0,2.0,3.0,3.4,100.0,0.0,4.0,233.0,-311.0,1.0
3968500,2729500.0,12.0,30.0,10.0,-2.2,993.0,170.0,2.0,3.0,3.4,99.0,23.0,38.0,240.0,-311.0,1.0
3968500,2729500.0,12.0,30.0,11.0,1.1,994.0,168.0,2.4,3.0,3.6,97.0,70.0,69.0,244.0,-313.0,1.0
3968500,2729500.0,12.0,30.0,12.0,2.8,994.0,157.0,1.8,3.0,4.0,90.0,124.0,79.0,250.0,-314.0,1.0
3968500,2729500.0,12.0,30.0,13.0,3.7,994.0,176.0,2.5,2.0,4.0,83.0,160.0,72.0,249.0,-316.0,1.0
3968500,2729500.0,12.0,30.0,14.0,5.0,993.0,166.0,2.8,2.0,4.0,75.0,158.0,61.0,246.0,-319.0,1.0
3968500,2729500.0,12.0,30.0,15.0,5.6,993.0,178.0,2.8,1.0,4.0,71.0,92.0,54.0,246.0,-319.0,1.0
3968500,2729500.0,12.0,30.0,16.0,3.5,993.0,185.0,0.9,1.0,4.0,76.0,26.0,29.0,240.0,-317.0,1.0
3968500,2729500.0,12.0,30.0,17.0,1.5,993.0,131.0,0.6,0.0,4.1,88.0,1.0,4.0,232.0,-316.0,1.0
3968500,2729500.0,12.0,30.0,18.0,0.6,993.0,89.0,0.5,0.0,4.1,97.0,0.0,0.0,224.0,-315.0,1.0
3968500,2729500.0,12.0,30.0,19.0,0.2,993.0,169.0,0.2,0.0,4.0,100.0,0.0,0.0,222.0,-313.0,1.0
3968500,2729500.0,12.0,30.0,20.0,0.4,993.0,156.0,0.6,0.0,4.0,98.0,0.0,0.0,221.0,-311.0,1.0
3968500,2729500.0,12.0,30.0,21.0,0.3,994.0,170.0,0.6,0.0,3.9,98.0,0.0,0.0,221.0,-310.0,1.0
3968500,2729500.0,12.0,30.0,22.0,0.1,993.0,172.0,0.6,0.0,3.8,97.0,0.0,0.0,220.0,-310.0,1.0
3968500,2729500.0,12.0,30.0,23.0,0.3,993.0,190.0,0.7,1.0,3.8,96.0,0.0,0.0,219.0,-310.0,1.0
3968500,2729500.0,12.0,30.0,24.0,0.6,993.0,204.0,0.9,2.0,3.9,94.0,0.0,0.0,217.0,-309.0,1.0
3968500,2729500.0,12.0,31.0,1.0,1.1,1002.0,228.0,1.3,4.0,3.9,93.0,0.0,0.0,299.0,-319.0,1.0
3968500,2729500.0,12.0,31.0,2.0,1.6,1002.0,256.0,1.8,5.0,4.0,92.0,0.0,0.0,288.0,-317.0,1.0
3968500,2729500.0,12.0,31.0,3.0,1.9,1003.0,282.0,2.2,6.0,4.0,90.0,0.0,0.0,282.0,-317.0,1.0
3968500,2729500.0,12.0,31.0,4.0,1.7,1003.0,297.0,2.3,6.0,4.0,90.0,0.0,0.0,277.0,-316.0,1.0
3968500,2729500.0,12.0,31.0,5.0,1.6,1003.0,292.0,2.1,6.0,4.0,91.0,0.0,0.0,271.0,-315.0,1.0
3968500,2729500.0,12.0,31.0,6.0,1.5,1003.0,330.0,1.8,7.0,3.9,91.0,0.0,0.0,281.0,-316.0,1.0
3968500,2729500.0,12.0,31.0,7.0,0.9,1003.0,263.0,2.0,8.0,3.9,93.0,0.0,0.0,296.0,-316.0,1.0
3968500,2729500.0,12.0,31.0,8.0,0.7,1003.0,291.0,2.0,8.0,3.8,94.0,0.0,0.0,300.0,-317.0,1.0
3968500,2729500.0,12.0,31.0,9.0,0.9,1004.0,138.0,2.3,7.0,3.8,94.0,0.0,5.0,295.0,-317.0,1.0
3968500,2729500.0,12.0,31.0,10.0,1.2,1004.0,287.0,1.7,6.0,3.9,93.0,7.0,34.0,285.0,-316.0,1.0
3968500,2729500.0,12.0,31.0,11.0,2.5,1004.0,256.0,1.7,8.0,3.9,89.0,0.0,48.0,292.0,-316.0,1.0
3968500,2729500.0,12.0,31.0,12.0,2.4,1005.0,323.0,2.3,7.0,3.9,86.0,4.0,82.0,299.0,-317.0,1.0
3968500,2729500.0,12.0,31.0,13.0,2.9,1005.0,188.0,2.3,5.0,3.9,84.0,78.0,84.0,283.0,-320.0,1.0
3968500,2729500.0,12.0,31.0,14.0,3.2,1005.0,265.0,1.8,8.0,3.9,82.0,6.0,78.0,289.0,-322.0,1.0
3968500,2729500.0,12.0,31.0,15.0,3.1,1005.0,215.0,1.7,7.0,4.0,82.0,6.0,56.0,299.0,-322.0,1.0
3968500,2729500.0,12.0,31.0,16.0,2.4,1005.0,272.0,1.7,7.0,4.0,87.0,3.0,17.0,291.0,-318.0,1.0
3968500,2729500.0,12.0,31.0,17.0,1.6,1005.0,264.0,1.7,7.0,4.1,92.0,0.0,0.0,288.0,-316.0,1.0
3968500,2729500.0,12.0,31.0,18.0,1.5,1004.0,140.0,1.3,8.0,4.0,93.0,0.0,0.0,290.0,-314.0,1.0
3968500,2729500.0,12.0,31.0,19.0,1.2,1004.0,219.0,1.2,7.0,4.0,94.0,0.0,0.0,289.0,-311.0,1.0
3968500,2729500.0,12.0,31.0,20.0,1.0,1004.0,167.0,1.3,6.0,3.9,95.0,0.0,0.0,278.0,-310.0,1.0
3968500,2729500.0,12.0,31.0,21.0,0.8,1004.0,174.0,1.3,6.0,3.9,96.0,0.0,0.0,272.0,-309.0,1.0
3968500,2729500.0,12.0,31.0,22.0,0.5,1004.0,165.0,1.3,6.0,3.8,96.0,0.0,0.0,272.0,-308.0,1.0
3968500,2729500.0,12.0,31.0,23.0,-0.1,1004.0,167.0,1.6,6.0,3.7,97.0,0.0,0.0,266.0,-307.0,1.0
3968500,2729500.0,12.0,31.0,24.0,-0.7,1004.0,167.0,2.0,6.0,3.6,98.0,0.0,0.0,264.0,-305.0,1.0
