RW,HW,MM,DD,HH,t,p,WR,WG,N,x,RF,B,D,A,E,IL
3968500,2729500,1,1,1,-2.6,1008,226,4.4,8,3.0,93,0,0,228,-253,2
3968500,2729500,1,1,2,-3.8,1008,237,4.0,8,2.7,94,0,0,234,-252,2
3968500,2729500,1,1,3,-4.6,1009,234,3.7,8,2.5,95,0,0,236,-249,2
3968500,2729500,1,1,4,-4.0,1009,218,3.6,8,2.7,96,0,0,236,-246,2
3968500,2729500,1,1,5,-3.4,1009,199,3.4,8,2.8,97,0,0,237,-238,2
3968500,2729500,1,1,6,-3.0,1009,172,3.0,7,3.0,97,0,0,234,-231,2
3968500,2729500,1,1,7,-2.8,1010,167,2.6,7,3.1,100,0,0,231,-232,2
3968500,2729500,1,1,8,-2.3,1010,156,2.5,7,3.2,100,0,0,232,-237,2
3968500,2729500,1,1,9,-1.6,1010,164,1.6,7,3.3,100,0,1,234,-238,2
3968500,2729500,1,1,10,-1.2,1011,150,2.4,7,3.4,99,4,44,236,-239,2
3968500,2729500,1,1,11,-1.0,1011,148,3.1,7,3.4,98,0,58,237,-244,2
3968500,2729500,1,1,12,-0.5,1012,153,2.9,7,3.5,96,0,54,240,-250,2
3968500,2729500,1,1,13,0.2,1012,169,2.9,7,3.5,94,0,64,246,-256,2
3968500,2729500,1,1,14,0.2,1011,151,3.6,8,3.5,92,0,48,253,-260,2
3968500,2729500,1,1,15,0.6,1011,214,3.5,7,3.6,92,0,44,252,-261,2
3968500,2729500,1,1,16,0.6,1011,155,3.7,7,3.7,92,0,25,248,-261,2
3968500,2729500,1,1,17,-0.8,1011,160,4.5,6,3.5,93,0,1,241,-259,2
3968500,2729500,1,1,18,-1.7,1011,159,3.7,5,3.3,96,0,0,231,-257,2
3968500,2729500,1,1,19,-1.4,1011,169,4.0,4,3.2,96,0,0,224,-257,2
3968500,2729500,1,1,20,-1.3,1011,169,3.6,5,3.1,89,0,0,225,-257,2
3968500,2729500,1,1,21,-2.0,1011,173,3.1,7,2.9,85,0,0,232,-257,2
3968500,2729500,1,1,22,-2.1,1010,175,3.8,6,2.8,84,0,0,233,-256,2
3968500,2729500,1,1,23,-2.3,1010,167,3.8,6,2.7,84,0,0,231,-255,2
3968500,2729500,1,1,24,-3.3,1010,175,3.7,6,2.7,87,0,0,231,-254,2
3968500,2729500,1,2,1,-3.4,1009,173,3.8,7,2.7,90,0,0,232,-253,2
3968500,2729500,1,2,2,-3.6,1009,162,3.9,5,2.7,91,0,0,231,-252,2
3968500,2729500,1,2,3,-4.2,1009,174,3.0,6,2.6,92,0,0,229,-252,2
3968500,2729500,1,2,4,-3.8,1009,161,3.0,6,2.6,93,0,0,232,-251,2
3968500,2729500,1,2,5,-2.8,1009,162,3.3,8,2.8,93,0,0,242,-250,2
3968500,2729500,1,2,6,-1.2,1008,187,3.6,8,3.0,92,0,0,256,-250,2
3968500,2729500,1,2,7,0.5,1008,234,4.0,8,3.3,89,0,0,268,-250,2
3968500,2729500,1,2,8,0.9,1008,251,5.3,7,3.4,86,0,0,273,-250,2
3968500,2729500,1,2,9,0.5,1007,224,4.6,7,3.5,88,0,1,273,-250,2
3968500,2729500,1,2,10,0.5,1008,179,3.0,8,3.6,92,0,25,280,-250,2
3968500,2729500,1,2,11,1.2,1008,124,3.1,8,3.7,91,0,32,287,-251,2
3968500,2729500,1,2,12,0.5,1008,150,3.4,8,3.8,93,0,35,288,-254,2
3968500,2729500,1,2,13,0.6,1009,149,3.2,8,3.9,98,0,39,287,-258,2
3968500,2729500,1,2,14,0.6,1008,10,2.5,8,4.0,99,0,34,288,-261,2
3968500,2729500,1,2,15,0.0,1008,107,2.3,8,3.9,100,0,25,288,-263,2
3968500,2729500,1,2,16,0.3,1008,143,2.2,8,3.8,99,0,12,286,-263,2
3968500,2729500,1,2,17,0.1,1009,214,1.9,8,3.8,99,0,1,286,-263,2
3968500,2729500,1,2,18,0.4,1010,20,2.5,8,3.9,100,0,0,287,-265,2
3968500,2729500,1,2,19,0.3,1010,23,2.5,8,3.9,100,0,0,286,-270,2
3968500,2729500,1,2,20,-0.4,1010,49,1.6,7,3.8,100,0,0,278,-274,2
3968500,2729500,1,2,21,-0.7,1011,355,2.4,6,3.6,99,0,0,264,-277,2
3968500,2729500,1,2,22,-1.7,1011,54,1.2,4,3.5,99,0,0,247,-280,2
3968500,2729500,1,2,23,-1.7,1011,26,1.2,4,3.3,99,0,0,236,-283,2
3968500,2729500,1,2,24,-2.4,1012,65,2.2,3,3.2,99,0,0,230,-284,2
3968500,2729500,1,3,1,-3.6,1012,85,2.7,2,2.9,96,0,0,217,-283,2
3968500,2729500,1,3,2,-4.7,1013,108,2.2,2,2.5,91,0,0,208,-279,2
3968500,2729500,1,3,3,-5.5,1013,89,1.8,2,2.4,92,0,0,203,-274,2
3968500,2729500,1,3,4,-6.2,1014,65,1.9,4,2.3,92,0,0,203,-269,2
3968500,2729500,1,3,5,-6.6,1013,61,1.5,2,2.1,90,0,0,199,-265,2
3968500,2729500,1,3,6,-6.3,1013,96,2.6,1,2.1,88,0,0,193,-264,2
3968500,2729500,1,3,7,-7.5,1013,51,1.4,1,2.0,89,0,0,191,-262,2
3968500,2729500,1,3,8,-6.9,1014,22,2.1,5,2.0,91,0,0,193,-258,2
3968500,2729500,1,3,9,-6.7,1014,150,2.0,5,2.0,88,0,5,198,-252,2
3968500,2729500,1,3,10,-5.6,1014,204,1.8,4,2.0,84,67,23,197,-246,2
3968500,2729500,1,3,11,-4.4,1016,167,2.2,1,2.0,78,146,30,195,-248,2
3968500,2729500,1,3,12,-4.3,1015,177,3.2,0,2.0,72,173,40,190,-252,2
3968500,2729500,1,3,13,-4.0,1015,169,3.3,0,1.9,68,179,46,188,-252,2
3968500,2729500,1,3,14,-3.2,1014,154,3.1,0,1.8,62,137,56,188,-253,2
3968500,2729500,1,3,15,-3.5,1014,105,2.4,2,1.7,58,78,55,191,-252,2
3968500,2729500,1,3,16,-4.6,1014,101,2.8,2,1.7,59,14,33,193,-249,2
3968500,2729500,1,3,17,-6.5,1014,84,2.3,2,1.6,65,0,2,190,-247,2
3968500,2729500,1,3,18,-7.3,1014,98,2.3,1,1.6,71,0,0,186,-253,2
3968500,2729500,1,3,19,-7.6,1014,107,2.3,2,1.6,75,0,0,185,-258,2
3968500,2729500,1,3,20,-8.7,1014,78,1.7,1,1.6,80,0,0,185,-259,2
3968500,2729500,1,3,21,-8.8,1014,90,2.2,1,1.6,83,0,0,182,-258,2
3968500,2729500,1,3,22,-9.8,1014,83,1.6,1,1.6,87,0,0,181,-255,2
3968500,2729500,1,3,23,-10.4,1014,120,1.6,1,1.6,92,0,0,180,-247,2
3968500,2729500,1,3,24,-9.8,1014,89,1.7,2,1.6,91,0,0,182,-238,2
3968500,2729500,1,4,1,-10.1,1014,109,1.9,1,1.6,88,0,0,183,-232,2
3968500,2729500,1,4,2,-11.2,1014,21,1.7,1,1.5,89,0,0,180,-228,2
3968500,2729500,1,4,3,-11.5,1013,334,2.1,1,1.5,93,0,0,178,-225,2
3968500,2729500,1,4,4,-11.8,1013,328,1.7,0,1.5,95,0,0,175,-222,2
3968500,2729500,1,4,5,-13.0,1013,184,1.4,1,1.4,96,0,0,174,-221,2
3968500,2729500,1,4,6,-12.9,1013,341,2.3,0,1.3,96,0,0,173,-219,2
3968500,2729500,1,4,7,-13.3,1013,212,1.7,0,1.3,96,0,0,170,-220,2
3968500,2729500,1,4,8,-13.3,1013,146,1.4,1,1.3,95,0,0,173,-229,2
3968500,2729500,1,4,9,-13.9,1013,35,1.3,1,1.3,95,0,6,174,-239,2
3968500,2729500,1,4,10,-11.6,1014,131,2.0,0,1.3,92,71,14,173,-243,2
3968500,2729500,1,4,11,-8.8,1014,170,2.8,0,1.4,81,149,30,175,-248,2
3968500,2729500,1,4,12,-8.0,1014,145,2.7,0,1.4,69,172,35,178,-253,2
3968500,2729500,1,4,13,-7.1,1013,140,2.6,0,1.4,64,174,35,178,-259,2
3968500,2729500,1,4,14,-5.5,1013,156,2.7,0,1.3,56,143,39,180,-262,2
3968500,2729500,1,4,15,-5.6,1014,147,2.8,1,1.3,51,105,31,185,-264,2
3968500,2729500,1,4,16,-6.3,1013,145,2.1,2,1.3,53,32,27,192,-263,2
3968500,2729500,1,4,17,-8.4,1013,155,2.1,2,1.3,61,0,3,194,-260,2
3968500,2729500,1,4,18,-9.9,1013,143,2.5,1,1.3,71,0,0,189,-257,2
3968500,2729500,1,4,19,-9.5,1013,138,2.0,1,1.3,74,0,0,184,-256,2
3968500,2729500,1,4,20,-10.5,1013,193,1.7,0,1.3,76,0,0,181,-255,2
3968500,2729500,1,4,21,-10.6,1014,159,1.5,1,1.3,79,0,0,179,-253,2
3968500,2729500,1,4,22,-12.0,1014,129,1.3,1,1.3,83,0,0,180,-252,2
3968500,2729500,1,4,23,-10.8,1014,149,2.1,1,1.3,84,0,0,180,-250,2
3968500,2729500,1,4,24,-11.5,1014,153,2.5,1,1.3,83,0,0,179,-250,2
3968500,2729500,1,5,1,-11.7,1014,139,1.8,0,1.3,85,0,0,174,-251,2
3968500,2729500,1,5,2,-11.6,1015,151,2.2,0,1.3,85,0,0,171,-251,2
3968500,2729500,1,5,3,-11.9,1014,144,1.7,0,1.3,85,0,0,172,-252,2
3968500,2729500,1,5,4,-12.1,1015,143,2.2,0,1.3,86,0,0,172,-252,2
3968500,2729500,1,5,5,-12.0,1015,162,2.4,0,1.3,86,0,0,172,-253,2
3968500,2729500,1,5,6,-12.9,1015,152,2.2,0,1.3,87,0,0,171,-254,2
3968500,2729500,1,5,7,-13.2,1015,148,2.3,0,1.2,88,0,0,170,-254,2
3968500,2729500,1,5,8,-12.9,1015,155,2.5,0,1.2,89,0,0,171,-254,2
3968500,2729500,1,5,9,-13.5,1015,147,1.8,0,1.2,90,1,7,172,-255,2
3968500,2729500,1,5,10,-11.3,1015,151,2.2,1,1.3,86,64,20,175,-256,2
3968500,2729500,1,5,11,-9.1,1015,148,2.8,0,1.3,77,145,29,180,-258,2
3968500,2729500,1,5,12,-8.0,1015,139,3.5,0,1.4,71,172,35,181,-261,2
3968500,2729500,1,5,13,-6.8,1015,136,3.7,1,1.5,68,185,38,185,-265,2
3968500,2729500,1,5,14,-6.3,1014,135,3.8,1,1.5,65,130,54,189,-268,2
3968500,2729500,1,5,15,-5.7,1014,140,3.8,1,1.5,64,106,38,191,-269,2
3968500,2729500,1,5,16,-5.9,1014,142,3.1,2,1.6,64,30,30,194,-268,2
3968500,2729500,1,5,17,-7.1,1014,138,2.4,2,1.6,68,0,3,197,-266,2
3968500,2729500,1,5,18,-7.4,1014,147,3.0,2,1.6,72,0,0,195,-264,2
3968500,2729500,1,5,19,-8.6,1014,144,3.3,1,1.5,75,0,0,190,-262,2
3968500,2729500,1,5,20,-9.0,1014,141,3.0,1,1.5,78,0,0,185,-260,2
3968500,2729500,1,5,21,-10.1,1014,146,2.6,1,1.5,82,0,0,182,-260,2
3968500,2729500,1,5,22,-10.3,1014,139,2.8,1,1.5,84,0,0,180,-259,2
3968500,2729500,1,5,23,-10.8,1014,147,2.5,1,1.4,86,0,0,177,-259,2
3968500,2729500,1,5,24,-11.1,1014,135,2.9,2,1.4,88,0,0,180,-259,2
3968500,2729500,1,6,1,-11.4,1014,145,2.7,3,1.4,89,0,0,191,-258,2
3968500,2729500,1,6,2,-11.3,1014,126,1.0,2,1.4,88,0,0,191,-258,2
3968500,2729500,1,6,3,-12.1,1014,140,2.8,0,1.4,90,0,0,174,-258,2
3968500,2729500,1,6,4,-11.2,1014,137,2.2,1,1.4,92,0,0,169,-259,2
3968500,2729500,1,6,5,-10.8,1013,143,1.9,2,1.5,91,0,0,186,-260,2
3968500,2729500,1,6,6,-9.7,1013,141,2.7,5,1.6,90,0,0,214,-262,2
3968500,2729500,1,6,7,-10.9,1013,147,3.8,7,1.5,89,0,0,243,-265,2
3968500,2729500,1,6,8,-9.9,1012,148,4.3,8,1.6,91,0,0,257,-269,2
3968500,2729500,1,6,9,-8.7,1012,143,4.0,8,1.7,89,0,1,264,-274,2
3968500,2729500,1,6,10,-9.0,1012,143,4.1,8,1.7,88,0,9,266,-280,2
3968500,2729500,1,6,11,-7.5,1012,152,4.4,7,1.8,89,0,36,263,-286,2
3968500,2729500,1,6,12,-6.2,1011,156,3.0,6,2.0,87,25,72,259,-291,2
3968500,2729500,1,6,13,-5.9,1011,160,4.0,6,2.1,88,20,79,259,-295,2
3968500,2729500,1,6,14,-5.2,1010,157,3.8,6,2.2,89,0,67,261,-300,2
3968500,2729500,1,6,15,-4.9,1009,148,3.4,8,2.3,88,0,27,272,-303,2
3968500,2729500,1,6,16,-4.8,1010,153,2.9,8,2.5,93,5,20,282,-305,2
3968500,2729500,1,6,17,-4.7,1009,238,2.6,8,2.6,98,0,4,284,-308,2
3968500,2729500,1,6,18,-3.9,1009,185,3.2,8,2.7,97,0,0,286,-309,2
3968500,2729500,1,6,19,-4.1,1009,171,2.4,8,2.7,97,0,0,289,-313,2
3968500,2729500,1,6,20,-3.9,1009,165,2.0,8,2.8,97,0,0,291,-316,2
3968500,2729500,1,6,21,-3.7,1009,185,1.9,8,2.8,97,0,0,295,-317,2
3968500,2729500,1,6,22,-2.9,1009,192,2.2,7,2.9,96,0,0,292,-317,2
3968500,2729500,1,6,23,-3.5,1009,191,2.5,7,2.9,97,0,0,285,-317,2
3968500,2729500,1,6,24,-3.3,1009,161,3.0,7,2.9,98,0,0,283,-317,2
3968500,2729500,1,7,1,-3.6,1009,153,2.2,8,2.9,99,0,0,290,-317,2
3968500,2729500,1,7,2,-2.9,1009,207,1.6,7,2.9,98,0,0,290,-317,2
3968500,2729500,1,7,3,-2.6,1009,193,2.5,8,3.0,96,0,0,290,-317,2
3968500,2729500,1,7,4,-2.8,1009,241,2.8,8,3.0,97,0,0,298,-317,2
3968500,2729500,1,7,5,-2.6,1009,194,2.1,8,3.0,97,0,0,297,-317,2
3968500,2729500,1,7,6,-2.4,1009,184,1.8,7,3.0,96,0,0,290,-317,2
3968500,2729500,1,7,7,-2.7,1009,203,2.3,8,3.1,97,0,0,290,-317,2
3968500,2729500,1,7,8,-2.6,1009,173,2.0,8,3.1,98,0,0,295,-317,2
3968500,2729500,1,7,9,-2.4,1009,183,1.4,8,3.1,98,0,3,294,-317,2
3968500,2729500,1,7,10,-2.2,1009,163,1.6,7,3.2,99,0,35,290,-317,2
3968500,2729500,1,7,11,-1.9,1009,193,1.4,8,3.3,100,0,46,291,-317,2
3968500,2729500,1,7,12,-1.4,1009,141,1.3,8,3.4,100,0,48,298,-317,2
3968500,2729500,1,7,13,-0.9,1009,173,1.3,7,3.5,100,0,57,294,-317,2
3968500,2729500,1,7,14,-0.6,1009,166,1.2,6,3.6,99,0,53,284,-317,2
3968500,2729500,1,7,15,-0.3,1009,331,1.1,7,3.6,99,0,36,285,-317,2
3968500,2729500,1,7,16,-0.2,1009,334,0.7,7,3.7,99,0,28,292,-317,2
3968500,2729500,1,7,17,-0.4,1009,21,0.2,7,3.7,99,0,1,292,-317,2
3968500,2729500,1,7,18,-0.2,1009,185,0.2,8,3.7,100,0,0,298,-317,2
3968500,2729500,1,7,19,0.3,1009,26,0.4,8,3.8,98,0,0,304,-317,2
3968500,2729500,1,7,20,0.0,1009,29,0.9,8,3.8,98,0,0,304,-317,2
3968500,2729500,1,7,21,0.3,1009,45,0.9,8,3.8,100,0,0,304,-317,2
3968500,2729500,1,7,22,0.3,1009,27,1.0,7,3.9,99,0,0,300,-316,2
3968500,2729500,1,7,23,0.2,1009,280,0.4,7,3.9,100,0,0,295,-316,2
3968500,2729500,1,7,24,0.4,1009,69,0.7,7,3.9,100,0,0,295,-316,2
3968500,2729500,1,8,1,0.3,1009,8,0.9,5,3.9,100,0,0,284,-316,2
3968500,2729500,1,8,2,0.3,1009,46,0.8,7,3.9,100,0,0,283,-315,2
3968500,2729500,1,8,3,0.2,1009,210,1.3,7,3.9,100,0,0,293,-314,2
3968500,2729500,1,8,4,0.4,1009,245,0.8,6,3.9,100,0,0,287,-310,2
3968500,2729500,1,8,5,0.2,1009,115,0.5,6,3.9,100,0,0,281,-303,2
3968500,2729500,1,8,6,0.3,1009,23,1.3,7,3.9,100,0,0,286,-295,2
3968500,2729500,1,8,7,0.2,1009,70,0.8,7,3.9,100,0,0,291,-292,2
3968500,2729500,1,8,8,0.1,1010,36,0.9,8,3.9,100,0,0,295,-291,2
3968500,2729500,1,8,9,0.4,1010,3,1.0,8,3.9,100,0,9,301,-286,2
3968500,2729500,1,8,10,0.8,1010,37,1.4,7,4.0,100,7,49,296,-279,2
3968500,2729500,1,8,11,1.0,1011,138,2.3,8,4.0,99,0,54,296,-274,2
3968500,2729500,1,8,12,0.9,1011,149,2.1,8,4.0,99,0,35,301,-275,2
3968500,2729500,1,8,13,0.9,1011,160,2.6,8,4.0,99,0,35,300,-280,2
3968500,2729500,1,8,14,0.9,1011,138,2.6,8,4.0,99,0,45,301,-287,2
3968500,2729500,1,8,15,0.8,1011,114,2.8,7,3.9,98,0,36,295,-290,2
3968500,2729500,1,8,16,0.7,1011,131,3.1,7,3.9,96,0,16,289,-285,2
3968500,2729500,1,8,17,0.5,1011,122,2.6,6,3.8,96,0,1,282,-281,2
3968500,2729500,1,8,18,0.0,1012,185,2.0,7,3.8,97,0,0,280,-282,2
3968500,2729500,1,8,19,0.0,1012,194,2.3,8,3.7,99,0,0,290,-280,2
3968500,2729500,1,8,20,-0.2,1012,182,2.3,8,3.7,98,0,0,293,-275,2
3968500,2729500,1,8,21,-0.4,1012,186,2.4,7,3.6,98,0,0,287,-270,2
3968500,2729500,1,8,22,-0.6,1012,168,3.2,8,3.6,99,0,0,285,-264,2
3968500,2729500,1,8,23,-1.0,1012,179,3.1,8,3.5,99,0,0,289,-270,2
3968500,2729500,1,8,24,-1.3,1013,172,3.9,8,3.5,99,0,0,287,-279,2
3968500,2729500,1,9,1,-1.2,1013,156,3.9,6,3.4,98,0,0,276,-282,2
3968500,2729500,1,9,2,-1.7,1013,182,3.7,6,3.3,98,0,0,266,-281,2
3968500,2729500,1,9,3,-1.9,1013,153,4.1,8,3.3,99,0,0,273,-278,2
3968500,2729500,1,9,4,-2.3,1013,174,3.6,8,3.2,99,0,0,280,-275,2
3968500,2729500,1,9,5,-2.5,1013,191,2.8,8,3.2,100,0,0,278,-272,2
3968500,2729500,1,9,6,-2.5,1013,154,3.9,8,3.1,99,0,0,276,-274,2
3968500,2729500,1,9,7,-3.0,1014,148,3.9,8,3.1,100,0,0,275,-284,2
3968500,2729500,1,9,8,-3.1,1014,165,4.3,8,3.0,100,0,0,273,-289,2
3968500,2729500,1,9,9,-3.4,1014,162,3.9,8,3.0,100,0,7,271,-291,2
3968500,2729500,1,9,10,-3.2,1014,162,3.9,8,3.0,100,15,26,267,-292,2
3968500,2729500,1,9,11,-3.3,1015,158,4.3,8,3.0,99,0,32,263,-291,2
3968500,2729500,1,9,12,-3.2,1015,164,3.9,8,3.0,99,0,69,258,-289,2
3968500,2729500,1,9,13,-3.2,1015,163,3.8,7,3.0,99,0,62,248,-289,2
3968500,2729500,1,9,14,-3.2,1014,155,3.7,7,3.0,99,0,50,238,-291,2
3968500,2729500,1,9,15,-3.0,1014,159,3.4,8,3.0,100,0,38,234,-291,2
3968500,2729500,1,9,16,-3.1,1015,151,3.3,8,3.0,100,0,18,231,-289,2
3968500,2729500,1,9,17,-3.3,1014,149,3.2,7,3.0,100,0,2,228,-286,2
3968500,2729500,1,9,18,-3.3,1015,160,3.6,8,3.0,100,0,0,228,-283,2
3968500,2729500,1,9,19,-3.5,1015,155,3.3,7,2.9,100,0,0,230,-280,2
3968500,2729500,1,9,20,-3.7,1015,158,3.0,8,2.9,100,0,0,231,-278,2
3968500,2729500,1,9,21,-3.8,1015,162,2.9,7,2.9,100,0,0,233,-277,2
3968500,2729500,1,9,22,-4.0,1015,162,3.2,8,2.8,100,0,0,234,-276,2
3968500,2729500,1,9,23,-4.3,1015,169,3.4,8,2.8,100,0,0,237,-275,2
3968500,2729500,1,9,24,-4.4,1015,172,3.0,7,2.7,100,0,0,236,-275,2
3968500,2729500,1,10,1,-4.6,1015,171,2.9,5,2.7,100,0,0,229,-275,2
3968500,2729500,1,10,2,-4.5,1015,159,2.7,5,2.7,100,0,0,225,-275,2
3968500,2729500,1,10,3,-4.7,1014,174,2.5,5,2.7,100,0,0,226,-274,2
3968500,2729500,1,10,4,-4.9,1014,178,2.4,5,2.7,100,0,0,226,-273,2
3968500,2729500,1,10,5,-5.0,1014,171,2.6,5,2.6,100,0,0,226,-273,2
3968500,2729500,1,10,6,-5.3,1014,153,2.9,7,2.6,100,0,0,231,-274,2
3968500,2729500,1,10,7,-5.5,1014,144,3.2,8,2.5,100,0,0,238,-275,2
3968500,2729500,1,10,8,-5.5,1014,161,2.9,8,2.5,100,0,0,242,-274,2
3968500,2729500,1,10,9,-5.6,1014,162,3.3,8,2.5,100,0,4,243,-274,2
3968500,2729500,1,10,10,-5.4,1014,160,3.6,8,2.5,100,8,38,244,-277,2
3968500,2729500,1,10,11,-5.2,1014,158,3.5,7,2.5,100,4,67,243,-281,2
3968500,2729500,1,10,12,-5.3,1014,183,3.9,8,2.6,100,0,71,244,-285,2
3968500,2729500,1,10,13,-5.0,1014,175,3.1,7,2.6,100,0,82,245,-288,2
3968500,2729500,1,10,14,-5.1,1013,161,2.6,7,2.6,100,3,84,245,-291,2
3968500,2729500,1,10,15,-5.3,1012,154,2.4,7,2.6,100,3,65,246,-292,2
3968500,2729500,1,10,16,-5.4,1012,146,3.3,8,2.5,99,3,33,250,-290,2
3968500,2729500,1,10,17,-5.7,1012,146,3.9,7,2.5,99,0,3,251,-287,2
3968500,2729500,1,10,18,-5.7,1012,153,4.3,6,2.5,100,0,0,246,-291,2
3968500,2729500,1,10,19,-5.8,1012,158,4.4,6,2.5,100,0,0,243,-296,2
3968500,2729500,1,10,20,-6.0,1012,163,3.7,7,2.4,100,0,0,247,-299,2
3968500,2729500,1,10,21,-6.0,1012,170,3.7,5,2.4,100,0,0,244,-300,2
3968500,2729500,1,10,22,-6.0,1011,175,3.8,8,2.4,100,0,0,248,-301,2
3968500,2729500,1,10,23,-5.9,1011,177,3.7,8,2.4,100,0,0,259,-303,2
3968500,2729500,1,10,24,-5.7,1011,177,3.7,7,2.5,100,0,0,256,-303,2
3968500,2729500,1,11,1,-5.4,1011,174,3.5,5,2.5,100,0,0,248,-302,2
3968500,2729500,1,11,2,-5.4,1010,176,3.4,5,2.5,99,0,0,242,-301,2
3968500,2729500,1,11,3,-5.3,1010,178,3.3,5,2.5,100,0,0,242,-299,2
3968500,2729500,1,11,4,-5.3,1010,189,3.7,5,2.6,100,0,0,243,-298,2
3968500,2729500,1,11,5,-5.2,1010,191,3.5,6,2.6,99,0,0,247,-297,2
3968500,2729500,1,11,6,-5.1,1010,178,3.5,8,2.6,100,0,0,260,-297,2
3968500,2729500,1,11,7,-5.2,1009,170,3.3,8,2.6,100,0,0,270,-296,2
3968500,2729500,1,11,8,-5.0,1009,176,3.3,8,2.6,100,0,0,271,-296,2
3968500,2729500,1,11,9,-4.7,1009,161,3.5,8,2.6,99,5,4,273,-296,2
3968500,2729500,1,11,10,-4.4,1009,159,3.7,7,2.7,98,40,10,270,-298,2
3968500,2729500,1,11,11,-4.2,1009,145,3.6,8,2.7,99,15,56,272,-301,2
3968500,2729500,1,11,12,-3.8,1009,152,3.5,7,2.8,99,25,73,273,-307,2
3968500,2729500,1,11,13,-3.9,1009,153,3.9,6,2.8,99,10,84,264,-313,2
3968500,2729500,1,11,14,-3.1,1008,163,3.8,8,2.9,99,0,45,269,-316,2
3968500,2729500,1,11,15,-2.9,1007,159,3.2,8,3.0,98,0,29,282,-317,2
3968500,2729500,1,11,16,-2.9,1007,172,4.2,8,3.0,98,0,17,283,-317,2
3968500,2729500,1,11,17,-2.5,1007,154,4.7,8,3.1,98,0,1,286,-317,2
3968500,2729500,1,11,18,-2.5,1007,151,4.6,8,3.1,99,0,0,287,-317,2
3968500,2729500,1,11,19,-2.3,1007,157,4.3,8,3.2,100,0,0,289,-317,2
3968500,2729500,1,11,20,-1.8,1007,155,3.9,8,3.2,98,0,0,292,-317,2
3968500,2729500,1,11,21,-1.9,1007,153,3.9,8,3.2,97,0,0,293,-317,2
3968500,2729500,1,11,22,-2.0,1007,156,3.5,7,3.2,97,0,0,289,-317,2
3968500,2729500,1,11,23,-1.9,1008,162,4.1,7,3.2,97,0,0,285,-317,2
3968500,2729500,1,11,24,-1.9,1008,173,4.1,8,3.2,97,0,0,291,-316,2
3968500,2729500,1,12,1,-1.7,1008,160,3.2,8,3.3,98,0,0,297,-316,2
3968500,2729500,1,12,2,-1.9,1008,141,2.9,7,3.3,98,0,0,294,-317,2
3968500,2729500,1,12,3,-1.7,1008,161,3.6,7,3.3,98,0,0,290,-317,2
3968500,2729500,1,12,4,-1.8,1008,165,3.4,8,3.3,98,0,0,295,-317,2
3968500,2729500,1,12,5,-1.4,1008,167,3.6,8,3.3,98,0,0,299,-317,2
3968500,2729500,1,12,6,-1.4,1008,177,4.3,8,3.4,98,0,0,300,-317,2
3968500,2729500,1,12,7,-1.2,1008,147,3.4,8,3.4,97,0,0,301,-317,2
3968500,2729500,1,12,8,-1.4,1008,149,3.1,8,3.4,98,0,0,301,-317,2
3968500,2729500,1,12,9,-1.0,1009,153,4.0,8,3.5,99,0,5,303,-317,2
3968500,2729500,1,12,10,-0.7,1009,158,4.3,8,3.5,98,0,34,304,-317,2
3968500,2729500,1,12,11,-0.8,1009,159,4.1,7,3.5,98,0,48,299,-317,2
3968500,2729500,1,12,12,-0.6,1009,160,4.2,7,3.6,98,0,49,294,-317,2
3968500,2729500,1,12,13,-0.2,1009,146,3.3,7,3.7,99,0,46,295,-317,2
3968500,2729500,1,12,14,0.0,1009,155,3.8,7,3.8,99,0,41,295,-317,2
3968500,2729500,1,12,15,-0.2,1009,148,4.0,7,3.8,100,0,38,295,-317,2
3968500,2729500,1,12,16,-0.2,1009,153,4.1,8,3.7,99,0,17,299,-317,2
3968500,2729500,1,12,17,-0.1,1009,149,3.7,8,3.8,100,0,1,304,-317,2
3968500,2729500,1,12,18,0.1,1009,146,3.7,8,3.8,99,0,0,305,-317,2
3968500,2729500,1,12,19,0.2,1009,147,4.1,8,3.8,99,0,0,305,-317,2
3968500,2729500,1,12,20,0.1,1008,151,3.5,8,3.8,99,0,0,305,-317,2
3968500,2729500,1,12,21,0.0,1009,160,3.4,8,3.8,99,0,0,305,-316,2
3968500,2729500,1,12,22,0.1,1009,157,3.4,8,3.8,100,0,0,305,-316,2
3968500,2729500,1,12,23,0.1,1009,171,3.3,8,3.8,100,0,0,304,-316,2
3968500,2729500,1,12,24,0.0,1008,178,3.6,6,3.8,100,0,0,294,-317,2
3968500,2729500,1,13,1,0.2,1008,153,3.2,8,3.8,100,0,0,294,-316,2
3968500,2729500,1,13,2,0.1,1008,174,2.7,8,3.8,100,0,0,302,-314,2
3968500,2729500,1,13,3,0.2,1008,170,2.5,8,3.8,100,0,0,301,-312,2
3968500,2729500,1,13,4,0.2,1008,165,2.8,7,3.8,99,0,0,296,-313,2
3968500,2729500,1,13,5,0.2,1008,158,2.6,6,3.8,99,0,0,285,-314,2
3968500,2729500,1,13,6,0.2,1008,158,2.6,8,3.9,100,0,0,288,-315,2
3968500,2729500,1,13,7,0.3,1008,167,2.4,6,3.9,100,0,0,287,-315,2
3968500,2729500,1,13,8,0.4,1007,156,2.8,8,3.9,100,0,0,285,-314,2
3968500,2729500,1,13,9,0.5,1007,155,2.7,7,3.9,100,0,6,289,-312,2
3968500,2729500,1,13,10,1.0,1007,176,2.2,6,4.0,100,6,51,279,-311,2
3968500,2729500,1,13,11,1.6,1007,148,2.0,7,4.2,100,7,91,279,-313,2
3968500,2729500,1,13,12,2.3,1007,133,2.0,6,4.3,98,3,102,280,-316,2
3968500,2729500,1,13,13,2.7,1007,156,1.9,6,4.3,94,2,109,276,-317,2
3968500,2729500,1,13,14,2.6,1007,145,2.2,7,4.2,92,0,85,280,-317,2
3968500,2729500,1,13,15,2.5,1007,144,2.2,7,4.2,92,1,67,284,-314,2
3968500,2729500,1,13,16,2.1,1006,165,2.3,7,4.2,93,2,41,284,-310,2
3968500,2729500,1,13,17,1.3,1006,164,3.3,6,4.2,96,0,8,278,-305,2
3968500,2729500,1,13,18,0.5,1006,169,3.2,3,4.0,99,0,0,258,-299,2
3968500,2729500,1,13,19,0.5,1006,172,2.8,5,3.9,100,0,0,252,-295,2
3968500,2729500,1,13,20,0.2,1006,176,3.1,4,3.9,100,0,0,259,-293,2
3968500,2729500,1,13,21,0.3,1006,176,3.6,8,3.9,100,0,0,276,-291,2
3968500,2729500,1,13,22,0.3,1006,186,3.8,7,3.9,100,0,0,292,-290,2
3968500,2729500,1,13,23,0.6,1006,186,4.0,6,3.9,99,0,0,282,-288,2
3968500,2729500,1,13,24,0.2,1006,171,3.7,7,3.9,99,0,0,282,-286,2
3968500,2729500,1,14,1,0.1,1006,165,4.3,6,3.8,100,0,0,281,-285,2
3968500,2729500,1,14,2,0.0,1006,165,3.9,6,3.8,99,0,0,276,-284,2
3968500,2729500,1,14,3,-0.1,1006,172,3.8,7,3.7,98,0,0,281,-284,2
3968500,2729500,1,14,4,-0.2,1006,169,4.0,8,3.7,98,0,0,291,-284,2
3968500,2729500,1,14,5,-0.3,1006,166,3.3,8,3.7,99,0,0,298,-284,2
3968500,2729500,1,14,6,-0.4,1005,156,3.2,7,3.7,100,0,0,294,-284,2
3968500,2729500,1,14,7,-0.3,1005,148,3.9,8,3.7,100,0,0,294,-284,2
3968500,2729500,1,14,8,-0.4,1005,150,4.2,8,3.7,100,0,0,300,-285,2
3968500,2729500,1,14,9,-0.5,1005,150,4.5,8,3.7,99,0,5,299,-285,2
3968500,2729500,1,14,10,-0.7,1005,150,4.7,8,3.6,98,10,30,300,-288,2
3968500,2729500,1,14,11,-1.0,1006,149,4.2,7,3.5,98,0,47,295,-295,2
3968500,2729500,1,14,12,-1.2,1006,142,4.8,7,3.3,95,0,50,290,-303,2
3968500,2729500,1,14,13,-1.1,1006,145,4.6,7,3.2,90,0,55,290,-309,2
3968500,2729500,1,14,14,-1.2,1005,155,4.9,7,3.1,88,0,50,290,-313,2
3968500,2729500,1,14,15,-1.2,1005,155,4.9,7,3.1,87,0,43,289,-316,2
3968500,2729500,1,14,16,-1.4,1004,158,4.8,7,3.0,87,0,25,290,-317,2
3968500,2729500,1,14,17,-1.6,1004,157,5.1,5,3.0,86,0,4,279,-317,2
3968500,2729500,1,14,18,-1.9,1004,161,5.2,4,2.9,87,0,0,262,-317,2
3968500,2729500,1,14,19,-2.2,1004,164,4.9,4,2.9,87,0,0,255,-316,2
3968500,2729500,1,14,20,-2.2,1004,166,5.0,5,2.8,87,0,0,260,-316,2
3968500,2729500,1,14,21,-2.3,1004,164,4.8,6,2.8,87,0,0,271,-317,2
3968500,2729500,1,14,22,-2.5,1004,160,5.0,8,2.8,88,0,0,286,-317,2
3968500,2729500,1,14,23,-2.5,1004,162,5.0,8,2.8,88,0,0,296,-317,2
3968500,2729500,1,14,24,-2.9,1003,154,5.2,7,2.8,89,0,0,291,-317,2
3968500,2729500,1,15,1,-3.2,1003,154,4.5,5,2.7,89,0,0,274,-317,2
3968500,2729500,1,15,2,-3.6,1003,153,5.4,5,2.7,90,0,0,262,-317,2
3968500,2729500,1,15,3,-3.7,1002,159,4.4,6,2.6,90,0,0,268,-317,2
3968500,2729500,1,15,4,-3.8,1002,158,4.3,6,2.6,91,0,0,273,-317,2
3968500,2729500,1,15,5,-4.1,1001,158,4.7,6,2.6,92,0,0,274,-317,2
3968500,2729500,1,15,6,-4.2,1000,156,4.6,8,2.6,92,0,0,283,-317,2
3968500,2729500,1,15,7,-4.2,1000,149,4.3,7,2.6,92,0,0,289,-317,2
3968500,2729500,1,15,8,-4.3,1000,166,4.8,8,2.6,93,0,0,289,-317,2
3968500,2729500,1,15,9,-4.5,1000,175,4.6,8,2.6,93,0,4,294,-317,2
3968500,2729500,1,15,10,-4.6,999,185,3.7,6,2.5,92,30,19,284,-317,2
3968500,2729500,1,15,11,-4.6,1000,183,4.9,7,2.5,91,15,57,279,-317,2
3968500,2729500,1,15,12,-4.4,999,169,4.6,7,2.5,92,0,75,284,-317,2
3968500,2729500,1,15,13,-3.8,998,173,5.7,7,2.6,91,5,83,285,-317,2
3968500,2729500,1,15,14,-3.8,997,163,5.6,7,2.7,91,0,72,285,-317,2
3968500,2729500,1,15,15,-3.8,997,162,5.6,7,2.7,91,0,57,285,-317,2
3968500,2729500,1,15,16,-3.7,996,165,6.5,8,2.6,90,0,32,289,-317,2
3968500,2729500,1,15,17,-4.0,996,165,5.4,5,2.6,89,0,5,279,-317,2
3968500,2729500,1,15,18,-4.2,995,207,6.1,6,2.5,88,0,0,267,-317,2
3968500,2729500,1,15,19,-4.7,995,174,5.1,6,2.4,88,0,0,269,-317,2
3968500,2729500,1,15,20,-5.5,995,172,4.9,5,2.4,89,0,0,261,-317,2
3968500,2729500,1,15,21,-5.2,995,154,5.3,4,2.4,91,0,0,250,-316,2
3968500,2729500,1,15,22,-4.8,995,146,5.1,6,2.4,91,0,0,257,-316,2
3968500,2729500,1,15,23,-5.3,995,144,3.8,5,2.4,91,0,0,261,-316,2
3968500,2729500,1,15,24,-5.5,995,146,3.3,5,2.4,92,0,0,254,-316,2
3968500,2729500,1,16,1,-6.1,995,138,2.4,5,2.3,93,0,0,253,-316,2
3968500,2729500,1,16,2,-6.0,995,175,2.4,5,2.3,93,0,0,253,-316,2
3968500,2729500,1,16,3,-6.0,995,164,4.0,6,2.3,93,0,0,258,-316,2
3968500,2729500,1,16,4,-5.9,995,165,3.7,7,2.4,96,0,0,269,-316,2
3968500,2729500,1,16,5,-5.8,995,163,3.5,8,2.4,97,0,0,281,-317,2
3968500,2729500,1,16,6,-5.7,995,170,3.3,8,2.4,96,0,0,286,-317,2
3968500,2729500,1,16,7,-5.8,996,180,3.9,7,2.4,96,0,0,281,-317,2
3968500,2729500,1,16,8,-5.7,996,184,4.2,8,2.4,96,0,0,280,-317,2
3968500,2729500,1,16,9,-5.7,996,183,4.1,8,2.4,97,0,6,286,-317,2
3968500,2729500,1,16,10,-5.2,997,180,4.3,8,2.5,96,15,28,286,-317,2
3968500,2729500,1,16,11,-4.4,998,181,3.9,7,2.5,93,0,49,280,-317,2
3968500,2729500,1,16,12,-4.2,998,189,3.5,8,2.6,92,0,43,281,-317,2
3968500,2729500,1,16,13,-4.0,998,173,3.7,8,2.6,92,0,43,287,-317,2
3968500,2729500,1,16,14,-3.3,999,166,3.6,8,2.7,92,0,34,287,-317,2
3968500,2729500,1,16,15,-3.3,999,174,4.5,8,2.8,92,0,27,287,-317,2
3968500,2729500,1,16,16,-3.2,999,171,4.4,8,2.8,93,0,19,287,-316,2
3968500,2729500,1,16,17,-3.4,999,169,3.7,8,2.8,94,0,2,286,-313,2
3968500,2729500,1,16,18,-3.1,1000,171,3.7,8,2.9,94,0,0,287,-309,2
3968500,2729500,1,16,19,-2.9,1000,172,3.4,7,2.9,95,0,0,281,-307,2
3968500,2729500,1,16,20,-3.1,1000,167,3.7,8,3.0,96,0,0,283,-308,2
3968500,2729500,1,16,21,-3.0,1000,162,3.2,8,3.0,98,0,0,289,-309,2
3968500,2729500,1,16,22,-3.0,1001,162,3.9,8,3.0,98,0,0,290,-309,2
3968500,2729500,1,16,23,-2.8,1001,160,3.4,8,3.0,98,0,0,290,-306,2
3968500,2729500,1,16,24,-3.0,1001,159,3.7,4,3.0,98,0,0,265,-303,2
3968500,2729500,1,17,1,-3.0,1001,157,3.9,6,3.0,98,0,0,251,-302,2
3968500,2729500,1,17,2,-3.4,1001,163,4.0,6,3.0,98,0,0,262,-303,2
3968500,2729500,1,17,3,-3.3,1001,166,4.3,7,3.0,98,0,0,267,-305,2
3968500,2729500,1,17,4,-3.3,1001,162,4.1,7,3.0,98,0,0,274,-307,2
3968500,2729500,1,17,5,-3.2,1001,160,3.9,7,3.0,99,0,0,274,-308,2
3968500,2729500,1,17,6,-2.9,1001,159,4.1,8,3.0,99,0,0,281,-310,2
3968500,2729500,1,17,7,-2.6,1001,168,4.1,8,3.1,98,0,0,287,-311,2
3968500,2729500,1,17,8,-2.5,1000,166,4.3,8,3.1,98,0,0,286,-312,2
3968500,2729500,1,17,9,-2.1,1000,173,4.3,7,3.1,97,0,8,280,-312,2
3968500,2729500,1,17,10,-1.5,1001,170,4.4,8,3.2,95,42,21,280,-312,2
3968500,2729500,1,17,11,-0.8,1001,163,5.2,8,3.3,93,0,52,288,-313,2
3968500,2729500,1,17,12,-0.4,1001,171,5.4,8,3.4,93,0,33,290,-315,2
3968500,2729500,1,17,13,-0.2,1000,164,5.7,8,3.5,92,0,48,291,-316,2
3968500,2729500,1,17,14,-0.2,1000,166,6.0,8,3.4,91,0,36,291,-317,2
3968500,2729500,1,17,15,0.0,999,166,5.3,8,3.5,91,0,34,290,-317,2
3968500,2729500,1,17,16,0.1,999,165,5.7,8,3.6,93,0,19,290,-317,2
3968500,2729500,1,17,17,0.2,999,153,4.8,8,3.7,94,0,3,290,-317,2
3968500,2729500,1,17,18,0.3,999,156,5.0,8,3.7,95,0,0,289,-317,2
3968500,2729500,1,17,19,0.3,999,159,4.6,7,3.7,95,0,0,284,-316,2
3968500,2729500,1,17,20,0.4,999,164,4.9,8,3.7,95,0,0,283,-316,2
3968500,2729500,1,17,21,0.2,999,168,5.2,8,3.6,92,0,0,288,-315,2
3968500,2729500,1,17,22,0.4,999,170,6.3,8,3.6,92,0,0,288,-313,2
3968500,2729500,1,17,23,0.2,998,169,5.9,8,3.6,92,0,0,288,-311,2
3968500,2729500,1,17,24,0.3,998,164,5.9,8,3.6,93,0,0,288,-309,2
3968500,2729500,1,18,1,0.5,999,164,6.1,7,3.7,94,0,0,285,-308,2
3968500,2729500,1,18,2,0.4,999,161,6.0,8,3.7,94,0,0,287,-307,2
3968500,2729500,1,18,3,0.3,999,165,7.0,8,3.7,94,0,0,291,-307,2
3968500,2729500,1,18,4,0.3,998,179,6.6,8,3.7,94,0,0,292,-309,2
3968500,2729500,1,18,5,0.2,998,181,5.9,8,3.7,93,0,0,293,-312,2
3968500,2729500,1,18,6,0.0,998,178,5.8,7,3.6,94,0,0,289,-313,2
3968500,2729500,1,18,7,0.4,998,175,6.2,7,3.6,93,0,0,287,-313,2
3968500,2729500,1,18,8,0.4,997,179,6.4,7,3.7,92,0,0,287,-314,2
3968500,2729500,1,18,9,0.4,997,168,5.9,7,3.6,92,13,5,287,-314,2
3968500,2729500,1,18,10,0.1,998,181,5.4,7,3.7,94,25,27,287,-315,2
3968500,2729500,1,18,11,-0.2,997,180,5.7,8,3.7,98,0,36,290,-316,2
3968500,2729500,1,18,12,0.3,998,180,5.1,8,3.8,98,0,33,295,-317,2
3968500,2729500,1,18,13,0.5,998,180,5.5,7,3.8,96,0,44,291,-317,2
3968500,2729500,1,18,14,1.0,998,176,5.0,7,3.8,93,0,46,286,-317,2
3968500,2729500,1,18,15,0.9,997,173,4.1,8,3.8,92,0,26,292,-317,2
3968500,2729500,1,18,16,0.8,997,170,4.6,8,3.8,93,0,14,297,-317,2
3968500,2729500,1,18,17,0.7,998,167,4.6,8,3.9,95,0,3,297,-317,2
3968500,2729500,1,18,18,0.6,998,168,4.3,8,3.9,96,0,0,298,-317,2
3968500,2729500,1,18,19,0.6,998,165,3.9,8,3.9,97,0,0,297,-317,2
3968500,2729500,1,18,20,0.6,998,173,3.4,8,3.9,98,0,0,297,-317,2
3968500,2729500,1,18,21,0.6,998,172,3.6,8,4.0,98,0,0,297,-317,2
3968500,2729500,1,18,22,0.4,998,165,4.4,8,3.9,99,0,0,297,-317,2
3968500,2729500,1,18,23,0.6,997,163,4.0,8,3.9,98,0,0,297,-317,2
3968500,2729500,1,18,24,0.6,997,162,4.5,8,3.9,98,0,0,298,-317,2
3968500,2729500,1,19,1,0.5,996,162,5.3,8,3.9,98,0,0,298,-317,2
3968500,2729500,1,19,2,0.5,996,169,5.1,8,3.9,98,0,0,299,-317,2
3968500,2729500,1,19,3,0.7,995,173,5.4,7,3.9,97,0,0,293,-317,2
3968500,2729500,1,19,4,0.9,994,184,4.3,8,4.0,97,0,0,295,-317,2
3968500,2729500,1,19,5,1.1,993,179,5.1,8,4.0,97,0,0,303,-317,2
3968500,2729500,1,19,6,1.2,993,178,5.4,8,4.1,97,0,0,304,-317,2
3968500,2729500,1,19,7,1.3,992,174,5.1,8,4.1,97,0,0,306,-317,2
3968500,2729500,1,19,8,1.5,992,183,5.4,8,4.2,97,0,0,308,-317,2
3968500,2729500,1,19,9,1.6,991,185,5.3,8,4.2,97,2,13,310,-317,2
3968500,2729500,1,19,10,1.9,991,184,6.3,8,4.3,98,1,39,311,-317,2
3968500,2729500,1,19,11,2.2,990,187,6.3,8,4.4,98,0,24,314,-317,2
3968500,2729500,1,19,12,2.6,991,186,6.7,8,4.5,96,0,31,316,-317,2
3968500,2729500,1,19,13,2.8,991,184,6.1,6,4.5,96,0,74,306,-317,2
3968500,2729500,1,19,14,2.9,991,176,5.9,5,4.5,96,5,108,286,-317,2
3968500,2729500,1,19,15,3.1,990,203,4.4,4,4.6,95,22,104,275,-317,2
3968500,2729500,1,19,16,3.0,990,183,4.5,7,4.6,96,8,54,289,-317,2
3968500,2729500,1,19,17,3.2,991,184,5.0,7,4.7,96,0,8,309,-317,2
3968500,2729500,1,19,18,2.8,991,174,4.8,7,4.6,96,0,0,307,-317,2
3968500,2729500,1,19,19,3.4,991,170,5.3,7,4.7,97,0,0,306,-317,2
3968500,2729500,1,19,20,3.1,992,173,5.0,7,4.8,97,0,0,305,-317,2
3968500,2729500,1,19,21,3.1,992,187,4.7,8,4.7,97,0,0,308,-317,2
3968500,2729500,1,19,22,2.6,992,190,3.8,8,4.6,98,0,0,312,-317,2
3968500,2729500,1,19,23,2.7,993,189,3.9,8,4.6,98,0,0,313,-317,2
3968500,2729500,1,19,24,3.1,993,181,3.7,7,4.6,96,0,0,308,-317,2
3968500,2729500,1,20,1,2.6,993,170,3.5,8,4.6,97,0,0,308,-317,2
3968500,2729500,1,20,2,2.5,993,183,3.2,7,4.6,98,0,0,306,-317,2
3968500,2729500,1,20,3,2.7,994,191,3.8,7,4.6,98,0,0,302,-317,2
3968500,2729500,1,20,4,2.7,994,186,3.2,7,4.6,98,0,0,303,-317,2
3968500,2729500,1,20,5,2.4,994,180,4.6,5,4.6,98,0,0,292,-317,2
3968500,2729500,1,20,6,1.6,994,182,3.6,4,4.4,99,0,0,274,-317,2
3968500,2729500,1,20,7,1.2,994,208,4.0,3,4.2,99,0,0,262,-317,2
3968500,2729500,1,20,8,2.0,995,176,3.9,6,4.2,98,0,0,275,-317,2
3968500,2729500,1,20,9,2.7,995,176,3.7,7,4.5,98,9,5,301,-317,2
3968500,2729500,1,20,10,3.1,995,176,3.6,8,4.7,98,31,29,314,-317,2
3968500,2729500,1,20,11,3.4,995,183,3.1,7,4.7,96,3,57,315,-317,2
3968500,2729500,1,20,12,3.7,995,193,3.4,6,4.8,97,9,80,305,-317,2
3968500,2729500,1,20,13,3.8,994,173,3.9,7,5.0,99,0,80,305,-317,2
3968500,2729500,1,20,14,4.0,994,177,5.0,7,5.0,98,0,32,309,-317,2
3968500,2729500,1,20,15,4.3,993,186,4.9,8,5.1,97,0,28,315,-318,2
3968500,2729500,1,20,16,4.3,992,179,5.1,8,5.1,97,0,18,320,-318,2
3968500,2729500,1,20,17,4.8,991,178,5.3,8,5.2,98,0,4,322,-318,2
3968500,2729500,1,20,18,4.8,990,180,5.8,8,5.4,98,0,0,324,-318,2
3968500,2729500,1,20,19,5.0,989,180,6.5,8,5.4,97,0,0,326,-319,2
3968500,2729500,1,20,20,5.1,988,182,6.8,8,5.4,97,0,0,326,-322,2
3968500,2729500,1,20,21,5.6,987,183,7.9,8,5.5,97,0,0,328,-324,2
3968500,2729500,1,20,22,6.0,986,191,7.5,8,5.6,95,0,0,331,-325,2
3968500,2729500,1,20,23,5.7,986,205,7.0,8,5.6,95,0,0,332,-325,2
3968500,2729500,1,20,24,6.2,985,190,6.5,7,5.8,97,0,0,326,-327,2
3968500,2729500,1,21,1,6.1,985,190,5.8,8,5.9,98,0,0,328,-328,2
3968500,2729500,1,21,2,6.6,985,188,5.2,8,6.0,98,0,0,335,-328,2
3968500,2729500,1,21,3,6.6,986,188,4.9,8,6.1,97,0,0,337,-327,2
3968500,2729500,1,21,4,6.9,986,208,4.5,8,6.2,98,0,0,337,-327,2
3968500,2729500,1,21,5,7.3,986,198,4.2,7,6.3,97,0,0,332,-327,2
3968500,2729500,1,21,6,7.0,987,192,4.4,8,6.3,97,0,0,332,-327,2
3968500,2729500,1,21,7,7.1,987,186,3.6,8,6.3,98,0,0,340,-328,2
3968500,2729500,1,21,8,6.9,987,182,2.7,8,6.3,98,0,0,339,-328,2
3968500,2729500,1,21,9,6.7,988,168,3.7,8,6.2,99,0,3,339,-329,2
3968500,2729500,1,21,10,6.9,988,188,4.1,8,6.2,99,1,42,339,-330,2
3968500,2729500,1,21,11,7.8,988,200,4.3,7,6.5,99,0,61,333,-332,2
3968500,2729500,1,21,12,8.3,989,209,4.5,8,6.8,98,0,37,334,-335,2
3968500,2729500,1,21,13,8.4,989,189,4.0,8,6.9,99,0,26,344,-337,2
3968500,2729500,1,21,14,9.4,990,179,3.9,8,7.2,99,0,29,346,-338,2
3968500,2729500,1,21,15,8.9,990,179,5.2,7,7.3,98,1,69,340,-338,2
3968500,2729500,1,21,16,8.6,990,176,5.6,7,7.0,98,1,42,332,-339,2
3968500,2729500,1,21,17,8.1,989,169,5.6,8,6.8,98,0,1,337,-339,2
3968500,2729500,1,21,18,8.0,989,178,6.0,8,6.8,98,0,0,342,-339,2
3968500,2729500,1,21,19,7.9,989,161,5.6,7,6.6,97,0,0,335,-338,2
3968500,2729500,1,21,20,7.8,989,193,4.4,7,6.5,96,0,0,327,-338,2
3968500,2729500,1,21,21,7.4,989,159,4.0,6,6.4,96,0,0,320,-338,2
3968500,2729500,1,21,22,7.0,989,191,4.0,7,6.3,98,0,0,319,-337,2
3968500,2729500,1,21,23,6.8,988,121,3.3,7,6.2,98,0,0,321,-337,2
3968500,2729500,1,21,24,6.4,988,169,3.5,7,6.1,99,0,0,319,-337,2
3968500,2729500,1,22,1,6.1,988,165,4.1,8,6.0,99,0,0,320,-336,2
3968500,2729500,1,22,2,5.8,987,176,5.3,8,5.9,99,0,0,324,-336,2
3968500,2729500,1,22,3,5.7,986,184,5.8,8,5.9,100,0,0,323,-335,2
3968500,2729500,1,22,4,5.4,986,178,5.8,8,5.8,100,0,0,322,-334,2
3968500,2729500,1,22,5,5.2,985,179,5.4,7,5.7,99,0,0,315,-332,2
3968500,2729500,1,22,6,5.7,984,174,5.3,6,5.7,98,0,0,303,-330,2
3968500,2729500,1,22,7,5.6,984,177,5.7,5,5.7,97,0,0,288,-327,2
3968500,2729500,1,22,8,5.0,983,178,4.8,5,5.6,97,0,0,279,-324,2
3968500,2729500,1,22,9,4.1,983,169,5.1,5,5.1,94,4,12,276,-321,2
3968500,2729500,1,22,10,4.3,984,168,5.1,6,4.7,89,44,60,282,-320,2
3968500,2729500,1,22,11,4.5,984,200,5.2,5,4.7,87,96,101,284,-322,2
3968500,2729500,1,22,12,5.6,984,174,6.0,5,4.7,84,130,126,281,-324,2
3968500,2729500,1,22,13,6.3,983,175,5.3,5,4.7,80,43,146,284,-324,2
3968500,2729500,1,22,14,6.5,983,175,4.9,5,4.9,80,33,134,282,-325,2
3968500,2729500,1,22,15,6.9,983,191,4.7,6,5.1,80,0,51,289,-327,2
3968500,2729500,1,22,16,6.3,983,191,6.1,4,5.2,83,3,46,283,-329,2
3968500,2729500,1,22,17,5.9,983,185,6.0,5,5.3,87,5,18,277,-330,2
3968500,2729500,1,22,18,5.8,984,184,5.8,6,5.3,89,0,0,290,-329,2
3968500,2729500,1,22,19,6.5,984,193,5.1,6,5.3,87,0,0,297,-329,2
3968500,2729500,1,22,20,5.7,985,215,4.7,8,5.4,90,0,0,308,-329,2
3968500,2729500,1,22,21,5.2,985,197,3.3,8,5.4,94,0,0,316,-329,2
3968500,2729500,1,22,22,5.5,986,191,5.3,7,5.4,94,0,0,308,-329,2
3968500,2729500,1,22,23,5.7,986,211,5.2,7,5.2,90,0,0,301,-327,2
3968500,2729500,1,22,24,6.0,986,218,5.7,8,5.2,88,0,0,309,-325,2
3968500,2729500,1,23,1,6.2,986,183,4.9,8,5.2,87,0,0,316,-324,2
3968500,2729500,1,23,2,6.2,986,189,4.9,8,5.2,86,0,0,317,-323,2
3968500,2729500,1,23,3,6.7,986,194,5.3,8,5.1,82,0,0,317,-323,2
3968500,2729500,1,23,4,6.8,986,194,4.7,7,4.9,78,0,0,311,-323,2
3968500,2729500,1,23,5,5.0,986,185,5.0,7,4.9,83,0,0,303,-323,2
3968500,2729500,1,23,6,4.9,986,187,5.1,5,5.0,90,0,0,290,-322,2
3968500,2729500,1,23,7,4.8,985,187,5.9,5,5.1,92,0,0,278,-322,2
3968500,2729500,1,23,8,4.6,985,183,6.2,5,5.0,92,0,0,277,-322,2
3968500,2729500,1,23,9,4.7,985,176,5.0,4,5.0,92,2,12,270,-323,2
3968500,2729500,1,23,10,5.1,984,178,4.8,6,5.0,91,31,58,276,-324,2
3968500,2729500,1,23,11,5.3,984,179,5.3,6,5.1,90,41,101,289,-324,2
3968500,2729500,1,23,12,6.1,984,186,5.6,6,5.1,86,80,130,291,-327,2
3968500,2729500,1,23,13,6.5,984,183,6.1,7,5.1,83,23,130,299,-330,2
3968500,2729500,1,23,14,7.4,982,179,5.8,7,5.1,80,17,116,308,-334,2
3968500,2729500,1,23,15,7.6,982,178,6.2,5,5.1,76,53,105,300,-336,2
3968500,2729500,1,23,16,7.5,981,182,6.6,5,4.8,72,28,61,289,-335,2
3968500,2729500,1,23,17,6.7,980,176,6.3,6,4.7,72,1,15,294,-333,2
3968500,2729500,1,23,18,6.5,979,178,6.6,7,4.7,75,0,0,304,-332,2
3968500,2729500,1,23,19,5.9,979,177,5.6,8,5.1,83,0,0,318,-331,2
3968500,2729500,1,23,20,5.6,978,170,5.0,7,5.3,90,0,0,319,-332,2
3968500,2729500,1,23,21,5.5,977,180,4.6,7,5.4,92,0,0,311,-332,2
3968500,2729500,1,23,22,5.9,977,183,6.1,7,5.4,91,0,0,314,-332,2
3968500,2729500,1,23,23,6.1,977,176,5.8,7,5.6,93,0,0,318,-334,2
3968500,2729500,1,23,24,6.0,977,178,5.8,8,5.8,96,0,0,327,-336,2
3968500,2729500,1,24,1,6.5,976,179,5.5,8,6.0,97,0,0,334,-337,2
3968500,2729500,1,24,2,6.8,976,188,5.8,7,6.2,97,0,0,328,-338,2
3968500,2729500,1,24,3,7.0,975,181,5.6,8,6.2,97,0,0,329,-339,2
3968500,2729500,1,24,4,7.3,975,181,7.8,8,6.2,95,0,0,337,-340,2
3968500,2729500,1,24,5,7.7,974,179,7.2,8,6.2,92,0,0,339,-341,2
3968500,2729500,1,24,6,7.9,973,186,6.3,7,6.1,90,0,0,328,-342,2
3968500,2729500,1,24,7,8.2,973,188,7.4,7,6.1,87,0,0,320,-342,2
3968500,2729500,1,24,8,8.5,972,182,7.2,8,6.1,85,0,0,331,-342,2
3968500,2729500,1,24,9,8.7,972,182,7.6,8,6.1,84,2,9,341,-343,2
3968500,2729500,1,24,10,9.3,972,180,6.8,7,6.1,81,19,41,333,-343,2
3968500,2729500,1,24,11,9.5,972,183,6.5,8,6.1,79,12,70,334,-344,2
3968500,2729500,1,24,12,10.0,972,215,7.5,8,6.0,76,0,59,344,-344,2
3968500,2729500,1,24,13,10.1,972,226,7.3,8,6.0,75,0,68,345,-345,2
3968500,2729500,1,24,14,10.2,973,191,7.6,7,6.0,74,0,68,337,-345,2
3968500,2729500,1,24,15,8.7,973,215,6.7,8,6.1,80,0,35,337,-344,2
3968500,2729500,1,24,16,8.8,973,196,5.3,8,6.2,85,19,40,344,-344,2
3968500,2729500,1,24,17,8.4,974,218,6.2,6,6.0,82,0,7,329,-344,2
3968500,2729500,1,24,18,8.9,974,189,6.7,5,5.9,81,0,0,308,-345,2
3968500,2729500,1,24,19,8.4,975,233,5.4,8,6.2,86,0,0,320,-345,2
3968500,2729500,1,24,20,8.4,976,211,5.1,8,6.2,88,0,0,343,-345,2
3968500,2729500,1,24,21,8.1,977,228,4.7,8,6.1,86,0,0,342,-343,2
3968500,2729500,1,24,22,7.7,978,259,6.4,7,5.8,84,0,0,334,-342,2
3968500,2729500,1,24,23,6.9,979,256,6.2,7,5.3,81,0,0,324,-340,2
3968500,2729500,1,24,24,5.4,980,263,7.6,6,4.9,80,0,0,314,-337,2
3968500,2729500,1,25,1,4.9,982,282,5.0,7,4.5,80,0,0,309,-333,2
3968500,2729500,1,25,2,4.5,984,257,5.0,8,4.3,78,0,0,315,-329,2
3968500,2729500,1,25,3,4.6,985,272,5.7,8,4.2,77,0,0,314,-326,2
3968500,2729500,1,25,4,3.8,987,273,3.4,5,4.0,77,0,0,292,-321,2
3968500,2729500,1,25,5,3.8,988,261,3.8,5,4.0,78,0,0,273,-317,2
3968500,2729500,1,25,6,3.3,989,260,2.8,7,4.0,80,0,0,283,-316,2
3968500,2729500,1,25,7,3.3,990,265,3.3,6,3.8,78,0,0,286,-315,2
3968500,2729500,1,25,8,2.7,991,254,2.4,6,3.8,78,0,0,277,-312,2
3968500,2729500,1,25,9,3.0,993,241,2.5,7,3.8,80,0,9,278,-310,2
3968500,2729500,1,25,10,3.0,994,228,2.1,8,3.9,82,10,61,285,-311,2
3968500,2729500,1,25,11,3.1,995,262,2.5,6,4.2,87,11,95,278,-313,2
3968500,2729500,1,25,12,3.7,996,198,3.1,6,4.2,86,19,127,266,-315,2
3968500,2729500,1,25,13,4.6,996,206,3.8,5,4.0,77,59,159,261,-319,2
3968500,2729500,1,25,14,5.2,996,175,4.0,7,3.7,68,32,140,268,-323,2
3968500,2729500,1,25,15,5.1,996,187,4.2,6,3.5,63,33,113,276,-324,2
3968500,2729500,1,25,16,4.9,996,188,3.5,6,3.5,64,28,72,274,-324,2
3968500,2729500,1,25,17,4.3,996,191,2.9,7,3.5,65,2,18,279,-321,2
3968500,2729500,1,25,18,2.9,995,171,2.0,7,3.5,69,0,0,283,-318,2
3968500,2729500,1,25,19,2.9,995,182,2.9,7,3.5,74,0,0,284,-317,2
3968500,2729500,1,25,20,2.8,995,178,2.9,7,3.7,78,0,0,288,-317,2
3968500,2729500,1,25,21,3.5,994,183,4.2,7,3.9,80,0,0,293,-317,2
3968500,2729500,1,25,22,4.0,993,183,3.8,8,4.0,80,0,0,303,-317,2
3968500,2729500,1,25,23,3.9,992,187,4.8,7,4.3,85,0,0,307,-319,2
3968500,2729500,1,25,24,4.6,991,169,6.0,6,4.8,91,0,0,301,-322,2
3968500,2729500,1,26,1,5.0,989,173,6.1,7,5.0,91,0,0,304,-325,2
3968500,2729500,1,26,2,4.7,988,181,6.7,8,5.2,94,0,0,320,-328,2
3968500,2729500,1,26,3,5.1,987,177,6.1,8,5.4,98,0,0,330,-331,2
3968500,2729500,1,26,4,5.6,987,166,5.8,8,5.6,98,0,0,333,-333,2
3968500,2729500,1,26,5,5.7,986,169,4.2,8,5.7,98,0,0,335,-334,2
3968500,2729500,1,26,6,6.4,985,178,5.8,8,5.9,98,0,0,337,-336,2
3968500,2729500,1,26,7,7.4,985,201,5.6,8,6.2,97,0,0,340,-339,2
3968500,2729500,1,26,8,8.6,986,189,5.2,8,6.3,92,0,0,343,-341,2
3968500,2729500,1,26,9,8.9,986,198,4.8,7,6.0,83,1,11,339,-343,2
3968500,2729500,1,26,10,9.1,987,191,4.5,5,5.5,76,11,52,320,-345,2
3968500,2729500,1,26,11,9.7,988,199,5.6,6,5.5,72,16,85,313,-347,2
3968500,2729500,1,26,12,9.5,989,206,5.9,7,5.6,74,0,80,325,-348,2
3968500,2729500,1,26,13,10.7,990,204,5.9,6,5.6,71,40,123,328,-350,2
3968500,2729500,1,26,14,10.0,989,204,6.1,7,5.6,69,3,90,328,-351,2
3968500,2729500,1,26,15,10.2,988,175,5.6,6,5.6,71,0,48,328,-351,2
3968500,2729500,1,26,16,10.6,987,176,6.9,6,5.5,68,24,55,324,-350,2
3968500,2729500,1,26,17,10.3,986,187,8.1,7,5.3,65,7,16,329,-349,2
3968500,2729500,1,26,18,10.2,985,190,10.3,7,5.2,65,0,0,332,-348,2
3968500,2729500,1,26,19,9.3,984,221,9.5,7,5.4,70,0,0,331,-348,2
3968500,2729500,1,26,20,9.3,983,217,9.2,7,5.8,77,0,0,331,-348,2
3968500,2729500,1,26,21,9.3,983,193,9.3,7,6.2,82,0,0,333,-349,2
3968500,2729500,1,26,22,9.3,982,214,8.4,8,6.7,89,0,0,339,-350,2
3968500,2729500,1,26,23,10.0,982,189,8.2,8,6.7,87,0,0,345,-351,2
3968500,2729500,1,26,24,9.4,981,211,7.7,7,6.6,86,0,0,342,-351,2
3968500,2729500,1,27,1,9.7,980,190,8.0,8,6.6,86,0,0,341,-352,2
3968500,2729500,1,27,2,8.7,980,188,8.0,8,6.8,90,0,0,346,-352,2
3968500,2729500,1,27,3,8.4,979,188,7.7,8,7.0,98,0,0,344,-353,2
3968500,2729500,1,27,4,8.4,978,205,7.4,8,7.0,98,0,0,344,-353,2
3968500,2729500,1,27,5,8.7,976,202,7.1,8,7.1,99,0,0,344,-353,2
3968500,2729500,1,27,6,9.3,975,217,7.7,8,7.3,98,0,0,346,-353,2
3968500,2729500,1,27,7,9.5,975,271,5.9,8,7.4,97,0,0,346,-354,2
3968500,2729500,1,27,8,9.4,974,272,6.1,8,7.4,97,0,0,345,-353,2
3968500,2729500,1,27,9,9.6,975,239,3.8,8,7.5,98,0,4,345,-352,2
3968500,2729500,1,27,10,7.9,977,283,6.4,7,6.9,94,0,31,334,-351,2
3968500,2729500,1,27,11,8.5,979,231,5.2,7,6.2,88,0,68,325,-351,2
3968500,2729500,1,27,12,9.3,980,267,5.3,7,5.8,79,0,64,326,-353,2
3968500,2729500,1,27,13,9.1,981,231,2.6,7,5.4,72,1,94,326,-356,2
3968500,2729500,1,27,14,9.3,982,285,4.6,6,5.2,70,30,130,318,-358,2
3968500,2729500,1,27,15,9.3,983,266,2.7,4,5.2,69,83,113,295,-357,2
3968500,2729500,1,27,16,7.8,984,229,2.5,4,5.2,72,54,71,269,-355,2
3968500,2729500,1,27,17,7.9,985,222,2.1,6,5.2,77,6,18,272,-354,2
3968500,2729500,1,27,18,7.5,985,220,1.9,7,5.3,78,0,0,303,-354,2
3968500,2729500,1,27,19,6.7,986,169,1.7,7,5.4,84,0,0,315,-355,2
3968500,2729500,1,27,20,6.8,986,186,1.8,8,5.7,90,0,0,325,-356,2
3968500,2729500,1,27,21,7.0,987,191,2.3,7,6.1,95,0,0,327,-360,2
3968500,2729500,1,27,22,7.3,987,197,3.0,8,6.3,97,0,0,328,-365,2
3968500,2729500,1,27,23,8.0,987,188,3.7,8,6.5,97,0,0,343,-367,2
3968500,2729500,1,27,24,8.7,988,185,3.5,7,6.9,98,0,0,335,-367,2
3968500,2729500,1,28,1,9.7,989,189,4.0,8,7.4,99,0,0,340,-368,2
3968500,2729500,1,28,2,11.5,989,236,3.9,8,8.1,99,0,0,358,-368,2
3968500,2729500,1,28,3,12.1,989,199,3.4,8,8.4,94,0,0,363,-369,2
3968500,2729500,1,28,4,11.2,990,218,3.7,8,8.3,94,0,0,363,-369,2
3968500,2729500,1,28,5,11.0,990,175,4.7,8,8.2,97,0,0,362,-368,2
3968500,2729500,1,28,6,11.9,990,226,5.5,8,8.3,96,0,0,363,-367,2
3968500,2729500,1,28,7,11.6,990,218,6.0,8,8.0,90,0,0,363,-366,2
3968500,2729500,1,28,8,11.9,990,206,6.8,7,7.2,82,0,0,356,-365,2
3968500,2729500,1,28,9,11.5,990,195,6.8,7,6.8,78,2,13,349,-364,2
3968500,2729500,1,28,10,11.0,991,187,7.3,6,6.9,81,7,57,343,-364,2
3968500,2729500,1,28,11,11.5,991,186,7.6,6,7.2,84,11,89,338,-365,2
3968500,2729500,1,28,12,11.2,990,206,7.0,8,7.6,88,0,44,347,-366,2
3968500,2729500,1,28,13,11.2,989,210,7.1,8,8.1,95,0,67,357,-367,2
3968500,2729500,1,28,14,9.2,988,261,8.0,8,7.8,97,0,29,352,-369,2
3968500,2729500,1,28,15,11.6,989,250,12.2,7,6.4,79,1,72,343,-369,2
3968500,2729500,1,28,16,11.4,989,252,9.0,6,5.4,62,14,62,332,-364,2
3968500,2729500,1,28,17,11.0,990,236,8.6,4,5.0,59,8,21,312,-358,2
3968500,2729500,1,28,18,10.5,992,236,8.1,4,4.6,56,0,0,298,-351,2
3968500,2729500,1,28,19,9.8,993,248,6.4,4,4.4,56,0,0,294,-347,2
3968500,2729500,1,28,20,9.7,994,230,6.8,4,4.3,57,0,0,291,-345,2
3968500,2729500,1,28,21,9.5,995,221,6.8,3,4.3,57,0,0,285,-344,2
3968500,2729500,1,28,22,9.9,995,240,7.6,3,4.3,57,0,0,280,-344,2
3968500,2729500,1,28,23,9.7,995,220,5.8,4,4.3,56,0,0,283,-343,2
3968500,2729500,1,28,24,9.7,996,210,5.7,6,4.2,56,0,0,296,-342,2
3968500,2729500,1,29,1,9.9,996,193,5.4,3,4.3,56,0,0,290,-340,2
3968500,2729500,1,29,2,9.9,996,170,5.2,4,4.3,55,0,0,279,-337,2
3968500,2729500,1,29,3,9.9,997,168,5.8,5,4.1,53,0,0,288,-333,2
3968500,2729500,1,29,4,9.3,998,171,5.4,5,4.1,54,0,0,291,-332,2
3968500,2729500,1,29,5,8.6,998,172,4.0,6,4.2,58,0,0,294,-331,2
3968500,2729500,1,29,6,7.5,998,177,4.8,6,4.4,65,0,0,296,-331,2
3968500,2729500,1,29,7,7.0,998,182,4.4,6,4.5,70,0,0,293,-333,2
3968500,2729500,1,29,8,6.6,998,185,4.8,3,4.5,72,0,0,273,-335,2
3968500,2729500,1,29,9,6.8,999,178,4.5,3,4.4,72,5,13,255,-336,2
3968500,2729500,1,29,10,6.9,999,171,5.4,6,4.5,72,31,55,275,-337,2
3968500,2729500,1,29,11,8.1,999,204,5.9,5,4.6,71,163,65,290,-341,2
3968500,2729500,1,29,12,11.0,999,180,5.1,4,4.5,60,259,59,284,-345,2
3968500,2729500,1,29,13,11.9,998,196,4.9,3,4.0,47,288,60,279,-349,2
3968500,2729500,1,29,14,12.7,999,195,4.8,2,3.4,38,272,58,271,-350,2
3968500,2729500,1,29,15,12.5,999,194,5.4,1,3.3,36,201,60,263,-351,2
3968500,2729500,1,29,16,11.8,999,221,4.5,1,3.5,39,113,48,259,-353,2
3968500,2729500,1,29,17,10.3,998,195,4.2,2,3.9,47,23,21,262,-353,2
3968500,2729500,1,29,18,9.8,998,186,3.3,3,4.4,57,0,0,274,-354,2
3968500,2729500,1,29,19,8.9,998,179,3.8,4,4.7,63,0,0,285,-354,2
3968500,2729500,1,29,20,8.4,998,157,4.4,5,4.9,70,0,0,295,-354,2
3968500,2729500,1,29,21,9.8,998,178,5.9,7,5.4,74,0,0,311,-354,2
3968500,2729500,1,29,22,9.6,998,175,5.8,6,5.9,78,0,0,318,-354,2
3968500,2729500,1,29,23,9.5,998,219,5.8,6,6.3,83,0,0,315,-354,2
3968500,2729500,1,29,24,9.5,998,214,5.7,5,6.4,85,0,0,310,-354,2
3968500,2729500,1,30,1,9.2,998,218,5.3,6,6.4,86,0,0,308,-353,2
3968500,2729500,1,30,2,10.0,999,181,5.7,8,6.5,86,0,0,324,-353,2
3968500,2729500,1,30,3,9.6,999,219,4.7,7,6.6,86,0,0,330,-352,2
3968500,2729500,1,30,4,9.4,999,164,4.4,7,6.7,89,0,0,325,-351,2
3968500,2729500,1,30,5,9.0,999,187,3.8,7,6.7,91,0,0,325,-350,2
3968500,2729500,1,30,6,8.5,999,182,3.7,7,6.7,94,0,0,323,-349,2
3968500,2729500,1,30,7,8.4,999,191,4.2,7,6.7,96,0,0,323,-349,2
3968500,2729500,1,30,8,8.3,999,186,4.0,7,6.8,98,0,0,322,-348,2
3968500,2729500,1,30,9,8.3,999,186,4.0,7,6.9,100,15,12,322,-348,2
3968500,2729500,1,30,10,9.3,999,186,5.3,5,6.9,96,19,53,312,-349,2
3968500,2729500,1,30,11,9.3,998,193,5.3,7,6.9,93,15,84,311,-351,2
3968500,2729500,1,30,12,9.8,998,191,5.3,7,7.0,93,27,110,318,-355,2
3968500,2729500,1,30,13,10.9,997,191,6.3,8,7.0,88,28,120,323,-358,2
3968500,2729500,1,30,14,11.6,997,187,6.4,8,6.6,78,112,103,327,-361,2
3968500,2729500,1,30,15,12.2,996,187,6.9,6,6.1,69,150,63,316,-362,2
3968500,2729500,1,30,16,11.5,995,186,5.7,5,5.9,68,63,50,298,-362,2
3968500,2729500,1,30,17,11.0,994,173,5.4,7,6.0,71,20,18,301,-360,2
3968500,2729500,1,30,18,9.9,994,163,4.6,7,5.9,74,0,0,308,-356,2
3968500,2729500,1,30,19,9.8,993,155,4.9,7,5.9,76,0,0,305,-352,2
3968500,2729500,1,30,20,9.4,993,156,4.1,7,5.8,76,0,0,303,-348,2
3968500,2729500,1,30,21,9.3,992,153,3.8,7,5.8,77,0,0,301,-345,2
3968500,2729500,1,30,22,9.1,992,153,3.8,7,5.7,77,0,0,299,-342,2
3968500,2729500,1,30,23,7.4,991,160,3.4,6,5.3,80,0,0,299,-341,2
3968500,2729500,1,30,24,5.2,991,167,3.1,6,4.8,83,0,0,288,-340,2
3968500,2729500,1,31,1,2.5,998,176,2.5,5,4.1,88,0,0,224,-315,2
3968500,2729500,1,31,2,0.4,998,194,2.0,6,3.6,91,0,0,246,-315,2
3968500,2729500,1,31,3,-1.1,999,198,1.3,6,3.3,94,0,0,254,-316,2
3968500,2729500,1,31,4,-1.0,1000,199,1.2,6,3.3,94,0,0,255,-316,2
3968500,2729500,1,31,5,-1.2,1001,190,1.5,5,3.3,94,0,0,250,-316,2
3968500,2729500,1,31,6,-1.4,1002,184,1.8,6,3.3,94,0,0,243,-316,2
3968500,2729500,1,31,7,-1.4,1003,235,2.2,5,3.3,94,0,0,242,-315,2
3968500,2729500,1,31,8,-1.6,1003,224,2.6,3,3.2,94,0,0,230,-315,2
3968500,2729500,1,31,9,-1.5,1004,133,1.9,3,3.2,95,1,14,220,-314,2
3968500,2729500,1,31,10,-0.7,1004,184,2.1,2,3.3,94,40,77,215,-313,2
3968500,2729500,1,31,11,-0.3,1004,190,2.8,4,3.4,92,41,122,220,-313,2
3968500,2729500,1,31,12,0.2,1004,189,3.8,7,3.5,91,37,148,244,-315,2
3968500,2729500,1,31,13,0.9,1004,192,4.5,6,3.5,89,130,174,257,-317,2
3968500,2729500,1,31,14,1.3,1003,192,5.3,6,3.6,87,129,165,256,-321,2
3968500,2729500,1,31,15,1.8,1003,193,4.9,7,3.5,82,47,127,262,-324,2
3968500,2729500,1,31,16,2.0,1002,189,4.6,6,3.2,73,21,76,262,-323,2
3968500,2729500,1,31,17,1.8,1002,189,3.7,7,3.0,67,3,19,263,-321,2
3968500,2729500,1,31,18,1.6,1001,192,3.3,7,2.9,68,0,0,269,-319,2
3968500,2729500,1,31,19,1.6,1000,191,4.2,8,3.1,72,0,0,275,-318,2
3968500,2729500,1,31,20,2.0,999,189,4.6,7,3.1,72,0,0,279,-318,2
3968500,2729500,1,31,21,2.2,999,197,5.7,7,3.1,68,0,0,280,-318,2
3968500,2729500,1,31,22,2.2,999,197,5.5,7,2.9,65,0,0,283,-318,2
3968500,2729500,1,31,23,2.2,998,190,5.4,7,2.8,62,0,0,286,-317,2
3968500,2729500,1,31,24,2.3,997,184,5.0,6,2.8,63,0,0,286,-317,2
3968500,2729500,2,1,1,2.3,995,196,6.6,7,2.9,63,0,0,293,-317,2
3968500,2729500,2,1,2,2.6,995,190,6.6,7,2.9,63,0,0,294,-318,2
3968500,2729500,2,1,3,2.6,995,185,6.1,6,3.0,65,0,0,294,-319,2
3968500,2729500,2,1,4,2.6,994,199,7.1,6,3.2,70,0,0,295,-319,2
3968500,2729500,2,1,5,3.0,993,192,7.8,8,3.5,73,0,0,305,-320,2
3968500,2729500,2,1,6,3.5,993,194,6.9,7,3.7,75,0,0,311,-320,2
3968500,2729500,2,1,7,3.8,993,196,7.4,8,3.8,75,0,0,314,-321,2
3968500,2729500,2,1,8,3.8,992,195,6.8,8,3.9,76,0,0,320,-322,2
3968500,2729500,2,1,9,3.6,992,184,6.6,8,4.1,82,0,9,322,-323,2
3968500,2729500,2,1,10,4.7,992,182,5.8,8,4.5,86,5,52,325,-324,2
3968500,2729500,2,1,11,5.3,992,176,4.4,7,4.7,85,25,78,322,-325,2
3968500,2729500,2,1,12,6.1,993,175,4.6,6,5.0,85,5,103,312,-327,2
3968500,2729500,2,1,13,7.7,993,185,5.6,6,5.3,84,0,109,306,-329,2
3968500,2729500,2,1,14,6.5,992,187,5.7,7,5.3,84,5,98,312,-332,2
3968500,2729500,2,1,15,6.7,992,191,6.7,8,5.4,87,0,47,323,-334,2
3968500,2729500,2,1,16,7.2,991,190,6.2,8,5.6,88,0,42,332,-335,2
3968500,2729500,2,1,17,7.3,991,190,6.2,8,5.8,89,0,12,331,-337,2
3968500,2729500,2,1,18,7.6,990,188,6.0,8,5.9,90,0,0,330,-338,2
3968500,2729500,2,1,19,7.8,990,188,5.8,8,6.1,90,0,0,329,-340,2
3968500,2729500,2,1,20,7.9,990,190,6.3,7,6.1,90,0,0,321,-341,2
3968500,2729500,2,1,21,8.0,989,196,6.2,7,6.1,89,0,0,314,-342,2
3968500,2729500,2,1,22,7.9,989,200,5.6,7,6.0,88,0,0,312,-341,2
3968500,2729500,2,1,23,7.9,989,191,5.0,7,5.9,87,0,0,311,-340,2
3968500,2729500,2,1,24,8.5,989,189,4.1,7,5.8,84,0,0,311,-340,2
3968500,2729500,2,2,1,8.5,989,213,5.3,8,5.6,79,0,0,319,-339,2
3968500,2729500,2,2,2,7.8,989,213,4.4,8,5.4,79,0,0,326,-339,2
3968500,2729500,2,2,3,6.9,989,327,4.4,8,5.5,84,0,0,326,-339,2
3968500,2729500,2,2,4,5.1,990,7,3.7,8,5.3,89,0,0,322,-336,2
3968500,2729500,2,2,5,4.7,991,342,1.7,8,5.0,91,0,0,320,-334,2
3968500,2729500,2,2,6,4.6,992,271,0.9,8,5.0,92,0,0,320,-333,2
3968500,2729500,2,2,7,4.3,993,200,1.4,8,5.0,93,0,0,319,-334,2
3968500,2729500,2,2,8,4.2,993,196,2.7,8,5.0,94,0,0,319,-336,2
3968500,2729500,2,2,9,4.3,994,204,3.3,8,5.0,95,0,6,319,-335,2
3968500,2729500,2,2,10,4.6,996,220,2.5,8,5.0,94,0,41,320,-333,2
3968500,2729500,2,2,11,5.7,997,312,3.9,6,4.9,88,25,115,308,-333,2
3968500,2729500,2,2,12,6.0,998,326,4.8,6,4.4,75,97,136,296,-335,2
3968500,2729500,2,2,13,5.8,1000,318,4.2,6,3.9,67,36,150,290,-336,2
3968500,2729500,2,2,14,5.6,1001,320,5.2,7,3.6,63,0,89,289,-336,2
3968500,2729500,2,2,15,5.7,1002,302,4.1,7,3.5,62,0,48,290,-334,2
3968500,2729500,2,2,16,5.5,1003,307,3.9,7,3.6,64,0,37,289,-332,2
3968500,2729500,2,2,17,5.5,1004,319,1.9,5,3.6,64,0,24,280,-327,2
3968500,2729500,2,2,18,4.4,1005,347,1.2,4,3.6,65,0,0,265,-321,2
3968500,2729500,2,2,19,3.4,1007,347,0.6,3,3.5,70,0,0,252,-316,2
3968500,2729500,2,2,20,2.2,1007,117,0.0,3,3.4,73,0,0,241,-315,2
3968500,2729500,2,2,21,1.5,1008,148,0.4,2,3.3,76,0,0,233,-314,2
3968500,2729500,2,2,22,0.8,1009,65,0.3,3,3.4,81,0,0,228,-311,2
3968500,2729500,2,2,23,0.1,1009,25,0.7,3,3.3,84,0,0,226,-309,2
3968500,2729500,2,2,24,-0.7,1010,197,0.8,2,3.3,89,0,0,217,-308,2
3968500,2729500,2,3,1,-1.5,1010,179,0.2,2,3.2,92,0,0,210,-307,2
3968500,2729500,2,3,2,-1.4,1011,162,0.5,1,3.2,92,0,0,204,-307,2
3968500,2729500,2,3,3,-1.6,1011,158,0.0,0,3.2,93,0,0,195,-307,2
3968500,2729500,2,3,4,-1.9,1011,151,0.4,1,3.1,93,0,0,195,-306,2
3968500,2729500,2,3,5,-2.3,1011,28,0.0,0,3.1,95,0,0,194,-306,2
3968500,2729500,2,3,6,-2.2,1011,158,0.7,2,3.1,95,0,0,200,-306,2
3968500,2729500,2,3,7,-2.1,1011,128,1.0,5,3.1,95,0,0,222,-305,2
3968500,2729500,2,3,8,-1.8,1011,171,1.2,6,3.1,94,0,0,237,-305,2
3968500,2729500,2,3,9,-0.8,1010,170,1.1,6,3.2,93,0,10,244,-305,2
3968500,2729500,2,3,10,-0.4,1009,151,1.9,7,3.4,93,2,63,251,-308,2
3968500,2729500,2,3,11,0.4,1009,156,2.0,7,3.5,92,34,113,257,-312,2
3968500,2729500,2,3,12,1.4,1009,187,3.7,7,3.6,88,14,132,260,-315,2
3968500,2729500,2,3,13,2.2,1009,185,4.2,7,3.6,82,11,137,266,-318,2
3968500,2729500,2,3,14,3.0,1008,167,4.9,6,3.5,77,50,138,268,-322,2
3968500,2729500,2,3,15,2.9,1008,171,3.3,6,3.5,75,30,111,272,-323,2
3968500,2729500,2,3,16,3.0,1008,165,2.9,7,3.6,76,7,68,278,-323,2
3968500,2729500,2,3,17,3.1,1007,166,2.9,7,3.5,73,0,8,284,-321,2
3968500,2729500,2,3,18,2.6,1007,159,1.4,6,3.4,73,0,0,284,-318,2
3968500,2729500,2,3,19,2.2,1006,163,2.1,5,3.4,75,0,0,280,-317,2
3968500,2729500,2,3,20,1.8,1005,181,4.1,4,3.4,78,0,0,273,-317,2
3968500,2729500,2,3,21,1.9,1005,191,4.3,5,3.5,80,0,0,269,-317,2
3968500,2729500,2,3,22,1.5,1005,171,3.6,3,3.5,82,0,0,260,-318,2
3968500,2729500,2,3,23,1.4,1005,174,3.2,3,3.6,84,0,0,250,-319,2
3968500,2729500,2,3,24,1.4,1004,171,4.3,3,3.6,84,0,0,251,-321,2
3968500,2729500,2,4,1,1.3,1004,176,3.9,3,3.6,86,0,0,252,-322,2
3968500,2729500,2,4,2,1.2,1003,176,3.0,3,3.6,87,0,0,253,-323,2
3968500,2729500,2,4,3,1.3,1003,175,3.8,6,3.7,89,0,0,272,-324,2
3968500,2729500,2,4,4,1.4,1002,173,5.1,6,3.8,91,0,0,289,-325,2
3968500,2729500,2,4,5,1.6,1003,174,3.7,6,3.9,91,0,0,291,-326,2
3968500,2729500,2,4,6,1.7,1002,173,4.1,6,3.9,90,0,0,292,-326,2
3968500,2729500,2,4,7,1.9,1002,165,4.4,7,3.8,88,0,0,298,-327,2
3968500,2729500,2,4,8,2.0,1001,171,4.7,8,3.8,87,0,0,312,-328,2
3968500,2729500,2,4,9,2.2,1001,159,4.8,8,3.9,87,0,11,320,-328,2
3968500,2729500,2,4,10,2.6,1001,160,5.0,7,4.0,87,0,53,315,-329,2
3968500,2729500,2,4,11,3.2,1001,175,4.7,6,4.0,85,15,85,303,-330,2
3968500,2729500,2,4,12,3.8,1001,181,5.0,7,4.1,83,19,110,304,-332,2
3968500,2729500,2,4,13,4.0,1001,191,5.6,7,4.3,84,0,83,310,-335,2
3968500,2729500,2,4,14,4.1,1000,189,4.3,8,4.6,89,0,34,319,-339,2
3968500,2729500,2,4,15,4.6,999,181,3.0,8,4.8,92,0,39,330,-343,2
3968500,2729500,2,4,16,5.0,999,197,3.4,7,4.9,90,0,32,324,-345,2
3968500,2729500,2,4,17,5.5,999,198,3.3,8,4.9,88,0,16,326,-346,2
3968500,2729500,2,4,18,5.6,998,206,2.3,8,5.1,88,0,0,334,-345,2
3968500,2729500,2,4,19,5.7,998,197,2.6,7,5.1,89,0,0,328,-342,2
3968500,2729500,2,4,20,6.0,999,180,2.7,8,5.2,88,0,0,329,-339,2
3968500,2729500,2,4,21,6.5,999,194,2.0,8,5.3,88,0,0,336,-337,2
3968500,2729500,2,4,22,7.6,999,235,4.0,8,5.4,85,0,0,338,-337,2
3968500,2729500,2,4,23,7.5,999,287,4.1,7,5.5,84,0,0,332,-337,2
3968500,2729500,2,4,24,6.6,1000,320,5.3,6,5.2,82,0,0,316,-340,2
3968500,2729500,2,5,1,6.1,1001,317,4.2,7,4.8,79,0,0,312,-342,2
3968500,2729500,2,5,2,5.6,1002,315,4.0,5,4.5,77,0,0,302,-344,2
3968500,2729500,2,5,3,4.7,1002,314,3.6,5,4.2,76,0,0,284,-344,2
3968500,2729500,2,5,4,4.6,1002,277,2.6,5,4.2,78,0,0,281,-343,2
3968500,2729500,2,5,5,4.3,1002,281,2.7,3,4.2,79,0,0,264,-341,2
3968500,2729500,2,5,6,3.9,1003,259,2.3,3,4.1,80,0,0,248,-339,2
3968500,2729500,2,5,7,4.2,1003,316,2.1,6,4.1,80,0,0,266,-337,2
3968500,2729500,2,5,8,4.2,1003,300,2.0,6,4.0,78,0,0,287,-337,2
3968500,2729500,2,5,9,4.0,1004,312,2.8,6,4.1,80,4,27,288,-337,2
3968500,2729500,2,5,10,4.7,1005,254,2.2,7,4.2,80,16,82,296,-338,2
3968500,2729500,2,5,11,6.4,1005,205,1.7,7,4.3,76,39,134,305,-341,2
3968500,2729500,2,5,12,7.2,1005,226,1.6,7,4.4,72,41,164,307,-347,2
3968500,2729500,2,5,13,7.7,1004,226,1.4,5,4.3,67,94,179,294,-351,2
3968500,2729500,2,5,14,8.0,1004,220,3.3,6,4.3,64,69,168,286,-352,2
3968500,2729500,2,5,15,8.1,1003,222,1.8,6,4.3,64,15,121,293,-352,2
3968500,2729500,2,5,16,8.5,1003,234,1.0,4,4.2,62,53,93,283,-351,2
3968500,2729500,2,5,17,8.3,1002,224,2.3,7,4.2,60,13,38,291,-350,2
3968500,2729500,2,5,18,6.7,1002,215,1.4,6,4.3,66,0,0,303,-348,2
3968500,2729500,2,5,19,6.1,1002,184,3.0,5,4.6,76,0,0,292,-345,2
3968500,2729500,2,5,20,5.0,1002,171,1.8,5,4.8,85,0,0,287,-340,2
3968500,2729500,2,5,21,5.0,1001,184,1.9,6,4.9,90,0,0,295,-337,2
3968500,2729500,2,5,22,4.4,1001,187,1.8,4,4.8,89,0,0,287,-338,2
3968500,2729500,2,5,23,4.2,1001,194,2.6,4,4.6,89,0,0,266,-341,2
3968500,2729500,2,5,24,5.1,1000,180,2.7,7,4.8,89,0,0,291,-343,2
3968500,2729500,2,6,1,5.2,1000,186,2.7,7,4.9,88,0,0,317,-344,2
3968500,2729500,2,6,2,5.0,999,199,2.7,7,4.9,88,0,0,319,-345,2
3968500,2729500,2,6,3,5.0,999,194,3.1,8,4.9,89,0,0,327,-346,2
3968500,2729500,2,6,4,5.4,998,170,2.3,8,5.0,90,0,0,336,-347,2
3968500,2729500,2,6,5,5.8,997,170,2.8,8,5.2,90,0,0,338,-348,2
3968500,2729500,2,6,6,5.9,996,175,3.2,8,5.3,91,0,0,339,-349,2
3968500,2729500,2,6,7,5.9,996,202,3.0,8,5.4,93,0,0,341,-350,2
3968500,2729500,2,6,8,6.3,995,205,3.5,8,5.6,95,0,0,342,-353,2
3968500,2729500,2,6,9,6.6,995,200,3.0,8,5.8,94,2,24,343,-356,2
3968500,2729500,2,6,10,7.1,995,209,3.8,7,6.0,95,1,60,336,-358,2
3968500,2729500,2,6,11,7.7,995,192,2.8,7,6.2,95,0,59,328,-359,2
3968500,2729500,2,6,12,8.8,995,201,3.4,7,6.4,93,0,88,330,-360,2
3968500,2729500,2,6,13,9.6,995,218,3.9,7,6.6,89,0,75,331,-361,2
3968500,2729500,2,6,14,10.9,994,224,3.2,8,6.4,80,0,48,342,-363,2
3968500,2729500,2,6,15,10.8,994,231,2.3,8,6.1,74,0,39,353,-365,2
3968500,2729500,2,6,16,10.8,994,204,2.5,7,6.1,75,0,35,343,-366,2
3968500,2729500,2,6,17,10.2,993,188,2.4,7,6.3,78,0,18,334,-365,2
3968500,2729500,2,6,18,10.3,993,199,2.1,8,6.4,80,0,0,342,-361,2
3968500,2729500,2,6,19,9.9,993,205,1.7,7,6.3,80,0,0,340,-357,2
3968500,2729500,2,6,20,8.7,992,204,2.5,6,6.2,84,0,0,326,-355,2
3968500,2729500,2,6,21,7.9,992,215,1.9,6,6.1,87,0,0,318,-354,2
3968500,2729500,2,6,22,7.4,992,223,1.8,6,5.6,84,0,0,314,-352,2
3968500,2729500,2,6,23,7.3,992,204,2.7,6,5.3,82,0,0,312,-352,2
3968500,2729500,2,6,24,7.4,992,221,2.7,6,5.2,80,0,0,312,-351,2
3968500,2729500,2,7,1,7.7,991,209,4.1,7,5.1,77,0,0,317,-349,2
3968500,2729500,2,7,2,8.0,991,202,3.3,7,5.0,75,0,0,324,-348,2
3968500,2729500,2,7,3,8.0,990,199,4.0,7,5.0,73,0,0,324,-349,2
3968500,2729500,2,7,4,8.0,990,205,3.6,7,5.0,74,0,0,325,-349,2
3968500,2729500,2,7,5,7.9,989,217,3.5,8,5.0,74,0,0,331,-349,2
3968500,2729500,2,7,6,8.0,988,211,2.7,8,5.0,73,0,0,337,-349,2
3968500,2729500,2,7,7,7.9,988,208,3.3,8,5.0,73,0,0,337,-350,2
3968500,2729500,2,7,8,7.8,988,202,2.7,8,5.0,74,0,0,337,-350,2
3968500,2729500,2,7,9,7.6,987,198,3.0,8,5.0,75,0,10,336,-350,2
3968500,2729500,2,7,10,7.8,987,205,2.7,8,5.0,75,0,27,336,-352,2
3968500,2729500,2,7,11,7.9,987,227,2.7,8,5.0,74,0,28,336,-355,2
3968500,2729500,2,7,12,8.2,987,235,3.2,8,5.1,75,0,31,336,-357,2
3968500,2729500,2,7,13,8.7,987,231,3.6,8,5.2,74,0,39,335,-358,2
3968500,2729500,2,7,14,8.8,987,251,4.6,8,5.2,72,0,41,336,-359,2
3968500,2729500,2,7,15,8.8,986,257,5.3,7,5.2,71,0,73,330,-358,2
3968500,2729500,2,7,16,8.7,986,248,4.4,7,5.2,72,0,47,324,-357,2
3968500,2729500,2,7,17,8.5,985,247,4.9,6,5.2,72,0,12,316,-356,2
3968500,2729500,2,7,18,8.4,985,224,3.7,6,5.1,72,0,0,308,-356,2
3968500,2729500,2,7,19,8.3,985,236,4.3,8,5.0,72,0,0,317,-356,2
3968500,2729500,2,7,20,8.1,985,230,3.8,8,5.0,72,0,0,328,-356,2
3968500,2729500,2,7,21,7.9,985,224,4.4,8,5.1,74,0,0,326,-356,2
3968500,2729500,2,7,22,7.8,984,217,3.7,8,5.1,74,0,0,325,-355,2
3968500,2729500,2,7,23,7.3,984,209,2.3,8,5.1,77,0,0,324,-354,2
3968500,2729500,2,7,24,7.0,983,230,2.5,8,5.3,82,0,0,322,-354,2
3968500,2729500,2,8,1,6.9,982,208,3.2,8,5.3,84,0,0,321,-354,2
3968500,2729500,2,8,2,7.2,982,243,3.3,8,5.2,80,0,0,321,-354,2
3968500,2729500,2,8,3,6.8,982,200,2.8,8,5.1,80,0,0,320,-353,2
3968500,2729500,2,8,4,6.3,981,209,3.1,8,5.3,84,0,0,320,-354,2
3968500,2729500,2,8,5,5.6,980,180,2.2,8,5.3,88,0,0,319,-354,2
3968500,2729500,2,8,6,5.6,980,191,2.5,8,5.3,90,0,0,320,-353,2
3968500,2729500,2,8,7,5.6,979,198,5.2,8,5.3,91,0,0,321,-352,2
3968500,2729500,2,8,8,5.6,978,200,4.6,8,5.3,90,0,0,323,-351,2
3968500,2729500,2,8,9,6.0,978,197,5.3,8,5.4,91,0,10,324,-351,2
3968500,2729500,2,8,10,6.6,979,68,5.0,8,5.5,90,0,28,326,-351,2
3968500,2729500,2,8,11,7.0,978,201,4.6,8,5.6,88,0,32,327,-347,2
3968500,2729500,2,8,12,8.4,978,218,3.8,8,5.6,83,0,49,330,-340,2
3968500,2729500,2,8,13,8.5,978,238,3.7,8,5.6,78,0,37,332,-332,2
3968500,2729500,2,8,14,8.1,977,231,4.6,8,5.7,80,0,47,330,-325,2
3968500,2729500,2,8,15,7.9,977,267,3.3,8,5.8,84,0,37,329,-323,2
3968500,2729500,2,8,16,2.7,976,328,5.0,8,5.1,88,0,17,319,-324,2
3968500,2729500,2,8,17,1.5,976,339,4.3,8,4.2,91,0,9,306,-321,2
3968500,2729500,2,8,18,0.7,976,339,3.8,7,3.9,92,0,0,295,-320,2
3968500,2729500,2,8,19,0.0,977,355,2.7,7,3.8,95,0,0,285,-321,2
3968500,2729500,2,8,20,0.0,977,347,3.4,7,3.8,96,0,0,285,-321,2
3968500,2729500,2,8,21,0.1,978,354,2.6,8,3.8,96,0,0,293,-320,2
3968500,2729500,2,8,22,-0.2,978,359,2.1,8,3.8,96,0,0,298,-318,2
3968500,2729500,2,8,23,-0.2,978,341,2.0,8,3.7,96,0,0,296,-319,2
3968500,2729500,2,8,24,-0.3,978,0,1.6,8,3.7,96,0,0,294,-318,2
3968500,2729500,2,9,1,-0.4,978,353,1.5,8,3.7,96,0,0,292,-318,2
3968500,2729500,2,9,2,-0.5,978,350,1.4,8,3.7,96,0,0,291,-317,2
3968500,2729500,2,9,3,-0.6,977,0,1.9,7,3.6,96,0,0,285,-317,2
3968500,2729500,2,9,4,-0.7,977,17,2.3,6,3.6,96,0,0,274,-316,2
3968500,2729500,2,9,5,-0.9,977,6,2.0,6,3.5,95,0,0,268,-315,2
3968500,2729500,2,9,6,-0.8,977,9,2.2,5,3.5,94,0,0,260,-311,2
3968500,2729500,2,9,7,-0.6,978,9,1.5,5,3.4,92,0,0,254,-308,2
3968500,2729500,2,9,8,-1.6,978,351,1.6,2,3.3,92,0,0,237,-307,2
3968500,2729500,2,9,9,-1.6,979,340,0.7,2,3.2,90,18,31,220,-306,2
3968500,2729500,2,9,10,-0.4,980,318,1.2,1,3.2,88,94,63,216,-308,2
3968500,2729500,2,9,11,0.7,980,321,1.9,0,3.1,78,215,60,208,-311,2
3968500,2729500,2,9,12,1.5,981,331,2.1,1,2.9,69,245,83,209,-314,2
3968500,2729500,2,9,13,1.4,981,336,2.0,1,3.0,69,224,107,214,-317,2
3968500,2729500,2,9,14,1.7,981,324,2.8,4,3.0,69,80,148,227,-320,2
3968500,2729500,2,9,15,2.9,981,296,3.3,3,2.8,62,119,108,237,-320,2
3968500,2729500,2,9,16,1.9,981,304,2.6,2,2.8,59,82,76,230,-319,2
3968500,2729500,2,9,17,1.4,981,297,3.1,4,2.8,63,27,39,232,-316,2
3968500,2729500,2,9,18,0.5,982,293,1.9,5,2.8,66,0,4,243,-315,2
3968500,2729500,2,9,19,-0.6,983,295,1.9,4,2.9,75,0,0,241,-312,2
3968500,2729500,2,9,20,-0.8,984,300,1.6,2,3.0,79,0,0,228,-308,2
3968500,2729500,2,9,21,-1.3,984,285,1.3,1,3.0,83,0,0,210,-307,2
3968500,2729500,2,9,22,-1.7,985,256,1.1,1,3.0,86,0,0,205,-306,2
3968500,2729500,2,9,23,-2.0,985,213,1.1,1,3.0,87,0,0,207,-306,2
3968500,2729500,2,9,24,-2.1,986,177,1.5,1,3.0,89,0,0,204,-305,2
3968500,2729500,2,10,1,-1.9,999,143,2.2,1,3.1,91,0,0,234,-322,2
3968500,2729500,2,10,2,-1.6,999,137,2.7,1,3.2,92,0,0,229,-320,2
3968500,2729500,2,10,3,-1.1,998,140,3.1,2,3.2,92,0,0,232,-318,2
3968500,2729500,2,10,4,-0.9,998,143,3.3,3,3.3,92,0,0,230,-316,2
3968500,2729500,2,10,5,-0.4,997,142,3.4,4,3.4,92,0,0,242,-316,2
3968500,2729500,2,10,6,-0.2,997,148,3.5,7,3.5,92,0,0,263,-316,2
3968500,2729500,2,10,7,0.1,997,149,4.1,6,3.5,92,0,0,270,-316,2
3968500,2729500,2,10,8,0.1,997,155,4.2,6,3.6,92,0,0,269,-316,2
3968500,2729500,2,10,9,1.0,997,146,4.3,7,3.7,91,5,37,275,-317,2
3968500,2729500,2,10,10,1.3,997,148,4.9,6,3.8,91,7,94,277,-321,2
3968500,2729500,2,10,11,1.0,996,158,4.9,7,3.9,93,8,133,277,-327,2
3968500,2729500,2,10,12,1.6,996,156,4.8,7,3.9,93,1,134,278,-334,2
3968500,2729500,2,10,13,2.1,995,154,4.3,5,4.0,90,52,220,275,-340,2
3968500,2729500,2,10,14,2.2,995,155,4.8,6,4.0,89,74,215,274,-344,2
3968500,2729500,2,10,15,2.3,994,167,5.4,6,4.0,88,51,178,277,-346,2
3968500,2729500,2,10,16,2.2,994,172,5.4,7,4.1,90,10,103,280,-346,2
3968500,2729500,2,10,17,2.2,994,161,5.3,8,4.1,91,0,25,287,-343,2
3968500,2729500,2,10,18,2.2,993,154,5.6,8,4.1,91,0,0,291,-338,2
3968500,2729500,2,10,19,2.0,993,147,6.1,8,4.1,92,0,0,292,-333,2
3968500,2729500,2,10,20,2.0,992,149,5.2,8,4.2,94,0,0,293,-331,2
3968500,2729500,2,10,21,2.2,992,149,4.3,7,4.3,96,0,0,291,-329,2
3968500,2729500,2,10,22,2.8,991,153,4.7,7,4.5,97,0,0,291,-329,2
3968500,2729500,2,10,23,3.6,990,157,5.1,7,4.7,97,0,0,294,-329,2
3968500,2729500,2,10,24,4.1,989,155,5.1,7,4.9,96,0,0,297,-329,2
3968500,2729500,2,11,1,4.5,989,158,5.3,8,5.1,96,0,0,303,-329,2
3968500,2729500,2,11,2,5.2,988,158,5.4,8,5.3,96,0,0,310,-329,2
3968500,2729500,2,11,3,5.7,988,159,5.2,8,5.5,96,0,0,313,-328,2
3968500,2729500,2,11,4,6.3,987,158,5.2,8,5.7,96,0,0,316,-328,2
3968500,2729500,2,11,5,6.5,986,158,4.2,7,5.9,96,0,0,314,-328,2
3968500,2729500,2,11,6,6.6,986,162,3.7,7,5.9,95,0,0,309,-328,2
3968500,2729500,2,11,7,6.4,986,156,3.9,7,5.9,95,0,0,309,-328,2
3968500,2729500,2,11,8,6.5,986,166,3.6,7,5.8,94,0,0,308,-328,2
3968500,2729500,2,11,9,7.1,986,164,4.0,7,6.0,95,1,30,308,-328,2
3968500,2729500,2,11,10,9.1,987,151,3.8,7,6.5,94,4,76,313,-329,2
3968500,2729500,2,11,11,9.0,987,167,4.1,7,6.7,91,0,72,316,-330,2
3968500,2729500,2,11,12,10.3,988,163,4.8,6,6.2,81,21,149,311,-331,2
3968500,2729500,2,11,13,10.8,988,172,4.9,5,5.8,72,36,161,300,-332,2
3968500,2729500,2,11,14,10.3,987,163,4.8,7,5.7,70,0,109,306,-333,2
3968500,2729500,2,11,15,10.3,988,187,4.1,6,5.7,71,0,75,311,-334,2
3968500,2729500,2,11,16,9.3,988,172,3.2,8,5.8,75,0,24,317,-336,2
3968500,2729500,2,11,17,8.5,988,175,3.6,7,6.0,82,0,6,322,-337,2
3968500,2729500,2,11,18,8.0,987,197,3.2,7,6.1,87,0,0,315,-338,2
3968500,2729500,2,11,19,7.9,988,151,3.8,7,6.1,89,0,0,315,-338,2
3968500,2729500,2,11,20,7.9,988,139,3.4,8,5.9,87,0,0,319,-338,2
3968500,2729500,2,11,21,5.1,988,99,3.8,8,5.4,87,0,0,320,-339,2
3968500,2729500,2,11,22,3.7,990,98,4.3,8,4.8,90,0,0,314,-339,2
3968500,2729500,2,11,23,3.3,991,1,3.1,7,4.5,90,0,0,308,-338,2
3968500,2729500,2,11,24,3.4,991,3,2.8,7,4.4,90,0,0,301,-340,2
3968500,2729500,2,12,1,3.2,992,9,3.3,8,4.4,90,0,0,306,-342,2
3968500,2729500,2,12,2,2.8,993,28,2.4,8,4.3,90,0,0,308,-340,2
3968500,2729500,2,12,3,2.2,994,62,3.6,7,4.0,85,0,0,298,-338,2
3968500,2729500,2,12,4,1.5,994,34,3.3,8,3.6,81,0,0,295,-336,2
3968500,2729500,2,12,5,1.2,995,28,2.4,8,3.5,82,0,0,299,-334,2
3968500,2729500,2,12,6,1.2,995,19,2.7,8,3.5,82,0,0,298,-332,2
3968500,2729500,2,12,7,1.0,995,118,2.8,8,3.5,84,0,0,296,-331,2
3968500,2729500,2,12,8,0.8,995,127,2.9,8,3.4,82,0,1,295,-330,2
3968500,2729500,2,12,9,0.2,996,108,4.4,7,3.2,79,0,20,286,-330,2
3968500,2729500,2,12,10,0.0,996,107,4.3,8,3.1,79,0,36,283,-330,2
3968500,2729500,2,12,11,0.1,996,99,4.5,7,3.0,79,0,37,281,-332,2
3968500,2729500,2,12,12,-0.9,995,127,2.6,7,3.2,86,0,41,274,-336,2
3968500,2729500,2,12,13,-0.8,995,47,2.5,7,3.4,95,0,42,272,-342,2
3968500,2729500,2,12,14,-0.6,995,96,2.2,7,3.5,95,0,56,271,-347,2
3968500,2729500,2,12,15,-0.2,995,142,2.1,6,3.5,94,0,53,266,-351,2
3968500,2729500,2,12,16,-0.3,995,131,2.6,5,3.6,94,0,49,256,-352,2
3968500,2729500,2,12,17,-0.2,994,144,2.8,7,3.6,95,0,17,262,-349,2
3968500,2729500,2,12,18,-0.2,994,144,2.7,8,3.6,95,0,0,280,-343,2
3968500,2729500,2,12,19,0.0,994,137,3.1,8,3.6,94,0,0,287,-336,2
3968500,2729500,2,12,20,0.1,993,144,3.3,8,3.6,93,0,0,287,-330,2
3968500,2729500,2,12,21,0.3,993,148,2.9,8,3.6,93,0,0,288,-325,2
3968500,2729500,2,12,22,0.1,992,141,2.7,8,3.7,94,0,0,287,-322,2
3968500,2729500,2,12,23,0.3,992,157,3.0,8,3.7,94,0,0,288,-320,2
3968500,2729500,2,12,24,0.6,992,152,3.3,8,3.7,93,0,0,290,-318,2
3968500,2729500,2,13,1,0.7,991,155,3.3,8,3.8,93,0,0,292,-317,2
3968500,2729500,2,13,2,0.6,991,149,2.7,8,3.8,94,0,0,294,-317,2
3968500,2729500,2,13,3,0.8,991,151,2.6,8,3.9,97,0,0,296,-317,2
3968500,2729500,2,13,4,0.8,990,151,3.2,8,4.0,98,0,0,296,-317,2
3968500,2729500,2,13,5,0.9,990,160,2.7,8,4.0,98,0,0,297,-317,2
3968500,2729500,2,13,6,1.0,990,145,2.2,7,4.1,98,0,0,292,-317,2
3968500,2729500,2,13,7,0.9,989,130,2.4,8,4.1,98,0,0,293,-317,2
3968500,2729500,2,13,8,0.9,989,137,3.0,8,4.1,98,0,0,299,-317,2
3968500,2729500,2,13,9,1.2,989,132,3.0,7,4.1,99,0,12,293,-319,2
3968500,2729500,2,13,10,1.4,989,159,2.6,7,4.2,99,0,39,289,-322,2
3968500,2729500,2,13,11,1.8,989,166,2.6,7,4.3,99,0,47,290,-324,2
3968500,2729500,2,13,12,2.2,989,142,2.6,8,4.4,99,0,60,296,-328,2
3968500,2729500,2,13,13,2.6,989,135,1.8,8,4.6,100,0,75,301,-334,2
3968500,2729500,2,13,14,3.6,989,167,2.2,7,4.8,98,3,131,298,-339,2
3968500,2729500,2,13,15,3.8,988,163,1.8,7,4.8,96,1,97,295,-343,2
3968500,2729500,2,13,16,4.5,988,137,2.1,8,5.0,95,0,50,300,-344,2
3968500,2729500,2,13,17,4.3,988,145,1.8,7,5.0,94,6,36,298,-341,2
3968500,2729500,2,13,18,3.8,988,98,1.5,7,4.9,94,0,0,292,-337,2
3968500,2729500,2,13,19,2.9,987,144,2.0,8,4.7,95,0,0,291,-333,2
3968500,2729500,2,13,20,2.7,987,120,1.5,8,4.7,98,0,0,291,-328,2
3968500,2729500,2,13,21,2.4,987,141,1.5,8,4.7,100,0,0,290,-323,2
3968500,2729500,2,13,22,2.5,987,127,2.2,8,4.6,99,0,0,290,-320,2
3968500,2729500,2,13,23,2.7,987,105,2.5,8,4.5,96,0,0,290,-319,2
3968500,2729500,2,13,24,2.1,987,99,1.5,8,4.5,96,0,0,290,-318,2
3968500,2729500,2,14,1,1.6,987,95,1.5,8,4.3,97,0,0,289,-317,2
3968500,2729500,2,14,2,1.4,987,124,2.0,8,4.3,98,0,0,289,-316,2
3968500,2729500,2,14,3,1.1,987,101,2.3,8,4.2,99,0,0,289,-315,2
3968500,2729500,2,14,4,1.3,987,109,2.1,8,4.1,97,0,0,291,-314,2
3968500,2729500,2,14,5,1.5,987,46,1.6,7,4.2,97,0,0,288,-314,2
3968500,2729500,2,14,6,1.2,987,80,1.9,8,4.2,97,0,0,290,-314,2
3968500,2729500,2,14,7,1.4,986,103,2.4,8,4.2,98,0,0,297,-314,2
3968500,2729500,2,14,8,1.6,986,112,2.3,8,4.2,98,0,3,300,-314,2
3968500,2729500,2,14,9,2.3,986,99,2.2,7,4.3,95,1,33,297,-315,2
3968500,2729500,2,14,10,3.1,987,108,2.5,7,4.4,93,0,49,294,-316,2
3968500,2729500,2,14,11,3.4,986,87,2.6,7,4.5,90,15,134,298,-320,2
3968500,2729500,2,14,12,4.6,986,129,2.4,6,4.5,87,27,170,295,-328,2
3968500,2729500,2,14,13,4.5,986,142,3.5,7,4.6,85,4,150,298,-337,2
3968500,2729500,2,14,14,4.9,986,126,3.8,6,4.6,84,22,165,298,-343,2
3968500,2729500,2,14,15,5.1,985,158,3.0,6,4.7,84,31,147,294,-346,2
3968500,2729500,2,14,16,5.0,985,102,3.8,7,4.7,84,8,90,301,-347,2
3968500,2729500,2,14,17,4.4,985,106,3.8,8,4.7,85,1,35,311,-344,2
3968500,2729500,2,14,18,4.2,985,104,3.4,8,4.6,87,0,0,315,-341,2
3968500,2729500,2,14,19,4.0,985,88,3.0,8,4.6,87,0,0,313,-338,2
3968500,2729500,2,14,20,3.7,984,144,2.9,8,4.5,88,0,0,312,-336,2
3968500,2729500,2,14,21,3.4,984,117,3.0,7,4.5,90,0,0,305,-335,2
3968500,2729500,2,14,22,3.3,984,131,2.7,7,4.5,91,0,0,297,-333,2
3968500,2729500,2,14,23,3.4,984,129,2.8,7,4.5,91,0,0,297,-332,2
3968500,2729500,2,14,24,2.9,983,163,2.0,8,4.5,93,0,0,303,-332,2
3968500,2729500,2,15,1,2.9,983,117,1.8,7,4.6,96,0,0,303,-333,2
3968500,2729500,2,15,2,2.9,982,137,2.4,7,4.7,96,0,0,297,-333,2
3968500,2729500,2,15,3,2.7,982,145,2.5,7,4.6,97,0,0,296,-334,2
3968500,2729500,2,15,4,2.7,981,137,2.3,7,4.6,96,0,0,295,-335,2
3968500,2729500,2,15,5,2.7,981,135,2.4,7,4.5,95,0,0,292,-336,2
3968500,2729500,2,15,6,2.7,980,157,2.2,7,4.5,94,0,0,291,-336,2
3968500,2729500,2,15,7,2.6,980,162,2.5,8,4.5,94,0,0,297,-336,2
3968500,2729500,2,15,8,2.4,980,134,2.3,8,4.5,95,0,0,304,-335,2
3968500,2729500,2,15,9,2.5,980,130,1.8,7,4.5,96,0,24,295,-335,2
3968500,2729500,2,15,10,2.6,980,113,2.1,6,4.5,96,0,61,278,-335,2
3968500,2729500,2,15,11,2.9,980,146,2.4,7,4.4,93,0,42,277,-337,2
3968500,2729500,2,15,12,3.0,980,136,2.5,7,4.4,91,0,54,286,-341,2
3968500,2729500,2,15,13,3.0,979,153,2.7,8,4.5,92,0,53,294,-346,2
3968500,2729500,2,15,14,3.0,979,121,2.9,8,4.5,93,0,59,303,-352,2
3968500,2729500,2,15,15,3.3,978,145,2.7,7,4.5,92,0,55,295,-353,2
3968500,2729500,2,15,16,3.1,977,142,3.2,7,4.5,91,0,31,285,-351,2
3968500,2729500,2,15,17,2.8,977,154,3.6,8,4.4,90,0,24,293,-349,2
3968500,2729500,2,15,18,2.5,977,145,3.5,8,4.3,90,0,0,302,-344,2
3968500,2729500,2,15,19,2.1,977,121,3.1,8,4.3,92,0,0,301,-338,2
3968500,2729500,2,15,20,1.7,977,117,2.9,8,4.2,93,0,0,299,-334,2
3968500,2729500,2,15,21,1.6,977,143,3.6,8,4.2,94,0,0,299,-331,2
3968500,2729500,2,15,22,1.7,977,151,3.2,8,4.2,95,0,0,299,-331,2
3968500,2729500,2,15,23,1.8,977,135,2.8,8,4.2,95,0,0,299,-331,2
3968500,2729500,2,15,24,1.9,977,132,2.6,8,4.2,94,0,0,299,-331,2
3968500,2729500,2,16,1,2.0,977,124,2.6,8,4.3,94,0,0,300,-330,2
3968500,2729500,2,16,2,2.2,978,120,2.3,8,4.3,94,0,0,300,-329,2
3968500,2729500,2,16,3,2.3,978,123,2.0,8,4.3,93,0,0,302,-327,2
3968500,2729500,2,16,4,2.4,978,144,2.1,8,4.3,91,0,0,303,-325,2
3968500,2729500,2,16,5,2.4,977,139,1.8,8,4.3,91,0,0,303,-326,2
3968500,2729500,2,16,6,2.3,978,143,2.0,7,4.3,92,0,0,296,-327,2
3968500,2729500,2,16,7,2.2,978,137,2.0,8,4.3,93,0,0,296,-329,2
3968500,2729500,2,16,8,2.4,978,155,2.0,8,4.3,93,0,7,305,-330,2
3968500,2729500,2,16,9,2.8,978,148,2.1,7,4.3,91,28,50,296,-332,2
3968500,2729500,2,16,10,3.2,978,127,2.4,6,4.4,89,15,105,280,-335,2
3968500,2729500,2,16,11,3.9,979,161,1.9,8,4.5,88,0,79,292,-341,2
3968500,2729500,2,16,12,4.3,979,73,2.2,8,4.6,88,0,135,307,-349,2
3968500,2729500,2,16,13,4.9,979,136,2.1,6,4.7,85,27,195,296,-355,2
3968500,2729500,2,16,14,6.6,979,181,1.6,4,4.7,79,162,190,274,-358,2
3968500,2729500,2,16,15,7.4,979,156,1.0,3,4.7,72,168,153,260,-359,2
3968500,2729500,2,16,16,7.0,979,112,1.5,3,4.7,72,90,119,257,-357,2
3968500,2729500,2,16,17,6.4,979,84,1.4,2,4.8,76,45,64,254,-353,2
3968500,2729500,2,16,18,4.8,978,59,2.1,1,4.7,81,0,8,242,-348,2
3968500,2729500,2,16,19,3.7,978,45,2.1,2,4.6,86,0,0,237,-344,2
3968500,2729500,2,16,20,3.0,978,39,1.6,2,4.4,88,0,0,240,-341,2
3968500,2729500,2,16,21,2.7,979,33,1.9,3,4.3,89,0,0,244,-339,2
3968500,2729500,2,16,22,2.2,979,353,2.9,2,4.3,91,0,0,243,-338,2
3968500,2729500,2,16,23,1.6,979,1,3.0,5,4.1,92,0,0,252,-338,2
3968500,2729500,2,16,24,1.1,979,339,3.1,8,4.0,91,0,0,282,-338,2
3968500,2729500,2,17,1,1.0,979,349,2.7,7,3.9,92,0,0,293,-338,2
3968500,2729500,2,17,2,0.5,979,351,3.0,7,3.9,93,0,0,286,-336,2
3968500,2729500,2,17,3,0.2,979,17,2.1,7,3.7,92,0,0,285,-335,2
3968500,2729500,2,17,4,0.5,979,353,2.6,8,3.6,89,0,0,290,-334,2
3968500,2729500,2,17,5,-0.1,979,20,3.0,7,3.5,88,0,0,289,-333,2
3968500,2729500,2,17,6,-0.8,979,349,3.5,8,3.4,90,0,0,287,-333,2
3968500,2729500,2,17,7,-1.5,979,2,3.1,5,3.3,92,0,0,273,-333,2
3968500,2729500,2,17,8,-1.7,980,355,2.8,4,3.3,94,0,5,249,-333,2
3968500,2729500,2,17,9,-1.1,980,15,3.3,6,3.3,92,5,38,255,-334,2
3968500,2729500,2,17,10,-0.4,981,15,2.8,7,3.3,89,1,77,275,-336,2
3968500,2729500,2,17,11,0.0,982,43,3.5,7,3.3,84,0,71,281,-341,2
3968500,2729500,2,17,12,0.2,982,50,3.4,8,3.2,82,0,64,288,-346,2
3968500,2729500,2,17,13,0.3,983,58,3.8,8,3.3,82,0,50,294,-349,2
3968500,2729500,2,17,14,0.4,983,47,3.8,8,3.3,81,0,77,295,-350,2
3968500,2729500,2,17,15,0.3,983,44,4.2,7,3.3,81,0,72,290,-350,2
3968500,2729500,2,17,16,0.5,983,57,3.9,7,3.3,82,0,40,285,-347,2
3968500,2729500,2,17,17,0.3,983,54,3.8,8,3.3,83,0,18,292,-342,2
3968500,2729500,2,17,18,0.2,984,40,4.1,8,3.3,84,0,0,298,-338,2
3968500,2729500,2,17,19,0.3,984,49,4.4,8,3.3,84,0,0,298,-334,2
3968500,2729500,2,17,20,0.1,985,62,3.8,8,3.3,84,0,0,297,-332,2
3968500,2729500,2,17,21,0.0,986,45,3.7,8,3.3,84,0,0,297,-331,2
3968500,2729500,2,17,22,-0.1,986,25,3.1,8,3.3,85,0,0,298,-330,2
3968500,2729500,2,17,23,-0.2,987,24,2.9,8,3.3,86,0,0,299,-328,2
3968500,2729500,2,17,24,-0.3,987,10,2.8,8,3.3,86,0,0,298,-327,2
3968500,2729500,2,18,1,-0.5,988,358,2.9,8,3.3,88,0,0,298,-326,2
3968500,2729500,2,18,2,-0.6,988,5,2.7,8,3.3,89,0,0,298,-325,2
3968500,2729500,2,18,3,-0.6,988,8,3.2,8,3.3,89,0,0,297,-326,2
3968500,2729500,2,18,4,-0.8,989,356,3.2,8,3.3,90,0,0,297,-326,2
3968500,2729500,2,18,5,-0.8,989,6,3.1,8,3.4,92,0,0,298,-326,2
3968500,2729500,2,18,6,-0.8,989,16,2.8,8,3.4,93,0,0,299,-326,2
3968500,2729500,2,18,7,-0.9,990,356,2.8,8,3.4,94,0,0,299,-326,2
3968500,2729500,2,18,8,-0.7,990,12,2.6,8,3.4,93,0,2,299,-325,2
3968500,2729500,2,18,9,-0.7,990,346,3.0,7,3.4,92,0,25,292,-325,2
3968500,2729500,2,18,10,-0.5,991,345,3.2,7,3.4,92,0,44,286,-326,2
3968500,2729500,2,18,11,-0.3,992,342,2.9,7,3.4,91,0,47,287,-329,2
3968500,2729500,2,18,12,-0.1,992,9,3.0,7,3.4,90,0,60,289,-331,2
3968500,2729500,2,18,13,-0.1,992,341,2.8,7,3.4,89,0,82,290,-331,2
3968500,2729500,2,18,14,0.2,992,325,2.6,7,3.4,88,0,95,291,-330,2
3968500,2729500,2,18,15,0.2,993,321,3.1,7,3.4,87,0,77,291,-330,2
3968500,2729500,2,18,16,0.3,993,356,2.8,7,3.4,87,0,50,291,-328,2
3968500,2729500,2,18,17,0.2,993,355,2.0,8,3.4,87,2,40,296,-325,2
3968500,2729500,2,18,18,0.0,993,26,1.9,8,3.4,88,0,2,301,-323,2
3968500,2729500,2,18,19,-0.3,993,3,2.2,8,3.4,89,0,0,298,-322,2
3968500,2729500,2,18,20,-0.3,994,324,2.0,8,3.4,90,0,0,295,-321,2
3968500,2729500,2,18,21,-0.4,994,153,2.4,8,3.4,90,0,0,291,-321,2
3968500,2729500,2,18,22,-0.5,994,350,2.7,8,3.4,91,0,0,288,-321,2
3968500,2729500,2,18,23,-0.6,995,14,2.6,8,3.4,92,0,0,285,-321,2
3968500,2729500,2,18,24,-0.7,995,3,2.6,8,3.4,91,0,0,282,-320,2
3968500,2729500,2,19,1,-0.5,995,5,2.1,8,3.3,91,0,0,281,-318,2
3968500,2729500,2,19,2,-0.5,995,351,2.3,8,3.4,90,0,0,280,-316,2
3968500,2729500,2,19,3,-0.4,995,353,2.1,8,3.3,90,0,0,279,-314,2
3968500,2729500,2,19,4,-0.8,995,60,2.4,8,3.3,89,0,0,276,-311,2
3968500,2729500,2,19,5,-1.0,994,63,2.7,8,3.2,88,0,0,272,-308,2
3968500,2729500,2,19,6,-0.8,994,66,2.8,8,3.2,88,0,0,270,-308,2
3968500,2729500,2,19,7,-0.8,994,74,2.8,8,3.2,88,0,0,270,-308,2
3968500,2729500,2,19,8,-0.8,994,77,2.9,8,3.2,88,0,4,269,-308,2
3968500,2729500,2,19,9,-1.0,994,76,2.4,7,3.2,88,0,32,263,-308,2
3968500,2729500,2,19,10,-0.8,995,63,2.6,7,3.2,87,0,54,257,-310,2
3968500,2729500,2,19,11,-0.7,995,47,3.1,7,3.1,84,0,67,257,-314,2
3968500,2729500,2,19,12,-0.2,995,68,3.0,7,3.0,81,0,94,258,-319,2
3968500,2729500,2,19,13,-0.1,996,38,3.0,7,3.0,79,0,78,259,-326,2
3968500,2729500,2,19,14,0.1,996,46,3.5,7,3.0,77,0,109,260,-330,2
3968500,2729500,2,19,15,0.2,996,46,4.0,7,2.9,75,1,127,262,-333,2
3968500,2729500,2,19,16,0.3,995,51,3.6,7,2.9,74,1,91,262,-335,2
3968500,2729500,2,19,17,-0.2,995,27,3.3,8,2.9,74,11,66,267,-332,2
3968500,2729500,2,19,18,-0.6,995,90,4.2,8,2.9,76,1,13,269,-324,2
3968500,2729500,2,19,19,-1.2,995,59,3.9,7,2.8,79,0,0,265,-318,2
3968500,2729500,2,19,20,-1.3,995,68,3.9,7,2.8,80,0,0,262,-316,2
3968500,2729500,2,19,21,-1.6,995,104,4.2,7,2.8,79,0,0,262,-316,2
3968500,2729500,2,19,22,-1.5,995,52,4.4,7,2.7,79,0,0,263,-316,2
3968500,2729500,2,19,23,-1.9,995,50,4.9,8,2.7,79,0,0,267,-315,2
3968500,2729500,2,19,24,-1.9,995,86,5.4,8,2.7,79,0,0,270,-314,2
3968500,2729500,2,20,1,-1.9,995,112,4.1,8,2.7,79,0,0,270,-314,2
3968500,2729500,2,20,2,-1.9,995,101,4.2,8,2.6,79,0,0,271,-313,2
3968500,2729500,2,20,3,-2.3,995,94,3.9,8,2.6,79,0,0,271,-312,2
3968500,2729500,2,20,4,-2.4,995,87,3.9,7,2.6,79,0,0,269,-312,2
3968500,2729500,2,20,5,-2.8,995,48,4.7,7,2.5,79,0,0,269,-312,2
3968500,2729500,2,20,6,-3.0,995,81,4.2,8,2.4,79,0,0,272,-312,2
3968500,2729500,2,20,7,-3.5,995,56,5.1,7,2.3,77,0,0,271,-313,2
3968500,2729500,2,20,8,-3.6,995,65,4.9,7,2.2,76,0,1,269,-314,2
3968500,2729500,2,20,9,-3.9,996,59,5.9,6,2.2,74,6,47,266,-314,2
3968500,2729500,2,20,10,-3.7,996,62,5.2,7,2.1,73,0,58,266,-316,2
3968500,2729500,2,20,11,-3.8,996,90,5.5,8,2.1,72,0,88,272,-321,2
3968500,2729500,2,20,12,-2.9,996,69,4.0,8,2.1,70,1,142,277,-328,2
3968500,2729500,2,20,13,-2.8,996,77,4.8,7,2.2,70,1,145,275,-336,2
3968500,2729500,2,20,14,-2.7,996,330,4.8,6,2.1,67,67,186,267,-343,2
3968500,2729500,2,20,15,-2.0,996,118,5.5,7,2.1,64,66,163,267,-343,2
3968500,2729500,2,20,16,-2.6,995,67,5.2,6,2.1,63,67,111,266,-341,2
3968500,2729500,2,20,17,-3.2,995,115,4.4,7,2.0,66,55,49,263,-340,2
3968500,2729500,2,20,18,-3.9,996,115,5.0,8,2.0,67,1,12,271,-337,2
3968500,2729500,2,20,19,-4.6,996,68,4.5,6,1.9,69,0,0,262,-334,2
3968500,2729500,2,20,20,-5.1,997,70,4.4,5,1.9,70,0,0,240,-331,2
3968500,2729500,2,20,21,-5.2,997,102,4.0,6,1.9,71,0,0,238,-329,2
3968500,2729500,2,20,22,-5.3,998,115,4.5,7,1.8,71,0,0,251,-328,2
3968500,2729500,2,20,23,-5.8,998,90,3.7,7,1.8,71,0,0,256,-327,2
3968500,2729500,2,20,24,-6.1,997,72,3.5,6,1.8,72,0,0,248,-327,2
3968500,2729500,2,21,1,-6.7,997,60,2.6,4,1.8,74,0,0,226,-327,2
3968500,2729500,2,21,2,-6.8,997,68,2.9,3,1.7,74,0,0,202,-326,2
3968500,2729500,2,21,3,-7.3,998,82,2.3,2,1.7,74,0,0,185,-326,2
3968500,2729500,2,21,4,-7.2,998,72,2.4,4,1.7,75,0,0,192,-326,2
3968500,2729500,2,21,5,-7.6,998,83,2.3,5,1.7,76,0,0,214,-326,2
3968500,2729500,2,21,6,-8.1,998,61,2.2,4,1.6,77,0,0,214,-326,2
3968500,2729500,2,21,7,-7.7,998,62,3.3,2,1.6,77,0,0,196,-326,2
3968500,2729500,2,21,8,-8.2,998,74,2.9,2,1.6,75,4,11,185,-326,2
3968500,2729500,2,21,9,-7.7,998,84,3.2,2,1.5,73,61,51,186,-326,2
3968500,2729500,2,21,10,-6.9,998,86,3.8,3,1.6,70,145,86,195,-327,2
3968500,2729500,2,21,11,-5.8,998,80,3.3,2,1.6,66,238,104,197,-331,2
3968500,2729500,2,21,12,-4.7,998,94,3.8,2,1.6,62,361,81,193,-336,2
3968500,2729500,2,21,13,-4.2,997,66,3.9,1,1.6,59,394,80,189,-342,2
3968500,2729500,2,21,14,-3.3,996,92,3.8,1,1.6,56,384,74,185,-345,2
3968500,2729500,2,21,15,-2.3,996,68,3.7,1,1.7,55,321,68,192,-345,2
3968500,2729500,2,21,16,-3.2,996,65,4.3,0,1.8,58,218,62,191,-343,2
3968500,2729500,2,21,17,-4.4,995,49,5.2,0,1.8,63,88,50,185,-340,2
3968500,2729500,2,21,18,-5.7,995,76,4.4,0,1.8,67,5,12,185,-336,2
3968500,2729500,2,21,19,-6.6,995,59,3.8,0,1.7,72,0,0,184,-333,2
3968500,2729500,2,21,20,-7.0,996,47,3.5,0,1.7,75,0,0,182,-331,2
3968500,2729500,2,21,21,-7.3,996,55,3.2,0,1.7,77,0,0,181,-330,2
3968500,2729500,2,21,22,-7.8,995,38,2.1,0,1.7,79,0,0,179,-329,2
3968500,2729500,2,21,23,-8.4,996,121,2.0,1,1.7,81,0,0,183,-327,2
3968500,2729500,2,21,24,-8.1,996,42,2.3,1,1.7,81,0,0,188,-327,2
3968500,2729500,2,22,1,-8.5,996,69,2.6,0,1.7,80,0,0,182,-326,2
3968500,2729500,2,22,2,-8.9,996,59,2.5,0,1.6,82,0,0,177,-326,2
3968500,2729500,2,22,3,-9.1,996,27,2.9,0,1.6,84,0,0,181,-325,2
3968500,2729500,2,22,4,-9.4,996,13,2.7,0,1.6,85,0,0,181,-324,2
3968500,2729500,2,22,5,-9.7,995,321,1.8,1,1.6,87,0,0,186,-324,2
3968500,2729500,2,22,6,-10.0,995,14,1.9,2,1.6,88,0,0,196,-324,2
3968500,2729500,2,22,7,-10.6,996,9,2.0,2,1.6,90,0,0,201,-323,2
3968500,2729500,2,22,8,-10.5,996,341,2.0,1,1.6,92,4,12,194,-322,2
3968500,2729500,2,22,9,-9.3,996,30,2.1,2,1.6,89,59,58,192,-322,2
3968500,2729500,2,22,10,-8.1,996,53,2.2,3,1.6,82,159,97,201,-326,2
3968500,2729500,2,22,11,-7.0,997,20,2.7,2,1.7,76,261,114,201,-331,2
3968500,2729500,2,22,12,-5.1,997,13,2.5,0,1.7,70,337,118,185,-336,2
3968500,2729500,2,22,13,-3.6,997,6,2.8,0,1.7,62,358,125,177,-343,2
3968500,2729500,2,22,14,-2.3,996,36,3.1,0,1.6,53,341,121,183,-347,2
3968500,2729500,2,22,15,-1.9,996,13,3.0,0,1.5,47,290,106,187,-347,2
3968500,2729500,2,22,16,-2.1,996,55,4.1,0,1.5,45,205,85,188,-344,2
3968500,2729500,2,22,17,-2.7,997,78,4.2,1,1.5,48,86,59,192,-340,2
3968500,2729500,2,22,18,-3.5,997,92,3.6,1,1.6,53,5,14,193,-337,2
3968500,2729500,2,22,19,-5.0,998,94,2.8,1,1.7,60,0,0,186,-334,2
3968500,2729500,2,22,20,-5.9,999,87,2.4,1,1.7,66,0,0,181,-331,2
3968500,2729500,2,22,21,-7.1,1000,130,2.4,1,1.7,72,0,0,177,-328,2
3968500,2729500,2,22,22,-7.3,1000,140,1.9,2,1.7,75,0,0,181,-325,2
3968500,2729500,2,22,23,-8.2,1001,173,2.0,2,1.7,78,0,0,185,-324,2
3968500,2729500,2,22,24,-8.4,1001,152,2.2,2,1.6,80,0,0,183,-324,2
3968500,2729500,2,23,1,-8.8,1002,213,1.4,0,1.6,80,0,0,170,-325,2
3968500,2729500,2,23,2,-9.6,1001,171,1.2,0,1.6,82,0,0,159,-321,2
3968500,2729500,2,23,3,-10.2,1001,95,1.2,0,1.6,86,0,0,161,-316,2
3968500,2729500,2,23,4,-10.3,1002,177,1.4,0,1.6,89,0,0,166,-314,2
3968500,2729500,2,23,5,-11.1,1001,147,1.6,0,1.5,90,0,0,167,-315,2
3968500,2729500,2,23,6,-11.0,1001,155,1.9,0,1.5,92,0,0,167,-316,2
3968500,2729500,2,23,7,-10.7,1002,153,1.8,2,1.5,89,0,0,182,-318,2
3968500,2729500,2,23,8,-10.7,1002,136,1.9,4,1.5,89,3,13,202,-319,2
3968500,2729500,2,23,9,-8.1,1003,199,2.1,4,1.6,86,56,71,216,-320,2
3968500,2729500,2,23,10,-6.7,1004,168,2.5,3,1.7,77,153,121,216,-324,2
3968500,2729500,2,23,11,-4.5,1004,184,3.1,3,1.7,69,172,175,216,-332,2
3968500,2729500,2,23,12,-3.4,1003,159,3.3,6,1.8,63,93,237,233,-340,2
3968500,2729500,2,23,13,-1.6,1003,177,3.0,6,1.8,57,118,250,249,-348,2
3968500,2729500,2,23,14,-1.2,1003,199,2.6,5,1.8,54,136,234,247,-351,2
3968500,2729500,2,23,15,-0.7,1002,206,2.6,7,1.9,54,81,201,255,-349,2
3968500,2729500,2,23,16,-0.4,1002,174,2.0,7,1.9,53,34,143,266,-349,2
3968500,2729500,2,23,17,-0.7,1002,179,2.5,8,1.9,53,23,72,271,-348,2
3968500,2729500,2,23,18,-1.2,1002,160,2.0,8,2.0,56,0,12,273,-343,2
3968500,2729500,2,23,19,-1.8,1002,124,2.3,7,2.0,59,0,0,266,-336,2
3968500,2729500,2,23,20,-2.1,1002,141,2.6,7,2.0,60,0,0,260,-333,2
3968500,2729500,2,23,21,-1.8,1002,136,2.9,7,2.0,61,0,0,260,-331,2
3968500,2729500,2,23,22,-1.7,1002,136,2.8,8,2.0,60,0,0,266,-328,2
3968500,2729500,2,23,23,-1.3,1001,135,2.4,7,1.9,57,0,0,267,-324,2
3968500,2729500,2,23,24,-2.4,1001,136,2.6,7,1.9,56,0,0,264,-321,2
3968500,2729500,2,24,1,-2.5,1001,156,2.0,7,1.8,56,0,0,263,-322,2
3968500,2729500,2,24,2,-2.8,1001,145,2.0,7,1.7,55,0,0,264,-321,2
3968500,2729500,2,24,3,-3.2,1001,152,1.8,7,1.8,58,0,0,265,-321,2
3968500,2729500,2,24,4,-3.0,1001,150,2.3,7,1.8,59,0,0,266,-323,2
3968500,2729500,2,24,5,-3.2,1001,141,1.9,7,1.8,60,0,0,268,-323,2
3968500,2729500,2,24,6,-2.3,1000,144,2.2,7,1.9,60,0,0,270,-324,2
3968500,2729500,2,24,7,-2.3,1000,143,2.8,7,1.9,59,0,0,272,-325,2
3968500,2729500,2,24,8,-1.6,1000,142,2.8,8,1.9,57,0,2,280,-326,2
3968500,2729500,2,24,9,-1.2,1000,145,2.9,8,1.9,54,0,38,288,-329,2
3968500,2729500,2,24,10,-0.6,1001,138,3.8,7,1.9,52,0,81,283,-334,2
3968500,2729500,2,24,11,-0.5,1001,133,4.4,7,2.0,54,11,150,280,-338,2
3968500,2729500,2,24,12,0.7,1001,133,3.9,7,2.3,61,19,188,284,-341,2
3968500,2729500,2,24,13,1.4,1001,152,4.3,7,2.6,62,27,201,290,-341,2
3968500,2729500,2,24,14,3.2,1002,160,4.0,7,2.8,62,93,196,295,-341,2
3968500,2729500,2,24,15,3.4,1001,161,3.4,7,3.1,64,32,164,300,-341,2
3968500,2729500,2,24,16,3.1,1002,160,3.2,7,3.2,65,11,111,300,-342,2
3968500,2729500,2,24,17,3.0,1002,155,3.2,7,3.2,67,10,59,299,-344,2
3968500,2729500,2,24,18,2.5,1002,156,3.1,7,3.3,70,0,10,300,-344,2
3968500,2729500,2,24,19,1.9,1003,156,2.6,8,3.3,74,0,0,305,-343,2
3968500,2729500,2,24,20,1.7,1004,146,2.6,8,3.4,77,0,0,311,-342,2
3968500,2729500,2,24,21,1.5,1003,146,2.5,8,3.5,81,0,0,312,-342,2
3968500,2729500,2,24,22,1.3,1003,145,2.4,8,3.5,83,0,0,312,-342,2
3968500,2729500,2,24,23,0.8,1003,130,2.3,7,3.5,86,0,0,313,-342,2
3968500,2729500,2,24,24,-0.1,1004,108,2.3,5,3.4,88,0,0,314,-342,2
3968500,2729500,2,25,1,-1.1,1004,81,2.2,3,3.2,91,0,0,212,-309,2
3968500,2729500,2,25,2,-2.1,1004,60,1.9,1,3.1,93,0,0,210,-308,2
3968500,2729500,2,25,3,-3.0,1004,46,1.6,0,3.0,96,0,0,209,-307,2
3968500,2729500,2,25,4,-3.6,1004,50,1.4,0,2.9,97,0,0,208,-305,2
3968500,2729500,2,25,5,-3.9,1004,49,1.4,0,2.8,98,0,0,209,-304,2
3968500,2729500,2,25,6,-4.9,1003,57,1.3,0,2.7,100,0,0,206,-303,2
3968500,2729500,2,25,7,-5.5,1003,47,1.0,0,2.6,100,0,0,200,-301,2
3968500,2729500,2,25,8,-5.2,1003,182,1.2,1,2.6,100,0,2,202,-301,2
3968500,2729500,2,25,9,-2.6,1003,94,1.0,1,2.8,98,78,48,209,-302,2
3968500,2729500,2,25,10,-0.7,1003,128,1.2,0,3.1,90,221,65,210,-307,2
3968500,2729500,2,25,11,2.6,1002,134,1.3,0,3.2,78,314,78,212,-313,2
3968500,2729500,2,25,12,5.3,1003,133,1.5,0,3.3,65,403,76,219,-322,2
3968500,2729500,2,25,13,7.6,1002,258,1.4,0,3.1,51,438,74,224,-330,2
3968500,2729500,2,25,14,9.1,1001,259,1.9,0,2.6,37,404,78,226,-337,2
3968500,2729500,2,25,15,10.0,1000,336,1.9,0,2.2,30,351,69,228,-343,2
3968500,2729500,2,25,16,10.6,999,90,2.0,0,2.0,26,254,60,228,-343,2
3968500,2729500,2,25,17,9.8,999,105,2.3,0,2.0,25,124,47,228,-336,2
3968500,2729500,2,25,18,6.8,998,83,2.3,0,2.1,31,14,13,225,-325,2
3968500,2729500,2,25,19,4.6,998,57,2.1,0,2.4,42,0,0,220,-317,2
3968500,2729500,2,25,20,4.0,999,48,1.9,0,2.4,47,0,0,216,-314,2
3968500,2729500,2,25,21,3.5,998,248,1.6,0,2.3,46,0,0,214,-312,2
3968500,2729500,2,25,22,1.9,998,114,1.6,0,2.3,49,0,0,212,-311,2
3968500,2729500,2,25,23,0.9,998,156,2.2,0,2.4,56,0,0,211,-310,2
3968500,2729500,2,25,24,-0.5,997,53,1.6,0,2.4,63,0,0,209,-309,2
3968500,2729500,2,26,1,-1.6,997,110,1.2,0,2.5,70,0,0,208,-309,2
3968500,2729500,2,26,2,-1.7,996,157,2.0,0,2.5,74,0,0,208,-308,2
3968500,2729500,2,26,3,-3.0,996,66,1.3,1,2.5,79,0,0,209,-308,2
3968500,2729500,2,26,4,-3.4,995,45,1.6,0,2.6,85,0,0,208,-307,2
3968500,2729500,2,26,5,-4.2,995,25,1.3,1,2.6,89,0,0,206,-306,2
3968500,2729500,2,26,6,-4.8,995,145,1.9,1,2.6,92,0,0,207,-306,2
3968500,2729500,2,26,7,-5.6,995,45,2.0,1,2.5,96,0,0,206,-305,2
3968500,2729500,2,26,8,-5.4,995,145,1.8,0,2.5,98,0,2,202,-304,2
3968500,2729500,2,26,9,-2.2,995,120,1.8,1,2.6,91,68,53,205,-306,2
3968500,2729500,2,26,10,0.7,995,133,2.3,0,2.9,78,203,81,213,-310,2
3968500,2729500,2,26,11,2.5,995,152,3.2,0,3.0,68,313,93,215,-316,2
3968500,2729500,2,26,12,5.0,994,149,3.2,0,2.9,57,391,98,219,-324,2
3968500,2729500,2,26,13,6.2,994,156,3.5,0,2.8,49,412,102,222,-331,2
3968500,2729500,2,26,14,8.0,993,173,3.2,1,2.8,44,397,98,229,-337,2
3968500,2729500,2,26,15,8.4,992,170,4.7,1,2.8,41,334,91,236,-340,2
3968500,2729500,2,26,16,7.9,992,167,4.1,1,3.0,43,235,78,237,-338,2
3968500,2729500,2,26,17,6.0,992,173,3.4,2,3.0,48,123,55,237,-333,2
3968500,2729500,2,26,18,4.9,992,172,3.1,5,3.1,54,17,14,248,-325,2
3968500,2729500,2,26,19,4.6,992,174,3.2,4,3.1,58,0,0,252,-317,2
3968500,2729500,2,26,20,3.3,992,152,2.8,5,3.2,63,0,0,251,-315,2
3968500,2729500,2,26,21,2.7,992,145,2.4,4,3.4,71,0,0,250,-313,2
3968500,2729500,2,26,22,2.9,993,162,2.3,3,3.5,73,0,0,243,-311,2
3968500,2729500,2,26,23,1.9,993,146,2.1,3,3.5,76,0,0,238,-310,2
3968500,2729500,2,26,24,0.8,993,150,2.0,2,3.5,82,0,0,231,-309,2
3968500,2729500,2,27,1,1.7,993,147,2.0,4,3.5,83,0,0,235,-307,2
3968500,2729500,2,27,2,0.7,993,137,1.5,4,3.5,83,0,0,243,-306,2
3968500,2729500,2,27,3,0.5,992,130,1.7,4,3.6,88,0,0,241,-304,2
3968500,2729500,2,27,4,0.2,992,130,2.0,4,3.6,92,0,0,240,-303,2
3968500,2729500,2,27,5,0.1,992,140,2.1,4,3.6,92,0,0,239,-301,2
3968500,2729500,2,27,6,-0.1,992,138,2.2,5,3.5,91,0,0,244,-300,2
3968500,2729500,2,27,7,-0.3,992,137,2.0,5,3.5,92,0,0,247,-300,2
3968500,2729500,2,27,8,-1.0,992,130,1.7,5,3.5,94,0,3,246,-300,2
3968500,2729500,2,27,9,1.0,993,133,2.2,5,3.6,93,56,57,248,-302,2
3968500,2729500,2,27,10,3.5,993,146,2.3,4,3.7,82,169,98,248,-307,2
3968500,2729500,2,27,11,5.0,993,146,2.7,4,3.7,70,267,120,248,-313,2
3968500,2729500,2,27,12,7.7,993,159,3.3,3,3.5,58,331,134,248,-321,2
3968500,2729500,2,27,13,9.2,993,162,2.6,3,3.4,49,362,137,249,-329,2
3968500,2729500,2,27,14,10.5,992,155,3.0,3,3.6,47,352,130,255,-336,2
3968500,2729500,2,27,15,11.5,993,152,3.5,3,3.9,47,295,117,261,-340,2
3968500,2729500,2,27,16,11.8,993,154,3.0,3,4.0,46,164,107,265,-338,2
3968500,2729500,2,27,17,10.8,993,156,2.7,6,3.9,46,51,72,276,-331,2
3968500,2729500,2,27,18,8.5,993,205,1.8,4,3.8,50,5,14,276,-323,2
3968500,2729500,2,27,19,8.2,994,354,0.9,4,3.9,57,0,0,266,-317,2
3968500,2729500,2,27,20,7.0,995,95,0.8,5,4.0,60,0,0,267,-315,2
3968500,2729500,2,27,21,6.8,995,115,1.7,5,3.9,62,0,0,268,-312,2
3968500,2729500,2,27,22,5.2,996,129,1.9,2,3.8,65,0,0,253,-310,2
3968500,2729500,2,27,23,4.0,996,174,2.9,2,3.9,72,0,0,238,-310,2
3968500,2729500,2,27,24,2.7,997,159,2.2,3,3.9,79,0,0,238,-310,2
3968500,2729500,2,28,1,1.9,997,184,1.9,4,3.8,84,0,0,243,-309,2
3968500,2729500,2,28,2,1.9,998,152,2.3,4,3.8,86,0,0,248,-308,2
3968500,2729500,2,28,3,0.8,998,152,2.2,3,3.8,89,0,0,242,-307,2
3968500,2729500,2,28,4,-0.4,998,135,2.5,3,3.6,93,0,0,234,-307,2
3968500,2729500,2,28,5,0.1,998,148,2.8,3,3.6,94,0,0,233,-308,2
3968500,2729500,2,28,6,-0.7,998,148,2.2,2,3.6,96,0,0,226,-308,2
3968500,2729500,2,28,7,-0.1,999,141,3.0,5,3.6,96,0,0,235,-310,2
3968500,2729500,2,28,8,0.8,999,143,2.6,6,3.6,92,0,3,259,-312,2
3968500,2729500,2,28,9,1.8,1000,140,2.6,7,3.7,88,0,44,275,-314,2
3968500,2729500,2,28,10,2.6,1001,147,2.6,8,3.8,84,8,111,291,-316,2
3968500,2729500,2,28,11,4.2,1001,145,2.4,7,3.9,80,1,126,295,-317,2
3968500,2729500,2,28,12,5.5,1001,154,2.7,7,4.0,74,20,186,293,-321,2
3968500,2729500,2,28,13,7.1,1001,143,3.4,7,4.1,68,31,199,297,-326,2
3968500,2729500,2,28,14,9.7,1000,141,3.1,5,4.3,62,156,182,292,-329,2
3968500,2729500,2,28,15,8.6,1000,117,3.2,6,4.6,62,50,174,291,-338,2
3968500,2729500,2,28,16,8.6,1000,170,3.5,7,4.6,66,1,96,301,-344,2
3968500,2729500,2,28,17,8.2,999,147,3.4,6,4.7,67,29,69,300,-341,2
3968500,2729500,2,28,18,7.1,999,143,2.4,5,4.7,71,16,11,287,-336,2
3968500,2729500,2,28,19,5.6,999,149,2.0,5,4.5,74,0,0,279,-331,2
3968500,2729500,2,28,20,4.5,999,145,1.9,4,4.4,79,0,0,271,-329,2
3968500,2729500,2,28,21,3.9,999,125,1.5,6,4.3,83,0,0,276,-327,2
3968500,2729500,2,28,22,4.0,999,147,2.4,7,4.4,85,0,0,293,-326,2
3968500,2729500,2,28,23,3.7,999,143,2.6,7,4.4,87,0,0,301,-327,2
3968500,2729500,2,28,24,4.4,999,144,2.4,6,4.5,88,0,0,298,-328,2
3968500,2729500,3,1,1,3.9,998,129,1.4,8,4.6,91,0,0,316,-329,2
3968500,2729500,3,1,2,3.5,998,150,1.7,8,4.7,93,0,0,318,-329,2
3968500,2729500,3,1,3,2.9,998,152,1.7,6,4.6,94,0,0,306,-329,2
3968500,2729500,3,1,4,3.0,998,136,1.8,4,4.6,97,0,0,285,-329,2
3968500,2729500,3,1,5,2.8,997,147,2.1,5,4.7,99,0,0,279,-328,2
3968500,2729500,3,1,6,3.3,997,148,1.8,7,4.7,97,0,0,296,-328,2
3968500,2729500,3,1,7,2.9,997,123,1.6,7,4.7,97,0,0,308,-328,2
3968500,2729500,3,1,8,3.6,997,150,1.9,8,4.7,97,0,14,314,-329,2
3968500,2729500,3,1,9,5.1,997,96,1.8,6,4.9,92,2,65,311,-330,2
3968500,2729500,3,1,10,5.0,998,178,2.6,7,5.1,92,0,81,306,-331,2
3968500,2729500,3,1,11,5.9,998,145,2.7,7,5.4,94,0,98,314,-332,2
3968500,2729500,3,1,12,7.0,998,160,3.0,6,5.6,92,6,186,310,-335,2
3968500,2729500,3,1,13,8.7,997,151,3.0,4,5.8,86,63,238,297,-336,2
3968500,2729500,3,1,14,8.6,997,142,3.3,4,5.9,83,57,226,285,-337,2
3968500,2729500,3,1,15,9.1,996,139,3.5,5,5.9,82,56,201,292,-337,2
3968500,2729500,3,1,16,8.6,996,128,3.0,4,5.8,81,78,151,291,-338,2
3968500,2729500,3,1,17,7.9,996,123,2.6,4,5.8,84,44,91,283,-340,2
3968500,2729500,3,1,18,7.6,996,157,2.3,7,5.8,86,2,28,300,-339,2
3968500,2729500,3,1,19,6.9,995,129,1.3,6,5.8,89,0,0,311,-339,2
3968500,2729500,3,1,20,6.6,996,170,1.6,5,5.7,92,0,0,298,-339,2
3968500,2729500,3,1,21,6.4,995,140,2.0,3,5.7,92,0,0,277,-337,2
3968500,2729500,3,1,22,5.8,995,134,1.9,8,5.7,95,0,0,295,-335,2
3968500,2729500,3,1,23,5.6,995,124,1.9,8,5.6,97,0,0,326,-333,2
3968500,2729500,3,1,24,5.4,994,128,1.9,8,5.5,97,0,0,325,-331,2
3968500,2729500,3,2,1,4.9,993,101,1.4,4,5.2,94,0,0,296,-328,2
3968500,2729500,3,2,2,3.7,993,123,0.8,4,4.9,94,0,0,266,-327,2
3968500,2729500,3,2,3,3.7,992,137,1.5,7,4.8,95,0,0,284,-328,2
3968500,2729500,3,2,4,3.9,991,128,1.5,7,4.7,93,0,0,305,-328,2
3968500,2729500,3,2,5,4.2,991,120,1.4,8,4.7,91,0,0,314,-328,2
3968500,2729500,3,2,6,4.0,990,168,1.6,8,4.8,92,0,0,321,-329,2
3968500,2729500,3,2,7,4.3,989,355,1.6,8,4.8,92,0,0,322,-329,2
3968500,2729500,3,2,8,4.2,989,172,2.3,8,4.9,93,0,2,322,-326,2
3968500,2729500,3,2,9,4.7,989,114,2.2,8,5.0,94,0,44,323,-326,2
3968500,2729500,3,2,10,4.9,989,35,2.1,8,5.2,94,0,72,324,-332,2
3968500,2729500,3,2,11,5.4,989,163,2.3,7,5.4,96,0,87,318,-341,2
3968500,2729500,3,2,12,5.9,988,206,2.4,8,5.7,99,0,102,320,-349,2
3968500,2729500,3,2,13,7.3,988,230,3.0,8,6.0,96,0,85,331,-352,2
3968500,2729500,3,2,14,9.1,987,217,2.8,7,6.1,87,2,154,328,-350,2
3968500,2729500,3,2,15,9.4,988,201,1.9,5,6.1,82,87,188,309,-350,2
3968500,2729500,3,2,16,9.8,987,172,2.0,6,6.0,78,50,143,303,-350,2
3968500,2729500,3,2,17,9.0,987,145,1.8,5,5.9,78,68,77,303,-347,2
3968500,2729500,3,2,18,8.1,987,120,1.1,6,5.7,80,16,29,300,-343,2
3968500,2729500,3,2,19,6.4,986,154,1.8,6,5.4,84,0,0,301,-339,2
3968500,2729500,3,2,20,5.3,987,120,1.4,7,5.3,89,0,0,303,-336,2
3968500,2729500,3,2,21,4.3,988,106,1.9,6,5.1,93,0,0,301,-335,2
3968500,2729500,3,2,22,5.1,988,190,1.4,7,5.1,94,0,0,301,-333,2
3968500,2729500,3,2,23,5.2,988,177,1.4,8,5.2,92,0,0,316,-332,2
3968500,2729500,3,2,24,5.0,989,186,1.7,8,5.2,93,0,0,323,-332,2
3968500,2729500,3,3,1,5.0,989,125,2.2,7,5.2,94,0,0,315,-332,2
3968500,2729500,3,3,2,4.8,989,129,1.9,8,5.1,93,0,0,315,-331,2
3968500,2729500,3,3,3,4.6,989,98,2.2,8,5.1,93,0,0,320,-330,2
3968500,2729500,3,3,4,4.3,990,164,2.0,7,5.1,95,0,0,315,-330,2
3968500,2729500,3,3,5,4.1,990,80,1.7,7,5.1,97,0,0,308,-330,2
3968500,2729500,3,3,6,4.0,991,137,1.8,8,5.1,98,0,0,314,-330,2
3968500,2729500,3,3,7,3.8,991,142,2.0,7,5.1,99,0,0,314,-329,2
3968500,2729500,3,3,8,3.9,992,164,1.7,8,5.0,99,0,9,313,-329,2
3968500,2729500,3,3,9,4.0,992,170,2.2,7,5.0,97,0,53,312,-329,2
3968500,2729500,3,3,10,4.4,993,356,2.2,7,5.0,96,0,66,307,-332,2
3968500,2729500,3,3,11,4.6,993,304,2.6,8,5.1,96,0,59,313,-335,2
3968500,2729500,3,3,12,4.5,994,314,2.8,7,5.1,95,0,59,312,-339,2
3968500,2729500,3,3,13,4.6,994,315,2.5,8,5.0,94,0,51,311,-342,2
3968500,2729500,3,3,14,4.6,995,322,2.5,7,5.0,94,0,44,310,-343,2
3968500,2729500,3,3,15,4.1,995,342,3.2,8,5.0,94,0,40,308,-345,2
3968500,2729500,3,3,16,4.2,996,342,3.1,8,5.0,95,0,39,312,-345,2
3968500,2729500,3,3,17,4.3,996,335,3.3,7,4.9,94,0,36,305,-343,2
3968500,2729500,3,3,18,4.1,997,353,2.3,7,4.9,93,0,16,299,-339,2
3968500,2729500,3,3,19,4.0,997,7,2.3,8,4.8,94,0,0,301,-335,2
3968500,2729500,3,3,20,3.7,998,337,2.3,7,4.8,94,0,0,298,-332,2
3968500,2729500,3,3,21,3.4,999,314,1.4,7,4.7,94,0,0,291,-329,2
3968500,2729500,3,3,22,3.3,999,353,2.0,8,4.7,95,0,0,294,-326,2
3968500,2729500,3,3,23,3.4,999,14,1.5,8,4.6,94,0,0,298,-324,2
3968500,2729500,3,3,24,3.1,999,357,1.6,7,4.6,94,0,0,291,-322,2
3968500,2729500,3,4,1,2.9,999,37,1.1,8,4.6,96,0,0,291,-322,2
3968500,2729500,3,4,2,2.8,999,348,1.6,7,4.7,99,0,0,292,-322,2
3968500,2729500,3,4,3,2.6,1000,353,1.1,8,4.6,99,0,0,292,-322,2
3968500,2729500,3,4,4,2.6,999,34,1.1,8,4.6,100,0,0,297,-321,2
3968500,2729500,3,4,5,2.7,1000,64,0.9,8,4.6,99,0,0,298,-319,2
3968500,2729500,3,4,6,2.7,1000,41,1.6,8,4.6,98,0,0,299,-319,2
3968500,2729500,3,4,7,2.5,1000,16,1.8,7,4.6,99,0,0,295,-320,2
3968500,2729500,3,4,8,2.6,1000,345,1.4,6,4.5,97,0,19,283,-321,2
3968500,2729500,3,4,9,3.0,1001,11,1.7,8,4.5,96,20,58,291,-323,2
3968500,2729500,3,4,10,3.7,1001,34,0.7,7,4.6,94,40,100,299,-329,2
3968500,2729500,3,4,11,4.2,1001,60,1.2,7,4.6,91,10,139,294,-338,2
3968500,2729500,3,4,12,4.7,1001,156,2.4,7,4.9,93,0,150,297,-347,2
3968500,2729500,3,4,13,5.3,1001,148,2.8,7,5.2,94,5,159,299,-352,2
3968500,2729500,3,4,14,6.6,1001,192,3.1,7,5.2,88,5,149,303,-354,2
3968500,2729500,3,4,15,6.2,1000,164,2.9,7,5.2,85,20,139,305,-355,2
3968500,2729500,3,4,16,6.7,1000,169,2.5,7,5.0,83,15,103,306,-354,2
3968500,2729500,3,4,17,6.4,999,151,2.0,7,5.0,81,65,37,305,-352,2
3968500,2729500,3,4,18,5.8,1000,140,1.9,7,5.0,84,27,15,303,-348,2
3968500,2729500,3,4,19,5.2,1000,126,1.9,8,4.9,87,0,0,307,-343,2
3968500,2729500,3,4,20,4.0,1000,150,2.2,7,4.8,90,0,0,304,-339,2
3968500,2729500,3,4,21,4.1,999,168,2.5,7,4.8,93,0,0,297,-336,2
3968500,2729500,3,4,22,3.6,999,172,2.6,6,4.8,95,0,0,292,-334,2
3968500,2729500,3,4,23,3.7,999,164,2.9,6,4.8,96,0,0,287,-333,2
3968500,2729500,3,4,24,3.9,999,160,2.6,8,4.6,92,0,0,299,-334,2
3968500,2729500,3,5,1,3.4,999,158,2.5,7,4.6,91,0,0,305,-335,2
3968500,2729500,3,5,2,3.6,999,165,2.7,8,4.6,92,0,0,306,-336,2
3968500,2729500,3,5,3,3.6,999,154,2.4,8,4.6,92,0,0,313,-336,2
3968500,2729500,3,5,4,3.7,998,148,2.3,7,4.5,91,0,0,308,-336,2
3968500,2729500,3,5,5,3.5,998,144,3.0,5,4.6,92,0,0,290,-337,2
3968500,2729500,3,5,6,3.8,998,159,2.9,7,4.6,93,0,0,291,-337,2
3968500,2729500,3,5,7,3.7,998,149,3.2,8,4.7,94,0,0,312,-338,2
3968500,2729500,3,5,8,3.6,998,160,3.3,8,4.8,96,0,6,321,-339,2
3968500,2729500,3,5,9,3.9,998,166,3.6,7,4.9,97,1,61,314,-341,2
3968500,2729500,3,5,10,4.6,998,168,3.6,7,5.1,98,11,130,309,-343,2
3968500,2729500,3,5,11,6.0,998,176,4.7,6,5.5,97,13,168,305,-348,2
3968500,2729500,3,5,12,6.7,997,173,4.3,6,5.7,94,25,200,299,-351,2
3968500,2729500,3,5,13,7.9,997,169,3.6,6,5.8,90,25,208,300,-354,2
3968500,2729500,3,5,14,8.9,997,185,2.8,6,6.0,86,41,201,302,-360,2
3968500,2729500,3,5,15,9.9,996,173,2.9,6,6.1,82,101,180,304,-365,2
3968500,2729500,3,5,16,9.5,995,152,3.1,6,6.3,82,64,138,305,-367,2
3968500,2729500,3,5,17,9.5,995,166,3.6,6,6.4,84,13,82,305,-365,2
3968500,2729500,3,5,18,9.1,995,125,2.8,7,6.4,86,1,26,308,-361,2
3968500,2729500,3,5,19,8.0,995,101,1.9,5,6.3,89,0,0,300,-356,2
3968500,2729500,3,5,20,7.6,995,128,1.9,5,6.1,92,0,0,286,-351,2
3968500,2729500,3,5,21,7.2,995,151,2.2,6,6.1,93,0,0,289,-346,2
3968500,2729500,3,5,22,6.5,995,71,2.3,7,6.0,95,0,0,294,-342,2
3968500,2729500,3,5,23,5.7,994,47,2.6,7,5.7,95,0,0,296,-339,2
3968500,2729500,3,5,24,5.4,994,107,2.6,2,5.4,94,0,0,271,-337,2
3968500,2729500,3,6,1,4.7,994,180,2.5,2,5.1,93,0,0,246,-336,2
3968500,2729500,3,6,2,5.1,994,39,2.6,5,5.0,92,0,0,259,-335,2
3968500,2729500,3,6,3,5.1,993,3,2.6,4,5.0,90,0,0,269,-332,2
3968500,2729500,3,6,4,4.1,992,19,1.6,5,4.8,88,0,0,269,-331,2
3968500,2729500,3,6,5,4.1,992,173,2.5,5,4.7,90,0,0,276,-332,2
3968500,2729500,3,6,6,4.1,991,175,2.7,5,4.7,90,0,0,277,-333,2
3968500,2729500,3,6,7,3.8,990,175,3.9,6,4.5,88,0,0,281,-334,2
3968500,2729500,3,6,8,3.6,990,159,2.5,7,4.5,88,1,24,290,-336,2
3968500,2729500,3,6,9,5.4,990,158,3.1,6,4.6,86,7,89,292,-340,2
3968500,2729500,3,6,10,5.9,990,155,3.9,7,4.8,83,8,154,295,-345,2
3968500,2729500,3,6,11,6.5,989,140,4.2,6,4.9,81,15,211,298,-349,2
3968500,2729500,3,6,12,7.2,989,150,4.9,7,4.8,76,14,234,300,-352,2
3968500,2729500,3,6,13,8.4,989,148,4.3,7,4.6,69,4,201,311,-353,2
3968500,2729500,3,6,14,8.3,989,154,4.2,8,4.6,66,0,98,320,-351,2
3968500,2729500,3,6,15,8.1,988,164,3.8,7,4.6,67,0,61,321,-349,2
3968500,2729500,3,6,16,5.5,988,195,3.4,8,4.8,77,0,49,317,-348,2
3968500,2729500,3,6,17,4.8,989,186,3.2,7,5.1,91,0,32,315,-348,2
3968500,2729500,3,6,18,4.8,990,239,2.6,8,5.2,94,0,17,314,-346,2
3968500,2729500,3,6,19,4.6,991,261,3.1,8,5.1,93,0,0,316,-342,2
3968500,2729500,3,6,20,4.1,992,302,2.7,8,4.9,92,0,0,314,-339,2
3968500,2729500,3,6,21,4.0,993,328,3.3,8,4.8,92,0,0,312,-338,2
3968500,2729500,3,6,22,4.2,995,329,2.8,8,4.8,92,0,0,313,-336,2
3968500,2729500,3,6,23,4.7,995,300,3.1,8,4.8,91,0,0,314,-335,2
3968500,2729500,3,6,24,4.8,996,215,3.0,8,4.9,90,0,0,312,-333,2
3968500,2729500,3,7,1,4.8,997,285,2.7,7,5.0,92,0,0,307,-327,2
3968500,2729500,3,7,2,4.7,997,277,3.4,8,5.0,93,0,0,305,-321,2
3968500,2729500,3,7,3,4.1,998,274,2.7,8,4.8,92,0,0,306,-319,2
3968500,2729500,3,7,4,3.8,998,314,1.8,8,4.6,91,0,0,302,-318,2
3968500,2729500,3,7,5,3.5,998,225,1.8,8,4.5,90,0,0,298,-317,2
3968500,2729500,3,7,6,2.2,999,163,1.9,8,4.5,95,0,0,293,-317,2
3968500,2729500,3,7,7,1.9,999,168,2.3,7,4.4,99,0,0,284,-317,2
3968500,2729500,3,7,8,2.3,1000,160,2.0,7,4.4,99,3,29,277,-317,2
3968500,2729500,3,7,9,3.5,1000,185,2.0,7,4.6,97,30,88,277,-320,2
3968500,2729500,3,7,10,4.7,1001,199,1.9,6,4.6,90,13,146,275,-325,2
3968500,2729500,3,7,11,5.4,1001,284,1.9,7,4.5,82,3,157,275,-331,2
3968500,2729500,3,7,12,6.4,1001,176,2.4,7,4.6,78,19,219,280,-340,2
3968500,2729500,3,7,13,7.4,1000,149,3.1,6,4.7,75,74,263,277,-350,2
3968500,2729500,3,7,14,7.9,1000,124,3.4,4,4.7,72,213,237,264,-356,2
3968500,2729500,3,7,15,8.1,999,153,3.8,3,4.5,66,224,194,247,-358,2
3968500,2729500,3,7,16,8.4,999,157,3.2,4,4.4,64,134,161,249,-358,2
3968500,2729500,3,7,17,7.7,998,167,3.8,5,4.4,65,74,104,261,-356,2
3968500,2729500,3,7,18,6.4,998,171,3.2,6,4.3,68,12,38,266,-349,2
3968500,2729500,3,7,19,5.1,997,173,3.2,6,4.3,74,0,0,267,-341,2
3968500,2729500,3,7,20,4.1,997,155,2.4,7,4.2,79,0,0,268,-336,2
3968500,2729500,3,7,21,4.1,996,163,2.7,7,4.3,82,0,0,271,-332,2
3968500,2729500,3,7,22,3.8,996,170,2.7,4,4.2,83,0,0,261,-329,2
3968500,2729500,3,7,23,3.7,996,162,3.3,4,4.2,83,0,0,251,-326,2
3968500,2729500,3,7,24,2.8,996,171,2.8,5,4.2,86,0,0,256,-323,2
3968500,2729500,3,8,1,1.5,996,179,2.1,5,4.1,90,0,0,259,-321,2
3968500,2729500,3,8,2,1.8,995,179,2.6,2,4.0,92,0,0,247,-318,2
3968500,2729500,3,8,3,3.0,995,194,3.3,4,4.1,88,0,0,247,-316,2
3968500,2729500,3,8,4,3.5,994,191,4.4,8,4.2,85,0,0,278,-318,2
3968500,2729500,3,8,5,3.2,994,168,4.5,3,4.2,85,0,0,277,-323,2
3968500,2729500,3,8,6,2.8,994,177,3.9,2,4.1,86,0,0,248,-326,2
3968500,2729500,3,8,7,2.5,994,161,3.0,2,4.1,88,0,0,241,-327,2
3968500,2729500,3,8,8,2.6,994,176,3.3,3,4.2,90,28,34,245,-326,2
3968500,2729500,3,8,9,4.6,995,176,3.9,3,4.4,87,111,85,253,-328,2
3968500,2729500,3,8,10,5.9,995,225,4.4,5,4.6,82,143,140,267,-332,2
3968500,2729500,3,8,11,7.9,995,223,5.3,4,4.6,73,185,184,276,-338,2
3968500,2729500,3,8,12,7.5,995,208,5.2,6,4.5,68,14,206,283,-345,2
3968500,2729500,3,8,13,7.8,995,222,4.8,8,4.6,69,0,70,300,-349,2
3968500,2729500,3,8,14,8.6,996,229,4.7,5,4.6,67,14,197,294,-352,2
3968500,2729500,3,8,15,9.0,996,212,4.7,5,4.6,65,39,204,284,-352,2
3968500,2729500,3,8,16,9.7,996,221,5.1,6,4.3,58,29,155,289,-351,2
3968500,2729500,3,8,17,9.2,996,228,5.0,7,4.1,54,32,98,296,-348,2
3968500,2729500,3,8,18,8.9,996,199,3.8,7,4.0,55,6,35,298,-341,2
3968500,2729500,3,8,19,8.4,996,190,3.5,7,4.0,56,0,1,296,-334,2
3968500,2729500,3,8,20,7.7,996,208,3.4,7,4.2,62,0,0,296,-328,2
3968500,2729500,3,8,21,7.6,996,202,4.3,8,4.5,68,0,0,303,-327,2
3968500,2729500,3,8,22,7.4,996,178,4.9,7,4.6,70,0,0,305,-328,2
3968500,2729500,3,8,23,7.3,996,209,4.4,7,4.6,70,0,0,301,-329,2
3968500,2729500,3,8,24,6.9,996,209,4.7,7,4.6,72,0,0,302,-331,2
3968500,2729500,3,9,1,7.2,996,213,4.9,8,4.6,73,0,0,306,-332,2
3968500,2729500,3,9,2,7.1,995,183,4.0,8,4.7,74,0,0,310,-332,2
3968500,2729500,3,9,3,6.9,995,213,3.7,8,5.0,78,0,0,310,-332,2
3968500,2729500,3,9,4,6.8,995,193,4.0,8,5.2,83,0,0,312,-333,2
3968500,2729500,3,9,5,6.7,995,189,3.3,8,5.3,85,0,0,313,-332,2
3968500,2729500,3,9,6,7.2,995,189,3.9,7,5.4,85,0,0,310,-332,2
3968500,2729500,3,9,7,7.2,995,207,3.7,7,5.4,84,0,0,308,-331,2
3968500,2729500,3,9,8,6.8,995,175,3.2,8,5.4,85,0,24,309,-330,2
3968500,2729500,3,9,9,6.2,995,177,4.1,7,5.6,91,0,61,306,-332,2
3968500,2729500,3,9,10,6.6,996,206,4.2,8,5.6,92,0,86,304,-336,2
3968500,2729500,3,9,11,7.0,996,208,4.5,8,5.6,89,0,82,307,-344,2
3968500,2729500,3,9,12,7.6,996,218,3.8,7,5.6,86,0,87,304,-352,2
3968500,2729500,3,9,13,7.9,996,233,3.8,7,5.5,83,0,115,299,-361,2
3968500,2729500,3,9,14,8.7,996,229,2.8,7,5.6,80,0,149,301,-367,2
3968500,2729500,3,9,15,9.7,996,204,2.6,8,5.6,76,1,148,308,-369,2
3968500,2729500,3,9,16,11.2,996,217,3.6,7,5.5,68,24,178,311,-368,2
3968500,2729500,3,9,17,10.3,996,181,3.4,6,5.5,67,51,131,301,-364,2
3968500,2729500,3,9,18,8.7,996,185,3.1,6,5.6,74,17,53,293,-356,2
3968500,2729500,3,9,19,7.5,996,174,3.1,5,5.5,81,0,3,283,-348,2
3968500,2729500,3,9,20,6.0,997,147,2.7,5,5.4,86,0,0,275,-342,2
3968500,2729500,3,9,21,7.2,997,162,3.1,5,5.3,86,0,0,273,-338,2
3968500,2729500,3,9,22,7.4,997,160,2.2,3,5.2,80,0,0,267,-334,2
3968500,2729500,3,9,23,5.9,997,167,2.4,2,5.0,80,0,0,253,-331,2
3968500,2729500,3,9,24,5.0,998,144,2.4,2,4.9,86,0,0,247,-328,2
3968500,2729500,3,10,1,5.6,998,141,2.7,0,5.0,88,0,0,240,-325,2
3968500,2729500,3,10,2,4.5,999,139,2.3,0,4.8,87,0,0,232,-322,2
3968500,2729500,3,10,3,3.6,999,139,2.2,0,4.6,90,0,0,231,-320,2
3968500,2729500,3,10,4,3.2,999,136,2.4,0,4.6,93,0,0,231,-318,2
3968500,2729500,3,10,5,3.7,999,143,3.0,0,4.6,92,0,0,232,-316,2
3968500,2729500,3,10,6,5.0,999,137,3.3,2,4.6,88,0,0,245,-316,2
3968500,2729500,3,10,7,2.9,1000,231,2.8,4,4.6,91,0,0,264,-316,2
3968500,2729500,3,10,8,4.8,1000,167,3.1,4,4.7,92,6,32,272,-316,2
3968500,2729500,3,10,9,5.6,1000,132,3.9,3,4.9,88,103,80,271,-318,2
3968500,2729500,3,10,10,8.7,1000,145,3.9,3,5.1,80,267,79,271,-326,2
3968500,2729500,3,10,11,10.4,1000,191,4.8,2,5.5,73,398,74,273,-339,2
3968500,2729500,3,10,12,12.3,999,157,5.7,2,5.8,68,420,107,272,-350,2
3968500,2729500,3,10,13,13.7,1000,176,5.3,3,6.0,64,158,241,278,-360,2
3968500,2729500,3,10,14,13.1,1000,207,3.7,7,6.1,63,2,157,297,-368,2
3968500,2729500,3,10,15,13.7,1000,235,5.0,8,6.4,66,0,99,318,-372,2
3968500,2729500,3,10,16,13.0,1000,210,3.9,7,6.7,69,32,154,320,-372,2
3968500,2729500,3,10,17,12.7,1000,218,3.9,7,6.5,69,67,95,314,-369,2
3968500,2729500,3,10,18,11.8,999,231,2.9,8,6.3,70,1,30,316,-365,2
3968500,2729500,3,10,19,10.8,999,241,2.0,8,6.3,75,0,2,315,-362,2
3968500,2729500,3,10,20,10.6,999,182,2.2,7,6.3,78,0,0,307,-358,2
3968500,2729500,3,10,21,8.6,998,207,1.5,7,6.3,83,0,0,301,-356,2
3968500,2729500,3,10,22,8.4,999,195,1.9,5,6.2,88,0,0,292,-354,2
3968500,2729500,3,10,23,8.0,999,182,1.6,5,6.1,88,0,0,284,-351,2
3968500,2729500,3,10,24,7.8,999,204,0.9,6,6.0,89,0,0,288,-348,2
3968500,2729500,3,11,1,6.2,999,153,1.2,7,6.0,95,0,0,294,-345,2
3968500,2729500,3,11,2,6.4,999,196,1.1,8,5.9,97,0,0,299,-344,2
3968500,2729500,3,11,3,7.1,999,173,2.6,7,5.9,95,0,0,301,-343,2
3968500,2729500,3,11,4,7.2,998,179,2.0,7,6.0,94,0,0,299,-342,2
3968500,2729500,3,11,5,7.4,998,160,2.4,7,6.1,94,0,0,301,-342,2
3968500,2729500,3,11,6,6.7,998,160,1.7,8,6.1,97,0,0,307,-342,2
3968500,2729500,3,11,7,6.9,997,139,2.4,8,6.3,100,0,0,313,-342,2
3968500,2729500,3,11,8,7.6,997,143,2.6,8,6.4,99,0,19,316,-344,2
3968500,2729500,3,11,9,8.4,996,154,2.5,8,6.5,96,0,44,320,-348,2
3968500,2729500,3,11,10,9.5,996,171,4.2,7,6.6,91,14,133,319,-352,2
3968500,2729500,3,11,11,11.3,995,177,5.1,7,6.8,85,46,171,319,-355,2
3968500,2729500,3,11,12,12.0,994,183,4.4,8,7.0,81,4,164,330,-356,2
3968500,2729500,3,11,13,12.5,993,173,5.6,8,6.9,76,0,136,340,-356,2
3968500,2729500,3,11,14,12.4,992,181,6.3,7,6.7,73,4,154,335,-358,2
3968500,2729500,3,11,15,12.3,991,218,5.8,7,6.6,72,2,136,332,-361,2
3968500,2729500,3,11,16,11.7,991,198,5.3,7,6.7,75,0,85,332,-363,2
3968500,2729500,3,11,17,11.1,991,223,5.8,7,7.2,84,0,51,334,-364,2
3968500,2729500,3,11,18,10.9,990,230,5.3,8,7.7,92,0,21,341,-364,2
3968500,2729500,3,11,19,10.9,990,218,6.0,7,7.8,94,0,1,343,-362,2
3968500,2729500,3,11,20,11.0,990,186,6.2,8,7.7,93,0,0,344,-362,2
3968500,2729500,3,11,21,11.0,989,198,6.2,8,7.5,90,0,0,348,-362,2
3968500,2729500,3,11,22,9.1,989,314,5.4,7,7.3,93,0,0,340,-363,2
3968500,2729500,3,11,23,7.4,989,324,3.8,8,6.9,99,0,0,333,-363,2
3968500,2729500,3,11,24,7.3,990,315,5.3,8,6.5,99,0,0,336,-363,2
3968500,2729500,3,12,1,7.2,990,265,3.2,7,6.3,97,0,0,329,-361,2
3968500,2729500,3,12,2,6.8,990,210,3.2,7,6.2,98,0,0,322,-357,2
3968500,2729500,3,12,3,6.5,990,198,2.5,6,6.2,99,0,0,316,-355,2
3968500,2729500,3,12,4,6.7,990,201,2.5,8,6.1,98,0,0,323,-353,2
3968500,2729500,3,12,5,6.2,990,240,2.9,7,6.0,98,0,0,328,-351,2
3968500,2729500,3,12,6,5.9,991,214,2.0,6,5.9,98,0,0,315,-349,2
3968500,2729500,3,12,7,6.3,991,252,4.0,7,5.9,99,0,0,314,-346,2
3968500,2729500,3,12,8,7.5,991,221,3.1,8,5.8,92,0,21,329,-342,2
3968500,2729500,3,12,9,7.9,992,266,3.3,8,5.6,84,0,45,337,-340,2
3968500,2729500,3,12,10,8.1,993,268,2.6,8,5.4,80,0,84,337,-342,2
3968500,2729500,3,12,11,8.4,994,274,3.2,8,5.3,76,0,65,337,-346,2
3968500,2729500,3,12,12,7.7,995,298,6.1,8,5.1,74,0,73,335,-348,2
3968500,2729500,3,12,13,7.7,995,301,4.6,7,5.0,76,0,117,327,-349,2
3968500,2729500,3,12,14,7.8,996,267,5.4,6,5.3,79,5,143,316,-352,2
3968500,2729500,3,12,15,7.5,997,283,5.0,7,5.6,84,0,119,316,-354,2
3968500,2729500,3,12,16,8.1,997,292,5.3,7,5.6,84,0,82,320,-352,2
3968500,2729500,3,12,17,7.1,998,316,5.4,8,5.7,86,0,40,324,-350,2
3968500,2729500,3,12,18,6.7,999,321,6.0,8,5.6,90,0,23,327,-346,2
3968500,2729500,3,12,19,6.2,1001,325,5.1,7,5.4,89,0,2,319,-342,2
3968500,2729500,3,12,20,6.2,1002,328,5.5,7,5.4,90,0,0,313,-340,2
3968500,2729500,3,12,21,6.0,1003,319,5.3,8,5.3,90,0,0,318,-338,2
3968500,2729500,3,12,22,5.9,1004,334,4.8,8,5.3,90,0,0,322,-337,2
3968500,2729500,3,12,23,5.8,1005,339,5.6,8,5.3,91,0,0,321,-335,2
3968500,2729500,3,12,24,5.4,1006,327,3.8,8,5.2,91,0,0,319,-328,2
3968500,2729500,3,13,1,4.1,1007,347,5.2,6,4.6,86,0,0,303,-320,2
3968500,2729500,3,13,2,2.1,1008,346,3.8,5,3.9,82,0,0,281,-317,2
3968500,2729500,3,13,3,1.3,1008,340,4.7,4,3.5,81,0,0,264,-316,2
3968500,2729500,3,13,4,0.8,1009,331,4.2,2,3.3,79,0,0,245,-314,2
3968500,2729500,3,13,5,0.7,1009,333,3.8,3,3.1,78,0,0,237,-311,2
3968500,2729500,3,13,6,0.3,1009,332,3.7,0,3.1,78,0,0,226,-309,2
3968500,2729500,3,13,7,0.3,1010,332,3.4,0,3.0,78,0,0,211,-308,2
3968500,2729500,3,13,8,1.3,1011,332,3.8,0,3.1,76,34,43,211,-308,2
3968500,2729500,3,13,9,2.0,1011,346,4.1,0,3.1,73,121,97,214,-310,2
3968500,2729500,3,13,10,3.4,1011,339,4.2,0,3.3,71,256,112,217,-313,2
3968500,2729500,3,13,11,4.9,1012,348,4.7,0,3.3,64,361,123,220,-319,2
3968500,2729500,3,13,12,5.7,1013,354,4.5,0,3.1,56,427,132,222,-327,2
3968500,2729500,3,13,13,7.4,1012,7,5.2,1,2.8,47,434,145,230,-333,2
3968500,2729500,3,13,14,8.3,1012,359,5.7,1,2.7,41,374,166,239,-338,2
3968500,2729500,3,13,15,8.0,1011,18,6.7,1,2.6,39,342,137,240,-339,2
3968500,2729500,3,13,16,7.6,1011,2,6.1,1,2.6,40,256,118,239,-337,2
3968500,2729500,3,13,17,7.4,1010,349,6.2,1,2.7,43,151,86,239,-333,2
3968500,2729500,3,13,18,6.8,1010,0,5.6,2,2.7,43,45,44,243,-327,2
3968500,2729500,3,13,19,5.5,1011,9,4.2,2,2.7,46,0,6,244,-320,2
3968500,2729500,3,13,20,4.6,1011,6,4.3,1,2.7,50,0,0,237,-316,2
3968500,2729500,3,13,21,3.6,1012,359,3.9,1,2.7,53,0,0,230,-315,2
3968500,2729500,3,13,22,2.6,1011,349,2.9,0,2.6,56,0,0,222,-312,2
3968500,2729500,3,13,23,2.1,1012,358,3.8,0,2.6,58,0,0,215,-309,2
3968500,2729500,3,13,24,1.7,1012,14,3.2,1,2.7,62,0,0,219,-308,2
3968500,2729500,3,14,1,0.5,1012,316,2.6,0,2.7,67,0,0,218,-308,2
3968500,2729500,3,14,2,-0.3,1012,344,2.1,0,2.7,72,0,0,211,-307,2
3968500,2729500,3,14,3,-0.4,1012,333,2.3,0,2.7,74,0,0,210,-307,2
3968500,2729500,3,14,4,-1.1,1012,327,2.1,0,2.7,74,0,0,210,-305,2
3968500,2729500,3,14,5,-2.1,1012,355,2.1,0,2.6,77,0,0,207,-304,2
3968500,2729500,3,14,6,-2.8,1012,349,1.4,0,2.7,85,0,0,206,-302,2
3968500,2729500,3,14,7,-1.9,1012,358,2.3,1,2.7,86,0,0,211,-300,2
3968500,2729500,3,14,8,0.5,1012,356,2.7,1,2.7,76,45,40,219,-300,2
3968500,2729500,3,14,9,1.9,1012,341,3.0,1,2.7,66,162,79,224,-303,2
3968500,2729500,3,14,10,4.0,1011,351,4.6,0,2.8,59,329,75,223,-310,2
3968500,2729500,3,14,11,4.6,1012,33,6.6,1,2.7,52,430,92,227,-317,2
3968500,2729500,3,14,12,5.2,1012,30,5.6,2,2.5,46,428,116,237,-326,2
3968500,2729500,3,14,13,5.5,1012,37,5.2,4,2.6,47,279,213,255,-332,2
3968500,2729500,3,14,14,6.8,1012,41,4.7,5,2.9,50,106,246,274,-338,2
3968500,2729500,3,14,15,6.2,1012,48,5.6,5,3.1,51,42,201,282,-342,2
3968500,2729500,3,14,16,4.8,1012,64,5.3,6,3.2,57,3,120,285,-342,2
3968500,2729500,3,14,17,4.2,1012,65,5.0,7,3.2,61,4,86,293,-339,2
3968500,2729500,3,14,18,3.6,1011,78,4.4,7,3.1,62,3,40,295,-334,2
3968500,2729500,3,14,19,3.6,1012,56,4.6,7,3.1,62,0,2,293,-329,2
3968500,2729500,3,14,20,3.4,1012,49,4.1,7,3.1,64,0,0,291,-325,2
3968500,2729500,3,14,21,3.3,1013,40,3.2,7,3.2,67,0,0,290,-323,2
3968500,2729500,3,14,22,3.3,1013,32,2.8,6,3.3,68,0,0,284,-322,2
3968500,2729500,3,14,23,3.1,1013,13,2.9,6,3.2,68,0,0,279,-321,2
3968500,2729500,3,14,24,2.7,1014,37,2.5,6,3.2,68,0,0,278,-321,2
3968500,2729500,3,15,1,2.0,1014,7,1.7,5,3.1,69,0,0,271,-320,2
3968500,2729500,3,15,2,0.9,1014,331,2.1,4,3.1,74,0,0,259,-320,2
3968500,2729500,3,15,3,0.2,1014,312,2.3,0,3.1,79,0,0,233,-319,2
3968500,2729500,3,15,4,-0.8,1014,15,1.9,0,3.1,83,0,0,213,-318,2
3968500,2729500,3,15,5,-1.4,1015,343,2.5,0,3.1,88,0,0,211,-317,2
3968500,2729500,3,15,6,-1.2,1015,352,2.3,0,3.1,91,0,0,210,-315,2
3968500,2729500,3,15,7,-1.5,1015,338,2.4,0,3.1,92,0,0,209,-315,2
3968500,2729500,3,15,8,-0.2,1016,7,2.1,1,3.2,90,35,46,216,-315,2
3968500,2729500,3,15,9,1.6,1017,357,1.7,1,3.4,86,122,102,224,-315,2
3968500,2729500,3,15,10,3.5,1017,44,2.6,1,3.6,78,253,123,229,-322,2
3968500,2729500,3,15,11,5.5,1017,17,3.2,1,3.7,70,351,138,234,-333,2
3968500,2729500,3,15,12,6.1,1018,16,3.6,2,3.6,64,387,164,242,-339,2
3968500,2729500,3,15,13,7.4,1019,84,3.1,3,3.6,59,301,228,257,-345,2
3968500,2729500,3,15,14,7.5,1018,60,3.7,3,3.7,58,262,232,265,-348,2
3968500,2729500,3,15,15,7.2,1018,77,4.5,2,3.7,59,340,146,260,-349,2
3968500,2729500,3,15,16,6.7,1018,77,4.4,2,3.6,59,272,118,253,-346,2
3968500,2729500,3,15,17,6.1,1018,67,3.7,1,3.5,59,156,91,246,-342,2
3968500,2729500,3,15,18,4.5,1018,123,3.5,1,3.5,63,49,47,239,-338,2
3968500,2729500,3,15,19,2.9,1018,105,2.3,1,3.4,69,0,8,235,-333,2
3968500,2729500,3,15,20,2.1,1019,70,0.9,1,3.3,74,0,0,230,-327,2
3968500,2729500,3,15,21,1.1,1020,31,1.6,1,3.3,78,0,0,227,-322,2
3968500,2729500,3,15,22,1.2,1020,345,2.1,2,3.3,80,0,0,230,-318,2
3968500,2729500,3,15,23,-0.7,1020,61,1.7,2,3.3,86,0,0,233,-316,2
3968500,2729500,3,15,24,-0.8,1020,336,1.9,3,3.3,92,0,0,234,-315,2
3968500,2729500,3,16,1,-1.7,1021,160,1.6,1,3.2,94,0,0,228,-314,2
3968500,2729500,3,16,2,-2.1,1020,147,1.0,0,3.2,98,0,0,212,-313,2
3968500,2729500,3,16,3,-2.3,1020,36,0.6,0,3.2,99,0,0,206,-311,2
3968500,2729500,3,16,4,-2.7,1020,41,1.6,0,3.1,99,0,0,204,-310,2
3968500,2729500,3,16,5,-3.0,1020,44,1.5,0,3.1,100,0,0,203,-310,2
3968500,2729500,3,16,6,-3.3,1020,23,1.8,3,3.0,100,0,0,215,-310,2
3968500,2729500,3,16,7,-3.6,1020,59,1.4,4,2.9,100,0,0,231,-309,2
3968500,2729500,3,16,8,-2.2,1020,65,1.0,3,3.0,100,35,48,233,-310,2
3968500,2729500,3,16,9,-0.8,1020,234,1.2,2,3.3,99,119,105,228,-312,2
3968500,2729500,3,16,10,2.1,1021,18,1.3,2,3.6,91,249,129,229,-318,2
3968500,2729500,3,16,11,4.7,1020,45,1.4,2,3.7,78,355,145,235,-325,2
3968500,2729500,3,16,12,7.4,1020,343,2.0,1,3.7,64,430,154,237,-335,2
3968500,2729500,3,16,13,8.3,1020,9,2.5,1,3.7,56,453,162,237,-344,2
3968500,2729500,3,16,14,9.4,1020,7,2.4,1,3.6,51,426,161,239,-348,2
3968500,2729500,3,16,15,10.3,1019,14,2.4,1,3.5,47,370,145,241,-350,2
3968500,2729500,3,16,16,10.6,1018,352,2.3,1,3.5,44,277,122,242,-348,2
3968500,2729500,3,16,17,10.5,1017,2,1.9,1,3.4,43,165,92,242,-345,2
3968500,2729500,3,16,18,9.4,1017,3,1.7,1,3.5,46,54,49,240,-338,2
3968500,2729500,3,16,19,7.1,1017,296,1.8,1,3.7,55,0,8,236,-329,2
3968500,2729500,3,16,20,5.6,1017,215,1.8,1,3.9,65,0,0,232,-321,2
3968500,2729500,3,16,21,4.0,1016,81,1.7,1,3.8,72,0,0,227,-317,2
3968500,2729500,3,16,22,2.5,1016,88,1.4,1,3.8,79,0,0,223,-315,2
3968500,2729500,3,16,23,1.5,1016,171,1.2,1,3.6,84,0,0,220,-314,2
3968500,2729500,3,16,24,0.5,1016,45,0.8,1,3.6,88,0,0,218,-311,2
3968500,2729500,3,17,1,-0.4,1015,158,1.0,4,3.5,93,0,0,218,-309,2
3968500,2729500,3,17,2,-1.0,1015,150,1.4,3,3.5,97,0,0,218,-309,2
3968500,2729500,3,17,3,-1.3,1014,104,1.4,5,3.4,99,0,0,218,-309,2
3968500,2729500,3,17,4,-1.3,1013,112,1.8,6,3.4,100,0,0,218,-309,2
3968500,2729500,3,17,5,-1.9,1013,122,1.1,5,3.4,100,0,0,221,-309,2
3968500,2729500,3,17,6,-1.8,1012,115,0.9,5,3.3,100,0,0,222,-308,2
3968500,2729500,3,17,7,-2.1,1012,131,0.7,6,3.3,100,0,0,225,-307,2
3968500,2729500,3,17,8,-1.0,1011,68,0.5,6,3.4,100,1,42,230,-306,2
3968500,2729500,3,17,9,-0.1,1011,31,1.4,6,3.7,100,19,114,234,-308,2
3968500,2729500,3,17,10,1.4,1010,320,0.8,6,3.9,99,50,185,235,-314,2
3968500,2729500,3,17,11,3.9,1010,213,1.6,5,4.2,92,167,214,236,-325,2
3968500,2729500,3,17,12,6.1,1010,300,1.8,4,4.4,80,256,217,238,-337,2
3968500,2729500,3,17,13,7.6,1009,0,4.4,3,4.2,68,402,152,241,-351,2
3968500,2729500,3,17,14,5.3,1009,0,5.4,4,4.1,68,243,220,243,-361,2
3968500,2729500,3,17,15,3.6,1009,357,6.0,5,4.0,76,147,205,242,-362,2
3968500,2729500,3,17,16,2.5,1009,339,5.6,6,3.8,80,95,106,242,-358,2
3968500,2729500,3,17,17,2.8,1008,2,5.2,7,3.8,82,0,73,243,-353,2
3968500,2729500,3,17,18,2.8,1008,12,4.8,6,3.8,81,2,39,244,-345,2
3968500,2729500,3,17,19,2.8,1008,7,4.4,7,3.9,83,0,3,245,-336,2
3968500,2729500,3,17,20,2.2,1008,34,3.6,7,3.9,84,0,0,245,-329,2
3968500,2729500,3,17,21,2.0,1009,12,3.4,5,3.8,86,0,0,240,-324,2
3968500,2729500,3,17,22,1.4,1009,24,2.3,1,3.8,88,0,0,229,-319,2
3968500,2729500,3,17,23,0.5,1009,2,2.3,0,3.7,91,0,0,221,-316,2
3968500,2729500,3,17,24,0.0,1009,28,2.2,1,3.7,94,0,0,219,-315,2
3968500,2729500,3,18,1,-1.3,1010,243,1.9,3,3.6,98,0,0,219,-315,2
3968500,2729500,3,18,2,-1.3,1010,37,1.6,2,3.4,100,0,0,221,-313,2
3968500,2729500,3,18,3,-1.9,1010,31,1.6,2,3.3,99,0,0,220,-312,2
3968500,2729500,3,18,4,-2.5,1010,357,1.6,2,3.2,99,0,0,221,-310,2
3968500,2729500,3,18,5,-2.4,1010,29,2.0,2,3.2,100,0,0,223,-310,2
3968500,2729500,3,18,6,-2.9,1010,25,2.2,1,3.1,100,0,0,220,-310,2
3968500,2729500,3,18,7,-2.8,1010,47,2.0,1,3.1,100,0,3,216,-310,2
3968500,2729500,3,18,8,-2.4,1010,21,2.0,4,3.1,100,36,44,231,-310,2
3968500,2729500,3,18,9,-1.5,1011,22,2.2,5,3.3,100,69,113,254,-313,2
3968500,2729500,3,18,10,-0.3,1011,142,1.7,6,3.6,100,121,180,270,-319,2
3968500,2729500,3,18,11,1.1,1011,168,1.7,7,3.9,100,295,163,286,-329,2
3968500,2729500,3,18,12,5.6,1011,33,1.8,2,4.3,90,482,104,274,-342,2
3968500,2729500,3,18,13,8.4,1011,343,3.0,2,4.6,74,539,100,258,-352,2
3968500,2729500,3,18,14,9.9,1010,15,2.8,2,4.4,61,530,94,264,-359,2
3968500,2729500,3,18,15,10.1,1009,346,2.9,1,4.2,54,300,110,260,-361,2
3968500,2729500,3,18,16,9.9,1009,337,3.0,1,4.1,53,73,94,255,-360,2
3968500,2729500,3,18,17,10.1,1008,336,3.0,1,4.1,54,208,70,255,-357,2
3968500,2729500,3,18,18,9.1,1008,317,2.8,3,4.2,56,72,43,265,-350,2
3968500,2729500,3,18,19,7.2,1007,311,2.6,2,4.1,61,3,8,265,-341,2
3968500,2729500,3,18,20,5.9,1008,317,2.5,1,4.0,66,0,0,248,-331,2
3968500,2729500,3,18,21,3.7,1008,56,1.9,0,3.9,73,0,0,233,-325,2
3968500,2729500,3,18,22,2.7,1008,182,1.7,0,3.9,81,0,0,225,-321,2
3968500,2729500,3,18,23,1.9,1007,56,1.9,0,3.8,85,0,0,223,-318,2
3968500,2729500,3,18,24,0.4,1007,92,1.9,0,3.7,90,0,0,220,-316,2
3968500,2729500,3,19,1,-0.1,1007,47,2.0,0,3.6,94,0,0,217,-315,2
3968500,2729500,3,19,2,-1.0,1007,150,1.4,0,3.6,98,0,0,215,-315,2
3968500,2729500,3,19,3,-0.9,1007,185,1.1,0,3.6,100,0,0,214,-314,2
3968500,2729500,3,19,4,-1.5,1007,170,0.9,1,3.5,100,0,0,217,-313,2
3968500,2729500,3,19,5,-2.0,1006,154,1.0,0,3.4,100,0,0,215,-311,2
3968500,2729500,3,19,6,-2.5,1006,40,0.7,0,3.2,100,0,0,208,-310,2
3968500,2729500,3,19,7,-1.9,1006,315,1.4,1,3.2,100,0,5,213,-310,2
3968500,2729500,3,19,8,-0.4,1006,285,1.1,1,3.5,100,65,43,220,-310,2
3968500,2729500,3,19,9,1.4,1006,296,1.3,1,3.9,98,178,86,224,-312,2
3968500,2729500,3,19,10,4.5,1006,219,1.6,1,4.1,88,345,74,230,-320,2
3968500,2729500,3,19,11,7.3,1006,334,1.6,1,4.2,72,462,74,238,-335,2
3968500,2729500,3,19,12,9.5,1005,267,2.1,1,3.7,54,542,72,244,-351,2
3968500,2729500,3,19,13,11.1,1004,265,4.2,2,3.4,43,555,78,251,-363,2
3968500,2729500,3,19,14,11.3,1003,264,4.9,2,3.3,40,515,84,255,-370,2
3968500,2729500,3,19,15,10.6,1003,284,4.2,1,3.5,43,247,140,252,-372,2
3968500,2729500,3,19,16,10.0,1002,301,4.7,1,3.8,48,147,141,249,-373,2
3968500,2729500,3,19,17,8.7,1002,6,5.1,3,3.7,50,190,65,247,-371,2
3968500,2729500,3,19,18,5.0,1002,9,5.7,5,3.9,62,63,41,240,-362,2
3968500,2729500,3,19,19,2.7,1003,36,4.6,6,4.1,81,2,8,232,-350,2
3968500,2729500,3,19,20,2.4,1003,8,3.8,6,4.1,88,0,0,227,-340,2
3968500,2729500,3,19,21,2.5,1004,342,4.1,6,4.1,89,0,0,228,-332,2
3968500,2729500,3,19,22,2.4,1004,275,2.5,7,4.0,88,0,0,236,-324,2
3968500,2729500,3,19,23,2.4,1004,293,3.1,7,3.9,86,0,0,247,-318,2
3968500,2729500,3,19,24,2.7,1004,325,4.4,6,3.8,84,0,0,255,-316,2
3968500,2729500,3,20,1,2.3,1004,51,4.0,7,3.8,83,0,0,264,-316,2
3968500,2729500,3,20,2,2.2,1003,68,2.5,7,3.8,84,0,0,277,-315,2
3968500,2729500,3,20,3,1.5,1003,101,3.5,7,3.7,84,0,0,284,-315,2
3968500,2729500,3,20,4,1.3,1002,308,2.8,7,3.6,85,0,0,287,-313,2
3968500,2729500,3,20,5,0.9,1002,311,3.6,7,3.6,86,0,0,287,-311,2
3968500,2729500,3,20,6,0.9,1002,319,3.0,8,3.6,87,0,0,290,-312,2
3968500,2729500,3,20,7,0.9,1002,313,2.8,8,3.5,86,0,4,291,-313,2
3968500,2729500,3,20,8,0.7,1002,329,3.0,8,3.5,85,10,42,289,-314,2
3968500,2729500,3,20,9,1.2,1002,328,2.9,7,3.5,85,5,90,282,-315,2
3968500,2729500,3,20,10,0.9,1003,298,3.7,8,3.5,84,0,127,278,-324,2
3968500,2729500,3,20,11,1.5,1003,286,3.0,8,3.5,83,0,126,283,-342,2
3968500,2729500,3,20,12,1.8,1003,312,3.0,8,3.5,82,0,129,286,-358,2
3968500,2729500,3,20,13,1.8,1004,313,4.2,8,3.5,80,0,128,287,-371,2
3968500,2729500,3,20,14,2.0,1004,320,3.5,8,3.5,79,0,109,285,-378,2
3968500,2729500,3,20,15,2.3,1004,336,3.3,8,3.5,78,0,96,279,-379,2
3968500,2729500,3,20,16,2.2,1004,348,3.9,8,3.5,78,0,80,275,-377,2
3968500,2729500,3,20,17,2.3,1004,349,3.5,7,3.6,80,0,53,271,-371,2
3968500,2729500,3,20,18,2.1,1003,356,3.0,7,3.6,80,0,23,269,-364,2
3968500,2729500,3,20,19,2.2,1004,3,2.7,8,3.6,81,0,3,275,-354,2
3968500,2729500,3,20,20,2.1,1004,67,2.1,8,3.7,82,0,0,282,-346,2
3968500,2729500,3,20,21,2.2,1004,20,1.8,8,3.7,83,0,0,287,-340,2
3968500,2729500,3,20,22,2.2,1005,34,1.8,8,3.7,82,0,0,286,-335,2
3968500,2729500,3,20,23,2.9,1005,75,1.9,7,3.9,82,0,0,282,-330,2
3968500,2729500,3,20,24,3.8,1004,130,2.0,7,4.4,84,0,0,287,-326,2
3968500,2729500,3,21,1,4.8,990,149,2.0,7,4.9,87,0,0,330,-358,2
3968500,2729500,3,21,2,5.4,990,191,2.1,8,5.4,91,0,0,322,-356,2
3968500,2729500,3,21,3,5.7,990,197,2.0,8,5.7,95,0,0,326,-354,2
3968500,2729500,3,21,4,5.4,990,197,1.9,8,5.7,98,0,0,332,-352,2
3968500,2729500,3,21,5,5.5,990,153,1.8,8,5.6,96,0,0,332,-350,2
3968500,2729500,3,21,6,5.2,990,169,1.5,8,5.5,98,0,0,332,-349,2
3968500,2729500,3,21,7,5.1,990,196,2.0,8,5.5,99,0,1,332,-350,2
3968500,2729500,3,21,8,5.4,991,176,2.0,8,5.6,99,0,31,332,-351,2
3968500,2729500,3,21,9,6.0,991,151,1.7,8,5.7,99,0,53,334,-352,2
3968500,2729500,3,21,10,5.9,992,180,2.3,8,5.9,99,0,99,335,-353,2
3968500,2729500,3,21,11,7.8,992,195,3.2,7,6.2,99,4,175,331,-353,2
3968500,2729500,3,21,12,8.8,991,189,3.2,7,6.9,98,0,157,328,-356,2
3968500,2729500,3,21,13,13.1,992,244,4.0,8,7.1,85,0,152,341,-360,2
3968500,2729500,3,21,14,14.4,992,252,5.6,6,6.8,68,51,235,340,-364,2
3968500,2729500,3,21,15,13.9,991,260,6.6,7,6.2,61,9,180,332,-364,2
3968500,2729500,3,21,16,13.2,991,279,5.9,8,6.2,62,13,152,340,-359,2
3968500,2729500,3,21,17,13.2,991,265,4.8,7,6.0,62,24,114,338,-354,2
3968500,2729500,3,21,18,12.5,990,260,4.8,7,5.7,60,8,51,331,-352,2
3968500,2729500,3,21,19,11.7,990,273,3.2,7,5.6,62,0,7,328,-348,2
3968500,2729500,3,21,20,10.6,991,283,4.4,7,5.5,65,0,0,325,-345,2
3968500,2729500,3,21,21,10.3,992,301,4.2,7,5.4,67,0,0,324,-342,2
3968500,2729500,3,21,22,9.9,992,280,5.5,7,5.1,65,0,0,322,-340,2
3968500,2729500,3,21,23,9.1,992,286,4.0,7,5.0,66,0,0,320,-338,2
3968500,2729500,3,21,24,8.9,992,289,5.0,7,5.2,71,0,0,318,-335,2
3968500,2729500,3,22,1,8.7,992,293,3.7,8,5.4,74,0,0,323,-332,2
3968500,2729500,3,22,2,8.2,993,265,3.6,8,5.6,80,0,0,328,-331,2
3968500,2729500,3,22,3,7.7,993,280,5.0,8,5.9,87,0,0,327,-332,2
3968500,2729500,3,22,4,7.6,994,265,3.2,8,6.0,90,0,0,326,-332,2
3968500,2729500,3,22,5,8.1,994,283,4.2,8,5.9,88,0,0,325,-332,2
3968500,2729500,3,22,6,6.5,994,328,3.0,8,5.8,90,0,0,321,-331,2
3968500,2729500,3,22,7,6.8,994,297,2.8,8,5.9,95,0,5,320,-331,2
3968500,2729500,3,22,8,7.0,994,298,3.0,8,5.9,93,0,39,319,-332,2
3968500,2729500,3,22,9,5.8,994,334,4.0,7,5.7,94,0,84,312,-335,2
3968500,2729500,3,22,10,4.0,994,329,4.8,7,5.2,96,0,132,300,-340,2
3968500,2729500,3,22,11,3.3,995,356,4.5,7,4.8,96,0,110,297,-345,2
3968500,2729500,3,22,12,3.9,996,354,3.5,7,4.7,95,0,177,298,-348,2
3968500,2729500,3,22,13,4.3,996,345,4.0,7,4.8,92,3,195,300,-350,2
3968500,2729500,3,22,14,4.7,996,2,4.9,7,4.7,88,0,157,301,-352,2
3968500,2729500,3,22,15,5.4,996,359,4.4,6,4.3,78,42,192,295,-352,2
3968500,2729500,3,22,16,6.9,996,332,4.5,6,4.0,68,27,149,293,-351,2
3968500,2729500,3,22,17,7.0,996,313,4.9,5,3.9,62,103,81,290,-346,2
3968500,2729500,3,22,18,6.2,996,303,4.6,4,3.7,60,82,35,278,-341,2
3968500,2729500,3,22,19,5.5,997,292,4.3,5,3.5,59,3,9,275,-338,2
3968500,2729500,3,22,20,5.1,998,307,3.9,5,3.3,58,0,0,276,-336,2
3968500,2729500,3,22,21,4.8,998,330,3.5,7,3.4,62,0,0,285,-334,2
3968500,2729500,3,22,22,4.3,999,334,5.3,7,3.6,68,0,0,296,-332,2
3968500,2729500,3,22,23,3.8,1000,329,3.3,7,3.7,72,0,0,295,-328,2
3968500,2729500,3,22,24,3.5,1000,332,4.8,7,3.8,77,0,0,294,-323,2
3968500,2729500,3,23,1,3.0,1000,325,3.8,8,4.0,83,0,0,300,-320,2
3968500,2729500,3,23,2,2.2,1001,342,3.9,8,4.3,92,0,0,304,-318,2
3968500,2729500,3,23,3,2.4,1001,349,3.9,6,4.4,96,0,0,293,-318,2
3968500,2729500,3,23,4,2.1,1002,327,3.5,5,4.3,96,0,0,278,-318,2
3968500,2729500,3,23,5,2.0,1002,331,3.8,6,4.3,96,0,0,277,-317,2
3968500,2729500,3,23,6,2.0,1003,331,4.4,4,4.3,98,0,0,273,-317,2
3968500,2729500,3,23,7,1.9,1004,341,4.5,4,4.3,97,0,13,262,-318,2
3968500,2729500,3,23,8,2.2,1004,336,4.6,6,4.0,90,64,63,272,-319,2
3968500,2729500,3,23,9,3.2,1005,327,4.6,5,3.8,83,94,134,278,-323,2
3968500,2729500,3,23,10,4.5,1005,342,5.8,6,3.8,76,112,201,280,-329,2
3968500,2729500,3,23,11,5.6,1005,346,6.5,3,3.8,69,246,220,272,-335,2
3968500,2729500,3,23,12,6.0,1005,330,6.0,4,3.6,63,40,262,263,-337,2
3968500,2729500,3,23,13,5.7,1005,336,5.9,7,3.6,62,0,108,285,-337,2
3968500,2729500,3,23,14,5.9,1005,338,5.7,7,3.7,64,0,75,299,-339,2
3968500,2729500,3,23,15,6.3,1005,351,7.4,7,3.8,64,0,137,299,-342,2
3968500,2729500,3,23,16,5.8,1005,1,6.4,6,3.7,62,0,127,294,-344,2
3968500,2729500,3,23,17,5.6,1006,0,5.9,7,3.6,62,1,95,292,-343,2
3968500,2729500,3,23,18,5.0,1006,355,5.2,7,3.6,65,1,51,294,-338,2
3968500,2729500,3,23,19,4.5,1006,1,4.3,7,3.7,68,0,6,294,-331,2
3968500,2729500,3,23,20,4.3,1007,10,3.9,7,3.7,72,0,0,294,-325,2
3968500,2729500,3,23,21,4.1,1008,3,3.7,8,3.7,73,0,0,298,-322,2
3968500,2729500,3,23,22,3.7,1008,1,4.5,8,3.8,76,0,0,303,-320,2
3968500,2729500,3,23,23,3.5,1008,348,3.8,8,3.9,79,0,0,303,-319,2
3968500,2729500,3,23,24,2.9,1009,4,3.8,7,3.9,81,0,0,298,-318,2
3968500,2729500,3,24,1,2.0,1008,2,3.4,6,3.7,82,0,0,287,-318,2
3968500,2729500,3,24,2,1.7,1008,349,3.1,3,3.6,84,0,0,266,-317,2
3968500,2729500,3,24,3,1.6,1009,344,3.0,4,3.6,84,0,0,255,-317,2
3968500,2729500,3,24,4,1.7,1009,350,2.8,6,3.6,83,0,0,269,-317,2
3968500,2729500,3,24,5,1.5,1009,347,2.8,6,3.5,82,0,0,279,-319,2
3968500,2729500,3,24,6,1.7,1009,356,2.7,8,3.6,84,0,0,287,-320,2
3968500,2729500,3,24,7,1.7,1009,345,3.6,7,3.7,87,0,9,292,-319,2
3968500,2729500,3,24,8,2.2,1009,353,4.1,7,3.8,88,7,58,288,-320,2
3968500,2729500,3,24,9,2.4,1009,345,4.2,7,3.9,86,9,113,290,-324,2
3968500,2729500,3,24,10,3.0,1010,345,4.3,7,3.7,80,20,169,291,-328,2
3968500,2729500,3,24,11,2.7,1010,356,3.7,7,3.6,77,9,183,291,-333,2
3968500,2729500,3,24,12,3.7,1010,356,4.1,6,3.6,74,3,188,287,-337,2
3968500,2729500,3,24,13,3.8,1011,356,4.4,6,3.4,68,3,196,283,-341,2
3968500,2729500,3,24,14,4.4,1011,345,3.7,6,3.2,63,13,198,284,-344,2
3968500,2729500,3,24,15,4.5,1010,0,4.1,7,3.0,58,3,162,288,-344,2
3968500,2729500,3,24,16,4.0,1010,346,4.5,7,3.0,59,7,141,291,-345,2
3968500,2729500,3,24,17,4.1,1010,355,3.5,7,3.2,62,13,102,289,-345,2
3968500,2729500,3,24,18,3.9,1010,358,2.9,7,3.1,61,20,53,285,-342,2
3968500,2729500,3,24,19,3.4,1009,25,2.6,6,3.1,62,0,10,277,-336,2
3968500,2729500,3,24,20,3.2,1009,36,2.4,5,3.2,66,0,0,266,-331,2
3968500,2729500,3,24,21,2.8,1009,50,2.2,5,3.2,69,0,0,258,-327,2
3968500,2729500,3,24,22,2.4,1009,65,2.7,7,3.3,71,0,0,263,-325,2
3968500,2729500,3,24,23,2.1,1009,40,1.6,7,3.3,73,0,0,271,-323,2
3968500,2729500,3,24,24,1.8,1009,23,2.4,6,3.3,75,0,0,266,-319,2
3968500,2729500,3,25,1,1.4,1009,30,2.2,5,3.3,77,0,0,257,-316,2
3968500,2729500,3,25,2,1.0,1009,41,2.1,6,3.3,80,0,0,256,-315,2
3968500,2729500,3,25,3,0.9,1009,51,2.0,6,3.2,79,0,0,259,-313,2
3968500,2729500,3,25,4,0.5,1008,50,2.0,6,3.0,76,0,0,258,-311,2
3968500,2729500,3,25,5,0.3,1008,28,1.7,6,2.9,75,0,0,257,-309,2
3968500,2729500,3,25,6,0.3,1008,18,2.1,7,2.8,73,0,0,261,-309,2
3968500,2729500,3,25,7,0.2,1008,25,1.5,7,2.9,74,0,11,266,-309,2
3968500,2729500,3,25,8,0.7,1008,54,1.6,6,2.8,72,34,56,263,-310,2
3968500,2729500,3,25,9,1.0,1008,71,1.8,7,2.7,66,107,98,265,-313,2
3968500,2729500,3,25,10,1.5,1008,202,1.3,6,2.5,60,198,115,266,-318,2
3968500,2729500,3,25,11,2.1,1008,238,1.2,7,2.4,56,32,208,267,-326,2
3968500,2729500,3,25,12,2.6,1008,204,2.0,8,2.5,55,3,195,279,-337,2
3968500,2729500,3,25,13,2.8,1008,68,2.1,8,2.5,53,0,148,283,-350,2
3968500,2729500,3,25,14,3.6,1008,74,2.2,8,2.5,53,0,147,285,-357,2
3968500,2729500,3,25,15,3.5,1008,49,2.7,7,2.6,54,1,163,281,-358,2
3968500,2729500,3,25,16,3.2,1008,90,2.5,7,2.6,54,3,133,277,-355,2
3968500,2729500,3,25,17,3.6,1007,81,3.0,7,2.6,54,9,106,275,-349,2
3968500,2729500,3,25,18,3.1,1007,90,3.0,6,2.6,54,30,52,268,-342,2
3968500,2729500,3,25,19,1.5,1006,92,2.5,5,2.6,59,7,10,254,-332,2
3968500,2729500,3,25,20,0.6,1006,105,2.3,5,2.7,65,0,0,244,-323,2
3968500,2729500,3,25,21,-0.6,1006,74,1.9,4,2.7,70,0,0,237,-318,2
3968500,2729500,3,25,22,-0.9,1006,76,1.4,2,2.7,75,0,0,222,-315,2
3968500,2729500,3,25,23,-1.4,1006,333,1.7,2,2.8,79,0,0,213,-314,2
3968500,2729500,3,25,24,-0.7,1006,102,1.8,7,2.9,81,0,0,235,-311,2
3968500,2729500,3,26,1,-0.8,1006,131,1.2,5,3.0,82,0,0,249,-309,2
3968500,2729500,3,26,2,-0.6,1006,141,1.5,5,3.0,82,0,0,241,-309,2
3968500,2729500,3,26,3,-0.9,1006,163,1.6,5,3.0,82,0,0,242,-308,2
3968500,2729500,3,26,4,-1.0,1005,165,1.4,5,3.0,86,0,0,242,-308,2
3968500,2729500,3,26,5,-1.0,1005,161,1.2,5,3.1,87,0,0,243,-308,2
3968500,2729500,3,26,6,-0.8,1005,171,1.5,7,3.1,87,0,0,253,-308,2
3968500,2729500,3,26,7,-0.3,1005,159,1.5,7,3.2,86,0,9,264,-307,2
3968500,2729500,3,26,8,0.2,1005,135,1.6,6,3.2,84,15,70,262,-309,2
3968500,2729500,3,26,9,1.2,1005,152,1.7,6,3.3,82,41,142,260,-312,2
3968500,2729500,3,26,10,2.3,1005,196,2.2,6,3.2,73,82,199,262,-319,2
3968500,2729500,3,26,11,4.2,1006,255,1.9,6,3.1,64,155,229,265,-329,2
3968500,2729500,3,26,12,4.4,1006,206,2.1,5,2.9,56,230,243,263,-341,2
3968500,2729500,3,26,13,5.2,1005,322,1.7,5,2.7,50,204,264,260,-355,2
3968500,2729500,3,26,14,5.4,1005,142,2.8,4,2.6,47,185,252,258,-362,2
3968500,2729500,3,26,15,6.1,1005,196,2.8,3,2.6,45,240,198,252,-361,2
3968500,2729500,3,26,16,6.8,1005,111,2.0,3,2.6,43,149,170,251,-359,2
3968500,2729500,3,26,17,6.4,1004,64,2.7,4,2.6,43,146,103,255,-356,2
3968500,2729500,3,26,18,5.7,1004,46,2.2,3,2.6,45,90,47,255,-350,2
3968500,2729500,3,26,19,4.4,1005,87,2.7,2,2.8,51,7,12,245,-344,2
3968500,2729500,3,26,20,2.7,1005,86,2.3,2,2.9,59,0,0,237,-339,2
3968500,2729500,3,26,21,1.8,1005,99,1.3,1,2.9,64,0,0,229,-332,2
3968500,2729500,3,26,22,0.5,1006,241,1.8,6,2.8,68,0,0,242,-327,2
3968500,2729500,3,26,23,0.6,1006,39,1.4,6,2.8,71,0,0,263,-324,2
3968500,2729500,3,26,24,0.7,1006,6,1.2,2,2.9,72,0,0,246,-320,2
3968500,2729500,3,27,1,-0.6,1006,355,1.8,3,2.8,74,0,0,231,-317,2
3968500,2729500,3,27,2,-0.4,1006,83,1.6,3,2.8,76,0,0,235,-315,2
3968500,2729500,3,27,3,-1.8,1007,332,2.4,5,2.9,81,0,0,244,-316,2
3968500,2729500,3,27,4,-2.1,1007,0,2.0,4,2.9,86,0,0,248,-316,2
3968500,2729500,3,27,5,-2.2,1007,335,2.3,4,2.8,86,0,0,242,-317,2
3968500,2729500,3,27,6,-2.5,1007,347,2.4,3,2.8,87,0,0,236,-317,2
3968500,2729500,3,27,7,-2.3,1007,327,2.2,3,2.8,87,6,16,231,-316,2
3968500,2729500,3,27,8,-0.2,1008,359,2.2,0,2.9,82,75,77,218,-316,2
3968500,2729500,3,27,9,1.3,1008,14,2.3,0,2.8,70,180,125,205,-320,2
3968500,2729500,3,27,10,2.0,1009,77,2.5,1,2.5,59,307,156,212,-326,2
3968500,2729500,3,27,11,3.2,1009,55,3.4,2,2.5,54,406,176,226,-330,2
3968500,2729500,3,27,12,3.8,1009,40,3.5,1,2.5,52,478,182,230,-336,2
3968500,2729500,3,27,13,4.3,1010,59,3.7,1,2.5,49,521,172,226,-345,2
3968500,2729500,3,27,14,5.3,1009,55,3.5,1,2.5,47,490,171,230,-354,2
3968500,2729500,3,27,15,6.2,1009,59,2.8,0,2.6,46,429,157,228,-357,2
3968500,2729500,3,27,16,6.5,1009,89,3.4,0,2.7,46,327,139,226,-357,2
3968500,2729500,3,27,17,6.3,1009,56,2.8,0,2.8,47,200,112,227,-356,2
3968500,2729500,3,27,18,5.1,1008,39,3.2,0,2.8,50,76,70,227,-353,2
3968500,2729500,3,27,19,3.7,1008,88,2.6,1,2.9,56,5,14,229,-345,2
3968500,2729500,3,27,20,2.1,1008,95,2.0,1,3.0,63,0,0,227,-337,2
3968500,2729500,3,27,21,0.9,1008,77,1.7,0,3.0,71,0,0,219,-330,2
3968500,2729500,3,27,22,0.5,1009,54,2.4,0,3.0,76,0,0,212,-325,2
3968500,2729500,3,27,23,-0.1,1009,42,1.5,0,3.0,78,0,0,209,-320,2
3968500,2729500,3,27,24,-1.3,1009,331,1.9,0,3.0,82,0,0,206,-316,2
3968500,2729500,3,28,1,-1.4,1009,324,2.2,0,3.0,87,0,0,204,-315,2
3968500,2729500,3,28,2,-2.0,1009,354,2.0,0,3.0,88,0,0,201,-314,2
3968500,2729500,3,28,3,-2.4,1009,16,1.5,0,2.9,90,0,0,198,-313,2
3968500,2729500,3,28,4,-2.5,1009,166,1.9,0,2.8,89,0,0,197,-312,2
3968500,2729500,3,28,5,-3.1,1009,157,1.4,0,2.8,89,0,0,196,-311,2
3968500,2729500,3,28,6,-4.3,1009,76,1.3,0,2.8,95,0,0,194,-311,2
3968500,2729500,3,28,7,-3.1,1009,62,1.2,0,2.8,97,9,15,194,-310,2
3968500,2729500,3,28,8,-1.2,1009,49,0.9,0,3.0,92,95,70,198,-311,2
3968500,2729500,3,28,9,1.2,1009,66,1.1,0,3.1,81,229,100,201,-315,2
3968500,2729500,3,28,10,4.0,1009,63,1.1,0,3.1,68,367,113,206,-326,2
3968500,2729500,3,28,11,5.7,1010,93,1.5,0,3.2,59,489,115,212,-345,2
3968500,2729500,3,28,12,7.3,1009,60,2.1,1,3.1,52,564,114,223,-360,2
3968500,2729500,3,28,13,9.1,1009,43,3.3,1,3.0,44,575,118,234,-368,2
3968500,2729500,3,28,14,10.5,1008,84,2.8,1,2.9,39,541,120,239,-372,2
3968500,2729500,3,28,15,11.6,1007,71,2.6,0,2.6,32,479,110,238,-374,2
3968500,2729500,3,28,16,12.0,1006,57,3.1,0,2.5,30,372,100,236,-373,2
3968500,2729500,3,28,17,11.3,1006,67,4.2,0,2.7,31,235,86,237,-366,2
3968500,2729500,3,28,18,10.1,1005,58,4.0,0,2.6,33,96,59,235,-357,2
3968500,2729500,3,28,19,7.9,1005,80,3.4,1,2.6,37,8,13,233,-347,2
3968500,2729500,3,28,20,6.8,1006,98,3.5,1,2.8,44,0,0,232,-338,2
3968500,2729500,3,28,21,5.2,1006,83,2.6,2,3.2,55,0,0,233,-331,2
3968500,2729500,3,28,22,4.2,1006,105,1.8,0,3.4,64,0,0,226,-326,2
3968500,2729500,3,28,23,3.9,1006,136,3.4,0,3.4,67,0,0,220,-322,2
3968500,2729500,3,28,24,3.7,1006,122,3.6,1,3.4,68,0,0,222,-320,2
3968500,2729500,3,29,1,2.2,1006,112,3.0,0,3.4,72,0,0,220,-318,2
3968500,2729500,3,29,2,1.9,1005,103,2.6,0,3.4,76,0,0,215,-317,2
3968500,2729500,3,29,3,0.4,1004,139,1.8,1,3.4,81,0,0,215,-316,2
3968500,2729500,3,29,4,0.6,1004,63,2.4,1,3.4,86,0,0,216,-315,2
3968500,2729500,3,29,5,-0.4,1004,75,2.3,1,3.4,88,0,0,215,-315,2
3968500,2729500,3,29,6,-1.2,1004,347,2.0,1,3.3,91,0,0,212,-314,2
3968500,2729500,3,29,7,-0.5,1004,347,2.5,2,3.3,92,3,14,215,-313,2
3968500,2729500,3,29,8,1.1,1004,7,2.2,2,3.4,87,86,70,221,-313,2
3968500,2729500,3,29,9,3.9,1005,11,1.4,2,3.5,77,235,97,225,-318,2
3968500,2729500,3,29,10,7.2,1004,154,1.0,3,3.3,59,379,108,234,-334,2
3968500,2729500,3,29,11,9.4,1004,36,2.4,3,3.1,46,496,111,243,-353,2
3968500,2729500,3,29,12,11.5,1003,121,2.3,3,3.1,39,566,112,248,-364,2
3968500,2729500,3,29,13,12.9,1002,114,2.5,2,2.9,33,585,113,250,-372,2
3968500,2729500,3,29,14,14.6,1003,119,2.7,2,2.8,28,558,111,252,-379,2
3968500,2729500,3,29,15,15.6,1002,128,2.5,1,2.7,25,489,105,255,-382,2
3968500,2729500,3,29,16,16.3,1001,164,2.9,1,2.4,21,378,97,255,-381,2
3968500,2729500,3,29,17,16.2,1001,101,2.7,2,2.6,22,240,84,258,-375,2
3968500,2729500,3,29,18,14.8,1000,113,3.0,2,3.1,28,105,58,260,-365,2
3968500,2729500,3,29,19,12.2,1000,126,2.9,2,3.4,35,11,13,255,-353,2
3968500,2729500,3,29,20,9.8,999,113,2.9,2,3.6,44,0,0,249,-343,2
3968500,2729500,3,29,21,7.9,1000,126,2.2,1,3.8,53,0,0,243,-338,2
3968500,2729500,3,29,22,7.1,1000,25,1.6,0,3.9,60,0,0,238,-334,2
3968500,2729500,3,29,23,5.1,1000,8,1.3,0,3.9,66,0,0,234,-331,2
3968500,2729500,3,29,24,4.5,1000,157,1.3,2,3.9,72,0,0,232,-329,2
3968500,2729500,3,30,1,3.2,1000,29,1.3,0,3.9,78,0,0,230,-326,2
3968500,2729500,3,30,2,2.2,1000,87,1.1,0,4.0,86,0,0,225,-325,2
3968500,2729500,3,30,3,1.3,1000,100,1.0,1,3.9,90,0,0,224,-323,2
3968500,2729500,3,30,4,1.3,1000,9,1.7,2,3.9,93,0,0,225,-321,2
3968500,2729500,3,30,5,0.1,1000,94,1.3,2,3.9,97,0,0,226,-319,2
3968500,2729500,3,30,6,-0.4,999,109,1.8,1,3.8,100,0,0,222,-318,2
3968500,2729500,3,30,7,0.7,999,111,1.4,1,3.9,100,13,18,221,-316,2
3968500,2729500,3,30,8,1.8,1000,158,1.4,1,4.1,96,116,69,223,-318,2
3968500,2729500,3,30,9,5.1,1000,185,1.2,1,4.3,87,253,98,227,-326,2
3968500,2729500,3,30,10,8.2,1000,135,1.2,2,4.5,73,382,114,236,-340,2
3968500,2729500,3,30,11,12.2,1000,96,1.6,3,4.7,60,477,127,253,-355,2
3968500,2729500,3,30,12,13.5,1000,65,1.2,4,4.6,49,301,253,267,-368,2
3968500,2729500,3,30,13,14.9,1000,42,1.5,6,4.0,39,109,309,281,-378,2
3968500,2729500,3,30,14,15.4,999,351,1.6,7,3.9,36,72,285,295,-386,2
3968500,2729500,3,30,15,15.0,999,350,2.3,5,3.8,35,108,256,295,-389,2
3968500,2729500,3,30,16,14.4,999,342,2.6,6,3.7,35,17,175,291,-386,2
3968500,2729500,3,30,17,13.7,999,330,2.3,7,4.0,39,0,97,298,-379,2
3968500,2729500,3,30,18,12.8,998,325,1.7,7,4.2,44,3,61,301,-372,2
3968500,2729500,3,30,19,11.2,998,347,1.9,7,4.2,48,0,12,298,-364,2
3968500,2729500,3,30,20,10.5,997,337,1.9,7,4.1,50,0,0,297,-356,2
3968500,2729500,3,30,21,8.7,998,157,1.4,8,4.2,56,0,0,298,-351,2
3968500,2729500,3,30,22,7.6,998,79,1.0,8,4.5,65,0,0,300,-349,2
3968500,2729500,3,30,23,7.6,998,31,1.4,8,4.6,70,0,0,300,-348,2
3968500,2729500,3,30,24,6.2,998,109,1.3,8,4.7,75,0,0,300,-348,2
3968500,2729500,3,31,1,6.0,998,170,2.1,8,4.5,77,0,0,299,-348,2
3968500,2729500,3,31,2,5.0,998,136,1.9,8,4.4,77,0,0,299,-347,2
3968500,2729500,3,31,3,4.4,998,116,1.7,7,4.4,81,0,0,294,-346,2
3968500,2729500,3,31,4,4.0,998,161,1.8,7,4.4,84,0,0,289,-345,2
3968500,2729500,3,31,5,3.9,997,151,2.1,7,4.3,84,0,0,289,-345,2
3968500,2729500,3,31,6,3.1,997,134,1.5,7,4.3,87,0,0,289,-346,2
3968500,2729500,3,31,7,3.5,997,144,2.4,8,4.3,88,0,11,294,-347,2
3968500,2729500,3,31,8,4.0,997,155,1.8,7,4.4,87,2,61,295,-349,2
3968500,2729500,3,31,9,5.5,997,166,2.1,7,4.7,86,66,166,293,-351,2
3968500,2729500,3,31,10,8.3,997,154,2.9,6,5.1,80,136,238,295,-357,2
3968500,2729500,3,31,11,10.6,997,169,2.4,6,5.3,71,179,296,299,-366,2
3968500,2729500,3,31,12,13.5,997,160,2.9,5,5.4,60,344,287,304,-371,2
3968500,2729500,3,31,13,15.1,996,167,3.2,4,4.9,48,389,283,302,-373,2
3968500,2729500,3,31,14,15.9,996,191,3.3,4,4.4,39,372,273,301,-370,2
3968500,2729500,3,31,15,16.4,995,173,3.1,2,4.2,36,322,248,295,-369,2
3968500,2729500,3,31,16,16.3,994,177,2.9,2,3.9,34,236,211,289,-372,2
3968500,2729500,3,31,17,15.8,994,174,3.1,3,3.7,32,125,158,291,-371,2
3968500,2729500,3,31,18,14.6,994,176,3.1,3,3.8,34,57,85,292,-368,2
3968500,2729500,3,31,19,10.7,994,215,1.9,5,3.9,42,5,16,291,-361,2
3968500,2729500,3,31,20,9.8,993,240,1.9,5,4.1,52,0,0,291,-355,2
3968500,2729500,3,31,21,9.6,994,23,1.9,4,4.3,57,0,0,287,-350,2
3968500,2729500,3,31,22,9.0,994,63,0.9,3,4.5,60,0,0,280,-344,2
3968500,2729500,3,31,23,6.9,994,42,0.8,3,4.5,66,0,0,274,-338,2
3968500,2729500,3,31,24,6.3,994,73,1.2,4,4.5,72,0,0,275,-332,2
3968500,2729500,4,1,1,4.7,995,123,1.3,3,4.2,78,0,0,265,-331,2
3968500,2729500,4,1,2,3.7,995,137,1.4,3,4.2,80,0,0,265,-330,2
3968500,2729500,4,1,3,3.3,995,200,0.8,3,4.2,84,0,0,262,-328,2
3968500,2729500,4,1,4,1.8,995,130,1.0,3,4.2,90,0,0,259,-327,2
3968500,2729500,4,1,5,2.1,995,128,0.9,2,4.1,93,0,0,253,-325,2
3968500,2729500,4,1,6,1.1,995,84,0.4,2,4.1,93,0,0,246,-323,2
3968500,2729500,4,1,7,2.3,995,145,0.7,2,4.2,96,2,27,245,-322,2
3968500,2729500,4,1,8,4.0,995,155,1.0,2,4.4,90,34,115,248,-325,2
3968500,2729500,4,1,9,6.5,995,166,1.2,1,4.5,80,134,180,248,-336,2
3968500,2729500,4,1,10,10.0,995,123,1.5,1,4.8,70,227,229,253,-351,2
3968500,2729500,4,1,11,13.2,996,158,1.5,2,4.9,57,302,264,267,-367,2
3968500,2729500,4,1,12,15.6,995,159,1.7,2,4.7,46,334,290,280,-380,2
3968500,2729500,4,1,13,15.9,995,144,2.2,2,4.3,38,345,296,284,-391,2
3968500,2729500,4,1,14,16.5,995,180,2.4,2,4.0,34,355,273,286,-399,2
3968500,2729500,4,1,15,17.0,994,169,2.5,1,4.2,35,289,257,286,-403,2
3968500,2729500,4,1,16,17.0,994,177,2.3,1,4.3,35,194,227,284,-400,2
3968500,2729500,4,1,17,16.8,994,215,2.4,2,4.1,34,143,159,286,-393,2
3968500,2729500,4,1,18,15.7,994,171,1.7,2,4.1,35,63,95,285,-384,2
3968500,2729500,4,1,19,13.5,994,78,2.2,5,4.2,40,6,25,286,-373,2
3968500,2729500,4,1,20,11.9,994,297,1.3,4,4.2,45,0,0,285,-361,2
3968500,2729500,4,1,21,10.3,995,13,1.2,1,4.3,52,0,0,270,-351,2
3968500,2729500,4,1,22,9.3,995,325,1.6,1,4.6,60,0,0,259,-343,2
3968500,2729500,4,1,23,7.6,995,89,1.3,1,4.7,67,0,0,256,-336,2
3968500,2729500,4,1,24,6.1,996,85,1.1,0,4.7,75,0,0,249,-333,2
3968500,2729500,4,2,1,5.2,996,116,0.9,1,4.7,81,0,0,246,-332,2
3968500,2729500,4,2,2,5.4,996,86,1.0,1,4.6,82,0,0,248,-333,2
3968500,2729500,4,2,3,3.9,996,45,1.0,2,4.5,84,0,0,249,-333,2
3968500,2729500,4,2,4,3.9,996,54,1.1,2,4.6,89,0,0,250,-333,2
3968500,2729500,4,2,5,2.8,996,51,1.0,1,4.5,92,0,0,245,-329,2
3968500,2729500,4,2,6,2.6,996,48,1.5,1,4.5,96,0,0,241,-323,2
3968500,2729500,4,2,7,2.6,997,46,1.0,1,4.5,96,8,32,240,-319,2
3968500,2729500,4,2,8,6.1,997,36,0.8,0,4.7,89,85,91,241,-322,2
3968500,2729500,4,2,9,8.2,997,338,1.0,1,4.9,77,215,125,248,-336,2
3968500,2729500,4,2,10,12.7,996,326,1.3,1,5.0,62,332,152,261,-356,2
3968500,2729500,4,2,11,15.9,997,159,1.3,1,5.0,48,421,172,273,-374,2
3968500,2729500,4,2,12,17.4,996,115,4.0,1,4.6,38,483,180,280,-390,2
3968500,2729500,4,2,13,17.8,996,83,4.4,1,4.0,32,520,169,283,-402,2
3968500,2729500,4,2,14,18.2,995,96,4.8,1,3.7,28,502,161,284,-409,2
3968500,2729500,4,2,15,18.4,995,74,4.6,1,3.6,27,418,162,285,-410,2
3968500,2729500,4,2,16,17.6,994,80,4.5,1,3.9,30,305,153,285,-407,2
3968500,2729500,4,2,17,17.3,993,79,4.6,1,4.2,33,191,125,285,-399,2
3968500,2729500,4,2,18,16.4,993,96,4.9,1,4.3,35,84,81,282,-387,2
3968500,2729500,4,2,19,15.0,993,91,3.6,2,4.3,38,11,25,281,-373,2
3968500,2729500,4,2,20,13.5,994,97,3.7,2,4.3,42,0,0,279,-361,2
3968500,2729500,4,2,21,12.6,994,109,3.5,1,4.4,46,0,0,272,-355,2
3968500,2729500,4,2,22,11.2,995,94,4.2,1,4.4,50,0,0,265,-350,2
3968500,2729500,4,2,23,11.1,994,107,4.2,1,4.4,53,0,0,263,-348,2
3968500,2729500,4,2,24,10.7,994,94,4.7,0,4.4,54,0,0,260,-346,2
3968500,2729500,4,3,1,10.2,994,88,3.4,0,4.2,53,0,0,255,-344,2
3968500,2729500,4,3,2,9.4,993,118,2.6,1,4.1,54,0,0,256,-342,2
3968500,2729500,4,3,3,7.7,993,100,2.4,1,4.2,59,0,0,255,-340,2
3968500,2729500,4,3,4,6.6,993,50,2.5,1,4.2,66,0,0,253,-338,2
3968500,2729500,4,3,5,6.7,992,63,2.9,1,4.3,69,0,0,251,-335,2
3968500,2729500,4,3,6,5.9,992,93,3.7,1,4.2,70,0,0,250,-334,2
3968500,2729500,4,3,7,8.1,992,81,4.2,1,4.2,66,12,34,251,-335,2
3968500,2729500,4,3,8,9.8,992,43,3.9,0,4.2,58,97,88,252,-337,2
3968500,2729500,4,3,9,11.3,992,74,4.3,0,4.1,51,235,117,251,-344,2
3968500,2729500,4,3,10,13.1,992,76,5.4,0,4.0,44,358,137,254,-355,2
3968500,2729500,4,3,11,14.2,991,81,7.0,0,3.9,39,465,145,258,-368,2
3968500,2729500,4,3,12,14.7,991,80,7.3,0,3.9,37,527,152,262,-382,2
3968500,2729500,4,3,13,15.3,991,68,7.6,0,4.0,37,553,149,266,-392,2
3968500,2729500,4,3,14,16.3,990,79,6.9,0,4.2,37,528,146,270,-398,2
3968500,2729500,4,3,15,16.9,990,75,6.3,0,4.0,33,453,143,274,-400,2
3968500,2729500,4,3,16,16.8,989,75,6.5,0,3.6,30,352,130,273,-398,2
3968500,2729500,4,3,17,16.1,988,81,8.6,0,3.5,30,216,113,272,-392,2
3968500,2729500,4,3,18,15.3,988,68,7.7,0,3.6,32,92,79,270,-383,2
3968500,2729500,4,3,19,13.8,988,86,7.6,1,3.8,36,13,25,271,-372,2
3968500,2729500,4,3,20,12.8,989,87,6.5,1,4.1,42,0,0,271,-362,2
3968500,2729500,4,3,21,11.6,990,96,6.0,1,4.0,44,0,0,268,-354,2
3968500,2729500,4,3,22,10.4,990,91,3.9,1,3.8,46,0,0,264,-349,2
3968500,2729500,4,3,23,9.4,990,97,2.5,1,3.7,47,0,0,260,-346,2
3968500,2729500,4,3,24,8.9,989,87,3.2,0,3.6,49,0,0,254,-343,2
3968500,2729500,4,4,1,7.9,989,59,2.8,1,3.6,51,0,0,251,-341,2
3968500,2729500,4,4,2,6.9,990,70,2.4,0,3.5,54,0,0,247,-340,2
3968500,2729500,4,4,3,6.2,990,70,3.5,1,3.5,57,0,0,244,-339,2
3968500,2729500,4,4,4,5.6,990,17,3.4,0,3.5,59,0,0,242,-339,2
3968500,2729500,4,4,5,4.5,989,3,3.6,2,3.4,60,0,0,243,-341,2
3968500,2729500,4,4,6,2.9,989,47,3.4,2,3.3,65,0,0,248,-343,2
3968500,2729500,4,4,7,4.0,989,7,3.7,3,3.3,66,13,35,253,-344,2
3968500,2729500,4,4,8,5.4,989,27,3.6,3,3.3,60,89,96,262,-347,2
3968500,2729500,4,4,9,7.0,989,42,4.4,3,3.2,53,203,139,267,-351,2
3968500,2729500,4,4,10,9.4,989,83,4.3,5,3.1,45,319,170,284,-354,2
3968500,2729500,4,4,11,12.2,990,46,5.1,5,3.2,39,407,193,302,-358,2
3968500,2729500,4,4,12,13.1,989,75,5.4,5,3.3,35,456,210,306,-366,2
3968500,2729500,4,4,13,14.2,989,75,5.0,5,3.1,32,459,222,307,-376,2
3968500,2729500,4,4,14,15.1,988,90,5.6,6,3.0,28,323,275,311,-386,2
3968500,2729500,4,4,15,15.2,987,73,4.7,6,2.9,26,179,287,312,-392,2
3968500,2729500,4,4,16,14.4,987,55,5.1,5,2.9,27,140,236,303,-392,2
3968500,2729500,4,4,17,13.9,986,63,5.1,7,2.9,29,62,173,302,-388,2
3968500,2729500,4,4,18,12.9,986,43,5.4,6,3.0,31,37,93,302,-379,2
3968500,2729500,4,4,19,10.6,986,50,6.1,7,2.9,33,10,26,297,-367,2
3968500,2729500,4,4,20,9.1,987,43,4.7,6,2.7,35,0,0,291,-356,2
3968500,2729500,4,4,21,8.2,987,56,4.4,3,2.7,38,0,0,273,-348,2
3968500,2729500,4,4,22,7.3,987,23,3.1,1,2.8,41,0,0,253,-344,2
3968500,2729500,4,4,23,6.4,987,50,2.8,1,2.7,43,0,0,243,-340,2
3968500,2729500,4,4,24,5.4,987,66,3.1,2,2.6,44,0,0,243,-337,2
3968500,2729500,4,5,1,5.0,987,0,2.6,1,2.5,45,0,0,240,-335,2
3968500,2729500,4,5,2,4.1,987,71,2.5,1,2.5,46,0,0,234,-332,2
3968500,2729500,4,5,3,3.4,987,350,2.6,1,2.5,50,0,0,231,-331,2
3968500,2729500,4,5,4,2.3,987,338,3.6,1,2.6,54,0,0,228,-332,2
3968500,2729500,4,5,5,1.7,987,328,3.8,1,2.6,57,0,0,224,-333,2
3968500,2729500,4,5,6,1.5,987,61,4.0,1,2.6,58,0,0,222,-332,2
3968500,2729500,4,5,7,2.7,988,11,3.8,0,2.6,57,21,38,217,-331,2
3968500,2729500,4,5,8,5.1,988,20,3.6,1,2.6,52,97,92,220,-331,2
3968500,2729500,4,5,9,6.6,988,47,4.6,1,2.5,43,237,121,228,-333,2
3968500,2729500,4,5,10,8.5,988,89,6.4,1,2.4,36,383,134,231,-336,2
3968500,2729500,4,5,11,9.6,988,71,7.3,0,2.4,32,489,144,231,-341,2
3968500,2729500,4,5,12,11.1,989,91,7.2,0,2.5,32,547,151,233,-346,2
3968500,2729500,4,5,13,11.0,989,86,7.7,0,2.7,32,562,155,239,-352,2
3968500,2729500,4,5,14,11.4,989,51,8.0,0,2.8,33,532,155,242,-361,2
3968500,2729500,4,5,15,11.3,989,45,7.0,1,2.8,33,463,147,249,-371,2
3968500,2729500,4,5,16,10.2,989,67,7.5,1,2.8,34,362,132,250,-373,2
3968500,2729500,4,5,17,9.1,989,53,8.4,1,2.8,37,231,112,248,-369,2
3968500,2729500,4,5,18,7.9,989,50,8.1,1,2.8,40,103,79,244,-361,2
3968500,2729500,4,5,19,6.3,989,45,6.4,1,2.7,43,15,26,239,-351,2
3968500,2729500,4,5,20,5.3,990,49,4.9,1,2.7,46,0,0,234,-342,2
3968500,2729500,4,5,21,4.5,991,35,3.9,0,2.6,48,0,0,228,-334,2
3968500,2729500,4,5,22,3.7,992,52,3.2,1,2.6,51,0,0,225,-328,2
3968500,2729500,4,5,23,3.0,992,32,3.7,1,2.6,53,0,0,225,-322,2
3968500,2729500,4,5,24,2.3,993,46,3.5,2,2.7,57,0,0,225,-318,2
3968500,2729500,4,6,1,1.3,993,34,2.8,1,2.8,63,0,0,222,-315,2
3968500,2729500,4,6,2,0.8,994,31,3.2,1,2.8,67,0,0,217,-314,2
3968500,2729500,4,6,3,-0.5,994,37,3.0,2,2.7,70,0,0,217,-311,2
3968500,2729500,4,6,4,-1.6,993,31,2.8,2,2.7,74,0,0,218,-308,2
3968500,2729500,4,6,5,-1.4,994,11,2.4,1,2.7,77,0,0,214,-307,2
3968500,2729500,4,6,6,-2.4,994,24,2.1,1,2.6,78,0,0,209,-307,2
3968500,2729500,4,6,7,-1.3,995,40,3.2,1,2.6,77,26,38,208,-306,2
3968500,2729500,4,6,8,-0.2,995,32,3.9,0,2.6,71,135,83,205,-308,2
3968500,2729500,4,6,9,1.4,997,26,4.9,0,2.5,63,272,108,203,-313,2
3968500,2729500,4,6,10,1.8,997,41,5.8,2,2.5,57,371,133,213,-320,2
3968500,2729500,4,6,11,3.7,997,64,5.6,3,2.5,53,369,207,230,-333,2
3968500,2729500,4,6,12,4.2,997,46,5.2,2,2.5,50,502,170,235,-347,2
3968500,2729500,4,6,13,5.9,997,59,4.4,2,2.6,48,579,142,234,-357,2
3968500,2729500,4,6,14,6.2,997,23,4.3,2,2.7,45,540,145,238,-363,2
3968500,2729500,4,6,15,7.1,996,43,4.7,1,2.7,43,488,131,235,-366,2
3968500,2729500,4,6,16,7.6,996,34,5.0,1,2.8,44,389,117,234,-364,2
3968500,2729500,4,6,17,6.8,996,30,5.4,2,2.9,45,246,104,238,-358,2
3968500,2729500,4,6,18,6.1,996,33,5.3,1,2.9,48,115,75,236,-349,2
3968500,2729500,4,6,19,5.0,996,25,4.2,1,3.0,52,19,25,229,-338,2
3968500,2729500,4,6,20,3.6,997,119,3.1,1,3.0,58,0,0,226,-328,2
3968500,2729500,4,6,21,2.3,998,168,2.3,0,3.0,63,0,0,216,-320,2
3968500,2729500,4,6,22,1.0,998,194,1.9,0,3.0,69,0,0,208,-316,2
3968500,2729500,4,6,23,0.7,998,206,1.8,1,3.1,73,0,0,204,-314,2
3968500,2729500,4,6,24,0.9,998,175,2.0,2,3.2,76,0,0,201,-312,2
3968500,2729500,4,7,1,1.5,991,166,2.3,3,3.4,77,0,0,285,-327,2
3968500,2729500,4,7,2,2.1,991,162,2.5,4,3.6,78,0,0,271,-326,2
3968500,2729500,4,7,3,2.6,991,161,2.7,4,3.7,79,0,0,267,-325,2
3968500,2729500,4,7,4,2.2,991,162,2.8,4,3.7,80,0,0,255,-324,2
3968500,2729500,4,7,5,2.3,991,165,2.9,4,3.7,80,0,0,255,-324,2
3968500,2729500,4,7,6,1.7,991,170,3.0,5,3.6,82,0,2,267,-324,2
3968500,2729500,4,7,7,1.8,991,159,3.2,5,3.6,82,18,38,270,-324,2
3968500,2729500,4,7,8,4.6,991,164,3.2,4,3.7,76,98,101,269,-326,2
3968500,2729500,4,7,9,5.9,991,170,3.7,3,3.8,68,215,149,265,-332,2
3968500,2729500,4,7,10,8.8,991,186,4.5,2,3.7,57,345,175,259,-339,2
3968500,2729500,4,7,11,10.3,991,180,4.7,2,3.4,44,448,191,259,-345,2
3968500,2729500,4,7,12,11.2,992,194,5.3,2,2.8,34,481,218,262,-355,2
3968500,2729500,4,7,13,12.7,992,239,4.6,2,2.6,30,514,215,266,-364,2
3968500,2729500,4,7,14,13.5,991,222,4.8,1,2.8,29,507,199,266,-370,2
3968500,2729500,4,7,15,12.2,991,208,3.5,2,2.7,28,313,245,262,-375,2
3968500,2729500,4,7,16,12.3,991,198,3.5,3,2.7,29,210,218,264,-370,2
3968500,2729500,4,7,17,11.5,990,300,3.4,5,2.9,33,52,166,273,-365,2
3968500,2729500,4,7,18,11.2,990,270,2.8,5,3.2,37,26,94,278,-362,2
3968500,2729500,4,7,19,9.2,990,287,1.7,4,3.5,44,2,23,272,-353,2
3968500,2729500,4,7,20,7.4,989,241,1.6,5,3.7,53,0,0,267,-345,2
3968500,2729500,4,7,21,6.8,990,31,2.1,6,3.7,58,0,0,272,-341,2
3968500,2729500,4,7,22,5.7,990,91,1.3,5,3.9,64,0,0,271,-338,2
3968500,2729500,4,7,23,5.0,990,109,1.4,6,4.0,70,0,0,270,-335,2
3968500,2729500,4,7,24,4.3,989,172,1.8,5,4.1,76,0,0,270,-334,2
3968500,2729500,4,8,1,4.1,989,161,2.6,6,4.1,77,0,0,270,-335,2
3968500,2729500,4,8,2,3.3,988,163,2.2,5,4.0,78,0,0,272,-336,2
3968500,2729500,4,8,3,3.0,988,193,2.2,5,3.8,79,0,0,269,-335,2
3968500,2729500,4,8,4,3.3,988,172,2.4,6,3.8,78,0,0,274,-336,2
3968500,2729500,4,8,5,2.7,988,244,2.7,6,3.8,78,0,0,278,-338,2
3968500,2729500,4,8,6,2.8,987,176,2.4,5,3.7,77,0,5,275,-338,2
3968500,2729500,4,8,7,3.6,987,181,3.4,4,3.7,76,26,36,268,-336,2
3968500,2729500,4,8,8,5.2,987,177,4.2,4,3.7,69,114,85,266,-334,2
3968500,2729500,4,8,9,8.5,987,165,3.8,2,3.8,60,251,112,263,-336,2
3968500,2729500,4,8,10,9.4,987,175,5.3,2,3.9,53,401,117,260,-341,2
3968500,2729500,4,8,11,11.6,987,187,6.7,1,3.7,46,451,157,259,-344,2
3968500,2729500,4,8,12,12.3,986,219,8.2,2,3.7,41,444,203,264,-349,2
3968500,2729500,4,8,13,12.9,986,227,8.3,3,3.6,38,314,277,274,-358,2
3968500,2729500,4,8,14,13.1,985,221,6.1,4,3.5,37,232,287,284,-360,2
3968500,2729500,4,8,15,12.7,985,193,7.0,3,3.5,37,214,252,282,-359,2
3968500,2729500,4,8,16,12.5,984,199,6.0,4,3.4,37,139,216,278,-357,2
3968500,2729500,4,8,17,12.7,984,209,4.7,6,3.5,37,10,137,288,-353,2
3968500,2729500,4,8,18,12.1,984,204,4.4,5,3.5,38,26,90,290,-348,2
3968500,2729500,4,8,19,9.7,985,232,3.5,5,3.5,42,8,25,281,-343,2
3968500,2729500,4,8,20,7.2,985,295,3.8,5,4.1,58,0,0,276,-337,2
3968500,2729500,4,8,21,5.7,985,319,2.0,4,4.7,77,0,0,267,-333,2
3968500,2729500,4,8,22,4.7,985,43,1.1,5,4.8,85,0,0,265,-331,2
3968500,2729500,4,8,23,4.4,985,177,1.1,6,4.9,90,0,0,273,-329,2
3968500,2729500,4,8,24,4.8,986,270,1.2,8,5.0,91,0,0,290,-325,2
3968500,2729500,4,9,1,4.8,986,153,0.9,5,5.0,92,0,0,287,-320,2
3968500,2729500,4,9,2,4.3,986,158,1.2,4,5.1,94,0,0,267,-317,2
3968500,2729500,4,9,3,3.8,986,166,1.5,6,5.0,96,0,0,271,-316,2
3968500,2729500,4,9,4,3.1,986,209,2.4,7,4.9,98,0,0,284,-316,2
3968500,2729500,4,9,5,3.0,986,180,3.2,5,4.7,97,0,0,279,-316,2
3968500,2729500,4,9,6,2.4,986,179,3.2,5,4.6,96,0,5,268,-316,2
3968500,2729500,4,9,7,4.2,986,179,3.8,4,4.5,92,45,40,264,-316,2
3968500,2729500,4,9,8,5.8,986,172,3.7,3,4.4,79,173,75,257,-318,2
3968500,2729500,4,9,9,6.6,987,197,4.4,5,4.3,70,158,163,263,-325,2
3968500,2729500,4,9,10,6.8,987,232,3.9,7,4.2,67,28,231,283,-335,2
3968500,2729500,4,9,11,8.2,987,248,4.8,7,4.1,62,57,281,295,-344,2
3968500,2729500,4,9,12,9.6,988,245,4.5,5,3.7,51,312,274,288,-352,2
3968500,2729500,4,9,13,10.0,989,256,4.7,5,3.2,42,399,247,282,-361,2
3968500,2729500,4,9,14,10.7,989,238,4.6,6,3.0,38,323,262,285,-367,2
3968500,2729500,4,9,15,10.5,989,258,3.8,6,2.9,36,238,251,287,-369,2
3968500,2729500,4,9,16,10.1,988,241,4.6,6,2.8,35,93,223,284,-367,2
3968500,2729500,4,9,17,10.0,989,254,4.6,7,2.6,33,43,158,283,-361,2
3968500,2729500,4,9,18,9.1,989,305,4.2,7,2.6,35,47,92,284,-354,2
3968500,2729500,4,9,19,7.6,988,304,2.4,6,2.8,40,7,25,277,-347,2
3968500,2729500,4,9,20,6.2,989,311,2.4,6,2.9,46,0,0,270,-337,2
3968500,2729500,4,9,21,5.4,989,183,1.0,7,3.0,51,0,0,270,-331,2
3968500,2729500,4,9,22,4.8,990,130,1.1,7,3.2,57,0,0,269,-326,2
3968500,2729500,4,9,23,4.0,990,23,1.4,7,3.4,64,0,0,267,-320,2
3968500,2729500,4,9,24,2.8,990,39,1.5,6,3.5,71,0,0,262,-316,2
3968500,2729500,4,10,1,2.3,990,340,1.2,8,3.5,75,0,0,263,-316,2
3968500,2729500,4,10,2,2.1,990,351,1.5,7,3.6,78,0,0,265,-316,2
3968500,2729500,4,10,3,2.0,990,1,1.6,7,3.6,80,0,0,264,-316,2
3968500,2729500,4,10,4,1.6,990,350,2.1,6,3.6,81,0,0,261,-316,2
3968500,2729500,4,10,5,1.5,990,11,1.4,6,3.6,84,0,0,260,-316,2
3968500,2729500,4,10,6,2.1,990,336,2.1,7,3.7,84,0,1,265,-316,2
3968500,2729500,4,10,7,2.7,990,341,2.3,7,3.8,81,0,26,271,-315,2
3968500,2729500,4,10,8,3.7,991,334,3.0,7,3.9,80,0,77,274,-316,2
3968500,2729500,4,10,9,4.6,991,331,4.0,7,4.0,77,3,148,276,-324,2
3968500,2729500,4,10,10,5.4,991,330,4.0,7,4.1,74,12,226,278,-337,2
3968500,2729500,4,10,11,5.9,991,334,4.8,7,4.1,70,21,274,281,-348,2
3968500,2729500,4,10,12,6.5,992,321,5.0,7,4.0,67,18,288,284,-357,2
3968500,2729500,4,10,13,6.6,992,327,4.6,7,3.9,64,29,305,287,-365,2
3968500,2729500,4,10,14,7.4,992,339,4.5,6,3.7,59,64,323,285,-369,2
3968500,2729500,4,10,15,7.5,992,326,5.6,6,3.7,56,92,300,282,-371,2
3968500,2729500,4,10,16,7.8,992,327,5.6,7,3.6,54,64,240,285,-368,2
3968500,2729500,4,10,17,7.0,992,320,7.0,7,3.5,54,23,161,285,-363,2
3968500,2729500,4,10,18,7.0,992,330,4.5,6,3.5,55,7,87,280,-355,2
3968500,2729500,4,10,19,6.5,992,346,4.4,4,3.5,55,4,26,269,-345,2
3968500,2729500,4,10,20,5.1,993,347,3.1,3,3.4,59,0,0,257,-335,2
3968500,2729500,4,10,21,5.4,993,326,3.5,3,3.6,64,0,0,251,-329,2
3968500,2729500,4,10,22,4.3,994,350,3.7,3,3.7,67,0,0,249,-325,2
3968500,2729500,4,10,23,3.2,995,354,2.8,3,3.6,70,0,0,243,-320,2
3968500,2729500,4,10,24,2.5,995,327,2.4,3,3.5,74,0,0,240,-316,2
3968500,2729500,4,11,1,1.6,996,329,2.1,3,3.4,77,0,0,236,-315,2
3968500,2729500,4,11,2,1.2,996,314,2.6,3,3.5,82,0,0,233,-314,2
3968500,2729500,4,11,3,0.7,996,316,2.4,4,3.6,86,0,0,234,-311,2
3968500,2729500,4,11,4,1.0,996,340,2.8,4,3.6,87,0,0,236,-309,2
3968500,2729500,4,11,5,0.6,996,347,2.8,6,3.6,88,0,0,241,-309,2
3968500,2729500,4,11,6,0.6,996,348,1.8,7,3.6,89,0,2,250,-309,2
3968500,2729500,4,11,7,1.2,996,339,1.4,7,3.6,88,1,37,256,-310,2
3968500,2729500,4,11,8,1.9,997,290,1.9,6,3.7,85,14,121,256,-313,2
3968500,2729500,4,11,9,3.6,997,335,2.0,6,3.5,74,36,205,257,-318,2
3968500,2729500,4,11,10,3.7,997,355,2.0,7,3.4,67,17,240,264,-329,2
3968500,2729500,4,11,11,4.1,997,255,2.3,7,3.3,64,1,214,272,-341,2
3968500,2729500,4,11,12,5.2,996,199,2.0,8,3.1,58,3,242,281,-350,2
3968500,2729500,4,11,13,6.3,996,274,2.2,6,3.0,52,56,347,284,-360,2
3968500,2729500,4,11,14,7.0,995,253,2.3,7,2.9,48,67,342,285,-368,2
3968500,2729500,4,11,15,7.6,994,224,2.4,5,2.9,46,87,316,284,-372,2
3968500,2729500,4,11,16,7.9,994,127,2.7,4,3.1,47,116,269,275,-365,2
3968500,2729500,4,11,17,8.0,993,176,3.1,6,3.0,44,61,190,281,-355,2
3968500,2729500,4,11,18,7.5,993,207,1.7,7,2.9,43,12,97,294,-353,2
3968500,2729500,4,11,19,6.7,992,259,1.6,7,3.0,46,0,12,297,-348,2
3968500,2729500,4,11,20,5.7,992,250,2.1,7,3.0,50,0,0,295,-343,2
3968500,2729500,4,11,21,4.5,992,189,1.4,8,3.0,55,0,0,295,-338,2
3968500,2729500,4,11,22,4.2,992,173,1.6,8,3.1,59,0,0,298,-336,2
3968500,2729500,4,11,23,4.2,991,186,1.7,8,3.2,62,0,0,298,-335,2
3968500,2729500,4,11,24,4.8,991,196,1.9,8,3.3,61,0,0,300,-334,2
3968500,2729500,4,12,1,4.6,990,127,2.4,7,3.4,62,0,0,300,-333,2
3968500,2729500,4,12,2,4.6,989,189,3.1,6,3.5,66,0,0,294,-333,2
3968500,2729500,4,12,3,3.9,989,190,3.6,8,3.7,71,0,0,299,-333,2
3968500,2729500,4,12,4,2.8,988,185,4.0,8,4.1,82,0,0,307,-333,2
3968500,2729500,4,12,5,2.5,987,175,4.4,8,4.3,92,0,0,308,-332,2
3968500,2729500,4,12,6,2.4,987,173,4.6,8,4.4,95,0,2,309,-331,2
3968500,2729500,4,12,7,2.3,987,174,4.6,8,4.5,96,0,32,308,-332,2
3968500,2729500,4,12,8,2.8,986,175,4.3,8,4.5,96,0,66,310,-332,2
3968500,2729500,4,12,9,2.7,986,181,3.3,8,4.5,96,0,60,311,-334,2
3968500,2729500,4,12,10,3.1,986,186,4.2,8,4.6,95,0,103,311,-338,2
3968500,2729500,4,12,11,4.6,987,186,3.2,7,4.8,93,0,124,310,-345,2
3968500,2729500,4,12,12,5.0,987,200,3.8,7,5.0,91,0,101,309,-349,2
3968500,2729500,4,12,13,6.0,987,193,3.7,7,5.1,89,0,103,313,-356,2
3968500,2729500,4,12,14,6.8,987,197,3.2,8,5.3,86,0,103,317,-362,2
3968500,2729500,4,12,15,7.1,987,278,2.8,7,5.5,86,0,110,315,-364,2
3968500,2729500,4,12,16,8.8,987,212,3.2,5,5.7,83,111,172,305,-364,2
3968500,2729500,4,12,17,7.9,987,270,2.9,7,5.6,80,10,127,304,-360,2
3968500,2729500,4,12,18,6.9,987,264,3.4,6,5.4,82,89,59,301,-355,2
3968500,2729500,4,12,19,6.6,987,256,3.5,7,5.3,84,12,24,297,-350,2
3968500,2729500,4,12,20,6.3,988,288,3.1,7,5.1,83,0,0,297,-343,2
3968500,2729500,4,12,21,6.1,989,296,1.2,6,5.0,82,0,0,292,-338,2
3968500,2729500,4,12,22,6.1,989,272,1.8,7,5.0,84,0,0,292,-335,2
3968500,2729500,4,12,23,5.4,990,149,1.6,7,5.1,87,0,0,295,-334,2
3968500,2729500,4,12,24,3.9,990,176,1.5,8,5.0,92,0,0,298,-333,2
3968500,2729500,4,13,1,3.2,990,152,1.5,7,4.8,96,0,0,297,-329,2
3968500,2729500,4,13,2,2.4,990,146,1.5,6,4.7,98,0,0,288,-327,2
3968500,2729500,4,13,3,1.6,990,158,1.9,5,4.4,99,0,0,278,-328,2
3968500,2729500,4,13,4,2.0,989,154,2.1,5,4.4,99,0,0,275,-330,2
3968500,2729500,4,13,5,2.5,989,161,2.9,7,4.5,99,0,0,289,-331,2
3968500,2729500,4,13,6,3.1,988,170,3.3,7,4.6,97,0,0,303,-332,2
3968500,2729500,4,13,7,3.6,988,167,3.6,8,4.7,95,0,33,312,-333,2
3968500,2729500,4,13,8,4.6,988,189,4.3,8,4.8,91,0,58,320,-335,2
3968500,2729500,4,13,9,4.9,987,177,4.9,8,4.9,89,0,54,323,-337,2
3968500,2729500,4,13,10,6.0,987,177,5.6,8,5.1,88,0,100,325,-340,2
3968500,2729500,4,13,11,7.2,986,180,5.3,7,5.2,83,0,131,326,-344,2
3968500,2729500,4,13,12,7.4,986,216,5.6,7,5.3,80,0,160,324,-347,2
3968500,2729500,4,13,13,7.4,985,216,5.4,7,5.4,82,0,164,324,-349,2
3968500,2729500,4,13,14,8.3,985,217,4.4,7,5.6,82,0,124,326,-351,2
3968500,2729500,4,13,15,8.2,986,182,5.1,7,5.8,82,0,101,329,-353,2
3968500,2729500,4,13,16,8.7,986,205,2.5,6,6.0,84,0,123,326,-355,2
3968500,2729500,4,13,17,8.1,985,202,3.9,8,6.1,87,0,78,331,-355,2
3968500,2729500,4,13,18,7.6,985,238,6.1,8,6.2,91,0,51,339,-355,2
3968500,2729500,4,13,19,7.7,984,210,5.1,8,6.2,92,0,7,338,-356,2
3968500,2729500,4,13,20,8.0,984,192,6.5,8,6.2,91,0,0,339,-354,2
3968500,2729500,4,13,21,8.0,984,183,6.4,8,6.3,91,0,0,338,-350,2
3968500,2729500,4,13,22,8.2,983,197,5.4,8,6.4,92,0,0,338,-346,2
3968500,2729500,4,13,23,8.1,983,280,4.4,8,6.4,92,0,0,338,-343,2
3968500,2729500,4,13,24,7.1,984,242,4.3,7,6.2,93,0,0,330,-341,2
3968500,2729500,4,14,1,7.3,984,248,4.1,7,6.1,94,0,0,323,-339,2
3968500,2729500,4,14,2,7.3,984,253,4.0,7,6.1,93,0,0,322,-338,2
3968500,2729500,4,14,3,6.9,984,251,3.0,7,5.9,91,0,0,321,-336,2
3968500,2729500,4,14,4,6.0,984,262,2.4,7,5.6,90,0,0,318,-334,2
3968500,2729500,4,14,5,5.3,984,236,2.4,8,5.4,93,0,0,322,-332,2
3968500,2729500,4,14,6,4.7,984,215,2.1,8,5.3,95,0,1,326,-331,2
3968500,2729500,4,14,7,5.4,985,207,2.0,8,5.3,95,0,20,325,-331,2
3968500,2729500,4,14,8,6.2,985,200,2.1,7,5.5,93,0,48,320,-334,2
3968500,2729500,4,14,9,7.3,986,237,3.2,7,5.5,88,0,82,315,-342,2
3968500,2729500,4,14,10,8.9,986,247,1.9,7,5.6,82,2,182,318,-351,2
3968500,2729500,4,14,11,10.0,988,251,4.2,7,5.5,72,5,227,320,-357,2
3968500,2729500,4,14,12,11.4,988,253,4.5,7,5.0,61,0,195,323,-363,2
3968500,2729500,4,14,13,10.9,988,273,5.0,8,4.8,57,5,235,328,-366,2
3968500,2729500,4,14,14,10.0,988,275,4.3,8,4.8,60,0,109,329,-369,2
3968500,2729500,4,14,15,8.6,988,261,6.1,8,5.2,70,0,86,326,-372,2
3968500,2729500,4,14,16,10.4,988,263,5.6,8,5.5,72,0,78,326,-370,2
3968500,2729500,4,14,17,10.8,988,268,5.7,6,5.2,63,13,142,319,-367,2
3968500,2729500,4,14,18,10.3,988,262,5.7,7,4.9,60,5,84,313,-361,2
3968500,2729500,4,14,19,9.0,989,291,3.0,4,4.8,63,7,31,299,-353,2
3968500,2729500,4,14,20,8.5,989,298,2.7,4,4.7,66,0,0,281,-345,2
3968500,2729500,4,14,21,6.3,990,280,1.9,4,4.5,69,0,0,276,-338,2
3968500,2729500,4,14,22,5.6,991,135,0.7,3,4.4,75,0,0,267,-332,2
3968500,2729500,4,14,23,4.1,991,108,1.1,2,4.4,80,0,0,253,-326,2
3968500,2729500,4,14,24,3.5,992,67,0.6,5,4.2,83,0,0,258,-320,2
3968500,2729500,4,15,1,2.8,993,112,0.7,4,4.2,86,0,0,262,-317,2
3968500,2729500,4,15,2,1.8,993,166,1.6,0,4.1,91,0,0,234,-316,2
3968500,2729500,4,15,3,1.4,993,169,0.7,0,4.1,94,0,0,211,-315,2
3968500,2729500,4,15,4,0.3,993,85,1.0,2,4.0,96,0,0,214,-314,2
3968500,2729500,4,15,5,-0.8,993,142,1.2,4,3.7,99,0,0,229,-314,2
3968500,2729500,4,15,6,-0.4,993,40,1.0,3,3.7,100,0,9,232,-314,2
3968500,2729500,4,15,7,1.1,994,118,0.2,4,3.9,98,34,56,235,-314,2
3968500,2729500,4,15,8,2.2,994,36,0.2,5,4.2,96,102,122,249,-317,2
3968500,2729500,4,15,9,3.5,993,122,0.5,5,4.6,96,159,188,259,-330,2
3968500,2729500,4,15,10,8.1,993,189,0.8,4,4.9,84,310,206,267,-348,2
3968500,2729500,4,15,11,9.4,992,101,0.6,6,5.1,71,205,302,282,-360,2
3968500,2729500,4,15,12,10.6,992,121,1.5,7,5.0,64,130,340,300,-371,2
3968500,2729500,4,15,13,12.3,991,140,2.8,6,5.1,59,311,310,307,-381,2
3968500,2729500,4,15,14,13.4,990,102,3.4,6,5.3,56,207,321,313,-389,2
3968500,2729500,4,15,15,13.6,989,130,3.7,5,5.4,55,131,287,316,-392,2
3968500,2729500,4,15,16,13.7,988,136,4.1,6,5.7,57,8,175,319,-392,2
3968500,2729500,4,15,17,12.6,987,141,3.9,7,5.7,60,0,91,325,-388,2
3968500,2729500,4,15,18,11.8,987,142,3.9,8,5.8,64,0,30,330,-382,2
3968500,2729500,4,15,19,11.1,987,130,2.5,8,5.9,69,0,9,334,-376,2
3968500,2729500,4,15,20,11.0,987,43,1.8,8,6.0,71,0,0,336,-370,2
3968500,2729500,4,15,21,11.0,986,49,1.4,8,6.1,73,0,0,339,-366,2
3968500,2729500,4,15,22,11.0,986,161,2.9,7,6.4,76,0,0,337,-364,2
3968500,2729500,4,15,23,11.1,985,150,3.6,7,6.8,81,0,0,335,-362,2
3968500,2729500,4,15,24,10.3,985,308,3.1,8,7.3,88,0,0,342,-361,2
3968500,2729500,4,16,1,10.6,984,171,3.8,8,7.6,94,0,0,348,-361,2
3968500,2729500,4,16,2,10.7,984,175,3.7,8,7.7,94,0,0,350,-361,2
3968500,2729500,4,16,3,10.7,983,141,4.0,8,7.7,93,0,0,351,-362,2
3968500,2729500,4,16,4,10.9,982,177,2.7,8,7.7,93,0,0,350,-363,2
3968500,2729500,4,16,5,10.9,982,164,3.2,8,7.6,91,0,0,350,-364,2
3968500,2729500,4,16,6,10.5,981,166,3.9,8,7.5,90,0,1,349,-367,2
3968500,2729500,4,16,7,10.4,981,172,4.3,8,7.5,91,3,45,347,-369,2
3968500,2729500,4,16,8,10.4,981,163,4.2,8,7.3,90,0,36,346,-370,2
3968500,2729500,4,16,9,10.3,981,174,4.5,8,7.3,90,0,71,346,-371,2
3968500,2729500,4,16,10,10.5,981,186,3.9,8,7.4,91,0,97,346,-371,2
3968500,2729500,4,16,11,10.6,981,199,4.4,8,7.5,91,0,78,347,-371,2
3968500,2729500,4,16,12,10.9,982,189,4.5,8,7.6,91,0,87,348,-367,2
3968500,2729500,4,16,13,11.1,982,236,4.6,8,7.6,90,0,69,348,-369,2
3968500,2729500,4,16,14,11.3,982,252,4.7,8,7.6,89,0,74,349,-376,2
3968500,2729500,4,16,15,11.3,983,269,5.0,8,7.5,87,0,84,348,-377,2
3968500,2729500,4,16,16,10.7,984,279,6.0,7,7.3,86,0,71,341,-377,2
3968500,2729500,4,16,17,10.5,985,276,6.8,8,7.1,86,0,58,338,-380,2
3968500,2729500,4,16,18,10.8,986,267,5.2,8,6.9,84,0,45,341,-377,2
3968500,2729500,4,16,19,10.7,987,250,2.9,8,6.7,81,0,22,341,-372,2
3968500,2729500,4,16,20,10.3,988,164,2.7,8,6.6,81,0,0,339,-366,2
3968500,2729500,4,16,21,9.1,988,208,2.4,6,6.4,84,0,0,326,-359,2
3968500,2729500,4,16,22,8.5,989,135,1.9,6,6.2,86,0,0,314,-353,2
3968500,2729500,4,16,23,8.8,989,228,1.2,5,6.2,87,0,0,309,-348,2
3968500,2729500,4,16,24,8.2,989,250,2.1,8,6.4,90,0,0,319,-341,2
3968500,2729500,4,17,1,8.3,989,166,1.7,8,6.4,92,0,0,333,-336,2
3968500,2729500,4,17,2,7.8,989,130,1.1,8,6.2,90,0,0,332,-334,2
3968500,2729500,4,17,3,8.6,989,138,1.6,8,6.2,90,0,0,333,-333,2
3968500,2729500,4,17,4,8.0,989,118,1.6,8,6.2,89,0,0,334,-335,2
3968500,2729500,4,17,5,8.2,988,122,2.0,8,6.2,90,0,0,333,-338,2
3968500,2729500,4,17,6,8.2,988,116,1.4,8,6.3,90,0,2,333,-339,2
3968500,2729500,4,17,7,8.5,988,135,2.3,8,6.5,92,0,25,334,-341,2
3968500,2729500,4,17,8,9.7,989,174,2.5,8,6.8,92,5,89,335,-348,2
3968500,2729500,4,17,9,10.8,989,158,3.2,7,7.2,90,166,103,335,-357,2
3968500,2729500,4,17,10,11.4,988,169,3.6,7,7.1,84,43,198,331,-364,2
3968500,2729500,4,17,11,11.2,988,183,3.5,7,6.6,77,10,205,329,-370,2
3968500,2729500,4,17,12,11.6,988,202,3.3,8,6.4,75,0,101,334,-377,2
3968500,2729500,4,17,13,10.7,988,248,3.4,8,6.6,78,0,113,339,-385,2
3968500,2729500,4,17,14,12.4,988,224,2.8,8,6.9,79,40,220,340,-389,2
3968500,2729500,4,17,15,11.5,988,273,3.1,8,6.7,75,0,158,339,-391,2
3968500,2729500,4,17,16,10.8,988,281,3.6,7,6.7,79,0,117,331,-393,2
3968500,2729500,4,17,17,11.5,988,268,4.5,7,6.3,74,38,126,324,-392,2
3968500,2729500,4,17,18,10.9,988,228,2.7,8,5.7,67,62,67,325,-385,2
3968500,2729500,4,17,19,10.2,988,246,3.0,7,5.6,69,0,19,323,-376,2
3968500,2729500,4,17,20,9.0,988,246,2.5,8,5.7,74,0,0,320,-369,2
3968500,2729500,4,17,21,8.0,988,195,1.5,7,5.7,80,0,0,318,-363,2
3968500,2729500,4,17,22,7.0,988,3,1.5,4,5.5,83,0,0,298,-356,2
3968500,2729500,4,17,23,5.2,989,254,1.8,4,5.2,87,0,0,278,-351,2
3968500,2729500,4,17,24,4.3,989,173,1.6,3,5.0,91,0,0,268,-349,2
3968500,2729500,4,18,1,4.2,989,184,2.0,0,4.9,93,0,0,245,-344,2
3968500,2729500,4,18,2,3.5,990,183,2.1,2,4.9,95,0,0,236,-338,2
3968500,2729500,4,18,3,3.9,990,159,2.8,2,4.8,95,0,0,244,-336,2
3968500,2729500,4,18,4,3.5,990,140,2.4,2,4.9,97,0,0,244,-334,2
3968500,2729500,4,18,5,3.4,990,167,2.0,5,4.9,98,0,0,261,-331,2
3968500,2729500,4,18,6,3.5,990,151,2.1,6,4.8,96,1,14,282,-328,2
3968500,2729500,4,18,7,4.9,990,141,2.4,4,4.9,94,47,75,279,-327,2
3968500,2729500,4,18,8,7.1,990,155,3.5,3,5.2,88,164,137,266,-334,2
3968500,2729500,4,18,9,9.3,990,158,3.9,3,5.6,80,291,184,267,-347,2
3968500,2729500,4,18,10,11.4,991,169,4.2,3,5.9,74,407,213,275,-360,2
3968500,2729500,4,18,11,13.0,991,203,4.7,4,5.5,61,408,277,286,-370,2
3968500,2729500,4,18,12,14.0,991,191,3.7,4,5.2,53,322,354,297,-370,2
3968500,2729500,4,18,13,13.2,990,228,4.1,6,5.2,52,46,330,311,-370,2
3968500,2729500,4,18,14,12.5,990,241,3.0,8,5.1,54,0,90,326,-374,2
3968500,2729500,4,18,15,14.3,990,216,3.6,6,5.1,52,8,216,328,-377,2
3968500,2729500,4,18,16,12.5,990,291,3.8,7,5.1,52,12,195,323,-377,2
3968500,2729500,4,18,17,12.4,990,274,2.8,7,5.1,56,0,71,323,-372,2
3968500,2729500,4,18,18,12.1,990,232,2.2,7,4.9,54,0,72,321,-367,2
3968500,2729500,4,18,19,11.4,990,236,2.7,8,5.1,58,0,26,324,-363,2
3968500,2729500,4,18,20,9.8,991,213,1.3,7,5.3,65,0,0,320,-358,2
3968500,2729500,4,18,21,8.2,990,222,1.1,6,5.3,73,0,0,305,-351,2
3968500,2729500,4,18,22,7.8,991,242,1.7,5,5.4,79,0,0,292,-346,2
3968500,2729500,4,18,23,7.4,991,317,1.2,4,5.5,83,0,0,281,-344,2
3968500,2729500,4,18,24,6.7,991,150,1.3,5,5.4,85,0,0,279,-342,2
3968500,2729500,4,19,1,6.7,992,91,0.9,5,5.5,87,0,0,280,-341,2
3968500,2729500,4,19,2,7.0,992,97,1.3,4,5.5,87,0,0,275,-337,2
3968500,2729500,4,19,3,5.7,992,77,1.1,2,5.4,88,0,0,262,-333,2
3968500,2729500,4,19,4,5.6,992,118,1.4,3,5.3,91,0,0,254,-331,2
3968500,2729500,4,19,5,4.9,992,111,1.0,6,5.2,92,0,0,266,-328,2
3968500,2729500,4,19,6,4.4,992,140,1.9,6,5.1,94,0,6,272,-325,2
3968500,2729500,4,19,7,5.3,992,133,1.7,7,5.2,95,2,54,274,-327,2
3968500,2729500,4,19,8,6.9,993,155,1.5,6,5.4,91,29,149,276,-335,2
3968500,2729500,4,19,9,9.5,993,155,1.8,4,5.7,82,106,241,270,-350,2
3968500,2729500,4,19,10,11.3,993,129,2.4,5,5.9,73,172,307,274,-365,2
3968500,2729500,4,19,11,13.1,993,167,3.0,5,5.8,65,159,365,283,-377,2
3968500,2729500,4,19,12,12.7,993,184,3.9,5,5.4,57,130,396,287,-388,2
3968500,2729500,4,19,13,14.4,992,183,3.6,5,4.9,50,144,404,291,-395,2
3968500,2729500,4,19,14,14.8,992,200,3.3,5,5.0,47,203,386,296,-392,2
3968500,2729500,4,19,15,14.6,992,165,3.0,4,4.8,45,315,310,294,-391,2
3968500,2729500,4,19,16,15.0,991,192,3.3,5,4.7,44,140,289,295,-395,2
3968500,2729500,4,19,17,14.6,991,183,2.9,7,4.8,45,42,196,306,-391,2
3968500,2729500,4,19,18,14.3,991,189,3.1,7,4.8,46,11,107,311,-386,2
3968500,2729500,4,19,19,12.9,991,184,2.0,6,4.9,49,6,43,305,-379,2
3968500,2729500,4,19,20,11.4,991,189,1.3,6,5.2,57,0,0,297,-370,2
3968500,2729500,4,19,21,11.1,991,265,1.8,6,5.2,61,0,0,296,-363,2
3968500,2729500,4,19,22,8.2,991,143,1.3,6,5.0,65,0,0,292,-360,2
3968500,2729500,4,19,23,8.8,991,27,1.3,6,5.1,72,0,0,290,-359,2
3968500,2729500,4,19,24,8.3,991,178,1.6,5,5.2,73,0,0,287,-357,2
3968500,2729500,4,20,1,6.7,991,96,1.5,2,5.1,78,0,0,271,-355,2
3968500,2729500,4,20,2,5.1,992,137,1.3,1,5.0,85,0,0,253,-352,2
3968500,2729500,4,20,3,5.5,992,145,2.5,2,5.0,88,0,0,253,-349,2
3968500,2729500,4,20,4,4.4,992,147,1.7,1,5.0,90,0,0,254,-345,2
3968500,2729500,4,20,5,3.5,992,154,2.1,1,4.9,94,0,0,248,-341,2
3968500,2729500,4,20,6,3.8,992,136,2.1,2,4.9,96,0,11,250,-336,2
3968500,2729500,4,20,7,5.1,992,132,1.6,3,5.1,95,42,75,260,-337,2
3968500,2729500,4,20,8,7.8,993,175,1.4,2,5.3,86,127,144,264,-345,2
3968500,2729500,4,20,9,10.3,993,157,1.5,3,5.7,78,229,200,271,-359,2
3968500,2729500,4,20,10,13.4,994,78,1.4,4,5.9,67,356,230,288,-375,2
3968500,2729500,4,20,11,13.9,994,90,1.3,5,5.8,58,302,317,300,-391,2
3968500,2729500,4,20,12,15.5,994,156,1.4,6,5.2,49,178,384,309,-406,2
3968500,2729500,4,20,13,15.5,993,118,0.3,3,4.8,43,264,375,304,-418,2
3968500,2729500,4,20,14,16.8,993,94,2.5,2,4.6,40,452,284,295,-413,2
3968500,2729500,4,20,15,16.6,993,170,1.9,2,4.6,38,413,255,294,-407,2
3968500,2729500,4,20,16,16.7,992,140,2.7,3,4.6,38,259,248,297,-412,2
3968500,2729500,4,20,17,16.4,992,144,2.5,5,4.7,39,111,207,304,-412,2
3968500,2729500,4,20,18,15.9,992,177,2.0,6,4.8,41,45,129,310,-401,2
3968500,2729500,4,20,19,14.5,992,206,1.7,6,4.8,44,5,43,309,-387,2
3968500,2729500,4,20,20,12.3,992,226,1.7,6,4.9,50,0,0,302,-374,2
3968500,2729500,4,20,21,11.8,993,258,2.1,8,5.1,57,0,0,305,-365,2
3968500,2729500,4,20,22,11.0,993,360,1.8,5,5.2,61,0,0,300,-358,2
3968500,2729500,4,20,23,8.7,993,83,1.4,4,5.3,69,0,0,284,-353,2
3968500,2729500,4,20,24,7.8,993,71,0.9,6,5.4,78,0,0,284,-351,2
3968500,2729500,4,21,1,6.6,993,202,1.2,4,5.4,84,0,0,282,-350,2
3968500,2729500,4,21,2,6.8,993,51,1.3,5,5.3,86,0,0,277,-348,2
3968500,2729500,4,21,3,6.3,993,57,1.2,5,5.3,86,0,0,280,-346,2
3968500,2729500,4,21,4,6.4,993,5,0.7,6,5.4,88,0,0,283,-344,2
3968500,2729500,4,21,5,6.5,993,170,1.0,8,5.4,89,0,0,292,-342,2
3968500,2729500,4,21,6,6.6,993,141,1.3,8,5.5,89,0,5,298,-339,2
3968500,2729500,4,21,7,8.5,993,106,1.1,6,5.6,85,5,64,295,-340,2
3968500,2729500,4,21,8,9.3,993,175,1.0,5,5.8,80,69,160,291,-349,2
3968500,2729500,4,21,9,13.6,994,147,0.8,4,6.1,71,179,228,293,-364,2
3968500,2729500,4,21,10,15.4,993,210,1.5,6,6.4,61,210,296,306,-381,2
3968500,2729500,4,21,11,17.2,993,219,2.2,6,5.8,49,311,327,318,-398,2
3968500,2729500,4,21,12,18.8,993,294,1.8,5,5.2,40,413,327,320,-415,2
3968500,2729500,4,21,13,19.7,993,284,2.7,3,5.3,38,481,308,317,-430,2
3968500,2729500,4,21,14,20.2,992,155,3.8,3,5.4,37,421,314,317,-442,2
3968500,2729500,4,21,15,20.0,992,163,3.8,4,5.4,36,262,326,320,-445,2
3968500,2729500,4,21,16,20.6,992,176,2.4,5,5.6,37,93,284,326,-438,2
3968500,2729500,4,21,17,19.9,991,228,2.1,8,5.5,37,39,199,334,-428,2
3968500,2729500,4,21,18,18.3,991,342,2.3,8,5.7,41,11,112,339,-419,2
3968500,2729500,4,21,19,17.1,991,330,2.5,7,6.1,47,1,35,332,-410,2
3968500,2729500,4,21,20,15.2,992,14,2.4,6,6.5,55,0,0,325,-399,2
3968500,2729500,4,21,21,14.2,992,7,1.6,7,6.8,64,0,0,323,-389,2
3968500,2729500,4,21,22,13.1,993,8,1.9,6,6.6,66,0,0,322,-385,2
3968500,2729500,4,21,23,11.3,993,49,2.3,5,6.5,72,0,0,311,-381,2
3968500,2729500,4,21,24,10.5,993,10,1.8,6,6.5,78,0,0,307,-379,2
3968500,2729500,4,22,1,10.2,993,250,2.5,6,6.6,82,0,0,310,-376,2
3968500,2729500,4,22,2,11.4,993,319,3.2,7,6.7,81,0,0,314,-372,2
3968500,2729500,4,22,3,10.4,993,268,3.3,7,7.0,85,0,0,319,-368,2
3968500,2729500,4,22,4,9.6,993,103,1.6,8,7.4,94,0,0,321,-367,2
3968500,2729500,4,22,5,9.4,993,192,1.5,8,7.5,99,0,0,325,-366,2
3968500,2729500,4,22,6,9.5,993,293,2.3,8,7.5,100,0,5,327,-366,2
3968500,2729500,4,22,7,9.1,993,301,2.8,6,7.3,97,0,53,318,-368,2
3968500,2729500,4,22,8,9.0,993,325,2.6,8,6.9,94,0,74,316,-373,2
3968500,2729500,4,22,9,11.3,994,353,2.6,5,6.9,87,88,231,316,-381,2
3968500,2729500,4,22,10,12.5,994,337,3.0,4,7.0,79,181,286,306,-394,2
3968500,2729500,4,22,11,12.7,994,283,3.7,7,6.8,73,4,230,317,-407,2
3968500,2729500,4,22,12,12.7,994,308,3.7,5,6.4,69,67,350,322,-417,2
3968500,2729500,4,22,13,14.6,994,306,4.4,6,6.2,63,57,343,323,-426,2
3968500,2729500,4,22,14,13.8,993,320,5.1,4,6.4,62,145,363,324,-431,2
3968500,2729500,4,22,15,12.6,994,341,5.7,2,6.3,65,226,316,307,-430,2
3968500,2729500,4,22,16,11.4,993,326,4.4,4,5.9,66,122,273,301,-424,2
3968500,2729500,4,22,17,10.8,993,7,4.4,6,5.7,68,51,198,308,-418,2
3968500,2729500,4,22,18,9.7,993,3,4.7,8,5.6,71,0,81,317,-411,2
3968500,2729500,4,22,19,9.0,992,20,2.7,7,5.8,78,6,43,319,-402,2
3968500,2729500,4,22,20,8.2,992,29,1.5,7,6.1,85,0,0,316,-393,2
3968500,2729500,4,22,21,7.9,992,80,1.3,8,6.3,92,0,0,321,-388,2
3968500,2729500,4,22,22,7.7,993,269,1.6,8,6.5,96,0,0,326,-385,2
3968500,2729500,4,22,23,7.5,993,101,1.3,8,6.5,98,0,0,327,-382,2
3968500,2729500,4,22,24,7.5,992,216,1.6,8,6.5,99,0,0,327,-378,2
3968500,2729500,4,23,1,7.5,992,123,1.3,5,6.5,99,0,0,315,-374,2
3968500,2729500,4,23,2,7.7,992,96,1.1,5,6.5,98,0,0,304,-372,2
3968500,2729500,4,23,3,7.5,991,135,1.1,6,6.5,98,0,0,308,-371,2
3968500,2729500,4,23,4,7.3,991,162,1.1,8,6.5,98,0,0,321,-370,2
3968500,2729500,4,23,5,7.4,991,185,0.9,8,6.4,98,0,0,330,-368,2
3968500,2729500,4,23,6,7.4,991,101,1.1,8,6.4,98,0,3,330,-367,2
3968500,2729500,4,23,7,7.5,991,152,0.6,8,6.5,99,0,17,330,-368,2
3968500,2729500,4,23,8,7.8,991,144,0.4,8,6.7,100,0,62,331,-375,2
3968500,2729500,4,23,9,8.0,991,134,0.5,8,6.7,98,0,91,332,-384,2
3968500,2729500,4,23,10,8.6,992,192,1.0,8,6.7,96,0,110,334,-392,2
3968500,2729500,4,23,11,9.7,992,301,1.4,8,6.9,93,0,139,338,-398,2
3968500,2729500,4,23,12,9.2,992,270,1.7,8,6.7,88,0,107,340,-403,2
3968500,2729500,4,23,13,10.2,993,299,2.0,8,6.6,86,0,136,340,-410,2
3968500,2729500,4,23,14,10.9,993,326,2.2,7,6.7,82,6,236,337,-420,2
3968500,2729500,4,23,15,10.9,993,335,2.3,6,6.6,80,31,252,329,-425,2
3968500,2729500,4,23,16,10.6,993,308,2.9,5,6.6,81,78,237,319,-425,2
3968500,2729500,4,23,17,10.7,993,310,3.0,4,6.5,79,147,160,309,-421,2
3968500,2729500,4,23,18,10.3,993,350,3.6,4,6.3,78,93,100,302,-412,2
3968500,2729500,4,23,19,9.6,993,59,3.0,6,6.2,80,21,43,308,-399,2
3968500,2729500,4,23,20,8.5,993,306,2.2,6,6.3,86,0,0,314,-386,2
3968500,2729500,4,23,21,7.4,994,265,1.7,4,6.2,90,0,0,302,-377,2
3968500,2729500,4,23,22,7.2,994,139,1.3,3,6.0,93,0,0,287,-374,2
3968500,2729500,4,23,23,6.0,995,36,1.5,3,5.9,95,0,0,281,-373,2
3968500,2729500,4,23,24,5.0,995,56,0.9,2,5.6,97,0,0,274,-372,2
3968500,2729500,4,24,1,4.7,995,86,0.9,4,5.3,98,0,0,275,-369,2
3968500,2729500,4,24,2,4.3,995,39,1.1,2,5.2,98,0,0,273,-363,2
3968500,2729500,4,24,3,3.8,995,1,1.5,2,5.0,98,0,0,264,-357,2
3968500,2729500,4,24,4,3.3,996,217,0.7,1,4.9,98,0,0,257,-355,2
3968500,2729500,4,24,5,3.2,996,17,1.1,7,4.9,100,0,0,274,-356,2
3968500,2729500,4,24,6,2.8,996,341,0.7,7,4.8,100,2,17,297,-356,2
3968500,2729500,4,24,7,3.4,996,233,1.3,8,4.8,100,29,80,302,-359,2
3968500,2729500,4,24,8,4.2,997,235,1.4,7,5.1,100,64,161,304,-367,2
3968500,2729500,4,24,9,5.3,997,208,1.3,5,5.4,100,126,236,294,-378,2
3968500,2729500,4,24,10,10.0,997,325,1.3,4,6.5,97,301,258,292,-391,2
3968500,2729500,4,24,11,12.3,998,306,1.8,4,7.5,89,503,230,301,-408,2
3968500,2729500,4,24,12,13.3,997,134,1.8,4,7.2,77,515,264,306,-423,2
3968500,2729500,4,24,13,15.4,997,28,1.5,4,6.8,65,527,269,311,-435,2
3968500,2729500,4,24,14,16.2,996,64,2.1,4,6.4,57,414,302,315,-441,2
3968500,2729500,4,24,15,16.8,996,293,2.4,4,6.2,52,351,282,315,-441,2
3968500,2729500,4,24,16,17.3,995,52,3.3,3,6.2,50,351,210,312,-439,2
3968500,2729500,4,24,17,18.0,995,41,2.2,2,6.3,49,267,163,303,-432,2
3968500,2729500,4,24,18,16.5,995,28,3.2,3,6.5,52,109,127,300,-423,2
3968500,2729500,4,24,19,15.0,995,58,3.0,3,6.7,59,28,55,299,-410,2
3968500,2729500,4,24,20,13.4,995,50,2.5,3,6.7,65,0,0,295,-396,2
3968500,2729500,4,24,21,11.7,995,84,1.8,4,6.6,72,0,0,294,-386,2
3968500,2729500,4,24,22,11.7,996,79,1.4,3,6.5,75,0,0,292,-380,2
3968500,2729500,4,24,23,10.2,996,73,1.2,3,6.4,77,0,0,286,-377,2
3968500,2729500,4,24,24,9.0,995,34,1.6,3,6.3,83,0,0,283,-375,2
3968500,2729500,4,25,1,8.2,995,104,1.6,4,6.1,86,0,0,286,-372,2
3968500,2729500,4,25,2,8.4,995,51,1.0,3,6.0,86,0,0,285,-370,2
3968500,2729500,4,25,3,7.4,995,155,1.1,1,6.0,89,0,0,276,-369,2
3968500,2729500,4,25,4,6.3,995,70,0.8,1,6.0,95,0,0,268,-367,2
3968500,2729500,4,25,5,6.1,995,56,0.7,1,5.8,97,0,0,266,-363,2
3968500,2729500,4,25,6,6.7,995,163,0.8,1,5.8,95,4,18,264,-360,2
3968500,2729500,4,25,7,7.5,995,130,1.0,1,6.0,94,92,69,262,-362,2
3968500,2729500,4,25,8,11.4,995,26,1.1,1,6.5,87,241,95,266,-373,2
3968500,2729500,4,25,9,13.9,995,179,1.7,0,7.0,75,408,104,273,-387,2
3968500,2729500,4,25,10,16.4,995,172,2.5,0,7.2,66,577,92,282,-402,2
3968500,2729500,4,25,11,18.4,995,158,2.9,0,6.8,54,697,86,295,-419,2
3968500,2729500,4,25,12,20.2,994,163,3.2,0,5.7,40,775,80,302,-434,2
3968500,2729500,4,25,13,21.2,994,145,3.1,1,5.6,36,805,77,313,-446,2
3968500,2729500,4,25,14,21.6,993,164,3.4,3,6.0,37,233,334,329,-454,2
3968500,2729500,4,25,15,21.4,993,150,3.3,6,6.1,37,0,178,342,-458,2
3968500,2729500,4,25,16,20.8,993,167,3.1,6,6.5,41,0,147,348,-455,2
3968500,2729500,4,25,17,20.8,993,192,2.8,6,6.7,43,47,191,347,-447,2
3968500,2729500,4,25,18,19.9,993,191,2.2,6,6.7,44,20,116,344,-435,2
3968500,2729500,4,25,19,18.6,993,139,1.9,8,7.1,50,1,37,349,-422,2
3968500,2729500,4,25,20,16.9,993,346,1.3,7,7.5,58,0,0,351,-409,2
3968500,2729500,4,25,21,16.5,994,198,1.5,7,7.5,62,0,0,346,-398,2
3968500,2729500,4,25,22,15.7,994,228,0.8,7,7.6,65,0,0,345,-390,2
3968500,2729500,4,25,23,14.8,994,122,1.5,7,7.7,70,0,0,344,-384,2
3968500,2729500,4,25,24,13.9,994,138,1.1,8,8.1,78,0,0,347,-380,2
3968500,2729500,4,26,1,14.0,995,39,2.3,5,8.5,84,0,0,338,-378,2
3968500,2729500,4,26,2,12.6,994,110,1.5,5,8.7,90,0,0,325,-376,2
3968500,2729500,4,26,3,12.5,994,151,1.2,5,8.6,93,0,0,321,-375,2
3968500,2729500,4,26,4,12.2,994,132,1.1,4,8.4,92,0,0,315,-373,2
3968500,2729500,4,26,5,11.5,995,142,0.7,5,8.2,93,0,0,312,-371,2
3968500,2729500,4,26,6,11.0,995,225,0.9,4,8.1,95,0,10,309,-370,2
3968500,2729500,4,26,7,12.2,995,128,1.7,5,8.3,95,17,78,310,-374,2
3968500,2729500,4,26,8,13.7,995,328,1.6,6,8.4,88,19,151,324,-383,2
3968500,2729500,4,26,9,14.6,995,337,2.7,5,8.3,80,56,239,328,-391,2
3968500,2729500,4,26,10,14.4,995,340,4.3,8,8.2,78,22,267,340,-397,2
3968500,2729500,4,26,11,15.6,995,321,4.5,8,8.1,75,0,212,357,-403,2
3968500,2729500,4,26,12,17.0,995,346,3.8,6,8.3,70,75,367,354,-409,2
3968500,2729500,4,26,13,16.6,994,333,4.0,3,8.2,67,288,379,336,-418,2
3968500,2729500,4,26,14,18.0,994,1,3.6,2,8.1,64,290,359,324,-424,2
3968500,2729500,4,26,15,19.0,994,329,4.5,1,8.2,61,204,334,322,-423,2
3968500,2729500,4,26,16,17.6,994,358,5.1,4,8.2,61,18,226,327,-420,2
3968500,2729500,4,26,17,17.6,994,333,3.9,8,8.1,63,0,43,352,-417,2
3968500,2729500,4,26,18,16.5,994,318,3.6,8,8.1,65,0,23,367,-412,2
3968500,2729500,4,26,19,16.2,994,355,2.8,8,8.0,68,0,9,366,-406,2
3968500,2729500,4,26,20,15.6,994,338,2.9,8,7.9,69,0,1,366,-399,2
3968500,2729500,4,26,21,14.9,994,3,1.5,7,8.1,73,0,0,359,-392,2
3968500,2729500,4,26,22,14.2,995,343,1.3,8,8.4,80,0,0,358,-388,2
3968500,2729500,4,26,23,13.4,995,345,2.7,8,8.5,84,0,0,362,-386,2
3968500,2729500,4,26,24,12.9,995,337,2.8,8,8.5,88,0,0,359,-383,2
3968500,2729500,4,27,1,12.5,995,339,3.6,8,8.5,91,0,0,357,-381,2
3968500,2729500,4,27,2,12.5,995,323,3.5,8,8.5,92,0,0,356,-380,2
3968500,2729500,4,27,3,12.0,995,322,2.4,8,8.4,93,0,0,355,-379,2
3968500,2729500,4,27,4,11.8,995,335,1.8,8,8.4,94,0,0,353,-376,2
3968500,2729500,4,27,5,11.8,995,334,2.2,8,8.3,94,0,0,352,-374,2
3968500,2729500,4,27,6,11.4,995,328,3.0,6,8.2,94,0,6,338,-372,2
3968500,2729500,4,27,7,11.6,995,337,3.1,6,8.1,94,0,35,323,-370,2
3968500,2729500,4,27,8,11.7,995,327,3.2,7,8.1,93,0,86,328,-370,2
3968500,2729500,4,27,9,12.3,996,326,4.8,7,8.0,90,0,135,335,-373,2
3968500,2729500,4,27,10,12.9,996,334,4.7,8,8.0,86,0,115,343,-379,2
3968500,2729500,4,27,11,13.3,996,331,4.8,7,7.9,83,0,136,345,-390,2
3968500,2729500,4,27,12,13.6,996,315,4.5,7,8.0,82,0,144,342,-404,2
3968500,2729500,4,27,13,12.3,996,322,5.2,8,8.0,84,0,118,346,-414,2
3968500,2729500,4,27,14,12.1,996,309,5.0,8,7.5,83,0,93,348,-419,2
3968500,2729500,4,27,15,11.8,996,324,4.6,8,7.1,80,0,86,345,-420,2
3968500,2729500,4,27,16,12.5,996,317,4.7,8,6.9,76,0,92,346,-419,2
3968500,2729500,4,27,17,12.6,996,320,5.3,7,6.9,75,0,114,343,-414,2
3968500,2729500,4,27,18,12.2,996,326,4.4,7,6.9,76,12,86,338,-406,2
3968500,2729500,4,27,19,11.9,996,2,3.3,8,6.9,77,0,34,342,-397,2
3968500,2729500,4,27,20,11.7,997,338,3.5,8,6.9,78,0,1,346,-390,2
3968500,2729500,4,27,21,11.5,997,327,3.1,7,6.8,78,0,0,340,-384,2
3968500,2729500,4,27,22,11.6,998,338,3.6,7,6.6,77,0,0,333,-378,2
3968500,2729500,4,27,23,11.0,998,341,3.9,7,6.3,75,0,0,332,-374,2
3968500,2729500,4,27,24,10.5,997,331,2.9,6,6.0,73,0,0,325,-368,2
3968500,2729500,4,28,1,9.2,997,324,3.6,7,5.9,77,0,0,322,-361,2
3968500,2729500,4,28,2,9.0,996,321,3.3,7,5.9,80,0,0,325,-355,2
3968500,2729500,4,28,3,8.4,996,317,3.1,8,5.7,81,0,0,328,-349,2
3968500,2729500,4,28,4,7.6,996,332,3.4,8,5.6,82,0,0,330,-343,2
3968500,2729500,4,28,5,6.6,996,325,3.3,8,5.4,85,0,0,326,-340,2
3968500,2729500,4,28,6,6.5,996,328,4.0,8,5.4,88,0,14,321,-337,2
3968500,2729500,4,28,7,7.2,996,334,3.2,6,5.5,88,1,62,308,-337,2
3968500,2729500,4,28,8,7.6,996,320,3.3,7,5.6,85,0,78,302,-343,2
3968500,2729500,4,28,9,7.6,996,321,4.7,7,5.5,84,0,98,304,-355,2
3968500,2729500,4,28,10,8.0,996,313,4.0,8,5.6,84,0,108,309,-369,2
3968500,2729500,4,28,11,9.0,996,310,4.3,7,5.7,80,0,168,311,-383,2
3968500,2729500,4,28,12,10.3,995,315,4.1,7,5.7,74,0,219,311,-394,2
3968500,2729500,4,28,13,9.9,995,313,4.8,6,5.7,73,5,274,310,-398,2
3968500,2729500,4,28,14,9.5,994,311,4.7,6,5.7,75,20,320,305,-401,2
3968500,2729500,4,28,15,12.0,995,332,3.1,3,5.1,62,113,397,293,-401,2
3968500,2729500,4,28,16,13.3,994,275,2.6,1,4.6,50,218,341,276,-394,2
3968500,2729500,4,28,17,12.6,993,290,4.5,3,4.7,50,108,261,276,-388,2
3968500,2729500,4,28,18,11.2,993,325,4.9,2,4.5,51,57,164,276,-385,2
3968500,2729500,4,28,19,11.1,993,277,2.9,7,4.5,53,7,55,291,-378,2
3968500,2729500,4,28,20,9.1,992,300,3.2,6,4.7,63,0,0,309,-368,2
3968500,2729500,4,28,21,7.9,991,310,2.9,7,4.9,71,0,0,302,-358,2
3968500,2729500,4,28,22,6.7,992,322,2.9,7,5.1,79,0,0,298,-353,2
3968500,2729500,4,28,23,7.1,992,284,2.8,7,5.4,82,0,0,301,-350,2
3968500,2729500,4,28,24,8.2,992,220,2.6,6,5.7,81,0,0,305,-348,2
3968500,2729500,4,29,1,9.7,998,138,2.5,5,6.1,78,0,0,297,-387,2
3968500,2729500,4,29,2,10.5,998,75,2.6,3,6.3,76,0,0,298,-384,2
3968500,2729500,4,29,3,10.9,998,30,2.7,3,6.5,77,0,0,297,-381,2
3968500,2729500,4,29,4,10.1,997,34,2.8,3,6.4,80,0,0,290,-378,2
3968500,2729500,4,29,5,10.2,997,31,2.9,2,6.3,80,0,0,288,-375,2
3968500,2729500,4,29,6,9.0,997,46,3.2,3,6.2,85,11,22,289,-372,2
3968500,2729500,4,29,7,10.3,998,41,3.2,1,5.9,78,91,72,280,-374,2
3968500,2729500,4,29,8,11.1,998,43,3.7,1,5.6,68,238,101,272,-383,2
3968500,2729500,4,29,9,13.0,999,53,4.0,1,5.3,59,372,126,275,-400,2
3968500,2729500,4,29,10,14.4,999,56,5.4,1,5.3,53,493,143,281,-420,2
3968500,2729500,4,29,11,15.9,999,44,5.7,1,5.1,47,586,155,287,-439,2
3968500,2729500,4,29,12,17.0,998,67,6.0,1,4.7,40,640,162,292,-454,2
3968500,2729500,4,29,13,18.5,998,91,4.2,1,4.3,34,652,164,297,-467,2
3968500,2729500,4,29,14,18.7,997,44,3.6,1,4.2,31,621,162,300,-475,2
3968500,2729500,4,29,15,19.4,997,40,5.7,2,4.1,30,542,158,304,-475,2
3968500,2729500,4,29,16,19.2,996,84,4.9,2,4.3,30,428,147,307,-469,2
3968500,2729500,4,29,17,18.1,996,34,5.2,2,4.0,29,290,130,302,-459,2
3968500,2729500,4,29,18,16.4,995,60,5.7,3,3.6,29,141,103,299,-449,2
3968500,2729500,4,29,19,14.6,995,50,5.3,3,3.5,32,31,48,296,-437,2
3968500,2729500,4,29,20,12.5,995,49,5.4,3,3.4,34,0,0,288,-423,2
3968500,2729500,4,29,21,11.2,996,43,4.1,3,3.3,38,0,0,282,-412,2
3968500,2729500,4,29,22,9.5,996,41,3.0,3,3.4,43,0,0,277,-403,2
3968500,2729500,4,29,23,8.4,996,360,2.4,3,3.5,48,0,0,274,-395,2
3968500,2729500,4,29,24,8.2,996,13,2.9,2,3.5,51,0,0,269,-388,2
3968500,2729500,4,30,1,6.8,996,29,2.8,3,3.5,54,0,0,266,-381,2
3968500,2729500,4,30,2,5.8,996,10,2.2,2,3.6,60,0,0,263,-375,2
3968500,2729500,4,30,3,4.8,996,357,2.3,2,3.6,64,0,0,258,-371,2
3968500,2729500,4,30,4,3.7,996,49,2.1,2,3.6,70,0,0,254,-366,2
3968500,2729500,4,30,5,3.4,996,349,2.3,1,3.6,73,0,0,249,-361,2
3968500,2729500,4,30,6,4.3,996,27,2.7,1,3.6,71,23,25,246,-357,2
3968500,2729500,4,30,7,6.4,996,21,2.7,0,3.7,65,134,58,245,-358,2
3968500,2729500,4,30,8,8.2,996,54,2.8,0,3.8,59,282,77,245,-364,2
3968500,2729500,4,30,9,10.3,996,75,3.4,1,3.8,52,424,92,253,-376,2
3968500,2729500,4,30,10,12.1,996,40,4.4,1,3.8,45,555,99,261,-391,2
3968500,2729500,4,30,11,13.8,996,44,4.0,1,3.7,40,663,99,267,-405,2
3968500,2729500,4,30,12,15.5,996,47,4.4,1,3.8,36,720,101,273,-416,2
3968500,2729500,4,30,13,16.6,995,83,4.4,0,3.7,32,740,97,275,-423,2
3968500,2729500,4,30,14,17.2,995,54,4.7,0,3.7,30,710,95,274,-428,2
3968500,2729500,4,30,15,17.5,995,33,5.0,0,3.7,29,626,97,276,-430,2
3968500,2729500,4,30,16,17.4,994,63,5.2,0,3.7,29,511,94,275,-426,2
3968500,2729500,4,30,17,17.0,994,50,5.4,1,3.7,30,364,90,277,-419,2
3968500,2729500,4,30,18,16.5,993,57,4.9,0,3.8,31,209,78,275,-410,2
3968500,2729500,4,30,19,14.9,993,66,4.4,0,3.9,34,67,47,268,-400,2
3968500,2729500,4,30,20,13.2,994,52,3.3,0,4.0,40,0,0,264,-389,2
3968500,2729500,4,30,21,11.2,994,39,2.5,0,4.2,47,0,0,259,-379,2
3968500,2729500,4,30,22,9.8,994,43,2.4,0,4.3,54,0,0,253,-372,2
3968500,2729500,4,30,23,8.5,994,50,2.4,0,4.5,61,0,0,250,-366,2
3968500,2729500,4,30,24,8.2,994,49,2.6,0,4.5,64,0,0,247,-361,2
3968500,2729500,5,1,1,7.7,995,48,2.9,0,4.6,69,0,0,244,-357,2
3968500,2729500,5,1,2,7.2,995,358,2.4,0,4.5,69,0,0,243,-355,2
3968500,2729500,5,1,3,7.1,995,358,2.7,0,4.5,71,0,0,243,-352,2
3968500,2729500,5,1,4,6.0,995,350,2.7,0,4.5,74,0,0,241,-348,2
3968500,2729500,5,1,5,4.7,995,329,3.1,0,4.5,80,0,0,238,-345,2
3968500,2729500,5,1,6,5.7,995,344,2.8,1,4.5,81,15,30,241,-342,2
3968500,2729500,5,1,7,8.0,995,29,2.9,0,4.5,71,113,75,245,-343,2
3968500,2729500,5,1,8,9.3,995,15,3.0,0,4.4,62,251,98,243,-350,2
3968500,2729500,5,1,9,11.5,995,25,3.1,0,4.3,54,406,103,248,-362,2
3968500,2729500,5,1,10,13.0,996,83,3.9,0,4.2,46,549,99,255,-377,2
3968500,2729500,5,1,11,14.5,996,79,4.1,1,3.8,39,658,97,263,-391,2
3968500,2729500,5,1,12,16.0,996,72,4.7,1,3.4,31,719,97,271,-402,2
3968500,2729500,5,1,13,16.4,995,59,5.0,0,2.8,24,728,100,269,-410,2
3968500,2729500,5,1,14,16.9,995,56,4.9,0,2.7,23,690,102,266,-415,2
3968500,2729500,5,1,15,16.8,995,75,4.5,1,3.1,26,611,101,273,-417,2
3968500,2729500,5,1,16,16.3,994,61,4.5,1,3.3,28,490,101,277,-414,2
3968500,2729500,5,1,17,16.0,994,79,5.2,1,3.4,29,343,99,275,-408,2
3968500,2729500,5,1,18,15.3,994,54,5.1,1,3.5,31,180,93,274,-399,2
3968500,2729500,5,1,19,13.6,994,93,4.7,0,3.4,33,51,62,265,-389,2
3968500,2729500,5,1,20,12.0,994,65,3.6,0,3.4,37,0,9,256,-378,2
3968500,2729500,5,1,21,9.9,995,65,2.9,2,3.5,43,0,0,260,-369,2
3968500,2729500,5,1,22,9.0,994,62,2.2,1,3.6,48,0,0,259,-361,2
3968500,2729500,5,1,23,6.2,994,82,2.5,0,3.4,52,0,0,244,-355,2
3968500,2729500,5,1,24,5.9,995,43,1.9,1,3.3,55,0,0,238,-350,2
3968500,2729500,5,2,1,5.4,995,6,1.6,0,3.2,56,0,0,237,-346,2
3968500,2729500,5,2,2,4.8,995,80,1.4,1,3.2,57,0,0,235,-343,2
3968500,2729500,5,2,3,2.8,995,182,1.4,3,3.1,61,0,0,246,-340,2
3968500,2729500,5,2,4,2.5,995,355,2.1,3,3.1,67,0,0,252,-338,2
3968500,2729500,5,2,5,3.0,995,18,2.3,1,3.1,67,0,0,244,-336,2
3968500,2729500,5,2,6,4.5,995,11,2.0,2,3.0,60,16,31,241,-335,2
3968500,2729500,5,2,7,6.4,995,27,2.0,0,3.1,55,123,70,240,-338,2
3968500,2729500,5,2,8,9.3,994,43,1.7,0,3.2,48,266,89,237,-349,2
3968500,2729500,5,2,9,11.7,994,76,2.1,1,3.0,38,424,92,248,-367,2
3968500,2729500,5,2,10,14.0,995,134,3.1,1,3.0,32,569,89,261,-389,2
3968500,2729500,5,2,11,16.0,994,57,4.9,1,3.3,30,680,84,269,-406,2
3968500,2729500,5,2,12,17.3,994,48,3.5,1,3.4,29,742,82,277,-418,2
3968500,2729500,5,2,13,17.9,993,96,5.4,0,3.5,28,752,85,277,-427,2
3968500,2729500,5,2,14,18.4,993,132,4.0,0,3.6,28,706,91,276,-435,2
3968500,2729500,5,2,15,18.6,993,31,5.2,0,3.7,28,629,89,278,-436,2
3968500,2729500,5,2,16,18.3,992,67,4.2,0,3.8,28,505,92,278,-430,2
3968500,2729500,5,2,17,18.1,991,60,4.7,0,3.9,30,355,93,278,-426,2
3968500,2729500,5,2,18,17.2,991,74,2.8,0,4.0,31,192,87,277,-420,2
3968500,2729500,5,2,19,15.7,991,50,3.0,0,4.1,34,58,60,273,-409,2
3968500,2729500,5,2,20,13.5,991,36,2.4,0,4.2,39,0,10,268,-396,2
3968500,2729500,5,2,21,11.7,992,73,2.2,0,4.2,46,0,0,263,-384,2
3968500,2729500,5,2,22,9.5,992,3,2.1,0,4.4,54,0,0,257,-375,2
3968500,2729500,5,2,23,9.1,991,5,2.5,0,4.5,60,0,0,253,-368,2
3968500,2729500,5,2,24,7.8,991,353,2.6,0,4.5,64,0,0,250,-364,2
3968500,2729500,5,3,1,7.0,992,358,2.0,1,4.4,68,0,0,250,-361,2
3968500,2729500,5,3,2,6.3,992,2,2.0,1,4.4,71,0,0,250,-356,2
3968500,2729500,5,3,3,5.2,992,5,1.8,2,4.4,75,0,0,250,-351,2
3968500,2729500,5,3,4,4.0,992,33,1.7,1,4.3,81,0,0,246,-349,2
3968500,2729500,5,3,5,4.1,992,3,2.3,1,4.4,85,0,0,241,-346,2
3968500,2729500,5,3,6,4.9,992,14,1.6,0,4.5,84,16,32,238,-345,2
3968500,2729500,5,3,7,8.3,992,353,1.8,0,4.6,75,109,82,237,-348,2
3968500,2729500,5,3,8,11.1,992,15,1.7,0,4.8,63,236,115,245,-361,2
3968500,2729500,5,3,9,14.0,993,42,2.1,0,4.9,53,376,132,254,-380,2
3968500,2729500,5,3,10,16.8,992,33,3.7,0,4.6,42,507,139,263,-399,2
3968500,2729500,5,3,11,18.3,992,44,4.3,0,4.4,34,605,146,272,-416,2
3968500,2729500,5,3,12,19.6,991,62,4.6,1,4.4,32,666,149,282,-431,2
3968500,2729500,5,3,13,20.3,991,48,5.3,1,4.3,29,678,151,290,-440,2
3968500,2729500,5,3,14,20.3,990,41,3.4,1,4.2,28,639,152,293,-444,2
3968500,2729500,5,3,15,20.9,990,23,4.6,1,4.2,27,557,150,294,-447,2
3968500,2729500,5,3,16,20.3,989,64,4.5,1,4.2,27,444,142,293,-445,2
3968500,2729500,5,3,17,20.0,989,80,4.4,1,4.3,29,316,124,291,-437,2
3968500,2729500,5,3,18,19.3,989,88,4.3,1,4.5,31,167,106,289,-428,2
3968500,2729500,5,3,19,17.6,989,80,3.7,0,4.6,34,52,65,282,-417,2
3968500,2729500,5,3,20,15.7,989,49,3.1,1,4.6,38,0,11,276,-406,2
3968500,2729500,5,3,21,13.2,989,17,2.6,2,4.8,45,0,0,277,-395,2
3968500,2729500,5,3,22,12.2,990,327,2.2,2,4.9,52,0,0,274,-385,2
3968500,2729500,5,3,23,10.4,990,329,2.8,1,5.0,58,0,0,267,-378,2
3968500,2729500,5,3,24,10.0,990,317,2.9,4,5.1,64,0,0,270,-372,2
3968500,2729500,5,4,1,10.3,990,339,2.4,4,5.0,63,0,0,278,-366,2
3968500,2729500,5,4,2,8.9,990,353,2.3,4,4.9,65,0,0,276,-361,2
3968500,2729500,5,4,3,7.5,989,356,2.8,3,4.9,71,0,0,269,-356,2
3968500,2729500,5,4,4,8.3,988,6,3.0,4,4.9,72,0,0,268,-352,2
3968500,2729500,5,4,5,7.7,988,1,3.0,1,4.9,72,0,0,264,-349,2
3968500,2729500,5,4,6,8.2,988,357,3.1,0,5.0,73,17,32,251,-347,2
3968500,2729500,5,4,7,10.8,989,9,3.3,0,5.1,67,115,79,251,-349,2
3968500,2729500,5,4,8,12.9,989,47,3.4,0,5.3,59,243,111,255,-360,2
3968500,2729500,5,4,9,15.1,989,4,2.7,1,5.4,52,381,129,264,-377,2
3968500,2729500,5,4,10,18.4,989,60,3.8,2,5.5,45,490,148,281,-396,2
3968500,2729500,5,4,11,19.5,988,53,5.5,2,5.4,39,591,153,292,-414,2
3968500,2729500,5,4,12,20.3,988,85,5.5,3,5.1,34,571,205,298,-428,2
3968500,2729500,5,4,13,21.1,987,84,6.1,2,4.8,31,468,276,301,-439,2
3968500,2729500,5,4,14,21.8,988,28,7.5,2,4.7,28,534,214,301,-445,2
3968500,2729500,5,4,15,21.6,987,41,5.9,3,4.6,28,552,153,305,-445,2
3968500,2729500,5,4,16,21.9,986,60,5.4,3,4.5,27,421,156,309,-444,2
3968500,2729500,5,4,17,20.8,986,43,5.4,3,4.4,27,316,124,308,-441,2
3968500,2729500,5,4,18,19.8,985,45,4.3,3,4.2,28,186,100,303,-433,2
3968500,2729500,5,4,19,18.9,985,48,4.3,3,4.2,29,56,64,301,-421,2
3968500,2729500,5,4,20,16.7,985,3,4.2,3,4.2,32,2,12,296,-408,2
3968500,2729500,5,4,21,15.1,986,6,4.0,4,4.0,34,0,0,293,-397,2
3968500,2729500,5,4,22,14.2,987,3,4.0,2,3.6,34,0,0,284,-389,2
3968500,2729500,5,4,23,13.5,987,20,3.5,2,3.4,34,0,0,275,-382,2
3968500,2729500,5,4,24,12.8,987,6,2.8,2,3.3,34,0,0,272,-376,2
3968500,2729500,5,5,1,12.3,987,353,2.6,2,3.2,35,0,0,270,-370,2
3968500,2729500,5,5,2,11.7,987,336,2.6,2,3.2,36,0,0,268,-364,2
3968500,2729500,5,5,3,11.7,987,346,2.5,4,3.2,37,0,0,273,-358,2
3968500,2729500,5,5,4,10.5,987,331,2.8,3,3.3,40,0,0,275,-355,2
3968500,2729500,5,5,5,10.4,987,332,2.5,3,3.5,43,0,0,271,-353,2
3968500,2729500,5,5,6,10.5,987,357,2.6,4,3.7,45,5,29,275,-352,2
3968500,2729500,5,5,7,12.0,988,343,2.6,4,3.9,46,48,101,279,-355,2
3968500,2729500,5,5,8,13.8,988,0,2.9,4,4.1,43,104,173,282,-367,2
3968500,2729500,5,5,9,14.7,988,0,3.4,5,4.3,41,164,238,291,-385,2
3968500,2729500,5,5,10,16.7,988,352,3.5,6,4.6,40,283,270,303,-407,2
3968500,2729500,5,5,11,19.2,988,10,3.7,6,4.8,37,295,324,315,-426,2
3968500,2729500,5,5,12,20.7,988,20,4.4,6,4.8,32,313,352,323,-443,2
3968500,2729500,5,5,13,21.8,988,18,4.7,3,4.8,30,476,281,319,-455,2
3968500,2729500,5,5,14,22.2,989,344,6.1,4,4.6,28,398,301,316,-461,2
3968500,2729500,5,5,15,22.7,989,2,5.8,5,4.4,25,172,334,326,-459,2
3968500,2729500,5,5,16,22.0,989,10,5.3,7,4.0,23,70,272,336,-453,2
3968500,2729500,5,5,17,20.8,988,25,5.5,5,3.8,23,179,198,332,-446,2
3968500,2729500,5,5,18,19.9,989,9,4.1,3,3.9,26,128,129,314,-436,2
3968500,2729500,5,5,19,18.6,989,348,3.5,4,4.1,29,21,68,306,-424,2
3968500,2729500,5,5,20,16.8,990,1,3.1,4,4.3,33,0,3,306,-411,2
3968500,2729500,5,5,21,15.7,990,14,2.6,7,4.2,36,0,0,311,-399,2
3968500,2729500,5,5,22,13.9,991,353,1.4,5,4.3,40,0,0,310,-392,2
3968500,2729500,5,5,23,11.8,991,20,0.4,5,4.5,48,0,0,298,-384,2
3968500,2729500,5,5,24,11.1,992,324,0.8,2,4.8,56,0,0,282,-373,2
3968500,2729500,5,6,1,8.9,992,11,1.3,4,4.9,63,0,0,275,-367,2
3968500,2729500,5,6,2,7.9,992,109,1.6,4,5.0,71,0,0,276,-365,2
3968500,2729500,5,6,3,7.8,992,348,2.6,6,5.1,75,0,0,279,-362,2
3968500,2729500,5,6,4,6.2,992,234,2.7,3,5.0,79,0,0,269,-359,2
3968500,2729500,5,6,5,5.5,992,20,2.1,1,4.9,83,0,2,249,-355,2
3968500,2729500,5,6,6,7.0,992,299,1.3,0,5.0,83,24,33,241,-352,2
3968500,2729500,5,6,7,8.9,993,298,0.8,0,5.4,79,133,73,241,-355,2
3968500,2729500,5,6,8,13.3,994,316,0.8,0,6.0,72,267,98,249,-367,2
3968500,2729500,5,6,9,15.4,993,316,2.3,0,6.4,62,410,112,258,-387,2
3968500,2729500,5,6,10,17.4,993,329,2.6,1,6.1,51,544,118,266,-409,2
3968500,2729500,5,6,11,19.3,993,318,3.4,1,5.6,42,649,119,275,-428,2
3968500,2729500,5,6,12,20.7,993,343,3.3,1,5.3,35,713,116,281,-443,2
3968500,2729500,5,6,13,22.1,992,299,3.2,1,4.8,30,714,124,287,-452,2
3968500,2729500,5,6,14,22.2,991,314,2.8,1,4.4,26,683,121,289,-460,2
3968500,2729500,5,6,15,22.9,992,5,3.1,1,4.5,26,603,119,293,-464,2
3968500,2729500,5,6,16,22.5,992,351,2.7,1,4.7,27,485,116,294,-460,2
3968500,2729500,5,6,17,21.7,991,324,3.1,2,4.8,28,347,107,296,-452,2
3968500,2729500,5,6,18,20.4,990,318,2.6,4,4.8,30,133,121,303,-442,2
3968500,2729500,5,6,19,18.9,990,6,2.7,5,5.2,35,34,68,312,-431,2
3968500,2729500,5,6,20,16.9,990,317,1.7,5,5.7,44,1,12,313,-420,2
3968500,2729500,5,6,21,15.4,991,264,1.9,7,5.9,50,0,0,318,-408,2
3968500,2729500,5,6,22,14.2,991,212,0.6,5,5.8,54,0,0,316,-398,2
3968500,2729500,5,6,23,13.1,991,178,1.3,6,6.1,61,0,0,314,-393,2
3968500,2729500,5,6,24,13.1,991,213,3.1,8,6.1,64,0,0,326,-397,2
3968500,2729500,5,7,1,14.0,991,233,2.8,8,5.7,57,0,0,334,-400,2
3968500,2729500,5,7,2,14.5,990,216,2.0,8,5.4,52,0,0,337,-399,2
3968500,2729500,5,7,3,13.9,990,213,2.4,7,5.7,55,0,0,337,-396,2
3968500,2729500,5,7,4,13.6,990,234,2.4,8,6.2,62,0,0,338,-394,2
3968500,2729500,5,7,5,13.1,990,252,2.9,6,6.4,65,0,0,335,-393,2
3968500,2729500,5,7,6,13.3,989,220,3.5,7,6.5,68,0,6,332,-393,2
3968500,2729500,5,7,7,13.4,989,184,1.7,8,6.9,70,0,27,344,-392,2
3968500,2729500,5,7,8,13.1,989,182,3.3,8,7.2,74,0,39,351,-392,2
3968500,2729500,5,7,9,12.0,989,216,3.8,8,7.4,80,0,66,353,-392,2
3968500,2729500,5,7,10,13.0,989,211,4.7,7,7.4,80,0,146,350,-394,2
3968500,2729500,5,7,11,13.6,989,190,4.9,7,7.2,74,0,135,348,-396,2
3968500,2729500,5,7,12,13.9,988,188,5.1,8,7.6,75,0,114,357,-396,2
3968500,2729500,5,7,13,14.3,988,210,5.1,8,8.3,80,0,117,366,-396,2
3968500,2729500,5,7,14,13.6,987,206,5.0,8,8.8,86,0,104,367,-395,2
3968500,2729500,5,7,15,13.8,987,211,4.5,8,9.2,92,0,106,367,-395,2
3968500,2729500,5,7,16,13.9,986,184,4.5,8,9.5,93,0,87,368,-394,2
3968500,2729500,5,7,17,13.8,985,203,4.2,8,9.5,93,0,63,368,-392,2
3968500,2729500,5,7,18,13.7,985,202,5.0,8,9.5,94,0,38,368,-389,2
3968500,2729500,5,7,19,13.3,984,179,3.7,8,9.3,94,0,50,367,-387,2
3968500,2729500,5,7,20,13.0,983,182,4.9,8,9.2,94,0,8,366,-385,2
3968500,2729500,5,7,21,13.1,983,203,5.7,8,9.1,94,0,0,365,-385,2
3968500,2729500,5,7,22,12.9,983,211,3.6,8,8.8,92,0,0,364,-384,2
3968500,2729500,5,7,23,12.6,983,229,4.9,8,8.6,91,0,0,361,-383,2
3968500,2729500,5,7,24,12.1,983,205,3.9,7,8.4,91,0,0,352,-381,2
3968500,2729500,5,8,1,10.8,983,327,1.4,7,7.7,89,0,0,341,-380,2
3968500,2729500,5,8,2,10.6,984,257,2.3,6,7.4,89,0,0,331,-380,2
3968500,2729500,5,8,3,10.2,984,234,2.4,7,7.4,91,0,0,330,-379,2
3968500,2729500,5,8,4,10.0,984,240,1.9,8,7.3,92,0,0,343,-374,2
3968500,2729500,5,8,5,9.7,985,202,2.6,8,7.3,94,0,0,349,-371,2
3968500,2729500,5,8,6,9.5,985,244,2.3,8,7.1,93,0,17,347,-372,2
3968500,2729500,5,8,7,9.7,986,250,3.3,7,7.0,92,0,61,340,-371,2
3968500,2729500,5,8,8,10.9,987,231,3.0,8,7.2,90,14,116,342,-372,2
3968500,2729500,5,8,9,10.9,987,242,3.7,8,7.1,85,0,137,346,-374,2
3968500,2729500,5,8,10,11.8,987,245,3.5,7,7.2,83,14,196,339,-379,2
3968500,2729500,5,8,11,13.1,987,229,3.9,7,7.2,78,40,232,336,-386,2
3968500,2729500,5,8,12,13.8,987,256,5.4,8,6.6,67,18,241,342,-391,2
3968500,2729500,5,8,13,12.8,987,222,3.6,8,6.4,65,14,243,343,-399,2
3968500,2729500,5,8,14,13.8,986,213,5.6,7,6.2,64,54,240,336,-402,2
3968500,2729500,5,8,15,12.9,986,250,4.3,8,5.9,60,0,165,336,-400,2
3968500,2729500,5,8,16,11.5,986,247,5.2,8,6.1,67,0,142,337,-396,2
3968500,2729500,5,8,17,13.7,986,235,3.3,8,6.5,69,0,94,339,-392,2
3968500,2729500,5,8,18,12.8,985,238,4.0,8,6.4,66,0,55,342,-387,2
3968500,2729500,5,8,19,12.2,985,220,2.9,7,6.3,68,21,44,335,-381,2
3968500,2729500,5,8,20,10.3,985,248,4.6,6,6.4,75,9,10,323,-375,2
3968500,2729500,5,8,21,9.9,986,227,2.3,7,6.5,82,0,0,320,-370,2
3968500,2729500,5,8,22,8.8,986,215,3.2,7,6.5,86,0,0,323,-367,2
3968500,2729500,5,8,23,8.6,987,187,2.8,7,6.5,90,0,0,322,-367,2
3968500,2729500,5,8,24,8.4,987,228,3.2,8,6.5,92,0,0,328,-366,2
3968500,2729500,5,9,1,8.1,987,237,3.2,8,6.4,91,0,0,333,-366,2
3968500,2729500,5,9,2,7.9,986,196,2.1,8,6.2,91,0,0,334,-364,2
3968500,2729500,5,9,3,7.7,987,194,2.1,8,6.2,92,0,0,335,-364,2
3968500,2729500,5,9,4,7.3,987,207,1.8,7,6.2,94,0,0,330,-364,2
3968500,2729500,5,9,5,8.6,987,211,1.3,7,6.4,94,0,0,327,-364,2
3968500,2729500,5,9,6,8.9,988,226,1.8,7,6.7,92,0,13,330,-364,2
3968500,2729500,5,9,7,9.5,988,245,2.1,6,6.8,92,0,57,326,-366,2
3968500,2729500,5,9,8,10.2,989,220,2.4,7,7.0,90,0,73,327,-369,2
3968500,2729500,5,9,9,10.9,989,245,2.8,8,7.0,86,0,91,341,-373,2
3968500,2729500,5,9,10,12.1,990,242,3.1,7,7.0,81,1,188,343,-376,2
3968500,2729500,5,9,11,12.6,990,247,3.5,8,6.7,74,0,195,346,-379,2
3968500,2729500,5,9,12,12.5,990,231,3.3,7,6.6,71,8,255,345,-380,2
3968500,2729500,5,9,13,13.7,990,244,3.1,6,6.8,70,37,303,336,-381,2
3968500,2729500,5,9,14,14.0,990,228,2.6,5,6.7,66,118,308,327,-383,2
3968500,2729500,5,9,15,14.4,990,240,2.8,6,6.5,63,76,278,327,-386,2
3968500,2729500,5,9,16,14.8,990,246,1.9,5,6.8,64,94,235,327,-392,2
3968500,2729500,5,9,17,14.3,990,248,2.1,5,7.0,66,128,169,320,-391,2
3968500,2729500,5,9,18,13.7,990,213,2.7,5,6.9,68,89,112,317,-385,2
3968500,2729500,5,9,19,13.1,990,214,2.0,7,6.9,70,36,60,326,-380,2
3968500,2729500,5,9,20,11.7,990,191,1.7,7,6.9,75,4,14,333,-376,2
3968500,2729500,5,9,21,11.4,990,188,1.8,8,6.9,80,0,0,336,-374,2
3968500,2729500,5,9,22,11.5,991,190,2.5,7,7.0,82,0,0,336,-373,2
3968500,2729500,5,9,23,11.0,991,177,2.5,7,7.2,85,0,0,330,-373,2
3968500,2729500,5,9,24,10.4,990,175,2.8,8,7.4,90,0,0,333,-373,2
3968500,2729500,5,10,1,10.5,990,195,2.3,8,7.6,94,0,0,337,-374,2
3968500,2729500,5,10,2,10.7,990,197,2.4,8,7.8,95,0,0,337,-374,2
3968500,2729500,5,10,3,10.8,989,165,2.7,8,7.8,95,0,0,336,-374,2
3968500,2729500,5,10,4,11.3,988,163,3.7,8,8.0,95,0,0,337,-374,2
3968500,2729500,5,10,5,11.7,987,193,4.3,8,8.2,94,0,1,340,-373,2
3968500,2729500,5,10,6,12.2,987,201,4.3,8,8.3,92,10,30,345,-373,2
3968500,2729500,5,10,7,12.6,987,211,4.3,8,8.3,89,0,57,347,-374,2
3968500,2729500,5,10,8,13.0,987,208,4.3,7,8.3,87,0,81,344,-377,2
3968500,2729500,5,10,9,13.3,987,216,4.3,8,8.3,86,0,97,346,-380,2
3968500,2729500,5,10,10,14.7,987,221,4.2,8,8.1,79,0,168,353,-381,2
3968500,2729500,5,10,11,15.2,987,223,4.5,8,8.0,73,0,180,355,-381,2
3968500,2729500,5,10,12,15.3,987,206,5.1,8,8.1,73,0,162,355,-382,2
3968500,2729500,5,10,13,15.4,987,210,5.3,8,8.3,74,0,193,354,-382,2
3968500,2729500,5,10,14,14.4,987,233,5.6,8,8.5,78,0,190,350,-383,2
3968500,2729500,5,10,15,17.5,987,285,4.4,7,8.8,76,86,260,350,-386,2
3968500,2729500,5,10,16,18.0,986,311,3.9,7,8.7,67,152,200,352,-391,2
3968500,2729500,5,10,17,16.4,985,306,4.4,7,8.6,68,84,164,349,-395,2
3968500,2729500,5,10,18,16.0,985,231,3.4,6,8.8,74,48,111,343,-394,2
3968500,2729500,5,10,19,16.1,984,203,3.5,7,8.5,72,10,57,343,-390,2
3968500,2729500,5,10,20,16.8,983,183,3.7,7,7.8,65,0,8,347,-384,2
3968500,2729500,5,10,21,15.8,983,195,3.7,7,7.5,63,0,0,348,-379,2
3968500,2729500,5,10,22,15.2,983,145,2.8,5,7.4,65,0,0,340,-376,2
3968500,2729500,5,10,23,14.8,983,164,2.4,5,7.2,66,0,0,330,-375,2
3968500,2729500,5,10,24,12.6,982,192,2.1,5,7.3,72,0,0,325,-375,2
3968500,2729500,5,11,1,12.0,981,166,2.0,6,7.7,84,0,0,325,-375,2
3968500,2729500,5,11,2,11.8,979,192,2.0,6,8.1,90,0,0,329,-374,2
3968500,2729500,5,11,3,13.3,978,146,2.9,6,8.2,87,0,0,331,-374,2
3968500,2729500,5,11,4,13.6,977,132,3.1,7,8.0,80,0,0,338,-375,2
3968500,2729500,5,11,5,13.9,977,187,3.1,6,7.8,77,0,7,338,-375,2
3968500,2729500,5,11,6,14.3,976,173,3.6,6,7.8,75,34,19,332,-375,2
3968500,2729500,5,11,7,15.0,976,181,5.1,6,7.7,71,15,64,332,-377,2
3968500,2729500,5,11,8,14.7,976,178,5.0,5,7.6,70,15,114,327,-379,2
3968500,2729500,5,11,9,14.5,976,214,6.7,7,7.5,70,20,160,332,-383,2
3968500,2729500,5,11,10,14.6,977,220,7.0,8,7.3,68,0,125,350,-389,2
3968500,2729500,5,11,11,14.1,977,218,7.5,8,7.3,69,0,126,355,-393,2
3968500,2729500,5,11,12,14.3,978,199,6.4,7,7.3,70,0,195,349,-390,2
3968500,2729500,5,11,13,13.7,979,224,6.7,7,6.7,65,0,161,342,-389,2
3968500,2729500,5,11,14,12.7,980,223,5.5,8,6.4,65,0,107,342,-388,2
3968500,2729500,5,11,15,12.5,982,239,8.1,8,6.4,68,0,109,345,-389,2
3968500,2729500,5,11,16,11.0,983,231,4.3,8,6.7,75,0,132,342,-388,2
3968500,2729500,5,11,17,11.5,985,242,1.7,7,6.8,79,80,114,334,-385,2
3968500,2729500,5,11,18,12.2,985,224,3.2,7,6.5,73,65,68,328,-385,2
3968500,2729500,5,11,19,11.5,985,254,3.0,7,6.6,74,45,28,326,-383,2
3968500,2729500,5,11,20,9.5,986,229,4.6,7,6.7,82,0,10,321,-378,2
3968500,2729500,5,11,21,9.0,986,213,4.4,6,6.6,88,0,0,311,-374,2
3968500,2729500,5,11,22,8.2,987,141,1.4,6,6.5,91,0,0,303,-372,2
3968500,2729500,5,11,23,7.3,986,152,1.9,6,6.3,93,0,0,302,-370,2
3968500,2729500,5,11,24,7.6,986,158,1.9,7,6.2,94,0,0,307,-369,2
3968500,2729500,5,12,1,7.7,985,163,1.9,8,6.3,94,0,0,321,-369,2
3968500,2729500,5,12,2,7.9,986,187,1.9,8,6.3,93,0,0,329,-368,2
3968500,2729500,5,12,3,8.1,985,158,2.0,7,6.3,91,0,0,324,-367,2
3968500,2729500,5,12,4,8.1,984,155,1.7,4,6.4,92,0,0,302,-366,2
3968500,2729500,5,12,5,8.1,983,152,1.8,7,6.5,94,1,7,304,-365,2
3968500,2729500,5,12,6,8.4,983,177,2.2,8,6.7,96,1,27,330,-366,2
3968500,2729500,5,12,7,9.5,982,162,3.5,6,7.1,96,14,84,325,-369,2
3968500,2729500,5,12,8,11.5,982,186,4.4,6,7.5,91,61,154,318,-373,2
3968500,2729500,5,12,9,12.9,983,199,4.6,7,7.6,83,21,197,330,-382,2
3968500,2729500,5,12,10,13.9,983,201,4.2,8,7.5,76,2,200,344,-392,2
3968500,2729500,5,12,11,13.9,984,237,4.0,7,7.7,75,43,285,345,-403,2
3968500,2729500,5,12,12,16.2,985,203,5.0,8,7.6,69,59,309,350,-412,2
3968500,2729500,5,12,13,14.8,985,211,4.8,7,7.3,64,49,312,348,-417,2
3968500,2729500,5,12,14,15.7,985,208,4.8,6,7.6,68,44,295,338,-422,2
3968500,2729500,5,12,15,15.6,985,206,4.3,5,8.1,70,105,279,332,-420,2
3968500,2729500,5,12,16,14.6,985,197,4.7,6,8.0,72,64,234,329,-413,2
3968500,2729500,5,12,17,14.6,986,267,3.7,8,7.8,73,5,147,335,-410,2
3968500,2729500,5,12,18,12.8,987,222,4.0,7,7.7,76,39,121,335,-406,2
3968500,2729500,5,12,19,12.8,987,245,3.0,6,7.6,80,21,65,326,-401,2
3968500,2729500,5,12,20,11.6,987,199,1.9,6,7.8,85,7,16,321,-393,2
3968500,2729500,5,12,21,10.8,988,168,1.8,5,7.9,92,0,0,316,-386,2
3968500,2729500,5,12,22,10.7,989,182,2.0,6,7.7,93,0,0,314,-382,2
3968500,2729500,5,12,23,10.4,989,161,1.7,6,7.6,94,0,0,318,-378,2
3968500,2729500,5,12,24,10.3,989,163,1.9,4,7.6,95,0,0,310,-376,2
3968500,2729500,5,13,1,10.0,989,136,1.5,6,7.6,96,0,0,310,-373,2
3968500,2729500,5,13,2,8.7,990,141,2.0,4,7.2,96,0,0,308,-370,2
3968500,2729500,5,13,3,8.9,989,145,2.0,4,6.9,95,0,0,298,-370,2
3968500,2729500,5,13,4,8.9,989,145,2.2,4,6.7,92,0,0,298,-370,2
3968500,2729500,5,13,5,9.0,989,148,2.0,4,6.7,91,0,1,299,-368,2
3968500,2729500,5,13,6,9.8,989,138,1.9,4,6.8,90,11,41,299,-366,2
3968500,2729500,5,13,7,11.6,989,131,2.0,6,7.2,87,42,108,311,-370,2
3968500,2729500,5,13,8,13.1,989,105,1.9,5,7.5,82,127,179,318,-380,2
3968500,2729500,5,13,9,15.3,989,151,1.8,5,7.8,75,182,245,319,-393,2
3968500,2729500,5,13,10,17.3,988,175,3.0,5,8.1,68,352,257,328,-409,2
3968500,2729500,5,13,11,19.5,987,152,4.3,6,8.2,61,256,347,340,-424,2
3968500,2729500,5,13,12,18.8,986,171,4.7,7,7.9,56,49,339,352,-436,2
3968500,2729500,5,13,13,18.6,986,160,3.9,7,7.6,55,0,203,356,-442,2
3968500,2729500,5,13,14,16.4,985,174,2.3,7,8.4,65,0,189,354,-444,2
3968500,2729500,5,13,15,18.6,985,135,3.1,5,9.5,74,44,297,350,-446,2
3968500,2729500,5,13,16,19.6,984,148,3.6,7,9.4,66,73,266,356,-448,2
3968500,2729500,5,13,17,20.1,984,158,4.7,7,9.3,62,110,215,364,-444,2
3968500,2729500,5,13,18,20.4,983,133,2.1,6,9.5,62,27,134,362,-436,2
3968500,2729500,5,13,19,19.2,982,38,0.7,6,9.8,66,46,82,358,-429,2
3968500,2729500,5,13,20,17.4,982,75,1.8,7,9.9,73,0,17,358,-420,2
3968500,2729500,5,13,21,18.2,981,152,2.8,8,9.6,73,0,0,365,-414,2
3968500,2729500,5,13,22,15.9,981,220,2.2,8,9.8,78,0,0,368,-410,2
3968500,2729500,5,13,23,15.9,983,164,2.5,8,10.2,87,0,0,367,-406,2
3968500,2729500,5,13,24,14.8,984,195,2.6,8,10.2,90,0,0,365,-403,2
3968500,2729500,5,14,1,14.2,984,155,2.7,6,9.3,88,0,0,349,-401,2
3968500,2729500,5,14,2,13.0,985,193,2.3,6,8.4,84,0,0,332,-397,2
3968500,2729500,5,14,3,13.1,985,187,3.4,5,8.3,86,0,0,322,-393,2
3968500,2729500,5,14,4,13.0,985,167,2.3,5,8.4,86,0,0,317,-389,2
3968500,2729500,5,14,5,11.9,985,172,2.2,7,8.1,88,0,6,326,-385,2
3968500,2729500,5,14,6,11.6,985,173,1.5,5,7.8,88,16,47,323,-381,2
3968500,2729500,5,14,7,13.5,985,182,2.6,4,7.8,84,65,121,308,-380,2
3968500,2729500,5,14,8,14.4,985,182,4.7,3,7.9,77,108,197,301,-383,2
3968500,2729500,5,14,9,14.9,985,175,5.4,7,7.9,74,16,216,319,-385,2
3968500,2729500,5,14,10,14.3,985,177,5.4,6,8.2,76,61,311,336,-389,2
3968500,2729500,5,14,11,16.9,985,179,5.9,4,8.3,73,378,335,325,-400,2
3968500,2729500,5,14,12,18.0,985,180,6.0,4,8.0,62,377,370,320,-414,2
3968500,2729500,5,14,13,17.6,985,180,5.8,3,7.9,60,299,404,316,-424,2
3968500,2729500,5,14,14,16.6,984,175,6.1,5,7.6,61,16,295,319,-427,2
3968500,2729500,5,14,15,15.0,985,180,6.1,7,7.5,65,0,105,336,-429,2
3968500,2729500,5,14,16,14.1,985,168,5.0,7,7.6,72,0,77,342,-429,2
3968500,2729500,5,14,17,13.0,984,168,5.3,8,7.7,77,0,51,343,-422,2
3968500,2729500,5,14,18,12.4,984,181,4.2,8,7.7,82,0,33,346,-414,2
3968500,2729500,5,14,19,12.3,983,182,5.0,8,7.7,83,0,15,346,-407,2
3968500,2729500,5,14,20,11.6,984,167,3.5,8,7.6,85,0,2,346,-400,2
3968500,2729500,5,14,21,11.4,983,174,2.6,8,7.7,88,0,0,346,-392,2
3968500,2729500,5,14,22,11.2,984,166,2.5,7,7.7,90,0,0,343,-385,2
3968500,2729500,5,14,23,11.1,985,171,3.1,7,7.8,91,0,0,338,-379,2
3968500,2729500,5,14,24,11.2,985,175,2.1,7,7.8,92,0,0,338,-373,2
3968500,2729500,5,15,1,10.9,986,165,1.3,6,7.8,93,0,0,332,-368,2
3968500,2729500,5,15,2,11.0,986,178,2.1,6,7.8,93,0,0,326,-365,2
3968500,2729500,5,15,3,10.8,986,173,1.5,6,7.7,93,0,0,321,-362,2
3968500,2729500,5,15,4,10.5,986,182,2.4,7,7.7,94,0,0,322,-359,2
3968500,2729500,5,15,5,10.4,986,179,3.1,8,7.7,95,0,3,326,-354,2
3968500,2729500,5,15,6,10.4,986,167,2.9,8,7.7,95,0,12,327,-352,2
3968500,2729500,5,15,7,10.6,987,165,2.5,8,7.8,95,0,26,323,-355,2
3968500,2729500,5,15,8,11.0,987,179,3.2,8,7.9,95,0,64,322,-362,2
3968500,2729500,5,15,9,9.9,988,317,4.1,7,7.6,94,0,123,315,-371,2
3968500,2729500,5,15,10,9.9,989,327,0.5,7,7.1,92,0,135,309,-375,2
3968500,2729500,5,15,11,8.7,990,305,4.2,8,6.7,90,0,117,313,-386,2
3968500,2729500,5,15,12,8.5,990,323,4.1,8,6.3,89,0,167,315,-398,2
3968500,2729500,5,15,13,9.9,991,320,3.3,6,6.4,86,21,297,310,-399,2
3968500,2729500,5,15,14,10.4,992,305,3.7,8,6.5,82,0,196,313,-404,2
3968500,2729500,5,15,15,11.8,992,315,2.6,6,6.1,73,10,240,317,-405,2
3968500,2729500,5,15,16,13.0,992,334,1.3,4,5.8,64,318,208,306,-399,2
3968500,2729500,5,15,17,13.5,992,306,3.9,4,5.4,56,403,83,299,-400,2
3968500,2729500,5,15,18,13.7,992,267,4.3,3,4.8,49,268,69,295,-398,2
3968500,2729500,5,15,19,12.0,993,271,1.8,2,4.9,52,101,64,285,-388,2
3968500,2729500,5,15,20,8.7,993,244,1.4,3,5.4,68,9,22,277,-378,2
3968500,2729500,5,15,21,7.3,992,235,1.6,0,5.4,80,0,0,261,-370,2
3968500,2729500,5,15,22,7.0,993,176,0.6,0,5.2,81,0,0,246,-366,2
3968500,2729500,5,15,23,6.1,993,170,1.1,1,5.2,85,0,0,250,-364,2
3968500,2729500,5,15,24,5.0,993,84,1.5,0,5.2,90,0,0,248,-361,2
3968500,2729500,5,16,1,4.7,993,180,1.8,4,5.1,93,0,0,258,-356,2
3968500,2729500,5,16,2,4.6,992,163,2.2,6,5.0,93,0,0,279,-354,2
3968500,2729500,5,16,3,4.4,992,134,2.0,4,5.0,94,0,0,279,-353,2
3968500,2729500,5,16,4,4.1,992,136,2.2,3,5.0,95,0,0,265,-352,2
3968500,2729500,5,16,5,4.7,991,113,2.1,6,5.1,95,0,4,274,-350,2
3968500,2729500,5,16,6,6.6,991,114,2.3,5,5.4,93,41,22,285,-348,2
3968500,2729500,5,16,7,7.7,990,185,3.0,6,5.8,90,131,39,289,-350,2
3968500,2729500,5,16,8,10.3,990,173,3.1,4,6.2,84,274,64,289,-358,2
3968500,2729500,5,16,9,10.4,990,195,4.7,6,6.4,80,47,191,293,-369,2
3968500,2729500,5,16,10,11.1,989,183,4.5,7,6.4,78,0,175,305,-383,2
3968500,2729500,5,16,11,11.8,989,191,4.6,8,6.6,76,2,212,315,-395,2
3968500,2729500,5,16,12,12.3,988,196,5.6,8,6.6,74,0,147,320,-406,2
3968500,2729500,5,16,13,11.7,987,203,5.0,7,7.1,79,0,153,317,-414,2
3968500,2729500,5,16,14,11.5,987,201,5.9,6,7.6,86,0,202,311,-419,2
3968500,2729500,5,16,15,11.5,986,206,5.3,7,7.6,88,0,157,311,-421,2
3968500,2729500,5,16,16,11.3,986,188,5.1,8,7.8,90,0,105,319,-418,2
3968500,2729500,5,16,17,10.8,985,214,4.0,8,7.6,90,0,60,324,-412,2
3968500,2729500,5,16,18,10.6,985,203,2.4,8,7.5,91,0,38,324,-405,2
3968500,2729500,5,16,19,10.5,985,206,2.5,7,7.5,92,0,33,320,-396,2
3968500,2729500,5,16,20,8.8,985,281,3.0,8,7.0,91,0,13,318,-386,2
3968500,2729500,5,16,21,9.4,985,306,4.1,8,6.5,88,0,0,323,-376,2
3968500,2729500,5,16,22,8.8,986,241,3.7,8,6.4,86,0,0,324,-370,2
3968500,2729500,5,16,23,8.0,986,258,2.8,8,6.0,85,0,0,325,-367,2
3968500,2729500,5,16,24,6.7,986,291,1.6,5,5.6,85,0,0,311,-367,2
3968500,2729500,5,17,1,5.6,986,164,1.3,3,5.2,86,0,0,287,-366,2
3968500,2729500,5,17,2,4.2,987,185,1.6,4,5.0,90,0,0,282,-363,2
3968500,2729500,5,17,3,4.3,987,202,1.3,6,5.0,94,0,0,294,-361,2
3968500,2729500,5,17,4,4.7,987,199,1.4,7,5.1,94,0,0,310,-360,2
3968500,2729500,5,17,5,5.0,986,219,0.7,7,5.2,94,0,1,316,-360,2
3968500,2729500,5,17,6,5.6,986,118,0.4,6,5.3,94,0,16,315,-361,2
3968500,2729500,5,17,7,7.2,986,17,0.8,6,5.6,91,7,89,313,-361,2
3968500,2729500,5,17,8,8.0,986,289,1.2,5,5.6,84,92,181,313,-362,2
3968500,2729500,5,17,9,9.1,987,310,1.0,6,5.6,78,55,244,316,-364,2
3968500,2729500,5,17,10,10.3,987,284,1.8,7,5.3,69,42,284,329,-367,2
3968500,2729500,5,17,11,10.4,987,335,2.3,8,4.9,60,33,302,340,-374,2
3968500,2729500,5,17,12,11.1,987,318,2.5,6,4.7,56,166,372,337,-387,2
3968500,2729500,5,17,13,12.0,987,340,2.9,4,4.7,54,456,294,320,-398,2
3968500,2729500,5,17,14,11.9,987,333,3.4,6,4.7,52,131,350,321,-402,2
3968500,2729500,5,17,15,12.5,987,323,3.4,6,4.7,52,141,317,333,-399,2
3968500,2729500,5,17,16,12.3,988,14,3.7,6,4.7,52,66,258,335,-392,2
3968500,2729500,5,17,17,12.4,988,290,4.1,5,4.7,51,115,211,330,-388,2
3968500,2729500,5,17,18,12.1,989,309,3.6,4,4.6,51,122,142,320,-385,2
3968500,2729500,5,17,19,11.5,990,329,3.0,2,4.8,54,76,79,305,-383,2
3968500,2729500,5,17,20,10.0,991,318,2.0,3,5.0,60,12,26,297,-378,2
3968500,2729500,5,17,21,8.0,991,298,1.8,3,5.1,69,0,0,296,-370,2
3968500,2729500,5,17,22,6.5,992,276,1.1,2,5.1,78,0,0,285,-365,2
3968500,2729500,5,17,23,7.0,993,311,1.8,2,5.0,80,0,0,278,-361,2
3968500,2729500,5,17,24,5.5,994,323,1.3,0,4.9,82,0,0,265,-358,2
3968500,2729500,5,18,1,4.4,994,62,1.4,0,4.8,88,0,0,250,-355,2
3968500,2729500,5,18,2,3.6,995,191,1.3,0,4.8,92,0,0,248,-354,2
3968500,2729500,5,18,3,3.0,995,161,1.4,0,4.7,95,0,0,247,-353,2
3968500,2729500,5,18,4,2.3,995,166,0.9,0,4.5,97,0,0,245,-350,2
3968500,2729500,5,18,5,1.9,996,148,1.4,2,4.5,99,0,8,252,-347,2
3968500,2729500,5,18,6,3.9,996,136,1.2,0,4.6,97,30,52,252,-346,2
3968500,2729500,5,18,7,6.6,996,133,1.8,2,5.0,90,131,107,257,-351,2
3968500,2729500,5,18,8,8.7,996,154,2.3,2,5.5,83,246,151,276,-363,2
3968500,2729500,5,18,9,11.4,996,165,2.5,0,6.0,78,367,185,275,-379,2
3968500,2729500,5,18,10,13.9,996,159,3.0,1,6.5,70,477,210,281,-392,2
3968500,2729500,5,18,11,15.4,996,163,3.4,2,6.6,63,500,263,298,-396,2
3968500,2729500,5,18,12,16.5,995,145,4.1,3,6.5,56,576,259,314,-398,2
3968500,2729500,5,18,13,17.1,995,175,4.2,4,6.6,54,597,255,328,-406,2
3968500,2729500,5,18,14,18.1,994,203,4.8,4,6.7,52,556,256,337,-415,2
3968500,2729500,5,18,15,17.8,994,165,4.6,3,6.4,49,524,221,333,-424,2
3968500,2729500,5,18,16,18.7,993,170,4.7,2,6.6,50,456,189,327,-433,2
3968500,2729500,5,18,17,18.4,993,183,4.6,1,7.0,52,327,168,319,-435,2
3968500,2729500,5,18,18,17.2,992,181,4.9,1,7.0,54,170,144,312,-429,2
3968500,2729500,5,18,19,16.4,992,169,3.9,2,7.2,59,75,90,313,-420,2
3968500,2729500,5,18,20,15.0,992,159,2.8,2,7.4,65,9,29,314,-411,2
3968500,2729500,5,18,21,13.5,992,165,2.8,0,7.4,72,0,0,301,-401,2
3968500,2729500,5,18,22,12.3,992,155,2.7,0,7.5,79,0,0,290,-394,2
3968500,2729500,5,18,23,11.9,992,148,3.2,0,7.5,84,0,0,289,-392,2
3968500,2729500,5,18,24,11.4,992,139,3.5,0,7.5,86,0,0,287,-390,2
3968500,2729500,5,19,1,11.3,992,154,3.6,1,7.4,87,0,0,291,-389,2
3968500,2729500,5,19,2,11.0,991,159,3.4,2,7.3,87,0,0,300,-390,2
3968500,2729500,5,19,3,10.7,991,158,3.2,2,7.3,88,0,0,304,-390,2
3968500,2729500,5,19,4,10.1,991,160,3.7,2,7.2,89,0,0,303,-388,2
3968500,2729500,5,19,5,10.3,991,149,3.6,5,7.1,89,0,3,313,-388,2
3968500,2729500,5,19,6,10.9,991,151,2.9,4,7.3,90,5,43,322,-389,2
3968500,2729500,5,19,7,13.7,991,170,3.4,4,7.8,85,62,123,322,-390,2
3968500,2729500,5,19,8,13.8,990,184,3.4,5,8.1,81,42,191,330,-393,2
3968500,2729500,5,19,9,13.7,990,185,3.6,6,8.5,85,7,203,338,-397,2
3968500,2729500,5,19,10,15.3,991,178,3.8,6,8.9,84,10,253,345,-402,2
3968500,2729500,5,19,11,17.6,991,297,4.8,6,9.3,78,23,312,352,-408,2
3968500,2729500,5,19,12,17.5,991,201,3.4,6,9.6,75,13,300,356,-410,2
3968500,2729500,5,19,13,18.9,991,161,3.7,6,9.6,72,43,360,359,-409,2
3968500,2729500,5,19,14,18.5,991,184,3.2,5,9.8,71,88,377,358,-409,2
3968500,2729500,5,19,15,19.4,991,188,3.1,3,10.0,71,142,356,345,-417,2
3968500,2729500,5,19,16,19.8,991,166,3.4,2,10.1,69,324,259,334,-429,2
3968500,2729500,5,19,17,20.5,990,177,3.4,3,10.3,68,284,191,334,-430,2
3968500,2729500,5,19,18,19.6,990,167,2.9,5,10.4,69,83,166,344,-425,2
3968500,2729500,5,19,19,19.0,990,172,2.1,4,10.2,71,5,71,342,-417,2
3968500,2729500,5,19,20,17.8,991,117,1.8,5,10.2,76,6,27,337,-409,2
3968500,2729500,5,19,21,16.9,991,103,1.4,5,10.2,80,0,0,337,-403,2
3968500,2729500,5,19,22,15.9,992,126,1.1,5,10.1,85,0,0,332,-399,2
3968500,2729500,5,19,23,15.0,992,148,1.1,5,9.9,89,0,0,329,-397,2
3968500,2729500,5,19,24,14.1,993,165,1.2,6,9.5,91,0,0,328,-396,2
3968500,2729500,5,20,1,13.3,997,169,1.3,6,9.1,92,0,0,341,-389,2
3968500,2729500,5,20,2,12.7,997,170,1.5,6,8.8,92,0,0,345,-388,2
3968500,2729500,5,20,3,12.3,997,148,1.6,6,8.5,92,0,0,340,-386,2
3968500,2729500,5,20,4,12.2,996,153,1.4,7,8.5,93,0,0,326,-385,2
3968500,2729500,5,20,5,12.4,996,162,1.4,7,8.5,93,0,1,331,-384,2
3968500,2729500,5,20,6,12.2,996,166,1.3,8,8.5,94,0,16,345,-384,2
3968500,2729500,5,20,7,13.0,996,187,1.3,7,8.7,94,0,71,345,-387,2
3968500,2729500,5,20,8,14.2,996,176,1.8,7,8.9,90,30,169,344,-393,2
3968500,2729500,5,20,9,15.2,996,158,2.0,8,8.8,83,89,238,351,-403,2
3968500,2729500,5,20,10,16.9,996,167,1.9,7,8.7,75,259,248,356,-413,2
3968500,2729500,5,20,11,17.9,995,132,1.8,6,8.4,67,591,119,352,-421,2
3968500,2729500,5,20,12,18.9,995,253,2.7,6,7.8,58,108,348,350,-432,2
3968500,2729500,5,20,13,19.4,995,142,2.2,8,7.7,54,0,210,359,-438,2
3968500,2729500,5,20,14,19.5,994,154,1.7,8,7.8,54,0,201,367,-445,2
3968500,2729500,5,20,15,20.1,994,57,1.6,8,7.8,53,0,130,367,-455,2
3968500,2729500,5,20,16,19.2,993,151,2.4,8,8.0,55,0,97,365,-453,2
3968500,2729500,5,20,17,18.8,993,99,2.4,8,8.0,57,0,146,362,-434,2
3968500,2729500,5,20,18,18.9,993,69,3.1,8,7.7,56,30,146,360,-418,2
3968500,2729500,5,20,19,18.4,992,7,2.0,6,8.0,58,41,79,354,-415,2
3968500,2729500,5,20,20,16.1,992,80,1.9,4,8.5,68,31,23,336,-408,2
3968500,2729500,5,20,21,14.5,992,71,1.7,2,8.3,74,0,0,316,-401,2
3968500,2729500,5,20,22,13.6,992,1,1.6,1,8.0,78,0,0,299,-393,2
3968500,2729500,5,20,23,12.8,992,31,1.1,1,8.0,82,0,0,292,-388,2
3968500,2729500,5,20,24,12.8,992,61,1.2,0,8.0,84,0,0,287,-384,2
3968500,2729500,5,21,1,12.1,992,38,1.7,1,8.0,86,0,0,285,-382,2
3968500,2729500,5,21,2,11.5,992,40,1.7,3,7.8,89,0,0,291,-381,2
3968500,2729500,5,21,3,10.7,991,23,2.4,1,7.7,92,0,0,287,-379,2
3968500,2729500,5,21,4,9.7,991,28,2.5,1,7.5,95,0,0,275,-376,2
3968500,2729500,5,21,5,10.5,990,357,2.2,0,7.6,96,0,5,269,-374,2
3968500,2729500,5,21,6,11.4,990,31,1.1,0,8.0,95,39,48,266,-374,2
3968500,2729500,5,21,7,12.7,990,153,1.0,0,8.2,91,163,81,268,-379,2
3968500,2729500,5,21,8,15.3,990,141,1.6,0,8.6,84,341,78,273,-390,2
3968500,2729500,5,21,9,17.1,989,143,1.8,1,8.8,75,527,60,285,-405,2
3968500,2729500,5,21,10,18.7,988,149,4.0,2,8.5,65,641,66,297,-420,2
3968500,2729500,5,21,11,19.8,987,155,4.4,3,8.4,58,571,172,310,-435,2
3968500,2729500,5,21,12,20.2,987,130,4.8,4,8.4,56,366,317,321,-447,2
3968500,2729500,5,21,13,20.3,987,152,4.6,5,8.1,54,208,377,329,-455,2
3968500,2729500,5,21,14,21.6,987,147,4.3,6,8.1,51,312,328,340,-461,2
3968500,2729500,5,21,15,22.3,986,137,4.4,3,8.2,48,530,172,338,-461,2
3968500,2729500,5,21,16,21.6,986,158,4.1,3,8.1,48,470,136,329,-460,2
3968500,2729500,5,21,17,21.8,985,149,4.4,5,8.0,48,363,112,334,-458,2
3968500,2729500,5,21,18,20.9,985,160,4.8,5,8.0,49,248,86,337,-451,2
3968500,2729500,5,21,19,20.4,985,130,3.6,4,8.1,52,125,63,331,-440,2
3968500,2729500,5,21,20,18.4,984,131,3.1,2,8.2,56,10,28,315,-429,2
3968500,2729500,5,21,21,15.6,984,159,2.5,2,8.2,66,0,0,299,-419,2
3968500,2729500,5,21,22,14.6,984,180,3.3,1,8.2,74,0,0,289,-413,2
3968500,2729500,5,21,23,13.9,984,171,2.2,1,8.2,78,0,0,282,-407,2
3968500,2729500,5,21,24,12.2,984,221,1.7,3,8.2,85,0,0,289,-401,2
3968500,2729500,5,22,1,12.6,983,225,1.5,2,8.2,88,0,0,291,-395,2
3968500,2729500,5,22,2,12.4,983,188,2.2,2,8.2,87,0,0,285,-390,2
3968500,2729500,5,22,3,11.4,983,183,2.5,2,8.1,90,0,0,284,-388,2
3968500,2729500,5,22,4,11.2,982,208,2.5,2,8.0,93,0,0,282,-385,2
3968500,2729500,5,22,5,11.5,982,191,2.6,4,8.1,94,0,4,291,-382,2
3968500,2729500,5,22,6,12.2,982,182,1.8,4,8.3,93,36,58,301,-381,2
3968500,2729500,5,22,7,15.5,982,169,2.1,3,8.8,86,124,114,301,-385,2
3968500,2729500,5,22,8,17.8,982,170,2.5,2,9.2,76,238,156,302,-396,2
3968500,2729500,5,22,9,19.5,982,173,2.6,2,9.4,67,371,183,304,-411,2
3968500,2729500,5,22,10,22.3,982,177,2.8,5,10.2,64,459,219,327,-428,2
3968500,2729500,5,22,11,23.9,982,179,4.4,5,10.2,56,558,228,347,-444,2
3968500,2729500,5,22,12,25.0,981,168,4.3,5,9.7,49,616,233,353,-456,2
3968500,2729500,5,22,13,25.9,981,183,4.2,5,9.5,45,563,272,359,-465,2
3968500,2729500,5,22,14,26.1,981,201,3.6,6,8.9,41,391,338,365,-470,2
3968500,2729500,5,22,15,26.3,981,167,3.4,3,9.0,41,315,325,362,-472,2
3968500,2729500,5,22,16,25.6,980,126,2.5,5,9.2,43,50,292,359,-465,2
3968500,2729500,5,22,17,24.3,980,236,2.5,7,9.3,46,19,214,369,-458,2
3968500,2729500,5,22,18,22.9,980,253,4.6,7,8.5,45,0,81,369,-451,2
3968500,2729500,5,22,19,17.9,980,211,3.8,8,8.5,55,0,26,361,-438,2
3968500,2729500,5,22,20,15.9,981,265,2.1,7,9.9,79,0,13,352,-428,2
3968500,2729500,5,22,21,15.2,982,332,1.6,7,10.7,94,0,0,347,-420,2
3968500,2729500,5,22,22,14.6,982,103,1.4,8,10.8,99,0,0,348,-415,2
3968500,2729500,5,22,23,14.7,983,278,1.3,8,10.8,100,0,0,351,-412,2
3968500,2729500,5,22,24,14.7,982,25,2.0,7,10.7,99,0,0,348,-409,2
3968500,2729500,5,23,1,14.3,982,144,0.1,7,10.7,100,0,0,342,-406,2
3968500,2729500,5,23,2,14.0,982,14,0.7,7,10.4,100,0,0,342,-404,2
3968500,2729500,5,23,3,13.9,982,216,1.7,7,10.3,100,0,0,341,-401,2
3968500,2729500,5,23,4,13.9,982,187,1.8,7,10.2,100,0,0,342,-397,2
3968500,2729500,5,23,5,14.0,983,176,1.9,8,10.2,99,0,5,348,-394,2
3968500,2729500,5,23,6,14.1,983,166,1.5,7,10.3,100,0,34,348,-394,2
3968500,2729500,5,23,7,14.0,983,326,2.7,8,10.3,100,0,29,347,-392,2
3968500,2729500,5,23,8,12.8,984,293,1.7,8,9.9,99,0,58,349,-390,2
3968500,2729500,5,23,9,13.0,984,13,1.9,7,9.5,99,0,96,341,-389,2
3968500,2729500,5,23,10,13.1,984,332,1.5,8,9.5,98,0,98,342,-389,2
3968500,2729500,5,23,11,13.6,985,306,2.0,8,9.3,94,0,120,349,-394,2
3968500,2729500,5,23,12,13.8,985,326,2.3,7,9.1,90,0,145,345,-401,2
3968500,2729500,5,23,13,13.2,985,334,3.1,7,9.2,92,0,130,339,-411,2
3968500,2729500,5,23,14,13.7,986,34,2.5,7,9.3,94,0,146,340,-422,2
3968500,2729500,5,23,15,13.6,986,38,2.1,7,9.4,93,0,179,342,-422,2
3968500,2729500,5,23,16,13.7,985,351,3.6,7,9.5,95,0,148,342,-420,2
3968500,2729500,5,23,17,14.2,985,335,3.5,7,9.7,94,0,120,343,-417,2
3968500,2729500,5,23,18,13.4,985,343,2.5,8,9.6,94,0,35,348,-413,2
3968500,2729500,5,23,19,13.1,985,323,1.5,7,9.4,96,0,38,347,-408,2
3968500,2729500,5,23,20,12.5,986,347,2.5,8,9.1,96,0,14,345,-402,2
3968500,2729500,5,23,21,12.3,986,354,1.8,8,8.9,96,0,0,350,-397,2
3968500,2729500,5,23,22,12.6,987,32,0.6,8,9.2,99,0,0,351,-393,2
3968500,2729500,5,23,23,11.8,987,49,0.9,8,9.1,100,0,0,350,-390,2
3968500,2729500,5,23,24,12.0,987,135,1.3,8,8.9,99,0,0,347,-387,2
3968500,2729500,5,24,1,11.9,987,85,1.1,7,8.8,98,0,0,341,-384,2
3968500,2729500,5,24,2,11.9,987,137,1.2,7,8.8,99,0,0,337,-384,2
3968500,2729500,5,24,3,11.7,987,154,0.6,7,8.8,99,0,0,338,-384,2
3968500,2729500,5,24,4,11.7,987,65,0.9,8,8.8,100,0,0,344,-383,2
3968500,2729500,5,24,5,11.2,988,136,1.2,7,8.7,100,0,9,344,-382,2
3968500,2729500,5,24,6,11.4,988,209,1.6,7,8.5,99,3,46,338,-381,2
3968500,2729500,5,24,7,12.2,988,243,2.0,6,8.8,99,21,128,334,-385,2
3968500,2729500,5,24,8,14.0,988,173,2.6,5,9.5,98,129,233,328,-392,2
3968500,2729500,5,24,9,15.8,988,233,2.9,5,10.1,92,199,311,330,-402,2
3968500,2729500,5,24,10,16.5,988,174,2.8,5,10.0,85,179,388,333,-418,2
3968500,2729500,5,24,11,18.1,988,171,3.2,4,9.5,75,298,426,332,-435,2
3968500,2729500,5,24,12,18.1,987,168,3.5,6,8.9,67,156,469,340,-443,2
3968500,2729500,5,24,13,18.8,987,192,5.4,7,8.1,60,158,476,356,-445,2
3968500,2729500,5,24,14,18.2,987,166,6.5,6,7.6,56,216,462,357,-448,2
3968500,2729500,5,24,15,19.2,987,173,5.7,6,7.9,57,179,419,354,-449,2
3968500,2729500,5,24,16,18.4,986,193,5.5,6,7.7,55,85,341,352,-442,2
3968500,2729500,5,24,17,17.9,986,207,4.4,7,7.0,52,20,232,354,-430,2
3968500,2729500,5,24,18,17.3,986,187,4.3,8,7.0,54,1,116,362,-423,2
3968500,2729500,5,24,19,16.7,986,189,3.5,7,7.2,58,0,56,361,-418,2
3968500,2729500,5,24,20,16.2,986,196,5.1,8,7.3,61,0,15,359,-412,2
3968500,2729500,5,24,21,15.6,987,202,4.3,8,7.2,62,0,0,361,-405,2
3968500,2729500,5,24,22,15.3,987,193,4.7,7,6.9,62,0,0,354,-400,2
3968500,2729500,5,24,23,14.7,988,198,3.7,7,7.1,65,0,0,348,-396,2
3968500,2729500,5,24,24,14.3,988,196,4.5,8,7.6,72,0,0,352,-393,2
3968500,2729500,5,25,1,13.6,988,209,2.6,8,8.2,80,0,0,355,-391,2
3968500,2729500,5,25,2,13.1,988,181,3.9,8,8.5,86,0,0,352,-389,2
3968500,2729500,5,25,3,12.7,988,198,2.8,8,8.8,92,0,0,351,-387,2
3968500,2729500,5,25,4,12.5,988,192,2.6,8,9.0,96,0,0,352,-385,2
3968500,2729500,5,25,5,11.4,988,180,1.9,7,8.8,98,0,5,345,-382,2
3968500,2729500,5,25,6,11.8,988,173,1.9,6,8.7,99,32,36,333,-382,2
3968500,2729500,5,25,7,13.0,988,186,2.4,5,8.7,94,21,92,325,-381,2
3968500,2729500,5,25,8,13.6,989,249,3.1,6,7.5,77,45,160,323,-383,2
3968500,2729500,5,25,9,14.2,989,241,1.6,7,6.4,63,48,221,332,-385,2
3968500,2729500,5,25,10,13.5,989,185,2.1,7,6.5,64,39,264,337,-393,2
3968500,2729500,5,25,11,14.1,989,215,3.6,6,6.7,67,64,301,332,-412,2
3968500,2729500,5,25,12,14.1,990,196,3.6,7,6.7,66,70,307,332,-424,2
3968500,2729500,5,25,13,15.3,990,176,3.6,7,6.9,65,54,309,337,-418,2
3968500,2729500,5,25,14,12.8,990,199,2.9,7,7.2,71,14,271,336,-417,2
3968500,2729500,5,25,15,13.1,990,204,3.9,8,7.4,78,0,150,336,-420,2
3968500,2729500,5,25,16,13.6,991,183,4.0,7,7.6,77,1,188,336,-417,2
3968500,2729500,5,25,17,13.4,991,161,2.9,7,7.7,78,25,187,332,-417,2
3968500,2729500,5,25,18,13.4,991,176,3.4,7,7.7,79,12,126,331,-415,2
3968500,2729500,5,25,19,12.9,991,136,3.1,8,7.8,81,0,40,332,-411,2
3968500,2729500,5,25,20,12.7,992,140,2.0,7,7.9,84,0,7,331,-404,2
3968500,2729500,5,25,21,11.7,992,147,2.6,6,7.8,86,0,0,324,-396,2
3968500,2729500,5,25,22,10.9,993,136,2.2,3,7.6,89,0,0,305,-387,2
3968500,2729500,5,25,23,10.1,993,150,2.9,3,7.4,92,0,0,291,-379,2
3968500,2729500,5,25,24,9.2,993,151,2.1,4,7.3,95,0,0,291,-372,2
3968500,2729500,5,26,1,9.0,992,160,2.3,2,7.2,98,0,0,285,-367,2
3968500,2729500,5,26,2,9.0,992,159,3.6,4,7.2,98,0,0,286,-362,2
3968500,2729500,5,26,3,8.8,992,157,3.2,6,7.2,99,0,0,302,-359,2
3968500,2729500,5,26,4,9.2,991,147,2.3,6,7.2,98,0,0,310,-356,2
3968500,2729500,5,26,5,9.5,992,140,2.4,4,7.2,96,0,11,303,-354,2
3968500,2729500,5,26,6,9.3,991,142,2.1,5,7.2,96,0,33,297,-355,2
3968500,2729500,5,26,7,9.7,991,135,2.3,7,7.4,97,0,76,310,-363,2
3968500,2729500,5,26,8,10.3,991,167,3.1,7,7.4,94,9,163,320,-377,2
3968500,2729500,5,26,9,11.1,991,149,2.1,7,7.3,89,93,269,324,-392,2
3968500,2729500,5,26,10,13.4,990,131,2.8,4,7.4,81,391,247,319,-406,2
3968500,2729500,5,26,11,15.2,989,182,2.8,3,7.5,72,495,255,310,-413,2
3968500,2729500,5,26,12,16.0,988,187,3.4,3,7.3,64,437,320,314,-414,2
3968500,2729500,5,26,13,16.7,988,163,3.5,3,6.9,58,415,337,319,-412,2
3968500,2729500,5,26,14,17.6,987,168,3.6,3,6.8,54,372,336,323,-416,2
3968500,2729500,5,26,15,17.5,986,162,4.0,2,6.7,52,316,315,321,-425,2
3968500,2729500,5,26,16,18.3,985,180,4.5,2,6.3,48,327,248,317,-422,2
3968500,2729500,5,26,17,17.5,985,186,3.0,2,6.0,46,159,229,315,-417,2
3968500,2729500,5,26,18,17.5,985,192,4.2,6,6.2,48,9,140,326,-415,2
3968500,2729500,5,26,19,16.3,985,166,3.7,7,6.3,51,0,61,341,-410,2
3968500,2729500,5,26,20,14.7,985,178,2.6,6,6.5,58,0,28,338,-403,2
3968500,2729500,5,26,21,11.9,985,188,2.5,4,6.8,69,0,1,319,-395,2
3968500,2729500,5,26,22,11.1,986,175,2.0,2,6.8,78,0,0,294,-387,2
3968500,2729500,5,26,23,10.4,986,158,2.2,2,6.8,82,0,0,281,-380,2
3968500,2729500,5,26,24,9.2,986,164,1.4,0,6.7,86,0,0,267,-375,2
3968500,2729500,5,27,1,8.8,986,209,1.3,0,6.7,91,0,0,251,-372,2
3968500,2729500,5,27,2,8.1,986,115,2.3,1,6.7,94,0,0,248,-370,2
3968500,2729500,5,27,3,7.0,985,117,1.8,2,6.5,98,0,0,252,-369,2
3968500,2729500,5,27,4,6.8,985,123,1.1,3,6.4,100,0,0,262,-369,2
3968500,2729500,5,27,5,6.8,985,106,1.2,3,6.3,100,0,0,271,-368,2
3968500,2729500,5,27,6,8.7,986,131,1.5,6,6.7,99,0,37,293,-370,2
3968500,2729500,5,27,7,9.7,987,149,1.6,6,7.3,98,0,49,316,-375,2
3968500,2729500,5,27,8,10.7,987,163,1.5,7,7.5,94,0,78,325,-381,2
3968500,2729500,5,27,9,12.2,987,172,2.0,7,7.7,89,9,241,334,-387,2
3968500,2729500,5,27,10,14.1,986,107,2.4,7,8.0,82,35,352,340,-393,2
3968500,2729500,5,27,11,15.8,986,228,2.4,7,8.1,74,92,455,346,-395,2
3968500,2729500,5,27,12,16.5,986,212,2.7,6,7.9,67,73,457,346,-394,2
3968500,2729500,5,27,13,16.7,986,159,2.4,7,7.3,60,6,306,347,-397,2
3968500,2729500,5,27,14,15.6,985,151,2.9,8,7.2,61,0,136,354,-401,2
3968500,2729500,5,27,15,13.3,985,206,2.4,8,7.9,75,0,111,354,-403,2
3968500,2729500,5,27,16,14.7,986,100,1.3,7,8.1,79,0,179,347,-404,2
3968500,2729500,5,27,17,14.9,985,164,1.3,6,8.0,74,1,169,340,-400,2
3968500,2729500,5,27,18,14.6,985,170,1.7,7,8.6,80,0,90,340,-396,2
3968500,2729500,5,27,19,13.1,986,147,2.3,7,8.8,86,0,35,342,-394,2
3968500,2729500,5,27,20,12.1,986,193,1.4,8,8.8,94,0,8,343,-390,2
3968500,2729500,5,27,21,11.7,986,155,1.4,8,8.9,99,0,0,347,-384,2
3968500,2729500,5,27,22,11.6,986,107,1.3,8,8.7,99,0,0,347,-378,2
3968500,2729500,5,27,23,11.4,986,27,1.3,8,8.5,98,0,0,347,-374,2
3968500,2729500,5,27,24,11.4,987,14,1.3,8,8.5,98,0,0,346,-372,2
3968500,2729500,5,28,1,10.8,986,40,1.5,8,8.3,98,0,0,344,-371,2
3968500,2729500,5,28,2,10.7,986,46,1.4,7,8.2,99,0,0,338,-370,2
3968500,2729500,5,28,3,10.7,986,44,1.5,8,8.3,100,0,0,338,-369,2
3968500,2729500,5,28,4,10.4,986,42,1.4,8,8.2,100,0,0,341,-367,2
3968500,2729500,5,28,5,10.3,986,174,1.4,8,8.0,100,0,2,340,-365,2
3968500,2729500,5,28,6,10.8,986,148,1.2,8,8.2,100,0,17,340,-366,2
3968500,2729500,5,28,7,11.6,986,216,1.1,7,8.5,100,0,64,337,-371,2
3968500,2729500,5,28,8,12.4,986,152,1.2,7,8.9,99,1,134,335,-381,2
3968500,2729500,5,28,9,12.4,986,230,1.6,8,9.0,98,0,169,341,-396,2
3968500,2729500,5,28,10,13.1,987,315,1.7,8,9.3,98,0,200,347,-413,2
3968500,2729500,5,28,11,14.4,987,338,1.9,7,9.3,92,5,271,343,-429,2
3968500,2729500,5,28,12,14.2,987,339,2.6,8,9.2,88,0,206,342,-439,2
3968500,2729500,5,28,13,15.1,987,261,1.4,8,9.0,84,0,223,347,-437,2
3968500,2729500,5,28,14,14.9,987,224,1.8,8,9.1,83,0,157,351,-434,2
3968500,2729500,5,28,15,16.0,988,315,2.9,7,8.9,79,1,219,350,-440,2
3968500,2729500,5,28,16,16.9,987,1,2.5,5,8.3,69,166,302,340,-442,2
3968500,2729500,5,28,17,16.5,987,80,2.8,5,8.1,67,257,205,333,-439,2
3968500,2729500,5,28,18,16.9,987,57,1.8,4,8.4,69,186,148,328,-432,2
3968500,2729500,5,28,19,16.2,987,98,0.9,3,8.7,72,83,98,319,-423,2
3968500,2729500,5,28,20,13.8,987,148,1.4,3,8.7,80,21,40,311,-412,2
3968500,2729500,5,28,21,12.8,988,172,1.5,5,8.7,88,0,4,313,-400,2
3968500,2729500,5,28,22,12.1,989,105,0.8,2,8.6,93,0,0,306,-389,2
3968500,2729500,5,28,23,10.9,989,169,1.5,2,8.5,97,0,0,289,-381,2
3968500,2729500,5,28,24,10.2,989,174,1.5,0,8.1,100,0,0,276,-377,2
3968500,2729500,5,29,1,8.8,990,171,1.6,5,7.4,97,0,0,287,-374,2
3968500,2729500,5,29,2,8.1,989,306,2.1,3,6.6,93,0,0,297,-371,2
3968500,2729500,5,29,3,6.7,989,290,2.3,0,6.2,94,0,0,269,-367,2
3968500,2729500,5,29,4,6.7,989,356,2.2,0,6.0,96,0,0,253,-364,2
3968500,2729500,5,29,5,8.1,989,300,2.8,2,6.1,92,1,10,265,-360,2
3968500,2729500,5,29,6,8.8,989,306,2.5,3,6.4,90,75,41,283,-359,2
3968500,2729500,5,29,7,11.4,990,173,1.8,5,7.0,89,55,93,302,-365,2
3968500,2729500,5,29,8,12.8,990,185,3.1,7,7.4,82,80,157,327,-379,2
3968500,2729500,5,29,9,13.7,991,245,2.9,7,7.5,77,31,218,341,-396,2
3968500,2729500,5,29,10,14.3,991,200,4.1,7,7.8,77,63,274,342,-415,2
3968500,2729500,5,29,11,15.1,991,162,3.7,5,8.1,75,484,144,333,-421,2
3968500,2729500,5,29,12,15.1,991,269,2.6,5,7.9,72,223,290,324,-414,2
3968500,2729500,5,29,13,15.5,992,330,2.6,7,7.9,71,5,260,336,-418,2
3968500,2729500,5,29,14,17.3,992,341,3.7,8,7.7,65,0,172,352,-426,2
3968500,2729500,5,29,15,16.3,993,336,3.4,5,7.1,58,163,266,345,-423,2
3968500,2729500,5,29,16,17.1,993,287,3.6,6,6.7,56,235,196,338,-410,2
3968500,2729500,5,29,17,16.5,993,238,3.7,8,6.4,53,6,169,347,-403,2
3968500,2729500,5,29,18,16.6,993,247,2.6,8,6.1,51,15,130,351,-405,2
3968500,2729500,5,29,19,15.1,994,260,2.6,7,5.9,52,37,78,344,-405,2
3968500,2729500,5,29,20,14.1,995,244,3.8,7,5.9,56,15,28,336,-399,2
3968500,2729500,5,29,21,11.5,995,243,2.9,3,6.0,64,0,0,317,-394,2
3968500,2729500,5,29,22,10.2,996,276,2.7,4,6.0,73,0,0,299,-389,2
3968500,2729500,5,29,23,8.8,997,262,1.8,4,6.0,80,0,0,297,-385,2
3968500,2729500,5,29,24,8.5,997,300,1.7,1,5.9,83,0,0,283,-380,2
3968500,2729500,5,30,1,8.1,998,207,1.8,2,5.8,84,0,0,274,-374,2
3968500,2729500,5,30,2,7.1,998,190,1.3,2,5.9,89,0,0,274,-366,2
3968500,2729500,5,30,3,6.7,999,172,1.1,1,5.9,94,0,0,267,-359,2
3968500,2729500,5,30,4,5.7,999,122,1.6,0,5.8,97,0,0,256,-353,2
3968500,2729500,5,30,5,5.9,1000,125,2.1,2,5.8,100,1,9,257,-349,2
3968500,2729500,5,30,6,8.1,1000,138,1.6,2,6.2,97,65,47,266,-350,2
3968500,2729500,5,30,7,10.8,1000,146,1.8,1,6.7,90,212,55,268,-357,2
3968500,2729500,5,30,8,12.8,1000,155,2.6,1,7.1,81,356,72,271,-369,2
3968500,2729500,5,30,9,14.8,1001,167,3.0,1,6.9,70,481,98,277,-385,2
3968500,2729500,5,30,10,15.6,1001,236,3.1,4,6.7,62,591,81,292,-403,2
3968500,2729500,5,30,11,16.6,1001,188,3.1,6,6.6,57,441,231,312,-420,2
3968500,2729500,5,30,12,17.8,1001,161,2.4,6,6.3,51,526,218,323,-433,2
3968500,2729500,5,30,13,18.5,1000,184,3.0,4,6.4,48,540,216,322,-438,2
3968500,2729500,5,30,14,19.4,1000,196,2.0,4,6.3,45,349,294,319,-441,2
3968500,2729500,5,30,15,17.2,1000,326,1.3,6,6.1,46,71,302,323,-436,2
3968500,2729500,5,30,16,17.4,1000,247,2.2,5,6.2,49,51,261,323,-430,2
3968500,2729500,5,30,17,17.2,1000,348,2.7,6,6.3,51,62,214,323,-427,2
3968500,2729500,5,30,18,16.8,1000,346,3.0,5,6.4,52,55,152,322,-419,2
3968500,2729500,5,30,19,16.3,1000,4,2.3,7,6.4,54,16,85,323,-413,2
3968500,2729500,5,30,20,14.4,1000,161,1.8,6,6.6,62,0,25,326,-407,2
3968500,2729500,5,30,21,12.9,1001,152,1.5,6,6.7,68,0,0,319,-401,2
3968500,2729500,5,30,22,11.4,1000,156,1.2,5,6.7,75,0,0,304,-396,2
3968500,2729500,5,30,23,10.0,1000,168,1.4,4,6.5,82,0,0,295,-391,2
3968500,2729500,5,30,24,8.9,1001,157,1.7,5,6.4,86,0,0,287,-388,2
3968500,2729500,5,31,1,8.2,984,164,2.2,6,6.2,90,0,0,325,-365,2
3968500,2729500,5,31,2,7.7,984,188,2.4,7,6.2,92,0,0,324,-362,2
3968500,2729500,5,31,3,7.4,984,219,2.7,8,6.2,94,0,0,329,-361,2
3968500,2729500,5,31,4,7.5,984,221,2.5,8,6.3,95,0,0,333,-360,2
3968500,2729500,5,31,5,7.8,985,228,2.6,8,6.3,94,0,2,333,-358,2
3968500,2729500,5,31,6,8.1,985,247,2.4,8,6.5,96,0,18,335,-358,2
3968500,2729500,5,31,7,8.9,986,242,2.6,8,6.6,93,0,73,338,-362,2
3968500,2729500,5,31,8,9.7,986,265,2.7,8,6.7,89,0,112,342,-367,2
3968500,2729500,5,31,9,10.5,987,259,3.6,7,6.6,83,26,205,338,-374,2
3968500,2729500,5,31,10,12.3,987,274,4.4,7,6.5,76,0,192,336,-381,2
3968500,2729500,5,31,11,12.2,987,290,5.0,7,6.5,71,0,167,341,-382,2
3968500,2729500,5,31,12,11.9,988,296,3.4,7,6.5,72,0,102,342,-382,2
3968500,2729500,5,31,13,11.4,988,299,4.5,7,6.8,78,0,103,342,-390,2
3968500,2729500,5,31,14,11.2,989,289,2.8,7,7.1,83,0,89,340,-401,2
3968500,2729500,5,31,15,12.0,989,267,4.0,7,7.5,86,0,78,340,-401,2
3968500,2729500,5,31,16,11.9,989,273,4.3,7,7.7,86,0,70,340,-400,2
3968500,2729500,5,31,17,12.2,989,292,3.5,7,7.9,88,0,64,340,-402,2
3968500,2729500,5,31,18,12.3,990,294,3.2,7,8.1,88,0,83,341,-397,2
3968500,2729500,5,31,19,11.7,990,327,4.1,7,8.2,91,0,44,342,-390,2
3968500,2729500,5,31,20,11.5,990,341,3.3,8,8.1,93,2,20,345,-384,2
3968500,2729500,5,31,21,10.7,991,347,4.0,8,7.8,93,0,0,349,-374,2
3968500,2729500,5,31,22,10.6,992,327,3.0,8,7.5,92,0,0,348,-365,2
3968500,2729500,5,31,23,10.4,993,325,1.4,8,7.3,90,0,0,347,-361,2
3968500,2729500,5,31,24,9.9,993,295,2.3,8,7.1,90,0,0,346,-361,2
3968500,2729500,6,1,1,9.4,992,310,2.0,6,7.0,94,0,0,321,-361,2
3968500,2729500,6,1,2,10.6,993,289,3.4,7,7.1,91,0,0,329,-362,2
3968500,2729500,6,1,3,10.5,992,313,2.4,6,7.3,90,0,0,330,-363,2
3968500,2729500,6,1,4,10.2,992,321,2.6,6,7.3,92,0,0,323,-363,2
3968500,2729500,6,1,5,10.4,992,295,3.4,6,7.4,93,0,2,322,-363,2
3968500,2729500,6,1,6,11.3,992,310,3.3,8,7.4,90,0,30,333,-363,2
3968500,2729500,6,1,7,12.2,992,314,4.5,4,7.4,84,50,127,323,-364,2
3968500,2729500,6,1,8,13.5,992,296,5.0,3,7.3,77,259,164,298,-367,2
3968500,2729500,6,1,9,14.7,992,311,5.5,1,7.0,68,508,163,286,-375,2
3968500,2729500,6,1,10,16.0,991,319,5.7,1,6.6,60,621,185,280,-382,2
3968500,2729500,6,1,11,16.1,991,329,5.2,2,6.5,56,654,210,286,-388,2
3968500,2729500,6,1,12,18.3,990,333,4.8,4,6.4,51,484,339,306,-391,2
3968500,2729500,6,1,13,18.0,990,317,4.4,5,6.5,49,51,378,327,-390,2
3968500,2729500,6,1,14,17.1,990,300,4.1,7,6.6,52,0,227,342,-392,2
3968500,2729500,6,1,15,17.4,990,310,3.5,8,6.6,52,0,120,356,-402,2
3968500,2729500,6,1,16,17.0,990,315,2.1,7,6.6,52,0,109,357,-414,2
3968500,2729500,6,1,17,16.7,990,37,2.0,8,6.8,55,0,72,356,-422,2
3968500,2729500,6,1,18,16.0,990,335,2.6,7,7.0,59,0,67,355,-416,2
3968500,2729500,6,1,19,15.3,990,322,1.7,8,7.2,64,0,39,353,-405,2
3968500,2729500,6,1,20,14.7,990,350,2.3,8,7.4,68,0,9,356,-397,2
3968500,2729500,6,1,21,13.4,990,309,2.7,8,7.3,71,0,0,353,-391,2
3968500,2729500,6,1,22,13.4,991,304,2.6,8,6.8,70,0,0,351,-385,2
3968500,2729500,6,1,23,13.2,991,327,2.7,8,6.5,66,0,0,350,-382,2
3968500,2729500,6,1,24,13.0,991,346,3.0,8,6.5,67,0,0,349,-379,2
3968500,2729500,6,2,1,12.1,991,322,2.4,8,6.7,72,0,0,348,-375,2
3968500,2729500,6,2,2,12.3,991,345,2.8,8,7.1,78,0,0,348,-370,2
3968500,2729500,6,2,3,11.2,991,12,2.5,8,7.5,85,0,0,348,-366,2
3968500,2729500,6,2,4,11.0,991,346,2.8,8,7.5,89,0,0,347,-361,2
3968500,2729500,6,2,5,11.2,991,319,3.0,8,7.4,88,0,4,346,-356,2
3968500,2729500,6,2,6,11.3,991,333,3.2,7,7.4,86,0,27,342,-356,2
3968500,2729500,6,2,7,11.6,992,322,3.6,7,7.4,86,19,90,336,-363,2
3968500,2729500,6,2,8,12.1,992,327,4.5,7,7.3,83,5,131,338,-375,2
3968500,2729500,6,2,9,12.2,992,329,4.2,7,7.4,82,0,134,340,-390,2
3968500,2729500,6,2,10,12.5,993,331,5.0,7,7.5,82,0,180,341,-405,2
3968500,2729500,6,2,11,13.1,993,345,5.1,7,7.5,79,0,180,342,-417,2
3968500,2729500,6,2,12,12.9,993,329,6.0,7,7.5,78,0,163,341,-426,2
3968500,2729500,6,2,13,12.8,994,312,5.0,8,7.7,81,0,154,345,-433,2
3968500,2729500,6,2,14,14.2,994,300,5.3,8,8.0,82,0,168,351,-437,2
3968500,2729500,6,2,15,16.0,994,314,4.9,7,8.3,76,10,252,352,-438,2
3968500,2729500,6,2,16,17.0,994,337,5.6,4,8.3,70,381,214,340,-438,2
3968500,2729500,6,2,17,17.8,994,314,5.1,3,8.2,64,370,137,326,-436,2
3968500,2729500,6,2,18,17.7,994,2,5.0,2,8.1,62,200,133,319,-430,2
3968500,2729500,6,2,19,16.9,994,340,4.2,2,8.0,64,85,96,314,-420,2
3968500,2729500,6,2,20,16.4,994,329,4.2,2,8.0,66,21,41,311,-409,2
3968500,2729500,6,2,21,15.7,994,321,3.7,2,7.9,68,0,0,309,-398,2
3968500,2729500,6,2,22,14.9,995,333,4.3,2,7.7,69,0,0,307,-389,2
3968500,2729500,6,2,23,14.0,995,347,3.6,2,7.4,71,0,0,304,-381,2
3968500,2729500,6,2,24,13.4,995,336,3.9,3,7.3,73,0,0,305,-375,2
3968500,2729500,6,3,1,12.9,996,332,3.7,4,7.1,74,0,0,310,-370,2
3968500,2729500,6,3,2,12.2,996,334,4.2,2,6.9,75,0,0,303,-366,2
3968500,2729500,6,3,3,11.7,996,338,4.1,1,6.8,77,0,0,289,-362,2
3968500,2729500,6,3,4,11.9,996,332,4.5,1,6.6,76,0,0,283,-360,2
3968500,2729500,6,3,5,12.3,996,324,4.8,1,6.5,73,3,13,284,-357,2
3968500,2729500,6,3,6,12.5,996,323,5.4,1,6.5,71,62,54,282,-357,2
3968500,2729500,6,3,7,13.5,996,313,5.3,0,6.6,69,203,81,278,-363,2
3968500,2729500,6,3,8,15.1,997,328,5.2,0,6.5,63,349,97,277,-375,2
3968500,2729500,6,3,9,17.3,996,330,5.5,1,6.3,54,499,104,286,-390,2
3968500,2729500,6,3,10,19.4,996,347,6.3,1,6.1,45,635,104,298,-405,2
3968500,2729500,6,3,11,19.9,996,335,6.7,1,6.1,42,757,88,303,-418,2
3968500,2729500,6,3,12,21.3,996,350,6.5,1,6.4,42,808,94,309,-429,2
3968500,2729500,6,3,13,21.3,996,343,5.8,1,6.3,39,821,95,311,-437,2
3968500,2729500,6,3,14,22.2,996,327,5.5,1,6.5,39,802,87,315,-442,2
3968500,2729500,6,3,15,22.4,996,345,5.8,0,7.0,41,718,94,316,-443,2
3968500,2729500,6,3,16,22.6,996,338,5.2,0,6.9,40,583,105,313,-441,2
3968500,2729500,6,3,17,22.1,995,340,4.1,0,6.7,39,433,108,312,-436,2
3968500,2729500,6,3,18,21.5,995,330,4.8,0,6.5,39,278,101,309,-431,2
3968500,2729500,6,3,19,20.4,995,328,4.0,0,6.4,40,131,83,306,-421,2
3968500,2729500,6,3,20,18.7,995,349,3.1,0,6.7,46,25,42,302,-409,2
3968500,2729500,6,3,21,17.0,996,351,3.2,0,7.1,54,0,0,297,-398,2
3968500,2729500,6,3,22,16.5,996,343,3.6,0,7.1,59,0,0,293,-389,2
3968500,2729500,6,3,23,15.7,997,331,3.1,0,7.0,60,0,0,290,-382,2
3968500,2729500,6,3,24,14.9,997,336,3.2,0,7.1,64,0,0,288,-376,2
3968500,2729500,6,4,1,13.1,997,311,2.6,0,7.5,74,0,0,283,-371,2
3968500,2729500,6,4,2,12.1,997,318,1.8,0,7.7,83,0,0,280,-367,2
3968500,2729500,6,4,3,11.5,997,325,2.0,0,7.6,87,0,0,276,-363,2
3968500,2729500,6,4,4,10.0,997,5,1.7,0,7.4,90,0,0,272,-361,2
3968500,2729500,6,4,5,9.0,997,117,0.6,0,7.1,94,7,16,267,-358,2
3968500,2729500,6,4,6,10.8,997,323,1.2,0,7.1,92,76,53,267,-358,2
3968500,2729500,6,4,7,13.1,998,328,1.7,0,7.3,83,197,82,272,-365,2
3968500,2729500,6,4,8,14.9,998,321,1.8,0,7.5,74,346,96,277,-377,2
3968500,2729500,6,4,9,16.5,998,339,2.1,1,7.5,66,505,99,287,-394,2
3968500,2729500,6,4,10,17.5,998,330,3.5,1,7.2,59,635,102,293,-410,2
3968500,2729500,6,4,11,19.1,998,342,3.6,0,7.0,52,760,85,297,-425,2
3968500,2729500,6,4,12,19.9,998,343,3.2,0,7.2,50,826,81,302,-437,2
3968500,2729500,6,4,13,20.6,998,332,3.5,0,6.4,43,839,83,305,-447,2
3968500,2729500,6,4,14,21.5,997,308,2.6,0,5.8,37,818,76,307,-453,2
3968500,2729500,6,4,15,22.4,997,295,2.9,0,6.3,38,731,86,313,-457,2
3968500,2729500,6,4,16,22.4,997,334,3.0,0,6.5,38,595,98,316,-456,2
3968500,2729500,6,4,17,22.3,997,350,3.3,0,6.7,39,440,104,316,-452,2
3968500,2729500,6,4,18,21.4,997,12,3.2,0,6.7,40,283,99,313,-444,2
3968500,2729500,6,4,19,20.3,997,3,3.2,0,6.3,41,137,80,308,-433,2
3968500,2729500,6,4,20,18.0,997,343,2.2,0,6.6,47,29,40,303,-420,2
3968500,2729500,6,4,21,16.3,997,351,1.9,0,6.9,56,0,0,298,-406,2
3968500,2729500,6,4,22,14.9,998,44,1.8,0,7.1,63,0,0,293,-394,2
3968500,2729500,6,4,23,12.7,999,46,1.2,0,7.4,74,0,0,288,-385,2
3968500,2729500,6,4,24,12.4,999,335,1.5,0,7.6,82,0,0,284,-379,2
3968500,2729500,6,5,1,10.5,999,124,1.2,0,7.5,88,0,0,282,-375,2
3968500,2729500,6,5,2,10.0,998,176,1.4,0,7.3,92,0,0,279,-372,2
3968500,2729500,6,5,3,9.8,998,356,1.4,0,7.2,93,0,0,277,-367,2
3968500,2729500,6,5,4,8.5,998,45,1.1,0,7.0,96,0,0,274,-362,2
3968500,2729500,6,5,5,9.2,998,51,1.6,0,7.0,97,8,17,273,-359,2
3968500,2729500,6,5,6,10.8,998,78,1.2,0,7.2,93,80,54,275,-360,2
3968500,2729500,6,5,7,13.4,999,69,0.9,0,7.4,83,197,86,280,-369,2
3968500,2729500,6,5,8,15.6,999,160,0.9,0,8.0,76,344,103,286,-387,2
3968500,2729500,6,5,9,18.1,998,154,1.1,0,8.2,68,494,111,293,-406,2
3968500,2729500,6,5,10,20.4,998,174,1.3,0,8.1,57,630,113,302,-424,2
3968500,2729500,6,5,11,22.9,997,133,1.3,0,8.1,49,743,103,313,-441,2
3968500,2729500,6,5,12,24.1,998,108,1.6,0,8.1,44,783,116,322,-457,2
3968500,2729500,6,5,13,24.6,997,307,2.1,0,7.9,41,795,117,325,-469,2
3968500,2729500,6,5,14,25.8,997,0,2.8,1,7.7,38,764,116,333,-477,2
3968500,2729500,6,5,15,25.7,996,123,2.9,1,8.1,39,684,119,340,-479,2
3968500,2729500,6,5,16,25.3,996,39,2.4,2,8.3,40,550,128,342,-475,2
3968500,2729500,6,5,17,25.7,995,80,1.7,2,8.0,38,392,134,343,-469,2
3968500,2729500,6,5,18,24.9,995,344,1.6,2,8.6,42,228,128,343,-460,2
3968500,2729500,6,5,19,23.9,995,336,1.6,2,9.3,48,77,101,340,-449,2
3968500,2729500,6,5,20,21.4,994,317,2.0,2,9.5,54,7,38,335,-435,2
3968500,2729500,6,5,21,19.8,994,300,1.7,2,9.0,58,0,0,328,-421,2
3968500,2729500,6,5,22,19.2,994,270,2.2,2,8.6,60,0,0,324,-408,2
3968500,2729500,6,5,23,17.5,994,320,1.8,3,8.7,65,0,0,323,-399,2
3968500,2729500,6,5,24,16.3,994,96,2.0,2,8.9,73,0,0,320,-395,2
3968500,2729500,6,6,1,14.8,994,110,1.0,2,8.9,79,0,0,314,-394,2
3968500,2729500,6,6,2,14.3,994,97,1.0,2,8.9,85,0,0,312,-392,2
3968500,2729500,6,6,3,12.4,993,49,1.0,1,8.8,90,0,0,307,-389,2
3968500,2729500,6,6,4,12.1,993,42,0.5,0,8.6,95,0,0,299,-386,2
3968500,2729500,6,6,5,12.0,993,349,0.9,2,8.7,97,3,15,301,-383,2
3968500,2729500,6,6,6,13.8,993,38,0.7,3,8.8,92,61,58,310,-383,2
3968500,2729500,6,6,7,15.2,993,136,0.8,3,9.0,85,132,111,317,-391,2
3968500,2729500,6,6,8,17.5,992,128,0.9,3,9.4,79,190,177,322,-406,2
3968500,2729500,6,6,9,19.4,991,169,1.6,3,10.1,75,250,231,330,-425,2
3968500,2729500,6,6,10,22.5,991,156,2.2,3,10.5,66,447,219,340,-444,2
3968500,2729500,6,6,11,24.3,991,184,2.5,2,10.2,55,556,222,345,-461,2
3968500,2729500,6,6,12,25.6,990,183,2.8,2,9.9,49,441,325,348,-474,2
3968500,2729500,6,6,13,26.7,990,181,3.2,2,8.8,41,428,338,351,-484,2
3968500,2729500,6,6,14,27.2,989,166,2.8,3,8.0,35,450,309,356,-489,2
3968500,2729500,6,6,15,26.7,988,181,3.2,2,8.4,37,571,195,359,-491,2
3968500,2729500,6,6,16,27.6,988,172,3.1,2,8.3,36,534,148,359,-489,2
3968500,2729500,6,6,17,26.2,987,181,3.3,3,8.4,37,188,214,363,-483,2
3968500,2729500,6,6,18,25.0,986,169,2.9,5,9.3,44,0,71,370,-475,2
3968500,2729500,6,6,19,16.9,986,235,5.9,7,10.6,67,0,25,371,-465,2
3968500,2729500,6,6,20,16.3,986,151,2.3,7,11.4,94,0,11,366,-456,2
3968500,2729500,6,6,21,15.9,987,167,3.0,8,11.4,97,0,0,369,-448,2
3968500,2729500,6,6,22,16.6,987,167,2.6,8,11.8,99,0,0,376,-441,2
3968500,2729500,6,6,23,16.5,987,178,2.9,8,11.9,98,0,0,379,-435,2
3968500,2729500,6,6,24,15.9,987,176,2.2,7,11.6,98,0,0,374,-432,2
3968500,2729500,6,7,1,16.0,986,189,2.2,8,11.7,100,0,0,373,-429,2
3968500,2729500,6,7,2,15.7,986,194,1.7,8,11.6,100,0,0,378,-425,2
3968500,2729500,6,7,3,15.6,986,165,1.1,8,11.4,99,0,0,377,-420,2
3968500,2729500,6,7,4,15.4,986,187,2.0,7,11.3,99,0,0,372,-415,2
3968500,2729500,6,7,5,15.4,986,179,2.4,7,11.3,100,4,13,368,-411,2
3968500,2729500,6,7,6,15.4,986,181,2.4,5,10.8,96,40,44,358,-408,2
3968500,2729500,6,7,7,14.6,987,225,3.1,6,9.9,90,51,92,350,-408,2
3968500,2729500,6,7,8,14.7,987,228,3.9,6,9.3,87,38,140,354,-411,2
3968500,2729500,6,7,9,15.1,988,234,3.4,7,9.3,85,2,160,358,-416,2
3968500,2729500,6,7,10,15.5,988,244,3.2,7,9.3,83,1,194,364,-421,2
3968500,2729500,6,7,11,15.7,989,231,4.8,7,9.2,81,5,221,365,-424,2
3968500,2729500,6,7,12,17.1,989,260,4.3,6,9.3,78,14,274,363,-425,2
3968500,2729500,6,7,13,18.3,989,260,4.5,6,9.4,72,107,338,362,-430,2
3968500,2729500,6,7,14,18.7,989,241,4.8,7,9.0,66,75,319,367,-436,2
3968500,2729500,6,7,15,20.1,988,240,4.0,7,8.5,59,140,290,372,-440,2
3968500,2729500,6,7,16,20.2,988,278,3.4,6,8.5,56,247,221,369,-441,2
3968500,2729500,6,7,17,19.5,988,256,3.3,6,8.3,56,306,114,362,-438,2
3968500,2729500,6,7,18,19.7,988,222,2.1,6,8.2,56,123,123,360,-432,2
3968500,2729500,6,7,19,19.1,988,263,2.8,3,8.3,58,116,67,346,-424,2
3968500,2729500,6,7,20,16.9,988,287,1.9,4,8.4,64,48,28,332,-414,2
3968500,2729500,6,7,21,15.8,988,356,1.9,4,8.7,73,0,0,329,-403,2
3968500,2729500,6,7,22,13.6,988,46,1.2,3,8.8,82,0,0,317,-395,2
3968500,2729500,6,7,23,13.8,989,337,1.4,3,8.8,87,0,0,308,-389,2
3968500,2729500,6,7,24,13.1,988,46,1.2,4,8.7,88,0,0,310,-384,2
3968500,2729500,6,8,1,12.0,988,195,1.3,4,8.5,91,0,0,311,-379,2
3968500,2729500,6,8,2,11.1,988,302,1.5,2,8.4,96,0,0,299,-375,2
3968500,2729500,6,8,3,10.7,988,44,1.4,2,8.3,99,0,0,287,-373,2
3968500,2729500,6,8,4,10.2,987,190,1.4,3,8.1,100,0,0,289,-372,2
3968500,2729500,6,8,5,10.1,987,294,1.4,3,8.0,100,0,8,291,-373,2
3968500,2729500,6,8,6,11.0,987,115,1.5,4,8.1,100,17,52,295,-376,2
3968500,2729500,6,8,7,12.7,987,136,1.3,5,8.5,96,90,131,308,-384,2
3968500,2729500,6,8,8,15.7,987,143,1.9,6,9.0,87,176,192,327,-396,2
3968500,2729500,6,8,9,17.4,986,197,1.5,5,9.3,76,150,260,336,-403,2
3968500,2729500,6,8,10,19.2,986,188,1.3,5,9.3,69,276,285,341,-405,2
3968500,2729500,6,8,11,20.9,986,29,3.2,5,9.4,62,419,294,350,-406,2
3968500,2729500,6,8,12,21.8,986,146,2.5,7,9.1,56,239,406,364,-411,2
3968500,2729500,6,8,13,22.8,985,166,3.0,7,9.0,52,158,415,377,-417,2
3968500,2729500,6,8,14,23.9,985,154,4.1,5,9.2,50,211,402,376,-418,2
3968500,2729500,6,8,15,23.8,984,174,3.7,5,9.0,47,218,365,375,-419,2
3968500,2729500,6,8,16,22.9,984,166,3.2,7,9.3,50,36,275,380,-424,2
3968500,2729500,6,8,17,22.8,984,116,3.0,7,9.7,54,8,183,387,-432,2
3968500,2729500,6,8,18,21.9,983,208,3.8,6,9.9,56,12,145,382,-434,2
3968500,2729500,6,8,19,19.9,984,176,2.9,7,10.1,63,0,44,379,-428,2
3968500,2729500,6,8,20,18.6,984,155,3.2,7,10.3,71,0,19,378,-420,2
3968500,2729500,6,8,21,17.5,983,147,2.7,8,10.1,76,0,0,377,-415,2
3968500,2729500,6,8,22,17.0,984,148,1.6,8,10.1,79,0,0,379,-411,2
3968500,2729500,6,8,23,16.4,984,143,1.5,7,10.2,83,0,0,373,-409,2
3968500,2729500,6,8,24,15.4,984,138,2.2,7,10.1,86,0,0,367,-408,2
3968500,2729500,6,9,1,15.8,984,164,2.3,7,10.0,88,0,0,365,-407,2
3968500,2729500,6,9,2,15.3,984,145,2.1,7,10.0,88,0,0,363,-406,2
3968500,2729500,6,9,3,15.8,984,140,2.1,8,10.0,88,0,0,368,-405,2
3968500,2729500,6,9,4,15.3,984,147,1.6,8,10.0,88,0,0,372,-405,2
3968500,2729500,6,9,5,15.9,984,169,1.5,7,10.3,90,0,5,368,-405,2
3968500,2729500,6,9,6,17.0,984,117,1.2,6,10.8,89,15,58,358,-405,2
3968500,2729500,6,9,7,18.0,984,144,1.5,4,10.9,84,89,147,344,-407,2
3968500,2729500,6,9,8,19.5,984,164,1.9,5,11.0,79,220,198,343,-409,2
3968500,2729500,6,9,9,20.6,985,151,2.3,3,11.4,75,315,256,345,-408,2
3968500,2729500,6,9,10,21.9,985,163,2.9,4,11.9,73,229,340,349,-407,2
3968500,2729500,6,9,11,24.1,985,139,2.6,5,12.4,68,341,373,367,-408,2
3968500,2729500,6,9,12,24.5,985,170,3.7,5,11.9,61,343,429,377,-415,2
3968500,2729500,6,9,13,26.2,984,92,4.1,4,11.2,53,436,402,377,-430,2
3968500,2729500,6,9,14,26.9,984,114,4.5,4,10.3,46,518,341,377,-449,2
3968500,2729500,6,9,15,26.5,984,173,3.4,5,9.4,42,235,402,381,-460,2
3968500,2729500,6,9,16,26.6,984,195,2.9,5,9.6,43,130,345,385,-464,2
3968500,2729500,6,9,17,26.3,984,178,2.7,6,10.0,45,8,199,388,-461,2
3968500,2729500,6,9,18,24.7,984,237,1.8,8,10.7,51,0,40,397,-455,2
3968500,2729500,6,9,19,24.1,984,46,2.3,8,11.4,57,0,20,402,-449,2
3968500,2729500,6,9,20,22.0,984,60,2.7,7,12.0,66,0,7,395,-442,2
3968500,2729500,6,9,21,19.6,984,49,3.8,7,12.8,80,0,0,384,-434,2
3968500,2729500,6,9,22,18.3,985,225,2.3,7,12.6,88,0,0,378,-428,2
3968500,2729500,6,9,23,18.0,984,72,1.7,8,12.1,90,0,0,381,-424,2
3968500,2729500,6,9,24,17.8,984,316,2.4,7,12.1,91,0,0,381,-421,2
3968500,2729500,6,10,1,17.1,984,339,3.9,7,12.2,94,0,0,376,-419,2
3968500,2729500,6,10,2,15.6,984,24,1.8,8,11.8,98,0,0,377,-416,2
3968500,2729500,6,10,3,15.8,984,355,1.3,8,11.5,99,0,0,378,-413,2
3968500,2729500,6,10,4,15.7,984,99,1.5,8,11.5,99,0,0,379,-413,2
3968500,2729500,6,10,5,15.7,983,11,1.8,8,11.5,100,0,3,379,-414,2
3968500,2729500,6,10,6,16.0,984,131,1.4,8,11.7,100,0,13,380,-413,2
3968500,2729500,6,10,7,16.8,984,161,2.2,8,12.0,99,0,27,382,-415,2
3968500,2729500,6,10,8,17.4,984,165,3.1,7,12.3,97,0,110,379,-422,2
3968500,2729500,6,10,9,18.1,984,177,2.8,7,12.4,94,7,195,376,-429,2
3968500,2729500,6,10,10,19.6,985,159,2.6,7,12.7,90,45,323,380,-433,2
3968500,2729500,6,10,11,21.5,985,9,2.0,6,13.0,83,92,399,382,-436,2
3968500,2729500,6,10,12,22.9,985,93,1.5,7,12.8,74,65,414,387,-440,2
3968500,2729500,6,10,13,23.8,985,161,1.7,6,12.9,70,176,467,391,-445,2
3968500,2729500,6,10,14,25.9,985,165,1.5,5,12.7,62,410,402,386,-443,2
3968500,2729500,6,10,15,26.1,984,178,0.7,7,12.5,58,126,406,396,-434,2
3968500,2729500,6,10,16,27.1,984,165,2.2,6,12.7,56,234,349,404,-432,2
3968500,2729500,6,10,17,27.3,984,33,2.5,6,12.6,54,179,279,402,-439,2
3968500,2729500,6,10,18,27.0,983,73,3.3,5,12.0,52,113,207,397,-443,2
3968500,2729500,6,10,19,26.3,983,46,2.5,4,12.3,54,55,128,390,-440,2
3968500,2729500,6,10,20,24.0,983,22,1.1,6,13.5,65,19,53,390,-433,2
3968500,2729500,6,10,21,22.1,983,350,1.1,4,13.3,72,0,0,383,-425,2
3968500,2729500,6,10,22,21.8,983,302,2.2,1,12.9,75,0,0,362,-419,2
3968500,2729500,6,10,23,20.4,983,313,2.0,1,12.7,78,0,0,349,-414,2
3968500,2729500,6,10,24,19.6,983,328,2.0,1,12.5,83,0,0,344,-411,2
3968500,2729500,6,11,1,19.0,983,321,2.7,4,12.6,86,0,0,351,-409,2
3968500,2729500,6,11,2,18.1,982,260,5.2,7,12.8,92,0,0,369,-408,2
3968500,2729500,6,11,3,17.1,984,249,2.0,7,12.5,96,0,0,375,-405,2
3968500,2729500,6,11,4,16.5,984,56,1.4,8,12.1,98,0,0,376,-403,2
3968500,2729500,6,11,5,16.2,984,204,1.7,6,12.0,100,3,15,371,-402,2
3968500,2729500,6,11,6,16.9,983,151,2.6,6,12.1,99,0,27,363,-401,2
3968500,2729500,6,11,7,17.3,983,166,3.3,7,12.4,98,0,31,369,-402,2
3968500,2729500,6,11,8,17.7,983,182,4.7,7,12.4,95,0,78,376,-404,2
3968500,2729500,6,11,9,17.1,984,173,4.4,7,12.1,94,34,220,375,-406,2
3968500,2729500,6,11,10,17.6,984,147,4.1,7,12.0,94,257,259,376,-407,2
3968500,2729500,6,11,11,19.9,984,157,4.3,7,11.8,84,330,291,380,-406,2
3968500,2729500,6,11,12,21.5,985,165,5.7,6,11.7,74,342,345,383,-404,2
3968500,2729500,6,11,13,22.9,985,199,4.8,4,11.9,69,446,307,375,-402,2
3968500,2729500,6,11,14,23.7,984,193,5.1,2,11.8,64,630,188,362,-400,2
3968500,2729500,6,11,15,24.3,984,188,5.2,3,11.4,59,495,221,359,-402,2
3968500,2729500,6,11,16,24.7,984,197,4.7,1,10.4,52,513,143,356,-402,2
3968500,2729500,6,11,17,24.5,984,196,4.8,1,10.3,52,464,92,349,-399,2
3968500,2729500,6,11,18,24.5,984,188,4.1,0,10.4,52,297,93,343,-400,2
3968500,2729500,6,11,19,23.2,984,215,3.7,1,10.0,52,114,93,338,-402,2
3968500,2729500,6,11,20,20.5,984,228,2.8,2,10.3,61,11,43,340,-397,2
3968500,2729500,6,11,21,20.3,985,267,2.9,3,10.2,66,0,0,343,-389,2
3968500,2729500,6,11,22,19.4,986,284,4.3,4,9.5,64,0,0,347,-381,2
3968500,2729500,6,11,23,17.6,986,274,3.3,4,9.5,69,0,0,346,-376,2
3968500,2729500,6,11,24,16.2,986,22,1.9,5,9.8,79,0,0,345,-374,2
3968500,2729500,6,12,1,15.4,987,9,1.9,8,9.7,84,0,0,358,-372,2
3968500,2729500,6,12,2,14.6,987,45,1.9,8,9.4,86,0,0,367,-369,2
3968500,2729500,6,12,3,14.1,987,24,2.1,8,9.2,88,0,0,363,-365,2
3968500,2729500,6,12,4,13.6,987,205,1.4,7,9.2,90,0,0,358,-362,2
3968500,2729500,6,12,5,14.2,987,59,1.7,7,9.3,91,0,3,353,-360,2
3968500,2729500,6,12,6,14.4,987,354,1.9,7,9.3,89,0,16,354,-359,2
3968500,2729500,6,12,7,15.0,987,26,1.6,7,9.2,86,0,53,355,-364,2
3968500,2729500,6,12,8,15.1,987,55,1.6,8,9.3,85,0,82,360,-375,2
3968500,2729500,6,12,9,15.8,987,44,1.8,7,9.5,84,4,158,360,-392,2
3968500,2729500,6,12,10,16.4,987,80,2.3,6,9.6,82,51,213,353,-408,2
3968500,2729500,6,12,11,16.7,987,265,2.0,7,9.9,82,8,224,353,-418,2
3968500,2729500,6,12,12,17.7,987,250,2.1,7,10.0,79,0,194,360,-425,2
3968500,2729500,6,12,13,18.3,987,335,3.2,6,10.1,76,8,239,359,-434,2
3968500,2729500,6,12,14,13.6,987,335,5.6,8,9.2,79,0,206,355,-439,2
3968500,2729500,6,12,15,12.3,987,346,4.9,7,8.0,84,0,82,348,-440,2
3968500,2729500,6,12,16,12.3,988,15,3.3,7,8.1,88,0,89,342,-438,2
3968500,2729500,6,12,17,12.2,989,358,2.8,7,8.1,88,0,100,344,-431,2
3968500,2729500,6,12,18,11.7,990,155,2.2,7,8.1,90,0,92,344,-423,2
3968500,2729500,6,12,19,11.8,990,147,2.1,6,8.3,94,21,69,342,-413,2
3968500,2729500,6,12,20,11.5,990,179,2.0,8,8.5,96,21,23,348,-403,2
3968500,2729500,6,12,21,11.5,991,175,2.6,7,8.4,97,0,0,353,-392,2
3968500,2729500,6,12,22,10.8,991,165,2.9,5,8.3,97,0,0,338,-383,2
3968500,2729500,6,12,23,10.3,992,134,1.8,4,8.1,99,0,0,320,-376,2
3968500,2729500,6,12,24,10.7,992,284,4.3,2,7.9,98,0,0,304,-370,2
3968500,2729500,6,13,1,10.3,993,298,3.3,3,7.6,94,0,0,296,-367,2
3968500,2729500,6,13,2,9.3,993,298,1.9,2,7.2,93,0,0,291,-365,2
3968500,2729500,6,13,3,9.3,993,289,1.7,2,6.9,93,0,0,283,-360,2
3968500,2729500,6,13,4,8.6,993,293,1.2,3,6.8,93,0,0,285,-356,2
3968500,2729500,6,13,5,8.0,993,223,1.1,2,6.6,95,3,16,281,-353,2
3968500,2729500,6,13,6,9.3,993,211,1.1,0,6.5,92,55,63,266,-353,2
3968500,2729500,6,13,7,10.3,994,83,1.7,4,6.7,87,53,120,275,-361,2
3968500,2729500,6,13,8,11.1,995,318,3.3,6,6.5,80,96,183,302,-373,2
3968500,2729500,6,13,9,11.9,995,326,2.6,7,6.2,72,75,239,314,-387,2
3968500,2729500,6,13,10,12.0,995,334,2.5,7,6.1,68,62,313,317,-402,2
3968500,2729500,6,13,11,13.2,995,332,2.5,7,5.8,63,95,366,317,-417,2
3968500,2729500,6,13,12,14.2,995,46,1.9,5,5.7,57,231,404,312,-430,2
3968500,2729500,6,13,13,14.8,995,36,2.9,4,5.9,56,351,377,305,-436,2
3968500,2729500,6,13,14,14.7,994,317,2.9,5,6.1,57,410,336,307,-434,2
3968500,2729500,6,13,15,16.1,994,6,3.1,5,6.1,55,517,238,314,-431,2
3968500,2729500,6,13,16,16.5,993,347,2.4,4,6.2,52,455,203,315,-432,2
3968500,2729500,6,13,17,16.3,992,293,2.9,2,6.2,53,371,165,306,-430,2
3968500,2729500,6,13,18,16.6,992,350,2.7,2,6.4,53,242,138,298,-423,2
3968500,2729500,6,13,19,15.3,991,5,2.4,2,6.4,56,109,105,294,-415,2
3968500,2729500,6,13,20,14.1,991,354,2.4,2,6.5,61,37,50,288,-408,2
3968500,2729500,6,13,21,11.9,991,341,1.7,1,6.7,70,0,5,278,-400,2
3968500,2729500,6,13,22,11.1,992,344,1.6,1,6.8,78,0,0,267,-393,2
3968500,2729500,6,13,23,10.0,992,12,2.5,1,6.7,83,0,0,261,-388,2
3968500,2729500,6,13,24,9.6,992,347,2.7,3,6.6,85,0,0,266,-386,2
3968500,2729500,6,14,1,8.9,991,16,2.5,4,6.4,87,0,0,279,-385,2
3968500,2729500,6,14,2,9.6,991,342,2.1,4,6.4,86,0,0,285,-383,2
3968500,2729500,6,14,3,9.3,992,322,1.5,6,6.4,85,0,0,298,-380,2
3968500,2729500,6,14,4,9.3,991,327,1.8,6,6.5,87,0,0,308,-378,2
3968500,2729500,6,14,5,8.7,991,315,2.0,5,6.6,90,0,8,303,-375,2
3968500,2729500,6,14,6,10.5,992,348,2.3,3,6.6,86,59,54,287,-375,2
3968500,2729500,6,14,7,12.7,992,6,1.9,3,6.8,78,178,81,280,-379,2
3968500,2729500,6,14,8,14.2,992,61,2.6,5,7.0,71,229,147,295,-388,2
3968500,2729500,6,14,9,16.1,992,41,2.9,4,7.0,63,447,120,306,-399,2
3968500,2729500,6,14,10,17.0,992,64,2.7,5,6.8,56,479,179,312,-412,2
3968500,2729500,6,14,11,18.5,992,82,2.9,4,7.0,54,518,199,319,-424,2
3968500,2729500,6,14,12,18.5,993,43,3.2,3,7.1,52,485,277,312,-432,2
3968500,2729500,6,14,13,18.8,993,27,2.6,3,6.7,49,516,269,308,-438,2
3968500,2729500,6,14,14,19.9,993,97,1.9,4,6.6,46,409,305,317,-439,2
3968500,2729500,6,14,15,19.6,993,84,1.9,5,6.5,45,335,297,329,-437,2
3968500,2729500,6,14,16,20.2,993,283,1.9,5,6.4,43,253,270,334,-437,2
3968500,2729500,6,14,17,20.2,993,2,3.0,4,6.5,43,227,209,331,-437,2
3968500,2729500,6,14,18,20.1,992,25,3.0,3,6.6,44,200,139,322,-431,2
3968500,2729500,6,14,19,18.8,993,356,3.1,2,6.5,45,135,85,310,-422,2
3968500,2729500,6,14,20,17.4,993,32,3.1,3,6.8,51,43,45,305,-412,2
3968500,2729500,6,14,21,15.3,994,1,2.7,3,7.3,61,0,4,305,-402,2
3968500,2729500,6,14,22,14.2,995,311,1.9,4,7.5,70,0,0,306,-394,2
3968500,2729500,6,14,23,12.7,995,322,1.5,4,7.5,77,0,0,307,-387,2
3968500,2729500,6,14,24,12.1,996,323,1.0,3,7.4,81,0,0,298,-379,2
3968500,2729500,6,15,1,10.8,997,7,1.0,2,7.3,86,0,0,286,-373,2
3968500,2729500,6,15,2,10.8,997,359,1.2,3,7.3,88,0,0,284,-369,2
3968500,2729500,6,15,3,9.8,996,5,1.3,3,7.2,90,0,0,286,-365,2
3968500,2729500,6,15,4,9.4,996,341,2.4,3,7.1,94,0,0,284,-361,2
3968500,2729500,6,15,5,10.0,997,337,3.0,3,7.1,93,0,8,285,-359,2
3968500,2729500,6,15,6,10.9,997,325,3.4,5,7.3,90,3,35,295,-359,2
3968500,2729500,6,15,7,11.3,998,338,3.3,7,7.5,90,2,79,315,-365,2
3968500,2729500,6,15,8,12.3,999,329,3.9,6,7.5,86,44,164,320,-376,2
3968500,2729500,6,15,9,13.4,998,321,3.8,6,7.5,80,184,222,318,-389,2
3968500,2729500,6,15,10,14.0,999,307,4.0,6,7.4,75,420,191,319,-402,2
3968500,2729500,6,15,11,15.4,999,333,4.3,4,7.5,71,545,168,316,-414,2
3968500,2729500,6,15,12,16.1,999,340,4.7,4,7.6,67,293,348,314,-424,2
3968500,2729500,6,15,13,17.2,999,328,5.0,4,7.5,63,318,347,319,-432,2
3968500,2729500,6,15,14,17.3,999,311,6.2,4,7.6,61,302,339,322,-438,2
3968500,2729500,6,15,15,17.3,999,336,5.9,3,7.6,61,349,282,321,-440,2
3968500,2729500,6,15,16,17.3,999,328,5.4,3,7.4,59,347,224,318,-438,2
3968500,2729500,6,15,17,17.4,999,352,5.1,2,6.9,55,268,186,314,-436,2
3968500,2729500,6,15,18,17.2,999,355,4.9,1,6.3,51,258,106,306,-430,2
3968500,2729500,6,15,19,16.7,998,332,4.5,1,5.9,49,168,67,300,-422,2
3968500,2729500,6,15,20,14.6,999,352,4.1,1,5.8,52,46,44,295,-412,2
3968500,2729500,6,15,21,13.5,999,16,4.0,1,5.7,57,0,4,289,-403,2
3968500,2729500,6,15,22,11.4,1000,24,4.9,1,5.8,63,0,0,281,-396,2
3968500,2729500,6,15,23,11.2,1000,353,3.3,0,5.8,69,0,0,271,-391,2
3968500,2729500,6,15,24,9.3,1000,1,3.4,0,5.8,74,0,0,264,-386,2
3968500,2729500,6,16,1,9.9,1000,13,4.1,3,6.0,80,0,0,273,-380,2
3968500,2729500,6,16,2,9.1,1000,346,2.8,3,6.3,84,0,0,281,-374,2
3968500,2729500,6,16,3,8.5,1000,4,1.9,3,6.4,89,0,0,279,-370,2
3968500,2729500,6,16,4,8.8,1000,12,2.3,4,6.5,92,0,0,281,-368,2
3968500,2729500,6,16,5,8.4,1000,31,2.6,3,6.7,95,5,17,282,-366,2
3968500,2729500,6,16,6,9.9,1000,30,4.0,2,6.8,92,80,55,283,-368,2
3968500,2729500,6,16,7,11.5,999,16,5.0,2,6.8,84,207,82,285,-375,2
3968500,2729500,6,16,8,13.1,1000,49,5.3,2,6.5,72,362,95,289,-386,2
3968500,2729500,6,16,9,14.7,1000,30,5.4,1,6.3,62,512,99,291,-399,2
3968500,2729500,6,16,10,16.3,999,28,6.4,1,6.3,57,655,94,295,-412,2
3968500,2729500,6,16,11,16.9,999,52,5.2,2,6.6,55,701,125,301,-424,2
3968500,2729500,6,16,12,18.8,999,31,5.9,3,6.7,52,619,215,311,-434,2
3968500,2729500,6,16,13,19.7,999,41,6.8,3,6.4,45,594,239,319,-440,2
3968500,2729500,6,16,14,19.8,998,31,6.1,3,6.2,43,522,263,322,-445,2
3968500,2729500,6,16,15,21.2,998,63,5.9,3,6.5,42,646,142,325,-445,2
3968500,2729500,6,16,16,20.3,998,62,6.5,2,6.4,41,577,116,323,-444,2
3968500,2729500,6,16,17,20.7,997,45,6.0,2,6.0,39,437,114,317,-440,2
3968500,2729500,6,16,18,19.9,997,45,5.3,1,5.7,38,299,100,312,-432,2
3968500,2729500,6,16,19,19.1,997,45,5.5,2,5.8,40,154,83,307,-424,2
3968500,2729500,6,16,20,17.8,997,34,4.3,2,6.0,45,37,48,306,-416,2
3968500,2729500,6,16,21,15.6,997,14,3.4,1,6.1,51,0,1,296,-409,2
3968500,2729500,6,16,22,13.6,998,341,2.5,1,6.2,59,0,0,283,-403,2
3968500,2729500,6,16,23,13.0,998,318,2.7,1,6.1,64,0,0,276,-399,2
3968500,2729500,6,16,24,13.2,998,311,2.4,2,6.0,63,0,0,279,-396,2
3968500,2729500,6,17,1,11.5,998,300,1.9,0,6.0,66,0,0,272,-394,2
3968500,2729500,6,17,2,11.4,998,337,2.4,1,5.9,69,0,0,265,-392,2
3968500,2729500,6,17,3,11.1,998,326,2.3,1,5.9,70,0,0,269,-390,2
3968500,2729500,6,17,4,11.2,997,315,2.5,1,5.9,71,0,0,269,-388,2
3968500,2729500,6,17,5,11.1,997,324,2.8,1,6.0,71,4,16,270,-387,2
3968500,2729500,6,17,6,12.4,998,342,3.3,1,6.1,70,71,62,272,-385,2
3968500,2729500,6,17,7,13.9,997,356,3.8,2,6.4,67,170,102,281,-383,2
3968500,2729500,6,17,8,16.2,997,39,4.4,2,6.6,61,315,122,291,-382,2
3968500,2729500,6,17,9,17.8,997,59,5.3,1,6.6,54,491,117,294,-383,2
3968500,2729500,6,17,10,19.0,996,35,6.4,1,6.6,49,631,113,297,-382,2
3968500,2729500,6,17,11,19.9,996,39,6.1,2,6.4,44,758,99,307,-381,2
3968500,2729500,6,17,12,20.9,995,42,5.7,2,6.2,41,811,105,316,-380,2
3968500,2729500,6,17,13,22.1,995,45,3.8,2,6.5,40,759,146,323,-381,2
3968500,2729500,6,17,14,21.8,995,47,3.8,3,6.6,40,522,271,330,-385,2
3968500,2729500,6,17,15,22.6,994,55,5.2,3,6.1,36,291,338,334,-389,2
3968500,2729500,6,17,16,22.7,994,61,4.7,4,6.3,36,156,311,340,-388,2
3968500,2729500,6,17,17,21.9,993,70,4.6,5,6.6,39,70,251,346,-384,2
3968500,2729500,6,17,18,21.1,993,54,4.2,2,6.6,40,220,142,337,-382,2
3968500,2729500,6,17,19,20.3,992,16,3.2,2,6.7,43,151,88,323,-381,2
3968500,2729500,6,17,20,18.9,992,40,2.1,3,6.9,48,24,50,323,-381,2
3968500,2729500,6,17,21,17.2,992,336,2.0,3,7.1,54,0,4,322,-381,2
3968500,2729500,6,17,22,16.4,992,315,2.4,3,7.1,58,0,0,318,-380,2
3968500,2729500,6,17,23,15.4,993,343,2.3,1,7.1,62,0,0,307,-378,2
3968500,2729500,6,17,24,13.1,993,46,2.6,1,7.1,69,0,0,294,-377,2
3968500,2729500,6,18,1,12.2,992,355,2.5,0,7.3,78,0,0,286,-377,2
3968500,2729500,6,18,2,10.6,992,49,1.7,0,7.4,86,0,0,278,-378,2
3968500,2729500,6,18,3,10.2,992,40,1.7,0,7.2,90,0,0,274,-378,2
3968500,2729500,6,18,4,10.0,991,24,2.0,1,7.0,90,0,0,276,-378,2
3968500,2729500,6,18,5,9.5,991,97,2.4,1,7.0,91,5,17,279,-377,2
3968500,2729500,6,18,6,12.5,990,36,3.5,1,7.2,86,98,53,281,-377,2
3968500,2729500,6,18,7,14.7,990,10,4.0,1,7.6,76,242,68,285,-380,2
3968500,2729500,6,18,8,16.0,990,17,4.7,1,8.0,72,416,65,289,-389,2
3968500,2729500,6,18,9,17.2,990,334,5.1,1,8.5,71,594,52,293,-401,2
3968500,2729500,6,18,10,17.1,989,328,5.7,1,8.7,70,726,64,295,-412,2
3968500,2729500,6,18,11,17.1,989,324,5.6,1,8.5,68,779,68,297,-423,2
3968500,2729500,6,18,12,17.1,989,335,5.6,2,8.5,68,524,262,305,-431,2
3968500,2729500,6,18,13,15.7,989,343,5.7,6,8.3,70,83,386,326,-438,2
3968500,2729500,6,18,14,14.8,989,303,6.0,8,8.1,73,2,255,350,-443,2
3968500,2729500,6,18,15,15.9,989,309,4.9,7,7.9,70,13,276,354,-440,2
3968500,2729500,6,18,16,17.6,989,298,4.8,6,7.5,61,231,290,349,-440,2
3968500,2729500,6,18,17,16.6,988,301,6.2,6,7.5,60,103,249,344,-441,2
3968500,2729500,6,18,18,15.7,988,284,5.5,7,7.7,65,6,146,343,-430,2
3968500,2729500,6,18,19,14.5,988,274,4.4,7,7.9,72,0,74,342,-417,2
3968500,2729500,6,18,20,14.2,988,290,4.8,8,8.1,77,0,12,343,-410,2
3968500,2729500,6,18,21,13.4,987,325,4.9,8,7.5,74,0,2,344,-402,2
3968500,2729500,6,18,22,12.1,987,309,4.3,7,6.8,72,0,0,335,-390,2
3968500,2729500,6,18,23,11.3,988,314,3.1,7,6.2,71,0,0,327,-379,2
3968500,2729500,6,18,24,11.0,988,300,4.3,7,5.8,69,0,0,326,-372,2
3968500,2729500,6,19,1,10.3,987,289,4.2,8,5.6,69,0,0,330,-367,2
3968500,2729500,6,19,2,10.1,987,294,3.4,8,5.6,71,0,0,335,-361,2
3968500,2729500,6,19,3,9.8,987,274,3.5,8,5.6,72,0,0,334,-360,2
3968500,2729500,6,19,4,9.6,986,274,3.7,8,5.7,74,0,0,335,-360,2
3968500,2729500,6,19,5,9.4,986,302,2.9,8,5.8,76,0,3,335,-359,2
3968500,2729500,6,19,6,9.1,986,285,3.9,8,5.9,78,0,22,335,-359,2
3968500,2729500,6,19,7,9.2,986,253,2.0,8,5.9,80,0,68,334,-363,2
3968500,2729500,6,19,8,10.2,986,280,3.6,7,5.8,76,47,167,328,-367,2
3968500,2729500,6,19,9,11.2,985,290,4.0,7,5.7,69,168,193,324,-372,2
3968500,2729500,6,19,10,11.8,985,271,4.3,8,5.3,61,57,270,331,-377,2
3968500,2729500,6,19,11,12.6,985,279,4.1,8,5.3,58,0,203,337,-380,2
3968500,2729500,6,19,12,13.2,985,267,3.3,8,5.4,56,11,281,339,-385,2
3968500,2729500,6,19,13,14.2,984,268,3.9,8,5.4,54,0,219,339,-391,2
3968500,2729500,6,19,14,14.4,984,259,3.9,8,5.8,55,1,238,339,-395,2
3968500,2729500,6,19,15,13.1,984,288,3.8,8,6.0,60,7,238,337,-393,2
3968500,2729500,6,19,16,13.0,984,257,4.7,8,6.0,62,25,234,335,-391,2
3968500,2729500,6,19,17,14.1,984,241,3.3,7,6.1,61,210,152,332,-391,2
3968500,2729500,6,19,18,14.4,984,289,3.0,8,6.5,62,39,149,336,-387,2
3968500,2729500,6,19,19,11.9,984,255,4.3,7,6.3,65,43,91,334,-383,2
3968500,2729500,6,19,20,11.5,984,249,2.9,7,6.0,68,5,39,326,-378,2
3968500,2729500,6,19,21,10.5,984,280,2.6,8,6.1,72,0,1,330,-372,2
3968500,2729500,6,19,22,9.4,985,270,1.3,5,6.1,78,0,0,317,-368,2
3968500,2729500,6,19,23,8.3,985,217,2.0,5,6.1,84,0,0,299,-365,2
3968500,2729500,6,19,24,8.3,986,253,1.9,6,6.1,87,0,0,303,-363,2
3968500,2729500,6,20,1,8.9,986,130,2.2,7,6.1,85,0,0,313,-362,2
3968500,2729500,6,20,2,8.9,986,221,1.6,8,6.0,83,0,0,325,-359,2
3968500,2729500,6,20,3,8.6,986,240,1.6,8,6.0,83,0,0,331,-357,2
3968500,2729500,6,20,4,8.7,986,236,1.6,8,6.0,84,0,0,329,-356,2
3968500,2729500,6,20,5,8.5,987,250,1.1,8,6.1,85,0,3,330,-356,2
3968500,2729500,6,20,6,9.1,987,151,0.8,8,6.2,86,0,19,330,-357,2
3968500,2729500,6,20,7,9.7,988,195,1.0,7,6.3,84,0,75,328,-359,2
3968500,2729500,6,20,8,10.3,988,291,1.6,7,6.5,83,13,177,325,-366,2
3968500,2729500,6,20,9,10.8,988,286,2.2,7,6.6,81,4,203,326,-377,2
3968500,2729500,6,20,10,11.8,989,312,2.4,6,6.2,73,22,285,323,-387,2
3968500,2729500,6,20,11,12.2,990,343,3.1,8,6.2,70,10,291,328,-397,2
3968500,2729500,6,20,12,13.3,990,319,2.7,7,6.5,70,24,328,334,-410,2
3968500,2729500,6,20,13,13.8,990,291,2.5,6,6.5,65,108,394,330,-411,2
3968500,2729500,6,20,14,14.4,990,277,2.9,7,6.1,59,0,234,329,-419,2
3968500,2729500,6,20,15,14.6,991,350,3.0,8,6.1,58,1,214,336,-430,2
3968500,2729500,6,20,16,14.9,991,305,2.9,8,6.2,58,14,247,339,-421,2
3968500,2729500,6,20,17,14.9,991,298,3.8,8,6.2,58,0,144,338,-416,2
3968500,2729500,6,20,18,15.1,991,304,5.3,5,6.1,57,67,183,328,-415,2
3968500,2729500,6,20,19,13.9,992,291,3.4,5,6.2,59,68,113,318,-407,2
3968500,2729500,6,20,20,13.5,992,309,3.3,6,6.3,64,34,51,318,-402,2
3968500,2729500,6,20,21,12.9,992,310,2.7,6,6.4,67,0,5,319,-394,2
3968500,2729500,6,20,22,12.5,993,314,2.6,7,6.6,70,0,0,320,-386,2
3968500,2729500,6,20,23,12.8,994,305,2.4,7,7.2,75,0,0,321,-379,2
3968500,2729500,6,20,24,13.3,994,300,2.3,7,8.0,80,0,0,325,-373,2
3968500,2729500,6,21,1,14.1,999,302,2.2,7,8.8,84,0,0,333,-393,2
3968500,2729500,6,21,2,14.6,999,293,2.2,7,9.3,87,0,0,357,-390,2
3968500,2729500,6,21,3,14.9,1000,297,2.0,7,9.7,89,0,0,371,-389,2
3968500,2729500,6,21,4,14.8,1000,262,2.1,7,9.6,89,0,0,369,-388,2
3968500,2729500,6,21,5,15.4,1000,216,1.9,5,9.7,88,0,3,361,-386,2
3968500,2729500,6,21,6,15.5,1000,56,2.0,3,9.6,88,35,65,341,-385,2
3968500,2729500,6,21,7,16.5,999,13,1.5,4,9.7,84,34,123,329,-385,2
3968500,2729500,6,21,8,17.0,999,159,1.2,6,9.5,78,57,201,340,-390,2
3968500,2729500,6,21,9,17.8,1000,185,1.6,5,9.7,77,274,228,344,-401,2
3968500,2729500,6,21,10,19.8,999,178,1.4,5,10.0,73,324,281,344,-415,2
3968500,2729500,6,21,11,19.8,999,152,1.0,5,9.9,68,143,372,346,-428,2
3968500,2729500,6,21,12,20.3,999,148,2.1,6,9.8,66,53,372,351,-440,2
3968500,2729500,6,21,13,20.9,998,144,1.2,7,10.0,65,35,355,360,-446,2
3968500,2729500,6,21,14,21.4,998,144,1.9,6,10.2,64,52,351,362,-447,2
3968500,2729500,6,21,15,20.1,998,165,1.8,7,10.7,68,0,200,362,-446,2
3968500,2729500,6,21,16,19.4,997,187,1.7,7,11.3,77,0,154,365,-445,2
3968500,2729500,6,21,17,20.7,997,168,1.8,6,11.7,78,56,236,364,-438,2
3968500,2729500,6,21,18,20.4,997,181,2.3,7,11.5,75,53,177,365,-433,2
3968500,2729500,6,21,19,19.7,997,198,2.1,5,11.6,78,54,116,360,-429,2
3968500,2729500,6,21,20,19.0,997,264,0.9,3,12.0,84,19,52,342,-423,2
3968500,2729500,6,21,21,18.1,997,2,1.4,4,11.8,86,0,7,336,-416,2
3968500,2729500,6,21,22,16.5,998,322,1.8,4,11.7,92,0,0,339,-412,2
3968500,2729500,6,21,23,15.3,998,224,1.7,4,11.5,99,0,0,336,-409,2
3968500,2729500,6,21,24,14.4,998,210,1.4,3,10.7,99,0,0,328,-406,2
3968500,2729500,6,22,1,16.1,999,268,2.9,3,10.5,95,0,0,326,-403,2
3968500,2729500,6,22,2,15.0,999,89,1.7,6,10.6,95,0,0,341,-402,2
3968500,2729500,6,22,3,14.4,999,166,1.4,5,10.4,98,0,0,348,-401,2
3968500,2729500,6,22,4,14.2,999,0,1.0,8,10.3,99,0,0,356,-400,2
3968500,2729500,6,22,5,14.5,999,197,1.2,8,10.3,99,0,0,370,-398,2
3968500,2729500,6,22,6,14.8,999,199,1.2,7,10.4,98,0,22,367,-397,2
3968500,2729500,6,22,7,15.9,999,149,1.4,8,10.8,98,0,74,371,-398,2
3968500,2729500,6,22,8,16.5,999,157,1.5,6,10.6,91,10,169,370,-400,2
3968500,2729500,6,22,9,18.4,999,148,2.3,6,10.3,81,190,255,365,-405,2
3968500,2729500,6,22,10,20.6,999,155,2.7,3,10.4,72,555,158,361,-410,2
3968500,2729500,6,22,11,21.4,998,187,3.4,3,10.9,69,645,168,359,-422,2
3968500,2729500,6,22,12,22.7,998,168,3.3,5,11.6,68,286,377,371,-437,2
3968500,2729500,6,22,13,23.7,999,193,3.3,5,11.1,61,230,394,379,-445,2
3968500,2729500,6,22,14,23.2,998,238,3.7,4,10.5,57,248,373,374,-450,2
3968500,2729500,6,22,15,24.0,998,188,3.6,3,10.9,59,223,342,367,-453,2
3968500,2729500,6,22,16,24.2,998,193,4.1,3,11.1,58,245,268,363,-453,2
3968500,2729500,6,22,17,23.7,997,209,2.1,6,11.0,58,59,234,371,-450,2
3968500,2729500,6,22,18,23.9,997,216,2.7,5,11.1,59,43,173,376,-444,2
3968500,2729500,6,22,19,23.0,996,237,1.8,6,11.8,64,28,111,377,-436,2
3968500,2729500,6,22,20,22.1,996,226,2.9,5,12.5,72,3,45,376,-428,2
3968500,2729500,6,22,21,19.7,995,232,2.0,4,12.4,79,0,3,365,-421,2
3968500,2729500,6,22,22,19.6,995,228,1.8,4,12.2,83,0,0,356,-415,2
3968500,2729500,6,22,23,19.2,994,184,1.7,4,12.3,85,0,0,355,-411,2
3968500,2729500,6,22,24,18.4,994,201,2.5,6,12.3,88,0,0,360,-409,2
3968500,2729500,6,23,1,19.1,994,298,3.6,3,12.0,86,0,0,357,-407,2
3968500,2729500,6,23,2,18.4,994,354,2.7,4,11.8,85,0,0,349,-404,2
3968500,2729500,6,23,3,17.2,994,64,2.0,2,11.9,91,0,0,342,-401,2
3968500,2729500,6,23,4,16.8,994,4,2.2,3,11.9,96,0,0,334,-398,2
3968500,2729500,6,23,5,16.8,994,335,1.9,6,11.9,97,0,0,350,-397,2
3968500,2729500,6,23,6,17.0,995,334,1.9,7,11.9,97,0,18,366,-397,2
3968500,2729500,6,23,7,17.1,995,327,2.0,8,12.2,98,0,34,373,-396,2
3968500,2729500,6,23,8,15.7,995,293,5.9,8,11.3,94,0,55,373,-398,2
3968500,2729500,6,23,9,15.3,996,284,4.7,8,9.9,88,0,69,367,-405,2
3968500,2729500,6,23,10,15.4,997,269,3.6,8,9.5,86,0,90,365,-415,2
3968500,2729500,6,23,11,17.0,997,267,3.1,7,9.3,79,4,264,360,-424,2
3968500,2729500,6,23,12,18.8,998,283,3.9,6,9.5,72,133,395,355,-433,2
3968500,2729500,6,23,13,19.9,998,266,4.0,4,8.9,62,258,411,346,-441,2
3968500,2729500,6,23,14,20.6,997,289,3.2,4,8.1,54,344,374,340,-444,2
3968500,2729500,6,23,15,21.6,997,270,3.8,3,7.7,48,369,325,339,-446,2
3968500,2729500,6,23,16,22.0,997,300,3.5,3,7.7,47,354,263,339,-446,2
3968500,2729500,6,23,17,21.6,997,307,4.5,2,7.9,48,293,216,335,-443,2
3968500,2729500,6,23,18,21.3,997,330,3.9,2,7.6,47,225,158,329,-436,2
3968500,2729500,6,23,19,19.9,996,332,3.7,3,7.8,51,96,117,330,-428,2
3968500,2729500,6,23,20,18.1,997,330,2.8,3,8.3,59,20,55,328,-420,2
3968500,2729500,6,23,21,16.2,997,329,2.7,3,8.4,68,0,6,323,-412,2
3968500,2729500,6,23,22,15.6,997,330,2.7,4,8.2,72,0,0,322,-404,2
3968500,2729500,6,23,23,14.4,997,4,2.2,4,8.1,75,0,0,320,-398,2
3968500,2729500,6,23,24,12.8,997,21,1.6,4,8.1,82,0,0,313,-393,2
3968500,2729500,6,24,1,13.9,998,346,3.7,3,8.0,82,0,0,308,-390,2
3968500,2729500,6,24,2,14.1,998,348,2.5,4,8.0,79,0,0,313,-386,2
3968500,2729500,6,24,3,13.4,998,330,2.2,6,7.9,79,0,0,327,-381,2
3968500,2729500,6,24,4,12.7,997,347,2.2,7,7.7,81,0,0,340,-375,2
3968500,2729500,6,24,5,12.4,998,359,2.3,6,7.6,82,0,1,339,-372,2
3968500,2729500,6,24,6,13.5,998,336,2.4,5,7.8,82,35,65,331,-371,2
3968500,2729500,6,24,7,14.1,999,339,3.1,4,8.1,80,52,130,324,-376,2
3968500,2729500,6,24,8,16.1,999,4,2.7,3,8.2,75,167,192,319,-387,2
3968500,2729500,6,24,9,16.5,1000,340,3.8,2,7.9,67,387,184,313,-400,2
3968500,2729500,6,24,10,17.3,1000,308,3.2,2,7.4,61,474,218,310,-413,2
3968500,2729500,6,24,11,19.0,1000,328,3.1,3,7.2,55,532,251,319,-424,2
3968500,2729500,6,24,12,20.0,1000,304,3.6,2,7.1,49,624,238,324,-432,2
3968500,2729500,6,24,13,19.4,1000,323,4.5,3,7.0,48,422,354,325,-438,2
3968500,2729500,6,24,14,20.5,1000,323,5.2,3,7.1,48,373,356,330,-442,2
3968500,2729500,6,24,15,20.9,1000,277,4.3,3,7.1,46,296,339,331,-444,2
3968500,2729500,6,24,16,20.2,1000,326,4.5,2,6.9,45,403,236,327,-445,2
3968500,2729500,6,24,17,21.0,1001,306,4.7,2,7.0,46,356,181,322,-443,2
3968500,2729500,6,24,18,20.0,1001,302,3.8,2,7.1,46,221,155,322,-437,2
3968500,2729500,6,24,19,18.3,1001,317,3.7,3,7.3,52,84,117,319,-429,2
3968500,2729500,6,24,20,17.2,1001,351,2.2,2,7.3,57,30,56,313,-419,2
3968500,2729500,6,24,21,15.4,1002,346,1.6,0,7.1,60,0,7,296,-407,2
3968500,2729500,6,24,22,13.9,1003,80,1.7,2,7.0,67,0,0,289,-397,2
3968500,2729500,6,24,23,12.1,1004,282,0.7,2,7.1,75,0,0,290,-389,2
3968500,2729500,6,24,24,11.8,1003,3,2.0,3,7.0,80,0,0,288,-382,2
3968500,2729500,6,25,1,10.9,1004,334,1.0,3,7.3,86,0,0,291,-378,2
3968500,2729500,6,25,2,10.1,1004,343,0.4,5,7.6,94,0,0,296,-375,2
3968500,2729500,6,25,3,9.3,1004,343,1.3,4,7.5,99,0,0,299,-370,2
3968500,2729500,6,25,4,8.6,1004,290,1.6,3,7.2,100,0,0,291,-367,2
3968500,2729500,6,25,5,8.7,1004,313,1.5,2,7.1,100,0,8,284,-365,2
3968500,2729500,6,25,6,10.6,1004,17,1.3,1,7.4,98,53,56,279,-368,2
3968500,2729500,6,25,7,12.7,1004,193,1.1,0,8.0,92,172,99,276,-376,2
3968500,2729500,6,25,8,14.4,1005,214,1.0,0,8.1,83,300,127,277,-390,2
3968500,2729500,6,25,9,17.1,1005,347,1.6,1,7.9,70,445,141,289,-409,2
3968500,2729500,6,25,10,16.7,1004,248,1.7,2,7.6,62,579,145,302,-427,2
3968500,2729500,6,25,11,18.1,1004,320,2.2,3,6.9,55,654,163,313,-443,2
3968500,2729500,6,25,12,19.9,1004,306,2.6,3,6.5,47,694,179,324,-456,2
3968500,2729500,6,25,13,19.7,1004,14,2.9,3,6.6,45,656,209,328,-465,2
3968500,2729500,6,25,14,19.9,1004,348,3.2,3,6.3,44,493,277,329,-469,2
3968500,2729500,6,25,15,20.6,1003,325,2.3,3,6.5,44,314,299,332,-469,2
3968500,2729500,6,25,16,20.6,1003,318,2.3,5,7.2,47,234,253,342,-465,2
3968500,2729500,6,25,17,21.0,1003,319,2.4,4,7.2,46,295,188,347,-459,2
3968500,2729500,6,25,18,20.6,1003,330,2.6,3,6.9,44,214,145,338,-452,2
3968500,2729500,6,25,19,19.6,1002,13,2.6,2,7.0,47,142,96,328,-442,2
3968500,2729500,6,25,20,17.1,1002,308,1.8,3,7.7,58,41,51,324,-430,2
3968500,2729500,6,25,21,15.7,1002,293,2.2,2,8.1,68,0,9,319,-419,2
3968500,2729500,6,25,22,14.5,1003,42,1.2,3,7.8,72,0,0,315,-408,2
3968500,2729500,6,25,23,13.1,1003,37,1.1,3,7.9,80,0,0,315,-400,2
3968500,2729500,6,25,24,12.0,1003,76,1.4,3,8.1,88,0,0,312,-395,2
3968500,2729500,6,26,1,10.8,1003,152,1.2,1,8.1,95,0,0,301,-391,2
3968500,2729500,6,26,2,10.3,1003,152,1.9,1,7.9,98,0,0,291,-388,2
3968500,2729500,6,26,3,9.7,1002,146,1.4,0,7.6,99,0,0,285,-385,2
3968500,2729500,6,26,4,9.2,1002,17,0.7,0,7.4,100,0,0,279,-381,2
3968500,2729500,6,26,5,9.0,1002,0,1.0,0,7.3,100,0,5,277,-377,2
3968500,2729500,6,26,6,11.6,1002,87,0.8,1,7.9,99,39,55,284,-376,2
3968500,2729500,6,26,7,12.6,1002,157,1.2,1,8.5,95,150,102,294,-383,2
3968500,2729500,6,26,8,15.0,1002,153,1.8,2,8.7,87,270,133,303,-396,2
3968500,2729500,6,26,9,17.8,1002,154,2.1,2,9.0,76,405,157,317,-413,2
3968500,2729500,6,26,10,19.9,1001,164,2.8,5,8.7,63,546,161,338,-430,2
3968500,2729500,6,26,11,21.2,1000,176,2.9,4,8.4,55,646,166,353,-446,2
3968500,2729500,6,26,12,22.3,1000,193,2.4,3,8.5,51,719,162,350,-459,2
3968500,2729500,6,26,13,22.8,999,186,2.7,2,8.0,46,631,215,345,-467,2
3968500,2729500,6,26,14,22.9,998,188,3.5,3,7.8,44,443,292,346,-472,2
3968500,2729500,6,26,15,23.9,998,217,4.2,4,7.9,43,281,306,355,-473,2
3968500,2729500,6,26,16,23.8,997,202,4.3,4,7.8,42,248,249,360,-464,2
3968500,2729500,6,26,17,24.1,997,193,3.7,4,8.0,42,251,203,358,-454,2
3968500,2729500,6,26,18,23.5,996,254,3.3,4,8.0,42,128,162,357,-449,2
3968500,2729500,6,26,19,23.6,996,306,2.5,3,8.0,43,84,104,353,-442,2
3968500,2729500,6,26,20,20.8,994,323,2.6,3,8.7,51,34,50,346,-434,2
3968500,2729500,6,26,21,19.1,994,353,2.6,2,9.1,61,0,7,336,-425,2
3968500,2729500,6,26,22,17.1,994,19,1.8,3,8.9,67,0,0,329,-415,2
3968500,2729500,6,26,23,15.7,994,347,1.7,3,8.9,75,0,0,326,-408,2
3968500,2729500,6,26,24,15.1,994,188,1.3,1,9.1,82,0,0,317,-403,2
3968500,2729500,6,27,1,14.1,993,228,1.5,2,9.1,86,0,0,311,-402,2
3968500,2729500,6,27,2,13.5,993,212,0.8,2,8.9,89,0,0,312,-402,2
3968500,2729500,6,27,3,12.7,992,198,1.3,1,8.9,93,0,0,306,-400,2
3968500,2729500,6,27,4,13.4,992,185,1.3,2,9.2,96,0,0,307,-398,2
3968500,2729500,6,27,5,12.3,991,163,1.6,3,9.2,97,0,2,312,-397,2
3968500,2729500,6,27,6,13.5,991,170,1.6,2,9.3,98,40,54,310,-396,2
3968500,2729500,6,27,7,15.5,991,171,2.1,3,9.9,93,106,111,314,-396,2
3968500,2729500,6,27,8,17.2,991,193,3.1,4,9.8,83,206,156,328,-399,2
3968500,2729500,6,27,9,18.6,990,233,4.7,5,9.3,71,160,240,341,-406,2
3968500,2729500,6,27,10,18.0,990,233,5.1,7,8.7,65,77,300,355,-412,2
3968500,2729500,6,27,11,18.8,990,224,4.1,7,8.7,64,48,316,364,-421,2
3968500,2729500,6,27,12,18.8,990,292,5.1,7,8.8,63,12,270,365,-431,2
3968500,2729500,6,27,13,20.7,990,271,5.1,4,8.3,57,248,357,356,-441,2
3968500,2729500,6,27,14,18.9,990,280,7.4,4,7.8,53,287,331,345,-446,2
3968500,2729500,6,27,15,18.6,990,282,5.9,4,7.6,55,194,310,339,-438,2
3968500,2729500,6,27,16,18.9,990,268,4.4,6,7.4,53,33,224,343,-432,2
3968500,2729500,6,27,17,19.1,990,286,5.9,6,7.1,51,140,224,348,-428,2
3968500,2729500,6,27,18,18.4,989,301,4.4,3,7.2,52,263,121,337,-421,2
3968500,2729500,6,27,19,16.6,989,293,3.5,3,7.4,58,136,94,324,-413,2
3968500,2729500,6,27,20,16.1,989,303,3.7,5,7.6,64,34,48,326,-403,2
3968500,2729500,6,27,21,14.2,989,269,3.7,3,7.2,65,0,8,321,-394,2
3968500,2729500,6,27,22,13.1,990,273,3.3,4,6.7,67,0,0,312,-387,2
3968500,2729500,6,27,23,12.2,990,299,2.3,3,6.6,71,0,0,307,-381,2
3968500,2729500,6,27,24,11.2,991,282,2.1,3,6.6,75,0,0,300,-377,2
3968500,2729500,6,28,1,10.5,991,295,2.6,3,6.4,78,0,0,297,-373,2
3968500,2729500,6,28,2,9.8,991,273,2.5,3,6.4,80,0,0,294,-370,2
3968500,2729500,6,28,3,9.6,991,272,3.0,4,6.4,83,0,0,297,-368,2
3968500,2729500,6,28,4,8.8,991,283,2.8,4,6.3,86,0,0,300,-365,2
3968500,2729500,6,28,5,8.5,990,237,2.3,3,6.3,88,0,6,293,-363,2
3968500,2729500,6,28,6,10.2,991,174,3.0,3,6.5,86,41,41,290,-363,2
3968500,2729500,6,28,7,11.6,991,201,3.1,2,6.5,78,125,79,288,-369,2
3968500,2729500,6,28,8,12.0,991,248,3.4,5,6.5,73,101,152,300,-379,2
3968500,2729500,6,28,9,12.5,991,263,4.5,6,6.4,71,63,223,320,-388,2
3968500,2729500,6,28,10,15.1,991,268,5.6,5,6.2,61,246,230,323,-396,2
3968500,2729500,6,28,11,15.8,991,255,6.2,5,5.9,52,315,243,323,-403,2
3968500,2729500,6,28,12,16.1,991,297,7.0,6,5.8,50,72,305,329,-407,2
3968500,2729500,6,28,13,16.6,991,253,6.6,5,6.0,51,134,298,331,-407,2
3968500,2729500,6,28,14,17.4,991,251,7.6,3,6.1,50,493,177,320,-412,2
3968500,2729500,6,28,15,17.0,991,281,7.5,5,6.1,48,149,262,319,-420,2
3968500,2729500,6,28,16,16.5,991,267,7.2,5,6.4,53,328,154,325,-421,2
3968500,2729500,6,28,17,15.7,992,244,6.8,5,6.7,57,234,154,324,-415,2
3968500,2729500,6,28,18,13.4,992,262,6.8,7,6.8,64,58,134,328,-405,2
3968500,2729500,6,28,19,13.4,993,256,5.3,7,7.1,72,19,84,334,-399,2
3968500,2729500,6,28,20,13.0,993,249,5.1,6,7.1,73,5,38,330,-393,2
3968500,2729500,6,28,21,12.4,994,263,5.3,7,7.3,78,0,2,331,-387,2
3968500,2729500,6,28,22,12.2,994,255,2.3,8,7.4,81,0,0,340,-382,2
3968500,2729500,6,28,23,11.7,995,270,3.4,8,7.6,85,0,0,345,-381,2
3968500,2729500,6,28,24,11.3,995,267,3.2,8,7.5,88,0,0,345,-380,2
3968500,2729500,6,29,1,11.1,996,266,3.8,8,7.3,87,0,0,344,-378,2
3968500,2729500,6,29,2,10.8,996,263,2.6,8,7.2,86,0,0,343,-376,2
3968500,2729500,6,29,3,10.3,996,237,2.0,7,7.0,86,0,0,336,-373,2
3968500,2729500,6,29,4,9.8,995,214,2.6,5,7.0,90,0,0,321,-372,2
3968500,2729500,6,29,5,9.6,995,250,1.4,5,7.1,93,0,6,311,-372,2
3968500,2729500,6,29,6,10.2,995,247,3.8,6,7.1,92,0,31,316,-372,2
3968500,2729500,6,29,7,10.0,995,257,3.8,6,7.1,91,3,87,321,-373,2
3968500,2729500,6,29,8,10.4,995,287,2.7,7,7.1,90,1,127,327,-375,2
3968500,2729500,6,29,9,11.8,997,261,4.4,6,6.9,82,58,249,331,-377,2
3968500,2729500,6,29,10,13.0,997,265,4.7,6,6.6,73,82,305,330,-376,2
3968500,2729500,6,29,11,13.4,997,259,5.4,4,6.2,64,184,344,322,-377,2
3968500,2729500,6,29,12,16.3,998,273,5.2,4,5.4,51,296,353,316,-381,2
3968500,2729500,6,29,13,16.0,997,273,5.3,6,5.3,46,128,353,329,-387,2
3968500,2729500,6,29,14,16.3,997,255,4.9,6,5.6,48,91,335,338,-391,2
3968500,2729500,6,29,15,16.3,997,286,4.2,8,5.7,48,0,183,345,-393,2
3968500,2729500,6,29,16,16.5,997,280,4.2,6,5.6,48,61,238,344,-393,2
3968500,2729500,6,29,17,17.3,997,274,4.8,5,5.6,46,143,229,334,-399,2
3968500,2729500,6,29,18,16.3,997,244,4.0,5,5.6,47,100,166,330,-405,2
3968500,2729500,6,29,19,16.0,996,255,3.0,5,5.9,51,60,105,328,-401,2
3968500,2729500,6,29,20,13.5,996,262,2.4,7,6.6,62,9,44,335,-392,2
3968500,2729500,6,29,21,13.4,996,230,1.9,6,6.9,70,0,4,337,-383,2
3968500,2729500,6,29,22,13.0,996,205,1.7,7,6.8,70,0,0,336,-374,2
3968500,2729500,6,29,23,13.2,996,190,0.8,7,6.9,72,0,0,340,-369,2
3968500,2729500,6,29,24,12.5,996,142,1.8,4,7.0,74,0,0,327,-365,2
3968500,2729500,6,30,1,11.8,996,139,1.9,8,7.1,79,0,0,331,-364,2
3968500,2729500,6,30,2,11.4,996,145,2.4,7,7.2,83,0,0,345,-361,2
3968500,2729500,6,30,3,10.6,995,156,2.5,2,7.2,86,0,0,316,-360,2
3968500,2729500,6,30,4,9.1,994,161,2.6,6,7.1,92,0,0,308,-362,2
3968500,2729500,6,30,5,8.7,994,151,2.5,6,7.1,98,0,4,324,-363,2
3968500,2729500,6,30,6,9.8,994,134,2.3,4,7.2,97,12,51,316,-365,2
3968500,2729500,6,30,7,11.7,995,168,3.8,4,7.3,89,46,112,310,-365,2
3968500,2729500,6,30,8,13.4,995,160,3.0,3,7.5,81,123,181,312,-366,2
3968500,2729500,6,30,9,16.1,994,180,3.5,3,7.7,72,265,225,317,-370,2
3968500,2729500,6,30,10,17.0,994,228,4.4,5,7.5,62,369,253,333,-377,2
3968500,2729500,6,30,11,18.1,993,231,4.3,6,7.3,57,458,265,350,-381,2
3968500,2729500,6,30,12,20.2,993,214,4.5,6,7.3,51,473,296,360,-382,2
3968500,2729500,6,30,13,20.6,992,227,5.1,6,6.8,45,276,371,362,-392,2
3968500,2729500,6,30,14,21.2,992,214,5.0,5,6.4,41,257,354,357,-401,2
3968500,2729500,6,30,15,20.4,991,247,3.9,4,6.2,39,294,313,347,-401,2
3968500,2729500,6,30,16,20.3,991,251,4.8,4,6.4,42,205,263,340,-411,2
3968500,2729500,6,30,17,20.4,990,219,4.8,7,6.8,44,77,227,354,-419,2
3968500,2729500,6,30,18,20.1,990,223,3.6,8,6.9,45,20,144,370,-414,2
3968500,2729500,6,30,19,19.1,990,254,3.0,7,7.0,48,14,90,368,-406,2
3968500,2729500,6,30,20,18.1,989,297,2.8,7,7.2,52,8,43,360,-396,2
3968500,2729500,6,30,21,16.5,989,274,2.5,7,7.5,60,0,2,356,-386,2
3968500,2729500,6,30,22,15.0,990,267,1.5,7,8.0,70,0,0,352,-377,2
3968500,2729500,6,30,23,14.5,990,223,1.8,7,8.1,76,0,0,349,-372,2
3968500,2729500,6,30,24,14.6,989,197,2.0,7,8.0,76,0,0,349,-367,2
3968500,2729500,7,1,1,13.9,988,191,2.4,7,7.9,78,0,0,347,-361,2
3968500,2729500,7,1,2,13.7,988,176,2.3,7,7.9,78,0,0,347,-359,2
3968500,2729500,7,1,3,13.6,988,160,2.2,7,8.0,80,0,0,349,-356,2
3968500,2729500,7,1,4,13.5,988,149,2.3,8,8.2,82,0,0,355,-357,2
3968500,2729500,7,1,5,13.3,987,156,2.8,8,8.3,84,0,0,360,-361,2
3968500,2729500,7,1,6,13.4,987,171,3.1,8,8.3,85,0,9,360,-364,2
3968500,2729500,7,1,7,13.8,987,170,3.5,8,8.4,84,0,22,360,-367,2
3968500,2729500,7,1,8,13.9,987,165,4.0,8,8.5,84,0,43,361,-373,2
3968500,2729500,7,1,9,13.6,987,183,4.6,8,8.9,88,0,72,361,-380,2
3968500,2729500,7,1,10,14.3,987,182,4.6,8,9.1,89,0,120,362,-384,2
3968500,2729500,7,1,11,14.0,986,178,4.5,8,9.5,92,0,132,363,-385,2
3968500,2729500,7,1,12,14.2,986,172,3.6,8,10.1,98,0,143,364,-387,2
3968500,2729500,7,1,13,15.4,986,183,4.5,8,10.5,97,0,183,368,-387,2
3968500,2729500,7,1,14,15.9,985,181,4.2,8,10.1,88,0,170,371,-386,2
3968500,2729500,7,1,15,16.8,985,175,3.8,8,9.6,80,0,149,374,-387,2
3968500,2729500,7,1,16,17.1,984,205,3.1,8,8.5,69,0,131,375,-388,2
3968500,2729500,7,1,17,17.0,984,204,3.4,8,7.4,60,0,87,374,-387,2
3968500,2729500,7,1,18,16.6,983,223,3.3,7,7.6,61,5,103,369,-387,2
3968500,2729500,7,1,19,14.6,983,201,3.0,7,8.1,71,0,59,362,-386,2
3968500,2729500,7,1,20,14.3,983,187,3.4,8,8.2,78,0,12,365,-384,2
3968500,2729500,7,1,21,12.9,983,174,3.9,8,8.6,86,0,4,368,-383,2
3968500,2729500,7,1,22,12.8,983,169,4.8,8,9.1,95,0,0,367,-382,2
3968500,2729500,7,1,23,12.6,983,169,4.7,8,9.3,98,0,0,366,-382,2
3968500,2729500,7,1,24,13.1,982,172,4.8,6,9.3,97,0,0,357,-380,2
3968500,2729500,7,2,1,13.3,982,176,5.8,8,9.1,93,0,0,357,-378,2
3968500,2729500,7,2,2,13.3,982,179,5.3,6,9.0,91,0,0,356,-375,2
3968500,2729500,7,2,3,13.4,982,171,5.1,7,9.0,91,0,0,350,-374,2
3968500,2729500,7,2,4,13.3,981,168,4.4,7,9.1,92,0,0,354,-373,2
3968500,2729500,7,2,5,13.3,981,169,4.4,8,9.2,93,0,1,359,-372,2
3968500,2729500,7,2,6,13.5,981,179,4.7,8,9.2,93,0,12,365,-373,2
3968500,2729500,7,2,7,13.5,981,191,3.7,8,9.2,92,0,28,365,-375,2
3968500,2729500,7,2,8,12.6,981,201,2.9,8,9.1,93,0,81,361,-379,2
3968500,2729500,7,2,9,13.4,981,192,3.8,8,9.2,95,1,167,361,-385,2
3968500,2729500,7,2,10,15.9,981,183,5.3,6,9.0,84,251,221,355,-389,2
3968500,2729500,7,2,11,15.8,981,199,5.2,6,8.6,74,92,301,349,-394,2
3968500,2729500,7,2,12,15.6,981,213,3.6,8,8.5,74,0,158,357,-406,2
3968500,2729500,7,2,13,15.1,981,205,4.5,8,9.0,80,0,116,363,-413,2
3968500,2729500,7,2,14,15.9,981,234,4.7,8,9.2,81,3,241,362,-415,2
3968500,2729500,7,2,15,17.6,982,199,4.8,6,8.6,70,39,258,357,-417,2
3968500,2729500,7,2,16,17.8,982,221,5.1,6,7.9,61,15,211,351,-417,2
3968500,2729500,7,2,17,17.0,982,196,4.8,6,7.6,59,101,190,347,-416,2
3968500,2729500,7,2,18,14.2,982,194,2.3,7,8.2,72,65,144,345,-408,2
3968500,2729500,7,2,19,14.6,983,204,3.7,8,9.0,85,10,87,352,-399,2
3968500,2729500,7,2,20,14.2,984,205,1.9,7,8.9,84,4,40,354,-394,2
3968500,2729500,7,2,21,13.7,984,224,1.8,7,8.5,83,0,6,348,-389,2
3968500,2729500,7,2,22,13.7,985,191,3.1,7,8.1,81,0,0,347,-384,2
3968500,2729500,7,2,23,13.2,985,193,3.8,7,8.1,81,0,0,346,-380,2
3968500,2729500,7,2,24,13.1,985,184,3.4,6,8.0,82,0,0,340,-379,2
3968500,2729500,7,3,1,13.1,985,181,3.5,8,7.9,81,0,0,344,-378,2
3968500,2729500,7,3,2,13.3,985,190,3.8,8,8.0,82,0,0,355,-377,2
3968500,2729500,7,3,3,13.1,984,180,3.5,7,8.0,82,0,0,349,-377,2
3968500,2729500,7,3,4,12.6,984,173,2.8,8,8.2,86,0,0,348,-377,2
3968500,2729500,7,3,5,12.0,983,189,2.5,8,8.6,93,0,4,353,-377,2
3968500,2729500,7,3,6,12.4,983,175,3.2,8,8.9,97,0,31,354,-378,2
3968500,2729500,7,3,7,13.3,983,183,3.7,5,9.0,94,5,66,336,-378,2
3968500,2729500,7,3,8,14.8,983,181,3.8,6,9.2,89,50,110,327,-379,2
3968500,2729500,7,3,9,15.5,982,173,5.4,6,9.4,84,180,96,338,-382,2
3968500,2729500,7,3,10,15.6,982,180,6.5,6,9.3,82,10,207,339,-388,2
3968500,2729500,7,3,11,16.2,982,178,6.8,7,9.1,78,0,173,348,-394,2
3968500,2729500,7,3,12,16.6,981,175,6.3,8,8.6,71,0,190,364,-396,2
3968500,2729500,7,3,13,16.1,981,179,5.1,8,9.0,75,0,156,373,-397,2
3968500,2729500,7,3,14,16.0,981,183,5.9,8,9.3,79,0,139,374,-395,2
3968500,2729500,7,3,15,15.5,981,181,7.4,8,9.0,78,0,111,374,-392,2
3968500,2729500,7,3,16,15.4,981,180,6.1,7,9.3,82,0,117,370,-392,2
3968500,2729500,7,3,17,15.1,981,173,5.1,8,10.2,91,0,77,372,-395,2
3968500,2729500,7,3,18,15.7,981,180,4.6,8,11.1,98,0,64,379,-398,2
3968500,2729500,7,3,19,16.5,980,180,4.6,8,11.0,93,0,58,381,-399,2
3968500,2729500,7,3,20,16.5,980,169,4.1,8,10.4,86,0,32,381,-397,2
3968500,2729500,7,3,21,16.0,980,189,3.8,6,10.2,85,0,3,372,-394,2
3968500,2729500,7,3,22,15.6,980,175,3.2,6,10.2,88,0,0,362,-391,2
3968500,2729500,7,3,23,15.4,980,169,3.3,6,10.6,93,0,0,360,-388,2
3968500,2729500,7,3,24,15.1,980,178,4.1,7,10.7,95,0,0,362,-384,2
3968500,2729500,7,4,1,15.3,980,194,4.6,7,10.6,95,0,0,366,-382,2
3968500,2729500,7,4,2,14.0,981,211,4.4,8,10.1,93,0,0,369,-381,2
3968500,2729500,7,4,3,13.8,981,210,4.2,8,9.6,93,0,0,371,-380,2
3968500,2729500,7,4,4,13.0,982,239,3.4,8,9.5,96,0,0,369,-380,2
3968500,2729500,7,4,5,13.0,983,230,3.8,7,9.5,98,0,1,363,-381,2
3968500,2729500,7,4,6,13.2,984,199,3.8,6,9.2,95,4,33,353,-380,2
3968500,2729500,7,4,7,13.3,984,236,3.4,6,8.9,90,25,79,346,-380,2
3968500,2729500,7,4,8,13.2,985,261,3.0,8,8.7,88,0,67,355,-380,2
3968500,2729500,7,4,9,13.7,986,244,4.1,8,8.5,85,0,67,364,-381,2
3968500,2729500,7,4,10,13.9,987,262,4.8,8,8.2,81,0,76,363,-383,2
3968500,2729500,7,4,11,13.9,988,258,4.3,8,8.2,80,0,88,362,-387,2
3968500,2729500,7,4,12,14.9,989,259,4.7,8,8.2,78,0,118,364,-389,2
3968500,2729500,7,4,13,16.7,990,234,4.1,6,8.1,70,159,263,359,-392,2
3968500,2729500,7,4,14,16.5,990,255,5.7,7,7.8,64,50,270,355,-400,2
3968500,2729500,7,4,15,17.4,991,270,5.3,8,7.5,60,2,210,359,-413,2
3968500,2729500,7,4,16,18.0,991,233,4.7,8,7.5,58,4,185,363,-423,2
3968500,2729500,7,4,17,17.5,992,253,4.4,8,7.8,60,61,172,362,-423,2
3968500,2729500,7,4,18,17.3,992,261,4.5,7,7.8,62,52,128,357,-417,2
3968500,2729500,7,4,19,16.9,993,256,3.6,7,7.8,63,41,77,353,-409,2
3968500,2729500,7,4,20,16.2,993,249,2.8,5,7.9,66,22,34,345,-400,2
3968500,2729500,7,4,21,14.9,994,251,1.4,6,8.1,72,0,8,339,-392,2
3968500,2729500,7,4,22,14.2,994,153,1.6,3,8.1,77,0,0,326,-385,2
3968500,2729500,7,4,23,12.6,995,147,1.1,3,8.2,84,0,0,308,-380,2
3968500,2729500,7,4,24,12.3,995,148,1.6,5,8.4,92,0,0,311,-376,2
3968500,2729500,7,5,1,12.0,995,156,2.1,5,8.5,94,0,0,318,-374,2
3968500,2729500,7,5,2,11.3,995,142,2.3,5,8.5,97,0,0,316,-373,2
3968500,2729500,7,5,3,11.0,995,140,2.3,5,8.4,99,0,0,314,-371,2
3968500,2729500,7,5,4,11.0,995,166,2.2,5,8.1,97,0,0,315,-370,2
3968500,2729500,7,5,5,11.6,994,174,2.9,4,8.2,96,0,1,311,-370,2
3968500,2729500,7,5,6,12.0,994,195,2.8,4,8.5,96,0,19,308,-372,2
3968500,2729500,7,5,7,12.8,994,166,2.9,5,8.9,97,59,126,312,-377,2
3968500,2729500,7,5,8,15.0,994,163,3.6,3,9.2,90,181,184,312,-385,2
3968500,2729500,7,5,9,17.0,994,183,3.8,4,9.0,77,316,217,314,-395,2
3968500,2729500,7,5,10,18.7,993,178,4.3,3,8.8,68,411,253,321,-407,2
3968500,2729500,7,5,11,20.1,993,188,5.0,3,8.5,59,398,320,324,-422,2
3968500,2729500,7,5,12,20.2,993,172,5.9,2,8.1,54,434,341,324,-435,2
3968500,2729500,7,5,13,19.7,992,180,5.7,4,7.7,52,212,405,329,-441,2
3968500,2729500,7,5,14,20.6,992,163,4.9,4,7.7,51,221,392,339,-434,2
3968500,2729500,7,5,15,21.2,991,197,3.5,5,7.9,50,67,318,348,-427,2
3968500,2729500,7,5,16,20.7,991,198,3.5,7,8.1,51,30,252,360,-429,2
3968500,2729500,7,5,17,20.8,991,168,2.4,5,8.3,53,111,253,361,-428,2
3968500,2729500,7,5,18,20.8,990,167,1.9,4,8.0,51,121,186,351,-425,2
3968500,2729500,7,5,19,20.0,990,132,1.5,7,8.0,52,31,112,358,-420,2
3968500,2729500,7,5,20,18.6,990,129,1.8,7,8.6,60,1,38,368,-413,2
3968500,2729500,7,5,21,17.2,990,203,1.6,6,8.9,68,0,8,361,-406,2
3968500,2729500,7,5,22,16.2,990,244,1.1,6,8.8,72,0,0,354,-401,2
3968500,2729500,7,5,23,15.6,990,242,1.4,6,8.7,76,0,0,352,-397,2
3968500,2729500,7,5,24,15.2,990,225,1.9,7,8.8,78,0,0,355,-395,2
3968500,2729500,7,6,1,15.2,990,228,1.6,8,8.8,79,0,0,362,-392,2
3968500,2729500,7,6,2,15.3,990,305,2.3,8,8.7,78,0,0,367,-390,2
3968500,2729500,7,6,3,15.0,990,330,2.8,8,8.5,77,0,0,367,-389,2
3968500,2729500,7,6,4,14.3,990,12,3.1,8,8.3,78,0,0,366,-388,2
3968500,2729500,7,6,5,14.0,990,321,1.7,8,8.4,81,0,1,364,-387,2
3968500,2729500,7,6,6,13.7,990,199,1.3,8,8.6,85,2,34,364,-387,2
3968500,2729500,7,6,7,14.2,990,156,1.0,5,8.8,87,21,99,352,-388,2
3968500,2729500,7,6,8,15.9,990,129,1.5,4,9.1,83,95,173,337,-393,2
3968500,2729500,7,6,9,18.0,991,149,2.5,5,9.2,74,269,193,347,-397,2
3968500,2729500,7,6,10,18.4,991,157,3.2,5,9.3,70,227,276,357,-404,2
3968500,2729500,7,6,11,16.8,991,233,3.7,7,9.1,71,4,248,363,-413,2
3968500,2729500,7,6,12,17.8,991,160,2.5,7,9.0,72,2,246,371,-422,2
3968500,2729500,7,6,13,18.0,991,187,2.6,6,9.0,69,25,308,370,-426,2
3968500,2729500,7,6,14,19.8,991,231,2.6,6,8.9,64,52,318,371,-425,2
3968500,2729500,7,6,15,18.8,991,243,2.6,7,9.1,64,16,251,376,-429,2
3968500,2729500,7,6,16,19.3,991,245,2.5,7,9.2,65,9,210,378,-433,2
3968500,2729500,7,6,17,19.0,992,240,1.9,6,9.3,66,40,206,375,-429,2
3968500,2729500,7,6,18,19.1,992,183,1.6,6,9.4,66,42,160,371,-423,2
3968500,2729500,7,6,19,18.6,992,208,1.6,3,9.5,68,119,88,359,-417,2
3968500,2729500,7,6,20,17.3,992,226,2.1,3,9.7,74,56,45,346,-410,2
3968500,2729500,7,6,21,16.2,993,229,1.9,5,10.0,82,1,9,347,-403,2
3968500,2729500,7,6,22,16.0,993,183,1.6,7,9.9,85,0,0,359,-397,2
3968500,2729500,7,6,23,15.7,994,160,1.8,7,10.0,86,0,0,365,-394,2
3968500,2729500,7,6,24,15.2,994,130,1.6,6,10.2,91,0,0,360,-391,2
3968500,2729500,7,7,1,14.8,994,170,2.0,3,10.4,95,0,0,342,-387,2
3968500,2729500,7,7,2,14.5,994,35,1.7,4,10.3,96,0,0,332,-383,2
3968500,2729500,7,7,3,13.5,994,228,1.1,5,10.0,98,0,0,337,-378,2
3968500,2729500,7,7,4,13.1,994,140,1.7,3,9.6,98,0,0,329,-374,2
3968500,2729500,7,7,5,13.1,994,127,1.9,7,9.4,97,0,1,336,-374,2
3968500,2729500,7,7,6,13.8,994,141,1.9,7,9.6,98,0,20,353,-377,2
3968500,2729500,7,7,7,15.0,995,162,1.7,7,10.3,98,0,61,355,-384,2
3968500,2729500,7,7,8,15.9,995,149,2.1,7,10.7,95,2,132,358,-394,2
3968500,2729500,7,7,9,16.8,995,197,2.2,6,10.8,91,33,243,357,-405,2
3968500,2729500,7,7,10,17.9,995,240,3.0,6,10.7,84,13,257,356,-417,2
3968500,2729500,7,7,11,18.8,995,240,3.4,7,10.4,78,0,213,363,-426,2
3968500,2729500,7,7,12,17.9,995,249,2.6,7,10.3,76,7,272,367,-430,2
3968500,2729500,7,7,13,18.5,995,254,2.4,7,10.5,78,3,258,366,-437,2
3968500,2729500,7,7,14,20.4,995,132,2.5,5,10.7,74,30,314,364,-445,2
3968500,2729500,7,7,15,21.0,995,188,3.9,5,10.3,66,77,320,361,-442,2
3968500,2729500,7,7,16,20.8,994,179,3.5,6,9.8,62,139,304,364,-440,2
3968500,2729500,7,7,17,20.5,994,181,4.0,5,9.9,64,132,248,363,-437,2
3968500,2729500,7,7,18,20.4,994,325,2.7,7,9.9,64,29,166,365,-430,2
3968500,2729500,7,7,19,20.4,994,340,1.8,8,9.9,65,2,82,374,-427,2
3968500,2729500,7,7,20,18.2,994,68,1.5,6,10.2,71,0,38,367,-420,2
3968500,2729500,7,7,21,16.7,994,309,1.5,6,10.4,82,0,6,355,-412,2
3968500,2729500,7,7,22,16.3,994,289,2.2,3,10.3,86,0,0,342,-404,2
3968500,2729500,7,7,23,14.4,995,216,1.7,3,10.1,91,0,0,327,-396,2
3968500,2729500,7,7,24,13.8,995,122,1.6,2,10.1,98,0,0,319,-391,2
3968500,2729500,7,8,1,13.0,995,98,1.1,1,9.7,99,0,0,310,-388,2
3968500,2729500,7,8,2,11.8,994,166,0.9,1,9.1,99,0,0,302,-383,2
3968500,2729500,7,8,3,11.8,994,128,1.3,1,8.8,100,0,0,300,-380,2
3968500,2729500,7,8,4,11.1,994,119,1.9,0,8.6,100,0,0,296,-378,2
3968500,2729500,7,8,5,11.1,994,122,1.9,2,8.4,100,0,5,297,-376,2
3968500,2729500,7,8,6,13.6,994,97,1.2,3,9.2,100,27,55,312,-377,2
3968500,2729500,7,8,7,15.4,994,161,1.3,1,10.4,99,131,107,316,-384,2
3968500,2729500,7,8,8,17.9,993,156,2.2,1,10.9,90,256,141,316,-397,2
3968500,2729500,7,8,9,20.2,993,182,2.4,1,11.1,78,397,159,325,-414,2
3968500,2729500,7,8,10,22.6,993,172,3.3,0,11.3,69,517,173,332,-432,2
3968500,2729500,7,8,11,23.7,993,203,3.9,1,11.1,61,565,207,338,-449,2
3968500,2729500,7,8,12,25.3,992,184,4.3,2,10.8,55,618,217,349,-463,2
3968500,2729500,7,8,13,26.4,992,181,5.4,2,10.1,47,735,163,359,-473,2
3968500,2729500,7,8,14,27.1,991,176,4.9,2,9.3,41,709,162,362,-480,2
3968500,2729500,7,8,15,27.8,990,187,4.7,1,8.8,37,615,172,363,-484,2
3968500,2729500,7,8,16,27.6,990,187,5.2,2,8.3,35,505,169,363,-484,2
3968500,2729500,7,8,17,27.4,990,212,3.4,3,8.6,36,381,156,365,-478,2
3968500,2729500,7,8,18,27.0,989,184,3.9,3,8.9,39,243,137,365,-472,2
3968500,2729500,7,8,19,25.8,989,231,2.1,5,9.1,41,79,110,363,-462,2
3968500,2729500,7,8,20,21.8,989,237,1.8,5,9.8,52,24,52,358,-448,2
3968500,2729500,7,8,21,20.1,989,180,1.8,6,9.7,61,1,10,351,-434,2
3968500,2729500,7,8,22,19.1,989,54,1.7,3,9.7,66,0,0,345,-422,2
3968500,2729500,7,8,23,16.3,989,50,1.5,3,10.2,78,0,0,335,-416,2
3968500,2729500,7,8,24,16.3,989,83,0.8,4,10.1,85,0,0,331,-414,2
3968500,2729500,7,9,1,15.1,989,305,0.2,3,9.9,87,0,0,329,-409,2
3968500,2729500,7,9,2,14.7,989,356,1.5,3,10.0,92,0,0,325,-402,2
3968500,2729500,7,9,3,13.7,989,35,1.0,3,10.0,96,0,0,323,-397,2
3968500,2729500,7,9,4,13.8,989,72,1.6,1,9.8,97,0,0,318,-396,2
3968500,2729500,7,9,5,13.1,989,197,0.9,2,9.7,98,0,4,314,-395,2
3968500,2729500,7,9,6,14.9,988,104,0.9,2,9.8,96,17,50,317,-396,2
3968500,2729500,7,9,7,17.5,988,221,0.9,2,10.4,88,126,105,324,-402,2
3968500,2729500,7,9,8,21.2,988,110,1.2,1,11.1,76,275,127,332,-415,2
3968500,2729500,7,9,9,24.1,988,193,2.1,1,11.5,65,419,140,343,-432,2
3968500,2729500,7,9,10,25.6,988,173,2.2,1,11.8,58,560,140,352,-452,2
3968500,2729500,7,9,11,27.4,987,175,2.7,1,11.7,52,680,132,361,-472,2
3968500,2729500,7,9,12,29.1,987,193,2.9,1,11.9,48,713,152,369,-486,2
3968500,2729500,7,9,13,29.6,986,182,3.4,4,12.0,46,246,371,381,-496,2
3968500,2729500,7,9,14,30.2,986,129,3.9,5,11.3,42,168,363,392,-503,2
3968500,2729500,7,9,15,30.7,985,202,5.3,2,10.3,37,495,229,391,-507,2
3968500,2729500,7,9,16,30.4,985,187,4.9,2,9.3,33,552,134,386,-505,2
3968500,2729500,7,9,17,30.1,985,184,4.0,1,9.6,34,269,201,383,-498,2
3968500,2729500,7,9,18,27.4,984,195,3.8,4,10.3,40,36,167,384,-490,2
3968500,2729500,7,9,19,26.0,985,197,5.0,4,10.5,46,66,110,383,-479,2
3968500,2729500,7,9,20,23.7,985,174,5.0,7,10.1,50,20,49,383,-467,2
3968500,2729500,7,9,21,19.0,986,200,4.3,6,10.7,65,0,5,375,-457,2
3968500,2729500,7,9,22,18.0,986,329,1.7,7,12.1,88,0,0,368,-448,2
3968500,2729500,7,9,23,16.9,987,156,1.0,7,12.4,96,0,0,366,-441,2
3968500,2729500,7,9,24,16.3,987,198,2.0,3,12.2,100,0,0,357,-436,2
3968500,2729500,7,10,1,16.0,987,213,2.3,3,11.8,100,0,0,350,-430,2
3968500,2729500,7,10,2,14.9,987,159,2.3,4,11.3,100,0,0,352,-425,2
3968500,2729500,7,10,3,15.2,987,162,2.2,4,11.0,100,0,0,352,-421,2
3968500,2729500,7,10,4,14.5,987,146,1.8,4,10.9,100,0,0,352,-418,2
3968500,2729500,7,10,5,14.1,986,180,1.2,3,10.5,100,1,10,345,-417,2
3968500,2729500,7,10,6,15.8,986,142,1.2,4,11.0,100,45,56,344,-417,2
3968500,2729500,7,10,7,17.6,987,212,1.3,2,12.3,100,109,107,344,-420,2
3968500,2729500,7,10,8,19.5,987,91,0.6,4,12.7,92,36,176,347,-421,2
3968500,2729500,7,10,9,21.0,987,358,2.1,5,12.5,82,53,245,361,-424,2
3968500,2729500,7,10,10,22.6,987,355,2.8,4,12.5,74,333,254,365,-422,2
3968500,2729500,7,10,11,23.4,986,311,2.4,6,12.4,68,76,340,374,-416,2
3968500,2729500,7,10,12,24.4,985,157,1.9,5,12.5,65,238,366,383,-412,2
3968500,2729500,7,10,13,25.9,985,37,3.5,4,12.8,62,595,227,381,-411,2
3968500,2729500,7,10,14,24.4,984,27,3.8,5,12.9,62,171,366,383,-413,2
3968500,2729500,7,10,15,19.5,983,255,6.4,7,11.0,64,6,241,380,-412,2
3968500,2729500,7,10,16,14.2,984,315,4.8,7,9.7,78,0,65,369,-410,2
3968500,2729500,7,10,17,14.2,988,250,3.5,7,10.2,97,0,63,360,-406,2
3968500,2729500,7,10,18,13.9,988,262,3.4,8,10.1,98,0,41,363,-404,2
3968500,2729500,7,10,19,13.6,989,283,3.0,8,10.0,99,0,40,364,-406,2
3968500,2729500,7,10,20,13.4,989,286,3.1,8,9.8,99,0,16,363,-406,2
3968500,2729500,7,10,21,13.0,990,241,2.5,7,9.6,99,0,2,358,-399,2
3968500,2729500,7,10,22,12.6,991,173,2.9,6,9.4,100,0,0,347,-392,2
3968500,2729500,7,10,23,12.4,991,160,3.1,6,9.3,100,0,0,342,-386,2
3968500,2729500,7,10,24,11.3,992,144,2.6,4,8.9,100,0,0,332,-383,2
3968500,2729500,7,11,1,10.7,993,144,3.1,2,8.4,100,0,0,314,-382,2
3968500,2729500,7,11,2,10.3,993,164,2.9,1,8.0,99,0,0,300,-382,2
3968500,2729500,7,11,3,10.0,994,150,3.1,1,7.8,99,0,0,293,-380,2
3968500,2729500,7,11,4,10.1,994,163,3.4,5,7.8,99,0,0,307,-377,2
3968500,2729500,7,11,5,10.5,994,148,3.5,5,8.0,100,0,3,323,-376,2
3968500,2729500,7,11,6,11.2,994,158,3.0,3,8.3,100,7,44,315,-379,2
3968500,2729500,7,11,7,12.2,995,165,2.9,4,8.7,100,32,107,313,-386,2
3968500,2729500,7,11,8,13.8,995,171,2.8,6,9.4,98,20,165,330,-396,2
3968500,2729500,7,11,9,15.5,996,186,3.0,5,10.3,97,122,248,341,-405,2
3968500,2729500,7,11,10,17.9,996,165,3.2,5,10.6,87,174,302,344,-415,2
3968500,2729500,7,11,11,18.4,996,183,3.6,5,10.5,79,189,341,351,-424,2
3968500,2729500,7,11,12,19.7,996,164,4.1,3,10.2,73,346,326,346,-433,2
3968500,2729500,7,11,13,19.1,996,214,3.5,2,9.4,66,548,246,337,-435,2
3968500,2729500,7,11,14,20.7,997,227,3.9,3,9.5,64,204,357,340,-435,2
3968500,2729500,7,11,15,20.8,997,209,4.0,1,9.7,62,473,230,339,-444,2
3968500,2729500,7,11,16,20.9,997,213,4.0,2,9.3,59,322,241,334,-440,2
3968500,2729500,7,11,17,21.4,997,217,2.7,4,8.9,56,181,224,343,-429,2
3968500,2729500,7,11,18,21.2,997,231,3.2,7,9.3,58,45,167,356,-427,2
3968500,2729500,7,11,19,19.0,997,272,2.3,6,10.9,73,48,108,360,-421,2
3968500,2729500,7,11,20,17.3,998,259,2.1,5,11.8,89,11,45,347,-411,2
3968500,2729500,7,11,21,16.9,998,338,2.0,4,10.9,87,0,4,335,-400,2
3968500,2729500,7,11,22,15.1,999,357,2.0,5,10.4,90,0,0,331,-391,2
3968500,2729500,7,11,23,13.8,999,58,1.4,4,10.2,97,0,0,325,-385,2
3968500,2729500,7,11,24,13.0,1000,14,1.4,1,9.7,100,0,0,309,-381,2
3968500,2729500,7,12,1,11.8,1000,14,1.0,2,9.1,100,0,0,298,-377,2
3968500,2729500,7,12,2,11.7,1000,27,1.3,2,8.7,100,0,0,297,-373,2
3968500,2729500,7,12,3,10.6,999,98,0.8,2,8.3,99,0,0,293,-370,2
3968500,2729500,7,12,4,10.1,999,307,0.1,0,7.9,99,0,0,283,-367,2
3968500,2729500,7,12,5,10.5,999,320,1.0,3,7.9,100,0,1,285,-364,2
3968500,2729500,7,12,6,11.5,999,316,1.2,3,8.3,99,25,52,296,-365,2
3968500,2729500,7,12,7,13.6,1000,346,1.4,4,9.2,100,99,109,303,-374,2
3968500,2729500,7,12,8,16.0,1000,334,1.7,3,10.5,98,172,163,310,-388,2
3968500,2729500,7,12,9,18.0,1000,45,1.4,4,11.6,94,175,240,320,-405,2
3968500,2729500,7,12,10,19.4,999,12,1.3,6,13.0,94,169,305,338,-422,2
3968500,2729500,7,12,11,20.8,999,89,1.4,6,13.8,91,255,331,352,-438,2
3968500,2729500,7,12,12,22.1,999,1,1.6,5,14.4,88,248,359,355,-449,2
3968500,2729500,7,12,13,22.1,998,77,2.1,4,15.8,93,229,370,355,-458,2
3968500,2729500,7,12,14,22.8,999,62,2.5,4,16.0,92,304,336,354,-465,2
3968500,2729500,7,12,15,23.6,998,98,2.6,4,16.3,89,450,247,358,-462,2
3968500,2729500,7,12,16,22.7,998,114,3.0,5,16.6,91,94,289,362,-459,2
3968500,2729500,7,12,17,23.4,998,77,2.9,7,15.6,86,32,217,372,-454,2
3968500,2729500,7,12,18,22.6,997,45,3.0,7,15.2,84,5,131,378,-444,2
3968500,2729500,7,12,19,22.1,996,46,2.3,7,15.3,88,6,87,377,-436,2
3968500,2729500,7,12,20,20.8,995,51,3.0,7,15.0,92,17,47,375,-426,2
3968500,2729500,7,12,21,19.4,995,22,2.7,6,14.1,93,0,8,365,-416,2
3968500,2729500,7,12,22,17.3,995,6,2.8,6,12.9,95,0,0,353,-409,2
3968500,2729500,7,12,23,17.2,995,13,2.9,6,12.4,98,0,0,349,-405,2
3968500,2729500,7,12,24,17.6,995,20,3.2,8,12.5,98,0,0,360,-401,2
3968500,2729500,7,13,1,16.6,994,27,2.5,7,12.3,99,0,0,366,-398,2
3968500,2729500,7,13,2,16.2,994,65,2.4,7,11.9,99,0,0,359,-397,2
3968500,2729500,7,13,3,15.6,994,46,2.7,6,11.4,99,0,0,354,-397,2
3968500,2729500,7,13,4,15.7,993,19,3.2,6,11.2,98,0,0,348,-397,2
3968500,2729500,7,13,5,15.5,993,25,2.5,7,11.2,99,0,2,353,-397,2
3968500,2729500,7,13,6,15.8,993,40,2.6,8,11.3,99,4,40,363,-400,2
3968500,2729500,7,13,7,16.1,993,17,3.3,5,11.5,99,4,82,354,-404,2
3968500,2729500,7,13,8,17.0,993,351,2.6,7,11.7,97,0,87,351,-408,2
3968500,2729500,7,13,9,18.5,993,345,2.7,6,12.6,96,52,243,363,-411,2
3968500,2729500,7,13,10,19.8,992,358,3.0,6,13.9,97,111,311,367,-412,2
3968500,2729500,7,13,11,20.9,992,5,2.4,6,14.4,94,214,341,376,-413,2
3968500,2729500,7,13,12,22.7,992,204,2.3,6,15.2,90,195,369,385,-416,2
3968500,2729500,7,13,13,23.4,992,195,2.4,5,16.5,90,192,376,389,-422,2
3968500,2729500,7,13,14,23.2,992,232,3.3,6,17.3,93,40,330,393,-428,2
3968500,2729500,7,13,15,21.9,992,309,4.6,6,17.0,96,0,205,394,-435,2
3968500,2729500,7,13,16,17.3,992,284,2.9,8,14.2,96,0,73,387,-434,2
3968500,2729500,7,13,17,18.0,992,178,2.6,8,12.7,98,0,88,385,-425,2
3968500,2729500,7,13,18,18.6,993,357,2.6,7,13.4,99,0,109,384,-422,2
3968500,2729500,7,13,19,17.8,993,350,2.0,6,13.3,99,20,101,377,-423,2
3968500,2729500,7,13,20,17.5,993,226,1.7,8,12.8,98,6,42,377,-418,2
3968500,2729500,7,13,21,17.0,993,211,1.2,6,12.4,98,0,5,375,-413,2
3968500,2729500,7,13,22,16.9,994,344,2.1,7,12.2,98,0,0,370,-409,2
3968500,2729500,7,13,23,16.9,994,321,3.2,7,12.3,99,0,0,373,-405,2
3968500,2729500,7,13,24,16.8,994,336,3.4,6,12.3,100,0,0,369,-404,2
3968500,2729500,7,14,1,16.8,994,330,3.4,7,12.2,100,0,0,368,-401,2
3968500,2729500,7,14,2,16.5,994,340,3.4,7,12.1,99,0,0,371,-399,2
3968500,2729500,7,14,3,16.6,995,320,3.0,6,12.0,99,0,0,366,-397,2
3968500,2729500,7,14,4,16.4,994,349,2.2,7,11.9,99,0,0,365,-396,2
3968500,2729500,7,14,5,16.1,994,342,2.2,8,11.8,99,0,0,373,-396,2
3968500,2729500,7,14,6,15.8,995,339,3.1,8,11.6,100,0,8,378,-397,2
3968500,2729500,7,14,7,15.9,995,355,4.1,8,11.5,100,0,21,379,-399,2
3968500,2729500,7,14,8,16.4,995,338,2.8,8,11.8,100,0,59,381,-400,2
3968500,2729500,7,14,9,16.4,996,335,3.3,7,11.9,100,0,110,376,-404,2
3968500,2729500,7,14,10,16.8,996,324,3.6,8,12.0,99,0,121,377,-407,2
3968500,2729500,7,14,11,17.0,996,338,3.4,8,12.2,99,0,103,382,-406,2
3968500,2729500,7,14,12,17.5,996,329,3.2,8,12.5,99,0,109,383,-410,2
3968500,2729500,7,14,13,17.9,997,328,3.0,8,12.8,99,0,99,384,-416,2
3968500,2729500,7,14,14,17.7,997,323,3.8,8,12.9,99,0,104,385,-418,2
3968500,2729500,7,14,15,17.9,997,339,3.7,7,13.0,99,0,103,382,-427,2
3968500,2729500,7,14,16,17.6,997,336,3.7,8,12.9,99,0,85,382,-438,2
3968500,2729500,7,14,17,17.4,997,331,3.5,7,12.7,99,0,95,381,-440,2
3968500,2729500,7,14,18,17.8,997,339,2.9,8,12.7,98,0,87,380,-437,2
3968500,2729500,7,14,19,17.7,997,335,3.3,8,12.7,98,0,54,383,-432,2
3968500,2729500,7,14,20,17.3,997,339,3.6,7,12.7,99,1,34,380,-425,2
3968500,2729500,7,14,21,17.3,998,338,3.0,8,12.6,100,0,3,380,-418,2
3968500,2729500,7,14,22,17.3,998,337,2.6,8,12.6,100,0,0,385,-412,2
3968500,2729500,7,14,23,17.4,998,341,2.7,8,12.5,99,0,0,385,-408,2
3968500,2729500,7,14,24,17.2,998,332,2.5,8,12.4,98,0,0,386,-404,2
3968500,2729500,7,15,1,17.1,998,317,2.2,8,12.3,98,0,0,385,-400,2
3968500,2729500,7,15,2,17.0,998,351,1.9,8,12.3,99,0,0,386,-396,2
3968500,2729500,7,15,3,16.9,998,337,2.0,8,12.3,100,0,0,385,-392,2
3968500,2729500,7,15,4,16.8,998,350,2.7,8,12.3,100,0,0,385,-390,2
3968500,2729500,7,15,5,16.8,997,349,2.1,8,12.2,100,0,1,384,-389,2
3968500,2729500,7,15,6,16.8,997,349,2.6,8,12.2,100,0,12,383,-389,2
3968500,2729500,7,15,7,17.2,998,350,3.0,8,12.3,99,0,41,384,-391,2
3968500,2729500,7,15,8,17.5,998,355,2.9,8,12.5,99,0,111,387,-398,2
3968500,2729500,7,15,9,17.9,998,346,4.0,8,12.7,98,2,182,388,-409,2
3968500,2729500,7,15,10,18.5,998,12,4.4,7,13.0,98,16,271,384,-421,2
3968500,2729500,7,15,11,20.8,997,24,4.6,6,14.1,96,129,368,381,-431,2
3968500,2729500,7,15,12,22.2,997,18,4.8,4,15.5,94,486,305,377,-442,2
3968500,2729500,7,15,13,23.0,998,19,4.6,4,16.4,93,466,328,375,-451,2
3968500,2729500,7,15,14,23.7,997,10,5.2,3,17.3,94,505,293,375,-458,2
3968500,2729500,7,15,15,23.9,997,36,4.4,4,17.2,91,304,341,377,-458,2
3968500,2729500,7,15,16,23.1,997,22,5.9,4,16.4,88,107,313,379,-455,2
3968500,2729500,7,15,17,22.1,996,12,5.1,7,15.4,87,1,169,387,-451,2
3968500,2729500,7,15,18,21.5,996,22,5.3,8,14.4,86,0,89,399,-444,2
3968500,2729500,7,15,19,21.0,995,27,5.4,8,14.6,90,0,29,401,-436,2
3968500,2729500,7,15,20,20.4,995,28,4.5,7,14.7,94,0,8,395,-428,2
3968500,2729500,7,15,21,19.6,995,6,3.6,7,14.3,95,0,1,385,-421,2
3968500,2729500,7,15,22,19.0,995,28,3.5,5,13.5,94,0,0,372,-415,2
3968500,2729500,7,15,23,17.7,995,33,4.1,5,12.7,94,0,0,358,-409,2
3968500,2729500,7,15,24,17.1,995,25,3.1,6,11.8,93,0,0,356,-405,2
3968500,2729500,7,16,1,17.1,994,31,2.7,6,11.6,93,0,0,357,-402,2
3968500,2729500,7,16,2,17.1,994,6,2.8,8,11.6,93,0,0,363,-398,2
3968500,2729500,7,16,3,16.9,994,314,2.5,8,11.0,89,0,0,366,-394,2
3968500,2729500,7,16,4,16.2,993,335,2.7,7,10.4,86,0,0,359,-390,2
3968500,2729500,7,16,5,16.4,993,338,3.3,6,10.5,88,0,1,351,-387,2
3968500,2729500,7,16,6,16.7,992,332,4.0,6,10.6,88,0,19,347,-385,2
3968500,2729500,7,16,7,17.1,992,359,2.9,7,10.5,85,0,68,349,-390,2
3968500,2729500,7,16,8,17.4,992,17,3.3,7,10.6,84,2,136,351,-401,2
3968500,2729500,7,16,9,18.9,992,359,3.3,7,11.4,86,12,221,353,-413,2
3968500,2729500,7,16,10,20.7,992,11,4.1,6,13.2,89,69,333,357,-426,2
3968500,2729500,7,16,11,21.0,992,25,4.2,6,14.4,91,44,352,360,-438,2
3968500,2729500,7,16,12,21.2,992,4,4.4,6,14.4,89,12,314,363,-448,2
3968500,2729500,7,16,13,21.5,992,4,4.0,7,14.9,91,0,239,368,-455,2
3968500,2729500,7,16,14,22.1,992,6,4.5,6,15.9,94,8,287,373,-460,2
3968500,2729500,7,16,15,22.0,991,8,4.8,4,16.3,95,114,375,367,-461,2
3968500,2729500,7,16,16,22.7,991,352,5.9,5,16.5,94,61,311,365,-460,2
3968500,2729500,7,16,17,21.6,991,352,6.3,6,15.6,91,47,254,370,-456,2
3968500,2729500,7,16,18,20.8,991,355,5.3,5,14.7,90,65,198,365,-449,2
3968500,2729500,7,16,19,20.8,991,1,5.4,7,14.2,89,7,97,366,-442,2
3968500,2729500,7,16,20,19.8,991,223,5.3,6,13.9,92,0,17,372,-435,2
3968500,2729500,7,16,21,19.3,990,169,5.1,6,13.7,93,0,1,364,-428,2
3968500,2729500,7,16,22,18.8,990,184,4.6,6,13.4,94,0,0,354,-423,2
3968500,2729500,7,16,23,18.2,990,155,3.9,6,12.9,95,0,0,351,-418,2
3968500,2729500,7,16,24,17.5,990,149,3.3,7,12.3,94,0,0,355,-415,2
3968500,2729500,7,17,1,16.9,992,174,2.7,8,11.6,93,0,0,376,-397,2
3968500,2729500,7,17,2,16.3,991,189,2.3,8,11.1,92,0,0,381,-397,2
3968500,2729500,7,17,3,15.9,991,162,2.0,8,10.7,92,0,0,381,-397,2
3968500,2729500,7,17,4,15.9,991,160,2.2,7,10.6,91,0,0,375,-396,2
3968500,2729500,7,17,5,16.1,991,164,2.4,8,10.6,90,0,0,369,-396,2
3968500,2729500,7,17,6,16.1,991,158,3.0,7,10.4,90,0,12,368,-396,2
3968500,2729500,7,17,7,16.9,991,170,3.3,8,10.5,87,0,61,374,-398,2
3968500,2729500,7,17,8,17.7,991,200,3.0,7,10.7,84,3,130,375,-404,2
3968500,2729500,7,17,9,18.5,991,250,2.9,6,10.7,80,15,208,369,-414,2
3968500,2729500,7,17,10,19.3,992,245,2.8,7,10.9,78,22,261,373,-426,2
3968500,2729500,7,17,11,19.6,992,228,3.6,7,11.0,76,31,298,380,-437,2
3968500,2729500,7,17,12,20.3,992,240,3.6,7,11.2,75,24,297,382,-451,2
3968500,2729500,7,17,13,20.3,992,267,4.3,8,11.2,73,0,234,385,-462,2
3968500,2729500,7,17,14,23.0,994,294,3.6,7,11.1,67,15,278,388,-466,2
3968500,2729500,7,17,15,22.5,994,292,3.7,6,11.1,63,71,289,384,-466,2
3968500,2729500,7,17,16,21.7,994,325,4.3,6,10.9,64,66,256,376,-465,2
3968500,2729500,7,17,17,21.7,994,261,3.3,7,10.6,64,59,208,376,-462,2
3968500,2729500,7,17,18,22.2,994,290,2.5,5,10.7,64,189,104,372,-456,2
3968500,2729500,7,17,19,21.9,994,352,1.6,3,10.8,64,129,57,359,-447,2
3968500,2729500,7,17,20,19.3,993,33,1.7,3,10.8,70,27,36,346,-437,2
3968500,2729500,7,17,21,17.4,993,337,1.7,3,10.9,80,0,5,338,-425,2
3968500,2729500,7,17,22,16.8,993,329,1.5,2,10.8,86,0,0,331,-414,2
3968500,2729500,7,17,23,15.5,994,86,1.0,2,10.6,90,0,0,325,-406,2
3968500,2729500,7,17,24,14.5,994,22,0.6,4,10.4,95,0,0,327,-401,2
3968500,2729500,7,18,1,14.2,994,32,1.5,5,10.1,97,0,0,334,-398,2
3968500,2729500,7,18,2,13.8,994,47,1.3,3,10.0,98,0,0,331,-395,2
3968500,2729500,7,18,3,13.2,994,58,1.1,4,9.8,99,0,0,327,-393,2
3968500,2729500,7,18,4,13.3,994,43,0.7,2,9.7,100,0,0,324,-390,2
3968500,2729500,7,18,5,12.9,994,39,0.5,1,9.6,100,0,2,315,-386,2
3968500,2729500,7,18,6,13.0,994,84,1.1,1,9.5,100,30,43,311,-383,2
3968500,2729500,7,18,7,15.7,994,106,1.3,1,9.9,95,150,77,314,-390,2
3968500,2729500,7,18,8,18.9,994,118,2.0,1,10.8,86,342,68,322,-406,2
3968500,2729500,7,18,9,21.5,994,184,2.3,0,11.5,76,482,98,331,-427,2
3968500,2729500,7,18,10,24.7,994,168,3.0,1,12.2,68,663,58,343,-447,2
3968500,2729500,7,18,11,25.6,994,139,4.2,1,12.2,60,766,67,355,-466,2
3968500,2729500,7,18,12,25.1,993,161,4.3,1,11.8,57,812,71,358,-482,2
3968500,2729500,7,18,13,26.3,993,126,4.6,3,12.1,57,424,293,368,-493,2
3968500,2729500,7,18,14,24.9,992,148,4.2,6,12.1,57,12,287,380,-500,2
3968500,2729500,7,18,15,16.0,991,187,4.4,7,11.4,74,0,74,371,-505,2
3968500,2729500,7,18,16,16.8,992,20,3.7,7,11.3,95,0,65,361,-504,2
3968500,2729500,7,18,17,17.4,993,343,2.4,8,12.1,96,0,56,366,-495,2
3968500,2729500,7,18,18,18.6,992,338,2.1,7,12.5,94,4,133,372,-480,2
3968500,2729500,7,18,19,19.8,991,19,2.0,4,13.1,91,67,97,370,-466,2
3968500,2729500,7,18,20,17.9,990,222,1.0,4,12.8,91,33,41,364,-452,2
3968500,2729500,7,18,21,16.3,991,149,1.6,7,12.1,97,0,6,364,-443,2
3968500,2729500,7,18,22,17.0,991,170,3.1,7,12.0,99,0,0,371,-437,2
3968500,2729500,7,18,23,16.9,992,353,2.0,6,11.9,96,0,0,369,-434,2
3968500,2729500,7,18,24,15.8,993,126,1.0,6,11.6,97,0,0,364,-430,2
3968500,2729500,7,19,1,15.9,992,181,3.1,8,11.5,100,0,0,370,-428,2
3968500,2729500,7,19,2,15.6,992,161,3.8,6,11.4,100,0,0,369,-426,2
3968500,2729500,7,19,3,15.5,992,183,4.3,3,11.2,99,0,0,353,-424,2
3968500,2729500,7,19,4,15.3,992,164,3.9,4,10.9,97,0,0,345,-421,2
3968500,2729500,7,19,5,15.3,993,131,2.9,5,10.8,97,0,0,352,-417,2
3968500,2729500,7,19,6,15.6,993,15,2.0,5,10.9,96,13,46,354,-415,2
3968500,2729500,7,19,7,17.1,993,123,1.9,4,11.2,94,73,118,352,-416,2
3968500,2729500,7,19,8,18.8,993,152,2.4,4,11.7,89,120,190,351,-419,2
3968500,2729500,7,19,9,20.0,993,121,2.5,4,12.0,83,219,248,355,-420,2
3968500,2729500,7,19,10,22.3,993,121,2.2,3,12.5,78,416,242,358,-424,2
3968500,2729500,7,19,11,23.6,994,145,2.8,2,12.9,72,502,264,359,-441,2
3968500,2729500,7,19,12,25.0,994,174,3.2,3,13.0,67,560,276,363,-460,2
3968500,2729500,7,19,13,25.8,993,165,2.6,3,12.8,62,576,281,369,-465,2
3968500,2729500,7,19,14,27.2,993,169,3.2,2,12.6,57,441,334,368,-471,2
3968500,2729500,7,19,15,27.0,992,71,2.9,3,12.2,53,281,355,371,-482,2
3968500,2729500,7,19,16,17.3,992,63,3.4,6,11.6,68,1,194,370,-476,2
3968500,2729500,7,19,17,18.6,992,354,1.8,5,11.9,90,22,223,363,-457,2
3968500,2729500,7,19,18,18.7,992,116,2.6,5,12.4,90,44,178,361,-445,2
3968500,2729500,7,19,19,18.9,992,102,2.6,6,12.5,90,6,92,365,-438,2
3968500,2729500,7,19,20,18.1,992,188,2.1,6,12.7,92,8,43,368,-426,2
3968500,2729500,7,19,21,17.8,992,158,2.0,7,12.6,95,0,1,370,-418,2
3968500,2729500,7,19,22,17.1,992,157,1.7,5,12.4,97,0,0,363,-413,2
3968500,2729500,7,19,23,16.5,992,113,1.8,5,12.0,98,0,0,351,-409,2
3968500,2729500,7,19,24,16.3,993,137,1.9,6,11.7,98,0,0,355,-405,2
3968500,2729500,7,20,1,16.6,993,161,2.0,6,11.8,98,0,0,360,-402,2
3968500,2729500,7,20,2,16.5,993,127,2.3,7,11.9,98,0,0,366,-401,2
3968500,2729500,7,20,3,16.4,993,130,1.9,6,11.9,99,0,0,367,-402,2
3968500,2729500,7,20,4,16.4,993,154,1.6,7,11.8,99,0,0,368,-402,2
3968500,2729500,7,20,5,16.3,994,169,2.8,8,11.8,99,0,0,377,-403,2
3968500,2729500,7,20,6,16.5,994,15,1.2,8,11.8,99,0,23,382,-405,2
3968500,2729500,7,20,7,17.5,994,201,0.5,7,11.8,95,14,97,379,-410,2
3968500,2729500,7,20,8,17.9,995,274,1.4,5,11.3,88,52,181,365,-414,2
3968500,2729500,7,20,9,18.9,995,298,2.2,7,10.9,80,22,229,367,-421,2
3968500,2729500,7,20,10,20.3,995,265,2.4,5,10.7,73,177,311,372,-429,2
3968500,2729500,7,20,11,21.3,995,192,3.3,4,10.2,65,452,258,366,-427,2
3968500,2729500,7,20,12,22.4,996,227,3.5,3,9.8,59,487,278,364,-435,2
3968500,2729500,7,20,13,23.3,997,266,3.2,4,9.4,53,448,311,366,-451,2
3968500,2729500,7,20,14,24.1,997,255,3.3,4,8.5,45,404,316,368,-456,2
3968500,2729500,7,20,15,23.9,996,307,3.1,4,8.3,44,376,291,366,-457,2
3968500,2729500,7,20,16,23.7,996,351,3.5,4,8.7,46,283,270,364,-456,2
3968500,2729500,7,20,17,23.0,996,330,3.3,7,8.8,48,154,238,367,-451,2
3968500,2729500,7,20,18,22.0,995,330,3.3,7,8.8,51,71,173,369,-444,2
3968500,2729500,7,20,19,21.1,995,25,2.7,5,8.6,52,56,102,359,-435,2
3968500,2729500,7,20,20,19.5,995,359,2.3,5,8.7,57,17,43,350,-425,2
3968500,2729500,7,20,21,17.9,996,5,2.0,6,8.8,64,0,4,347,-414,2
3968500,2729500,7,20,22,17.0,996,5,1.8,5,8.7,69,0,0,342,-405,2
3968500,2729500,7,20,23,16.0,996,359,1.5,5,8.6,72,0,0,336,-399,2
3968500,2729500,7,20,24,15.6,996,339,2.2,4,8.4,74,0,0,330,-394,2
3968500,2729500,7,21,1,15.1,996,1,1.6,4,8.3,75,0,0,325,-390,2
3968500,2729500,7,21,2,14.8,996,335,2.4,4,8.3,77,0,0,324,-389,2
3968500,2729500,7,21,3,14.6,995,340,1.9,5,8.5,80,0,0,327,-389,2
3968500,2729500,7,21,4,14.2,995,336,2.2,4,8.8,85,0,0,327,-389,2
3968500,2729500,7,21,5,14.3,995,37,2.4,7,9.0,87,0,0,334,-389,2
3968500,2729500,7,21,6,15.1,994,356,2.2,7,9.1,86,1,31,346,-391,2
3968500,2729500,7,21,7,16.0,994,20,1.9,8,9.5,84,3,78,348,-396,2
3968500,2729500,7,21,8,18.3,993,21,2.3,5,10.1,81,109,153,346,-401,2
3968500,2729500,7,21,9,20.6,993,53,2.3,6,11.0,76,133,217,350,-407,2
3968500,2729500,7,21,10,20.9,992,151,2.2,6,11.6,74,66,286,360,-415,2
3968500,2729500,7,21,11,21.0,992,149,2.1,7,12.2,77,17,290,366,-424,2
3968500,2729500,7,21,12,21.6,992,142,1.5,7,12.7,78,14,295,373,-432,2
3968500,2729500,7,21,13,23.8,992,148,1.9,6,13.1,74,86,344,376,-437,2
3968500,2729500,7,21,14,23.2,991,152,2.8,6,13.6,73,43,315,378,-445,2
3968500,2729500,7,21,15,22.7,991,175,3.5,7,13.7,76,2,223,379,-457,2
3968500,2729500,7,21,16,22.0,991,204,3.0,8,13.8,79,0,146,382,-464,2
3968500,2729500,7,21,17,21.5,990,215,3.3,7,13.5,80,19,197,380,-462,2
3968500,2729500,7,21,18,21.4,990,214,3.1,6,13.0,79,77,151,373,-455,2
3968500,2729500,7,21,19,21.8,990,188,2.9,5,13.0,78,78,82,367,-446,2
3968500,2729500,7,21,20,20.5,991,179,2.9,7,12.8,79,6,36,369,-436,2
3968500,2729500,7,21,21,19.1,990,191,2.0,6,12.7,86,0,0,366,-426,2
3968500,2729500,7,21,22,17.4,991,208,2.3,3,12.4,92,0,0,349,-418,2
3968500,2729500,7,21,23,16.7,991,169,1.8,3,11.7,94,0,0,338,-412,2
3968500,2729500,7,21,24,16.0,991,187,1.8,2,11.3,95,0,0,333,-408,2
3968500,2729500,7,22,1,15.6,991,163,1.8,1,10.9,95,0,0,324,-406,2
3968500,2729500,7,22,2,14.6,991,100,1.4,1,10.6,96,0,0,317,-405,2
3968500,2729500,7,22,3,14.4,992,25,1.4,4,10.4,98,0,0,325,-406,2
3968500,2729500,7,22,4,14.4,992,192,1.6,6,10.4,99,0,0,342,-408,2
3968500,2729500,7,22,5,14.0,992,195,2.3,6,10.2,98,0,0,347,-407,2
3968500,2729500,7,22,6,15.4,992,248,1.4,7,10.2,95,4,36,349,-407,2
3968500,2729500,7,22,7,16.5,993,76,1.8,4,10.6,91,55,110,345,-410,2
3968500,2729500,7,22,8,18.8,993,161,1.9,4,10.9,84,130,177,339,-420,2
3968500,2729500,7,22,9,20.0,993,131,1.0,5,11.1,77,198,240,351,-434,2
3968500,2729500,7,22,10,22.1,993,165,1.3,3,11.3,71,411,224,355,-439,2
3968500,2729500,7,22,11,23.8,994,165,2.2,2,11.8,66,475,257,355,-442,2
3968500,2729500,7,22,12,25.3,994,145,2.0,2,12.3,62,476,297,362,-453,2
3968500,2729500,7,22,13,25.3,994,142,1.7,3,12.6,61,402,344,371,-456,2
3968500,2729500,7,22,14,24.9,994,38,2.0,6,12.3,60,78,360,384,-455,2
3968500,2729500,7,22,15,26.0,994,21,1.9,6,12.2,58,26,286,396,-462,2
3968500,2729500,7,22,16,25.9,994,52,1.9,3,12.1,56,216,297,389,-475,2
3968500,2729500,7,22,17,22.6,994,221,2.0,7,12.4,64,64,232,387,-483,2
3968500,2729500,7,22,18,21.0,994,178,0.6,7,13.3,79,15,147,392,-475,2
3968500,2729500,7,22,19,20.2,993,347,1.9,4,13.6,87,61,105,378,-464,2
3968500,2729500,7,22,20,19.6,993,18,2.4,7,12.9,87,23,44,375,-452,2
3968500,2729500,7,22,21,19.3,994,316,1.6,7,12.6,87,0,5,382,-438,2
3968500,2729500,7,22,22,18.6,995,323,1.5,8,12.3,88,0,0,383,-427,2
3968500,2729500,7,22,23,18.6,995,345,1.7,8,12.1,88,0,0,385,-420,2
3968500,2729500,7,22,24,17.4,995,44,0.0,8,12.2,92,0,0,384,-415,2
3968500,2729500,7,23,1,17.3,995,225,1.1,7,12.5,98,0,0,379,-410,2
3968500,2729500,7,23,2,17.2,995,131,1.1,8,12.5,99,0,0,379,-404,2
3968500,2729500,7,23,3,17.4,994,331,1.4,8,12.7,100,0,0,382,-400,2
3968500,2729500,7,23,4,17.3,994,166,1.5,8,12.7,100,0,0,382,-396,2
3968500,2729500,7,23,5,16.8,995,197,2.8,8,12.5,100,0,0,380,-396,2
3968500,2729500,7,23,6,16.8,996,347,1.4,8,12.3,100,0,6,377,-400,2
3968500,2729500,7,23,7,16.9,996,35,1.3,8,12.3,100,0,50,376,-407,2
3968500,2729500,7,23,8,17.5,995,245,1.4,8,12.5,100,0,93,375,-420,2
3968500,2729500,7,23,9,18.8,996,208,1.7,7,13.1,98,59,241,377,-436,2
3968500,2729500,7,23,10,21.0,996,160,2.0,5,13.5,91,259,270,376,-451,2
3968500,2729500,7,23,11,22.6,997,322,1.7,4,13.6,81,289,314,376,-459,2
3968500,2729500,7,23,12,24.2,997,221,2.0,4,13.5,73,311,340,380,-470,2
3968500,2729500,7,23,13,24.8,997,58,2.1,4,13.2,67,282,357,385,-483,2
3968500,2729500,7,23,14,24.4,997,27,2.2,6,12.5,63,91,340,388,-490,2
3968500,2729500,7,23,15,25.5,997,41,2.1,4,12.4,61,208,324,388,-499,2
3968500,2729500,7,23,16,25.7,997,144,1.8,4,12.2,58,189,277,386,-503,2
3968500,2729500,7,23,17,25.6,997,256,2.1,3,11.9,57,184,218,383,-500,2
3968500,2729500,7,23,18,24.9,997,281,2.3,2,12.1,59,125,158,376,-492,2
3968500,2729500,7,23,19,24.2,997,331,2.6,2,12.0,61,58,97,370,-481,2
3968500,2729500,7,23,20,22.2,997,301,2.9,3,12.1,66,8,37,367,-469,2
3968500,2729500,7,23,21,20.6,996,167,2.2,2,12.0,73,0,3,361,-461,2
3968500,2729500,7,23,22,19.7,996,112,2.7,1,11.9,79,0,0,352,-454,2
3968500,2729500,7,23,23,18.5,996,360,1.7,1,12.0,85,0,0,346,-448,2
3968500,2729500,7,23,24,18.2,997,344,1.4,4,12.0,89,0,0,350,-441,2
3968500,2729500,7,24,1,17.7,997,345,1.3,1,11.9,91,0,0,349,-436,2
3968500,2729500,7,24,2,16.7,996,265,0.5,2,11.7,93,0,0,340,-433,2
3968500,2729500,7,24,3,16.2,996,345,2.0,2,11.5,96,0,0,340,-432,2
3968500,2729500,7,24,4,15.8,996,358,0.9,1,11.4,98,0,0,335,-432,2
3968500,2729500,7,24,5,15.5,996,56,1.0,1,11.3,99,0,0,330,-429,2
3968500,2729500,7,24,6,16.5,996,323,1.8,1,11.5,99,20,41,329,-427,2
3968500,2729500,7,24,7,18.3,996,6,3.1,1,12.0,94,79,95,332,-431,2
3968500,2729500,7,24,8,19.2,996,191,1.3,6,12.8,92,2,119,350,-439,2
3968500,2729500,7,24,9,20.6,996,167,2.0,4,13.7,92,107,241,363,-450,2
3968500,2729500,7,24,10,20.9,995,193,2.1,5,13.8,88,171,293,365,-465,2
3968500,2729500,7,24,11,24.3,996,167,1.7,5,13.9,79,274,315,375,-478,2
3968500,2729500,7,24,12,26.4,995,183,2.1,3,14.2,69,654,159,382,-491,2
3968500,2729500,7,24,13,27.1,995,162,1.7,2,14.3,63,700,144,381,-503,2
3968500,2729500,7,24,14,28.2,995,227,2.3,2,14.2,60,584,199,383,-505,2
3968500,2729500,7,24,15,29.0,995,215,2.1,3,14.3,57,472,221,391,-498,2
3968500,2729500,7,24,16,25.8,995,309,4.0,5,13.3,57,53,262,393,-492,2
3968500,2729500,7,24,17,23.3,995,303,3.0,7,13.1,66,59,214,395,-487,2
3968500,2729500,7,24,18,24.5,995,354,2.2,6,13.9,73,13,140,397,-477,2
3968500,2729500,7,24,19,24.0,996,330,2.4,6,14.2,73,48,95,394,-466,2
3968500,2729500,7,24,20,22.8,996,22,2.2,4,13.5,73,3,31,383,-454,2
3968500,2729500,7,24,21,20.6,996,248,1.8,4,12.9,78,0,0,368,-442,2
3968500,2729500,7,24,22,21.3,996,290,3.5,5,12.9,81,0,0,366,-431,2
3968500,2729500,7,24,23,20.2,996,318,2.6,5,12.9,82,0,0,367,-422,2
3968500,2729500,7,24,24,19.9,997,330,1.9,7,12.8,85,0,0,369,-414,2
3968500,2729500,7,25,1,19.4,997,333,2.9,7,12.7,87,0,0,375,-408,2
3968500,2729500,7,25,2,18.7,998,323,2.9,7,12.6,89,0,0,373,-402,2
3968500,2729500,7,25,3,18.6,998,332,2.7,8,12.4,90,0,0,376,-396,2
3968500,2729500,7,25,4,18.6,998,345,3.0,7,12.2,89,0,0,377,-390,2
3968500,2729500,7,25,5,17.9,998,345,3.6,8,11.9,89,0,0,376,-386,2
3968500,2729500,7,25,6,17.0,998,343,3.1,7,11.6,91,0,28,374,-383,2
3968500,2729500,7,25,7,15.9,999,339,3.5,8,11.2,94,0,61,370,-386,2
3968500,2729500,7,25,8,15.9,1000,316,3.7,8,10.8,94,0,92,374,-394,2
3968500,2729500,7,25,9,16.6,1000,315,3.9,8,10.5,89,0,157,378,-406,2
3968500,2729500,7,25,10,18.5,1000,315,4.1,6,10.2,80,36,285,370,-418,2
3968500,2729500,7,25,11,20.2,1000,338,4.4,4,9.6,68,256,338,352,-430,2
3968500,2729500,7,25,12,21.1,1000,303,4.0,2,8.9,58,610,205,337,-440,2
3968500,2729500,7,25,13,22.0,1000,312,4.4,2,8.6,53,705,161,332,-448,2
3968500,2729500,7,25,14,21.9,1000,287,4.6,2,8.3,50,704,146,332,-454,2
3968500,2729500,7,25,15,22.5,1000,297,4.1,1,7.9,47,656,133,329,-456,2
3968500,2729500,7,25,16,22.5,1000,302,3.5,1,7.8,45,548,128,326,-454,2
3968500,2729500,7,25,17,22.0,999,306,3.7,1,7.8,46,410,122,325,-451,2
3968500,2729500,7,25,18,21.6,999,310,3.2,1,7.9,48,241,118,322,-444,2
3968500,2729500,7,25,19,20.6,999,319,2.3,3,8.0,51,75,97,324,-434,2
3968500,2729500,7,25,20,18.0,999,318,1.8,2,8.1,57,18,39,318,-423,2
3968500,2729500,7,25,21,16.5,999,281,1.7,4,8.0,64,0,3,312,-411,2
3968500,2729500,7,25,22,16.0,1000,276,2.1,2,7.7,66,0,0,307,-402,2
3968500,2729500,7,25,23,13.7,1000,86,0.9,2,7.8,73,0,0,297,-395,2
3968500,2729500,7,25,24,13.0,1000,135,1.1,3,8.2,84,0,0,295,-390,2
3968500,2729500,7,26,1,10.8,1000,174,1.5,2,8.1,91,0,0,290,-387,2
3968500,2729500,7,26,2,10.8,998,178,1.6,1,7.8,95,0,0,281,-384,2
3968500,2729500,7,26,3,10.2,998,165,1.6,1,7.6,94,0,0,277,-381,2
3968500,2729500,7,26,4,11.0,998,141,1.9,3,7.6,94,0,0,284,-381,2
3968500,2729500,7,26,5,10.8,998,150,1.7,6,7.7,94,0,0,302,-381,2
3968500,2729500,7,26,6,11.2,998,147,1.8,6,8.0,96,0,21,312,-383,2
3968500,2729500,7,26,7,12.8,998,158,1.4,6,8.7,98,0,56,317,-388,2
3968500,2729500,7,26,8,13.9,997,146,1.3,8,9.4,96,0,94,328,-399,2
3968500,2729500,7,26,9,16.4,997,153,1.3,8,10.0,91,28,236,341,-411,2
3968500,2729500,7,26,10,19.5,996,154,2.5,6,10.3,78,142,330,347,-425,2
3968500,2729500,7,26,11,20.9,995,230,3.3,7,9.7,64,184,377,354,-438,2
3968500,2729500,7,26,12,21.5,995,262,3.2,7,8.7,54,115,394,360,-447,2
3968500,2729500,7,26,13,21.2,994,217,3.9,7,8.4,52,92,388,363,-453,2
3968500,2729500,7,26,14,21.5,994,253,3.1,5,8.4,52,198,405,360,-451,2
3968500,2729500,7,26,15,20.4,993,260,3.5,6,8.3,52,160,372,359,-446,2
3968500,2729500,7,26,16,21.0,993,282,4.4,6,8.3,53,98,306,360,-444,2
3968500,2729500,7,26,17,17.4,993,301,5.8,8,8.8,62,4,175,362,-439,2
3968500,2729500,7,26,18,15.9,993,297,5.3,7,9.0,75,0,97,357,-424,2
3968500,2729500,7,26,19,14.5,993,302,2.8,7,9.0,82,0,57,350,-412,2
3968500,2729500,7,26,20,13.6,994,292,2.7,8,9.1,89,0,27,350,-406,2
3968500,2729500,7,26,21,13.0,994,290,3.7,7,8.9,92,0,1,348,-401,2
3968500,2729500,7,26,22,12.1,994,275,1.2,8,8.4,91,0,0,346,-396,2
3968500,2729500,7,26,23,11.1,995,146,1.2,8,7.8,90,0,0,346,-392,2
3968500,2729500,7,26,24,10.7,995,174,1.7,8,7.7,93,0,0,344,-390,2
3968500,2729500,7,27,1,10.3,995,172,1.9,8,7.7,95,0,0,343,-389,2
3968500,2729500,7,27,2,10.1,994,178,1.7,8,7.5,94,0,0,343,-387,2
3968500,2729500,7,27,3,10.3,994,157,2.0,7,7.5,94,0,0,339,-386,2
3968500,2729500,7,27,4,10.7,993,149,2.3,8,7.5,93,0,0,341,-385,2
3968500,2729500,7,27,5,10.5,993,191,2.7,7,7.6,94,0,0,342,-383,2
3968500,2729500,7,27,6,10.9,992,186,1.6,8,7.9,96,0,7,343,-382,2
3968500,2729500,7,27,7,11.0,992,177,2.1,7,8.0,96,0,27,345,-385,2
3968500,2729500,7,27,8,11.5,992,185,2.2,8,8.2,97,0,61,346,-392,2
3968500,2729500,7,27,9,11.7,992,193,2.8,8,8.4,96,0,74,354,-401,2
3968500,2729500,7,27,10,12.3,992,190,2.6,7,8.7,97,0,121,349,-410,2
3968500,2729500,7,27,11,13.9,992,174,2.2,7,9.1,94,0,204,349,-422,2
3968500,2729500,7,27,12,14.1,991,327,2.3,7,9.2,90,0,201,352,-434,2
3968500,2729500,7,27,13,14.1,991,331,1.8,8,9.1,89,0,174,357,-440,2
3968500,2729500,7,27,14,14.5,991,326,2.1,8,9.2,88,0,198,359,-444,2
3968500,2729500,7,27,15,16.2,991,3,1.4,5,9.6,86,57,294,352,-444,2
3968500,2729500,7,27,16,16.5,991,346,1.9,4,9.4,79,262,241,340,-440,2
3968500,2729500,7,27,17,17.5,991,300,1.6,3,8.8,71,373,110,333,-437,2
3968500,2729500,7,27,18,12.4,991,326,3.8,6,8.4,77,82,153,330,-431,2
3968500,2729500,7,27,19,14.1,992,358,1.9,8,8.5,88,0,56,338,-424,2
3968500,2729500,7,27,20,12.4,992,269,1.7,5,8.3,88,9,31,331,-414,2
3968500,2729500,7,27,21,11.8,993,216,1.2,4,8.2,91,0,2,308,-404,2
3968500,2729500,7,27,22,11.0,994,173,1.0,3,8.0,93,0,0,305,-396,2
3968500,2729500,7,27,23,11.0,994,126,1.0,3,7.8,91,0,0,308,-390,2
3968500,2729500,7,27,24,11.3,995,104,1.2,2,7.6,88,0,0,304,-386,2
3968500,2729500,7,28,1,11.7,999,75,1.4,2,7.3,82,0,0,305,-417,2
3968500,2729500,7,28,2,11.9,999,52,1.7,1,7.1,79,0,0,301,-414,2
3968500,2729500,7,28,3,11.9,999,31,1.8,0,6.9,77,0,0,297,-411,2
3968500,2729500,7,28,4,11.6,999,28,2.0,0,6.8,78,0,0,294,-408,2
3968500,2729500,7,28,5,12.2,998,30,2.1,1,6.9,77,0,0,294,-405,2
3968500,2729500,7,28,6,12.0,999,17,2.6,1,6.8,80,22,39,297,-403,2
3968500,2729500,7,28,7,13.7,999,41,2.7,0,7.1,76,119,85,298,-406,2
3968500,2729500,7,28,8,15.9,999,55,2.9,0,7.4,69,256,109,301,-415,2
3968500,2729500,7,28,9,18.7,999,42,3.1,0,7.5,60,401,123,310,-430,2
3968500,2729500,7,28,10,19.8,998,67,3.9,1,7.5,53,527,134,320,-446,2
3968500,2729500,7,28,11,21.4,998,79,3.8,1,7.2,47,619,144,327,-462,2
3968500,2729500,7,28,12,22.1,998,56,4.5,1,7.0,42,666,158,333,-474,2
3968500,2729500,7,28,13,23.2,997,71,5.3,1,6.9,40,680,164,338,-482,2
3968500,2729500,7,28,14,23.6,997,53,5.5,1,6.8,38,680,150,342,-486,2
3968500,2729500,7,28,15,24.3,998,41,4.6,1,6.8,36,624,140,344,-487,2
3968500,2729500,7,28,16,24.6,997,61,4.1,1,6.6,34,537,125,346,-485,2
3968500,2729500,7,28,17,24.4,997,60,4.9,1,6.2,32,409,117,345,-479,2
3968500,2729500,7,28,18,23.8,997,85,4.2,1,5.9,31,291,92,343,-470,2
3968500,2729500,7,28,19,22.9,996,73,3.9,0,6.1,34,108,85,340,-460,2
3968500,2729500,7,28,20,21.5,996,53,2.6,1,6.3,37,24,38,338,-449,2
3968500,2729500,7,28,21,19.0,996,69,1.6,0,6.4,43,0,3,331,-437,2
3968500,2729500,7,28,22,16.0,997,23,1.2,0,6.9,54,0,0,321,-428,2
3968500,2729500,7,28,23,15.4,998,25,1.9,0,7.2,63,0,0,315,-422,2
3968500,2729500,7,28,24,14.9,998,21,1.5,0,7.2,66,0,0,312,-417,2
3968500,2729500,7,29,1,12.0,998,8,1.5,0,7.3,75,0,0,306,-413,2
3968500,2729500,7,29,2,11.5,998,24,2.1,0,7.4,84,0,0,300,-409,2
3968500,2729500,7,29,3,10.5,998,18,2.6,0,7.2,87,0,0,295,-406,2
3968500,2729500,7,29,4,10.2,997,23,2.1,0,7.1,90,0,0,290,-403,2
3968500,2729500,7,29,5,10.1,997,22,1.6,0,7.0,89,0,0,288,-400,2
3968500,2729500,7,29,6,11.2,997,22,2.4,0,7.2,89,27,36,289,-399,2
3968500,2729500,7,29,7,14.5,999,31,2.9,0,7.7,82,139,68,295,-402,2
3968500,2729500,7,29,8,17.8,999,27,2.7,0,7.9,68,297,73,306,-410,2
3968500,2729500,7,29,9,19.6,998,25,2.0,0,7.9,58,461,67,317,-423,2
3968500,2729500,7,29,10,22.6,998,41,2.7,0,8.3,52,612,57,327,-437,2
3968500,2729500,7,29,11,24.2,998,80,3.9,1,8.3,46,698,79,339,-450,2
3968500,2729500,7,29,12,24.6,998,105,4.4,2,7.7,40,568,190,347,-462,2
3968500,2729500,7,29,13,25.2,998,88,4.3,3,7.0,35,384,303,352,-473,2
3968500,2729500,7,29,14,25.7,997,69,4.2,3,6.9,33,400,282,357,-478,2
3968500,2729500,7,29,15,26.1,997,78,3.6,4,6.8,32,310,285,360,-480,2
3968500,2729500,7,29,16,25.9,997,81,3.7,3,6.8,32,384,189,359,-479,2
3968500,2729500,7,29,17,25.3,997,98,3.7,2,6.9,33,387,107,352,-474,2
3968500,2729500,7,29,18,25.0,996,86,3.9,2,6.8,33,255,91,346,-465,2
3968500,2729500,7,29,19,24.7,996,83,3.7,1,6.9,34,123,71,341,-456,2
3968500,2729500,7,29,20,22.5,996,88,3.2,2,7.0,38,27,34,335,-446,2
3968500,2729500,7,29,21,16.4,995,15,1.8,1,7.2,50,0,2,321,-437,2
3968500,2729500,7,29,22,16.0,996,22,1.3,1,7.6,65,0,0,306,-429,2
3968500,2729500,7,29,23,15.1,996,24,2.1,1,7.8,70,0,0,304,-423,2
3968500,2729500,7,29,24,13.7,996,31,1.5,0,7.9,76,0,0,296,-416,2
3968500,2729500,7,30,1,14.1,996,359,1.2,0,7.7,77,0,0,291,-412,2
3968500,2729500,7,30,2,13.8,996,353,1.1,0,7.5,74,0,0,288,-407,2
3968500,2729500,7,30,3,12.7,996,351,1.0,0,7.4,77,0,0,285,-402,2
3968500,2729500,7,30,4,12.9,996,354,2.1,1,7.3,78,0,0,285,-398,2
3968500,2729500,7,30,5,12.6,996,6,1.6,2,7.1,76,0,0,291,-395,2
3968500,2729500,7,30,6,14.1,996,14,1.5,3,7.3,75,3,30,299,-392,2
3968500,2729500,7,30,7,15.4,996,15,1.4,4,7.4,69,19,95,308,-393,2
3968500,2729500,7,30,8,17.5,996,4,1.4,4,7.7,64,151,151,317,-400,2
3968500,2729500,7,30,9,20.9,996,53,1.6,2,8.4,59,399,112,318,-410,2
3968500,2729500,7,30,10,23.5,995,65,1.7,1,8.8,52,547,107,316,-422,2
3968500,2729500,7,30,11,24.8,996,96,2.7,1,8.5,44,603,138,320,-433,2
3968500,2729500,7,30,12,25.2,996,93,3.0,2,7.7,38,533,224,327,-442,2
3968500,2729500,7,30,13,26.2,995,64,3.1,3,7.2,34,370,321,339,-450,2
3968500,2729500,7,30,14,26.0,995,86,2.4,3,7.0,33,382,302,345,-459,2
3968500,2729500,7,30,15,26.0,995,90,4.0,3,6.9,32,338,284,345,-463,2
3968500,2729500,7,30,16,26.7,994,104,2.9,3,7.0,32,208,273,346,-462,2
3968500,2729500,7,30,17,26.5,994,88,3.7,3,7.1,32,194,208,347,-456,2
3968500,2729500,7,30,18,24.9,994,94,2.9,2,7.0,33,209,120,340,-447,2
3968500,2729500,7,30,19,24.5,994,89,3.3,1,6.8,34,106,81,328,-441,2
3968500,2729500,7,30,20,22.8,994,72,2.2,1,6.9,37,19,35,321,-434,2
3968500,2729500,7,30,21,19.1,993,12,1.5,0,7.0,44,0,2,308,-427,2
3968500,2729500,7,30,22,18.5,994,43,1.6,1,7.3,53,0,0,301,-422,2
3968500,2729500,7,30,23,17.0,994,19,1.8,1,7.5,58,0,0,302,-418,2
3968500,2729500,7,30,24,16.4,994,359,1.0,0,7.5,62,0,0,296,-413,2
3968500,2729500,7,31,1,14.6,994,5,1.0,1,7.5,67,0,0,293,-409,2
3968500,2729500,7,31,2,15.0,994,6,1.8,0,7.5,70,0,0,292,-404,2
3968500,2729500,7,31,3,14.0,994,22,1.7,0,7.4,70,0,0,288,-400,2
3968500,2729500,7,31,4,13.0,994,15,1.9,0,7.3,74,0,0,285,-396,2
3968500,2729500,7,31,5,13.4,994,16,1.7,0,7.2,75,0,0,283,-392,2
3968500,2729500,7,31,6,12.8,994,351,0.0,1,7.5,78,15,37,286,-390,2
3968500,2729500,7,31,7,15.4,995,35,1.2,0,8.2,80,108,83,288,-391,2
3968500,2729500,7,31,8,18.2,994,12,1.4,0,8.4,69,254,101,294,-397,2
3968500,2729500,7,31,9,22.0,994,12,1.2,0,8.3,55,409,105,306,-405,2
3968500,2729500,7,31,10,24.2,995,39,1.7,1,8.1,45,539,110,322,-415,2
3968500,2729500,7,31,11,24.6,995,102,3.3,1,7.3,38,611,131,330,-426,2
3968500,2729500,7,31,12,27.0,994,101,3.9,2,6.9,33,529,225,339,-437,2
3968500,2729500,7,31,13,27.2,994,115,3.8,2,6.9,30,574,212,347,-446,2
3968500,2729500,7,31,14,27.7,993,95,3.7,1,6.6,28,611,173,347,-452,2
3968500,2729500,7,31,15,27.1,993,91,2.3,2,6.4,28,521,185,346,-456,2
3968500,2729500,7,31,16,27.5,993,88,3.3,3,6.5,28,361,210,350,-457,2
3968500,2729500,7,31,17,27.6,993,70,3.3,2,6.5,28,326,148,350,-454,2
3968500,2729500,7,31,18,27.1,992,91,3.6,1,6.5,28,235,107,342,-447,2
3968500,2729500,7,31,19,25.8,992,88,2.7,1,6.6,30,109,80,335,-438,2
3968500,2729500,7,31,20,24.2,992,62,1.8,2,6.6,33,18,35,332,-429,2
3968500,2729500,7,31,21,20.1,993,354,2.5,2,6.6,39,0,2,324,-421,2
3968500,2729500,7,31,22,18.9,992,24,1.4,1,7.0,48,0,0,312,-414,2
3968500,2729500,7,31,23,18.1,993,18,2.2,1,7.3,54,0,0,307,-408,2
3968500,2729500,7,31,24,17.1,993,355,2.3,1,7.3,57,0,0,304,-404,2
3968500,2729500,8,1,1,16.3,994,342,1.3,0,7.3,62,0,0,296,-397,2
3968500,2729500,8,1,2,15.9,994,6,1.8,0,7.3,62,0,0,294,-395,2
3968500,2729500,8,1,3,15.5,994,14,1.8,0,7.2,63,0,0,293,-391,2
3968500,2729500,8,1,4,15.2,994,350,1.9,0,7.1,64,0,0,292,-387,2
3968500,2729500,8,1,5,13.6,994,352,1.6,1,7.1,68,0,0,291,-383,2
3968500,2729500,8,1,6,15.3,995,3,1.6,1,7.2,69,10,32,292,-382,2
3968500,2729500,8,1,7,16.6,995,20,1.6,1,7.7,66,80,94,294,-384,2
3968500,2729500,8,1,8,19.4,995,36,1.5,0,8.2,62,200,137,293,-393,2
3968500,2729500,8,1,9,22.5,995,9,2.3,0,8.6,54,342,162,297,-406,2
3968500,2729500,8,1,10,25.4,996,43,1.9,1,8.9,47,474,177,311,-420,2
3968500,2729500,8,1,11,26.7,995,93,4.0,1,8.4,39,595,177,322,-432,2
3968500,2729500,8,1,12,27.5,995,116,3.5,2,7.5,33,517,252,330,-445,2
3968500,2729500,8,1,13,27.9,995,131,3.3,2,7.1,30,554,250,336,-454,2
3968500,2729500,8,1,14,28.2,994,51,4.9,2,6.9,29,614,201,338,-460,2
3968500,2729500,8,1,15,28.6,994,55,4.2,2,6.8,28,572,181,340,-459,2
3968500,2729500,8,1,16,28.8,994,116,3.1,2,6.8,27,487,163,340,-456,2
3968500,2729500,8,1,17,28.4,994,73,3.5,2,6.7,27,355,151,339,-455,2
3968500,2729500,8,1,18,27.7,993,89,2.8,1,6.5,27,222,124,332,-449,2
3968500,2729500,8,1,19,26.4,993,97,3.3,1,6.4,28,89,87,324,-440,2
3968500,2729500,8,1,20,24.8,993,81,2.7,1,6.4,31,15,30,319,-430,2
3968500,2729500,8,1,21,20.9,994,65,1.9,1,6.2,35,0,0,309,-421,2
3968500,2729500,8,1,22,18.8,994,78,1.7,2,6.2,42,0,0,303,-414,2
3968500,2729500,8,1,23,18.2,994,70,1.9,2,6.4,47,0,0,303,-407,2
3968500,2729500,8,1,24,16.4,995,29,0.8,2,6.6,52,0,0,299,-402,2
3968500,2729500,8,2,1,15.1,995,348,0.5,0,6.7,59,0,0,289,-396,2
3968500,2729500,8,2,2,13.4,995,25,1.2,0,6.8,66,0,0,279,-388,2
3968500,2729500,8,2,3,13.3,995,353,2.5,1,7.0,72,0,0,279,-383,2
3968500,2729500,8,2,4,12.3,995,326,1.9,0,6.7,71,0,0,277,-378,2
3968500,2729500,8,2,5,11.6,995,205,1.2,2,6.7,76,0,0,278,-374,2
3968500,2729500,8,2,6,11.6,995,356,1.2,2,7.2,84,10,32,283,-374,2
3968500,2729500,8,2,7,15.0,995,354,1.0,2,7.5,77,88,89,286,-377,2
3968500,2729500,8,2,8,18.2,995,23,1.8,1,7.4,61,219,119,291,-387,2
3968500,2729500,8,2,9,22.1,995,44,1.2,1,7.3,49,355,139,300,-402,2
3968500,2729500,8,2,10,25.0,995,78,2.5,2,7.9,43,502,142,317,-418,2
3968500,2729500,8,2,11,26.8,995,109,3.3,3,8.0,38,616,143,330,-434,2
3968500,2729500,8,2,12,27.7,995,133,3.8,3,7.4,32,552,213,337,-448,2
3968500,2729500,8,2,13,28.5,994,105,4.0,2,7.2,30,623,191,340,-458,2
3968500,2729500,8,2,14,28.0,994,133,3.8,2,7.2,29,698,131,340,-462,2
3968500,2729500,8,2,15,28.7,994,78,3.3,2,7.2,29,624,131,340,-461,2
3968500,2729500,8,2,16,28.9,993,106,3.4,2,6.5,26,229,212,340,-460,2
3968500,2729500,8,2,17,28.3,993,83,3.0,2,5.8,23,369,128,336,-457,2
3968500,2729500,8,2,18,27.3,992,85,3.7,1,5.7,24,224,112,331,-449,2
3968500,2729500,8,2,19,26.3,992,100,3.3,1,5.7,25,90,81,325,-439,2
3968500,2729500,8,2,20,24.4,992,98,2.4,0,5.9,29,14,28,319,-427,2
3968500,2729500,8,2,21,21.2,992,36,1.1,0,6.3,36,0,0,308,-416,2
3968500,2729500,8,2,22,19.8,992,45,1.6,1,6.4,42,0,0,302,-408,2
3968500,2729500,8,2,23,18.5,992,29,0.7,1,6.6,46,0,0,301,-402,2
3968500,2729500,8,2,24,17.3,993,350,0.7,0,6.6,50,0,0,294,-396,2
3968500,2729500,8,3,1,16.7,993,218,0.8,0,6.6,53,0,0,289,-389,2
3968500,2729500,8,3,2,16.1,992,4,1.3,0,6.4,54,0,0,285,-383,2
3968500,2729500,8,3,3,15.1,992,21,1.7,0,6.4,56,0,0,283,-379,2
3968500,2729500,8,3,4,14.5,992,29,1.8,0,6.4,59,0,0,279,-375,2
3968500,2729500,8,3,5,13.2,992,9,1.7,0,6.4,64,0,0,276,-370,2
3968500,2729500,8,3,6,13.5,992,3,1.5,0,6.6,68,9,32,273,-367,2
3968500,2729500,8,3,7,16.7,992,350,1.6,0,6.7,62,81,90,276,-369,2
3968500,2729500,8,3,8,18.9,992,9,0.4,0,6.9,53,203,129,282,-380,2
3968500,2729500,8,3,9,21.6,992,15,1.3,0,7.2,47,345,150,291,-396,2
3968500,2729500,8,3,10,24.1,992,119,1.7,1,7.3,41,484,160,305,-414,2
3968500,2729500,8,3,11,25.7,992,89,2.2,1,7.3,36,605,159,317,-431,2
3968500,2729500,8,3,12,26.6,991,90,2.3,2,7.1,33,514,241,326,-446,2
3968500,2729500,8,3,13,28.6,991,126,2.2,3,6.8,29,407,306,337,-457,2
3968500,2729500,8,3,14,30.4,990,208,3.0,4,6.4,24,168,333,349,-464,2
3968500,2729500,8,3,15,28.8,990,195,4.8,4,6.3,24,287,304,352,-465,2
3968500,2729500,8,3,16,28.0,990,115,4.3,4,6.4,26,244,210,348,-462,2
3968500,2729500,8,3,17,27.4,990,151,3.7,6,6.5,28,104,194,351,-457,2
3968500,2729500,8,3,18,26.1,990,193,3.2,7,6.7,30,20,136,357,-450,2
3968500,2729500,8,3,19,25.3,990,247,1.5,7,7.2,34,4,67,357,-439,2
3968500,2729500,8,3,20,23.0,991,273,1.3,6,7.4,38,0,15,350,-427,2
3968500,2729500,8,3,21,20.1,991,40,1.6,6,7.2,44,0,0,338,-415,2
3968500,2729500,8,3,22,18.8,990,18,2.1,4,7.5,52,0,0,327,-406,2
3968500,2729500,8,3,23,16.9,991,157,1.7,4,7.8,59,0,0,318,-398,2
3968500,2729500,8,3,24,15.8,991,191,2.3,4,7.7,65,0,0,313,-392,2
3968500,2729500,8,4,1,15.4,991,34,2.2,4,7.8,69,0,0,312,-390,2
3968500,2729500,8,4,2,14.4,991,147,1.7,2,8.1,74,0,0,305,-388,2
3968500,2729500,8,4,3,13.7,991,169,1.2,2,8.0,78,0,0,297,-385,2
3968500,2729500,8,4,4,13.9,991,19,1.8,4,8.0,79,0,0,303,-382,2
3968500,2729500,8,4,5,13.2,991,5,1.4,5,8.1,82,0,0,310,-380,2
3968500,2729500,8,4,6,12.5,991,199,2.1,4,8.1,86,12,36,307,-379,2
3968500,2729500,8,4,7,13.5,991,157,2.3,1,8.3,86,85,96,295,-381,2
3968500,2729500,8,4,8,16.7,991,164,0.9,2,8.4,76,167,146,295,-391,2
3968500,2729500,8,4,9,20.1,991,134,1.8,2,8.6,64,288,182,309,-407,2
3968500,2729500,8,4,10,22.7,991,172,2.5,2,8.8,54,422,199,321,-425,2
3968500,2729500,8,4,11,26.2,991,135,2.3,2,8.4,43,532,208,334,-441,2
3968500,2729500,8,4,12,28.4,991,108,3.2,2,7.7,33,478,270,344,-456,2
3968500,2729500,8,4,13,28.8,990,152,6.3,3,7.2,29,504,275,351,-470,2
3968500,2729500,8,4,14,28.7,990,113,5.0,4,7.2,29,486,273,358,-476,2
3968500,2729500,8,4,15,29.6,989,101,3.6,4,7.3,28,325,301,362,-480,2
3968500,2729500,8,4,16,29.3,989,96,4.0,4,7.4,28,271,225,364,-479,2
3968500,2729500,8,4,17,27.7,989,120,3.9,7,6.9,28,106,202,368,-470,2
3968500,2729500,8,4,18,27.5,988,111,2.0,7,7.1,30,47,149,376,-461,2
3968500,2729500,8,4,19,26.9,988,55,2.9,6,7.9,34,34,85,373,-451,2
3968500,2729500,8,4,20,24.5,988,86,1.6,4,7.8,37,8,25,357,-439,2
3968500,2729500,8,4,21,21.9,988,73,1.2,5,7.9,44,0,0,346,-426,2
3968500,2729500,8,4,22,20.6,989,34,1.8,4,8.3,51,0,0,342,-415,2
3968500,2729500,8,4,23,20.1,988,309,1.4,4,8.4,55,0,0,336,-406,2
3968500,2729500,8,4,24,19.6,988,119,1.5,4,8.0,54,0,0,335,-402,2
3968500,2729500,8,5,1,19.8,988,332,1.8,3,7.5,51,0,0,330,-399,2
3968500,2729500,8,5,2,18.4,988,338,0.9,2,7.2,51,0,0,322,-397,2
3968500,2729500,8,5,3,17.9,988,164,1.7,1,7.1,53,0,0,314,-397,2
3968500,2729500,8,5,4,18.1,988,316,1.5,4,7.2,55,0,0,321,-396,2
3968500,2729500,8,5,5,16.6,987,326,1.4,6,7.8,61,0,0,335,-397,2
3968500,2729500,8,5,6,17.1,987,182,2.0,6,8.4,68,0,6,342,-400,2
3968500,2729500,8,5,7,18.7,987,179,1.7,7,8.5,64,0,41,349,-403,2
3968500,2729500,8,5,8,17.3,987,264,2.4,7,8.7,66,0,45,355,-410,2
3968500,2729500,8,5,9,15.5,988,251,0.5,7,9.5,79,0,71,352,-420,2
3968500,2729500,8,5,10,16.8,988,168,0.8,7,10.7,90,0,114,356,-430,2
3968500,2729500,8,5,11,18.0,988,158,1.3,7,12.1,94,0,137,364,-434,2
3968500,2729500,8,5,12,17.9,988,159,1.6,7,12.3,93,0,183,368,-435,2
3968500,2729500,8,5,13,18.1,988,159,1.9,8,12.5,94,0,189,374,-439,2
3968500,2729500,8,5,14,19.0,988,179,2.2,8,12.5,91,55,291,379,-447,2
3968500,2729500,8,5,15,20.6,988,126,1.0,7,12.9,86,227,258,379,-455,2
3968500,2729500,8,5,16,21.6,989,356,0.0,6,13.6,84,362,110,378,-462,2
3968500,2729500,8,5,17,22.4,989,118,1.3,6,13.9,82,117,156,378,-459,2
3968500,2729500,8,5,18,22.3,989,171,1.5,6,13.7,78,63,129,378,-446,2
3968500,2729500,8,5,19,21.1,989,178,1.7,7,13.3,79,22,70,378,-438,2
3968500,2729500,8,5,20,20.2,989,132,2.4,7,13.5,86,0,3,378,-433,2
3968500,2729500,8,5,21,19.0,988,103,1.8,7,13.1,89,0,0,374,-427,2
3968500,2729500,8,5,22,18.6,989,44,2.5,7,12.8,91,0,0,372,-422,2
3968500,2729500,8,5,23,17.5,989,64,0.8,7,12.9,96,0,0,369,-416,2
3968500,2729500,8,5,24,18.1,990,128,0.8,6,12.8,97,0,0,366,-411,2
3968500,2729500,8,6,1,17.3,990,150,1.3,7,12.6,97,0,0,365,-406,2
3968500,2729500,8,6,2,16.8,990,144,1.2,5,12.3,98,0,0,359,-403,2
3968500,2729500,8,6,3,16.3,990,91,1.0,3,11.8,98,0,0,343,-401,2
3968500,2729500,8,6,4,15.8,990,156,1.0,1,11.3,96,0,0,326,-399,2
3968500,2729500,8,6,5,15.2,990,176,1.2,4,11.0,97,0,0,329,-396,2
3968500,2729500,8,6,6,15.9,990,222,1.7,4,11.2,99,0,4,340,-394,2
3968500,2729500,8,6,7,16.1,990,257,1.4,7,11.7,100,0,47,353,-398,2
3968500,2729500,8,6,8,17.2,991,262,1.0,7,12.1,99,22,142,366,-411,2
3968500,2729500,8,6,9,18.3,991,275,1.4,8,12.8,98,108,220,374,-426,2
3968500,2729500,8,6,10,19.8,991,338,0.9,5,13.3,93,322,220,373,-442,2
3968500,2729500,8,6,11,21.9,992,30,1.8,4,13.1,82,422,232,367,-456,2
3968500,2729500,8,6,12,23.4,991,29,1.1,4,12.1,68,329,313,370,-469,2
3968500,2729500,8,6,13,24.9,991,41,2.0,4,11.4,59,486,249,375,-482,2
3968500,2729500,8,6,14,24.9,990,101,2.5,4,11.1,55,479,241,376,-486,2
3968500,2729500,8,6,15,25.9,989,165,0.6,4,10.5,50,343,266,376,-481,2
3968500,2729500,8,6,16,25.5,989,28,1.6,4,10.3,48,341,194,375,-479,2
3968500,2729500,8,6,17,26.5,988,354,2.6,6,10.4,48,208,191,382,-476,2
3968500,2729500,8,6,18,25.4,988,33,2.1,6,10.2,48,119,140,387,-467,2
3968500,2729500,8,6,19,24.9,987,49,2.4,5,10.2,50,43,80,381,-457,2
3968500,2729500,8,6,20,22.9,987,18,1.7,6,10.4,54,3,20,378,-447,2
3968500,2729500,8,6,21,21.6,987,35,1.8,4,10.5,61,0,0,370,-437,2
3968500,2729500,8,6,22,20.1,987,355,1.1,2,10.7,67,0,0,353,-431,2
3968500,2729500,8,6,23,18.6,986,77,1.0,2,10.9,75,0,0,341,-428,2
3968500,2729500,8,6,24,17.9,985,29,0.9,0,11.1,82,0,0,330,-426,2
3968500,2729500,8,7,1,16.9,985,24,1.1,0,10.9,85,0,0,318,-425,2
3968500,2729500,8,7,2,17.8,985,22,1.3,0,10.7,84,0,0,316,-424,2
3968500,2729500,8,7,3,15.9,985,326,1.0,2,10.6,85,0,0,321,-422,2
3968500,2729500,8,7,4,17.4,984,111,1.0,5,10.8,88,0,0,342,-419,2
3968500,2729500,8,7,5,16.9,984,119,1.1,7,11.0,87,0,0,366,-417,2
3968500,2729500,8,7,6,17.3,983,158,1.1,7,11.2,89,0,5,373,-415,2
3968500,2729500,8,7,7,17.8,983,73,1.3,8,11.6,90,0,26,378,-418,2
3968500,2729500,8,7,8,18.3,983,188,2.1,8,12.0,90,0,59,384,-426,2
3968500,2729500,8,7,9,18.7,984,183,2.8,8,12.6,91,0,87,385,-435,2
3968500,2729500,8,7,10,19.6,984,181,4.3,7,13.1,91,0,138,383,-445,2
3968500,2729500,8,7,11,20.5,984,185,4.6,7,13.0,85,0,205,381,-457,2
3968500,2729500,8,7,12,20.2,984,186,4.7,7,13.1,85,0,138,382,-465,2
3968500,2729500,8,7,13,19.7,984,173,3.7,8,13.7,90,0,106,386,-475,2
3968500,2729500,8,7,14,20.8,984,182,1.7,8,13.7,89,0,170,391,-488,2
3968500,2729500,8,7,15,21.9,984,227,2.8,6,13.3,81,25,264,386,-495,2
3968500,2729500,8,7,16,19.1,984,283,2.9,7,13.1,83,26,228,379,-494,2
3968500,2729500,8,7,17,18.6,983,180,2.8,8,13.2,93,0,82,378,-491,2
3968500,2729500,8,7,18,20.7,983,119,1.7,8,13.9,93,4,112,384,-486,2
3968500,2729500,8,7,19,21.0,983,176,1.1,5,14.1,88,23,75,376,-476,2
3968500,2729500,8,7,20,19.0,983,255,1.4,5,13.3,87,0,13,361,-464,2
3968500,2729500,8,7,21,17.6,983,153,1.7,3,12.3,90,0,0,348,-453,2
3968500,2729500,8,7,22,17.1,982,58,1.4,2,11.9,92,0,0,335,-444,2
3968500,2729500,8,7,23,16.6,982,27,1.4,2,11.7,94,0,0,331,-440,2
3968500,2729500,8,7,24,15.5,982,223,0.9,0,11.1,94,0,0,323,-436,2
3968500,2729500,8,8,1,15.5,982,6,0.9,0,10.9,96,0,0,313,-433,2
3968500,2729500,8,8,2,15.2,982,324,1.4,0,11.1,98,0,0,310,-432,2
3968500,2729500,8,8,3,14.9,981,141,0.9,7,11.0,99,0,0,334,-430,2
3968500,2729500,8,8,4,14.4,980,105,0.5,6,10.8,100,0,0,355,-424,2
3968500,2729500,8,8,5,14.3,980,73,0.6,8,10.6,100,0,0,356,-416,2
3968500,2729500,8,8,6,13.9,980,120,0.7,8,10.4,100,0,5,362,-411,2
3968500,2729500,8,8,7,14.1,979,165,0.3,8,10.3,100,1,57,362,-414,2
3968500,2729500,8,8,8,15.0,980,145,0.6,6,10.7,99,105,127,356,-425,2
3968500,2729500,8,8,9,16.7,979,163,0.6,7,11.5,98,36,200,358,-442,2
3968500,2729500,8,8,10,19.2,980,185,0.9,7,12.3,92,61,256,370,-461,2
3968500,2729500,8,8,11,20.5,980,169,1.4,7,12.4,82,58,282,380,-475,2
3968500,2729500,8,8,12,19.8,980,190,3.1,7,12.4,81,1,227,384,-466,2
3968500,2729500,8,8,13,20.6,979,158,2.2,7,12.8,83,0,212,386,-451,2
3968500,2729500,8,8,14,19.9,979,175,2.3,8,12.9,83,0,147,392,-448,2
3968500,2729500,8,8,15,19.4,979,184,3.3,7,13.2,88,0,188,390,-455,2
3968500,2729500,8,8,16,22.0,979,161,2.5,5,13.2,83,290,172,383,-461,2
3968500,2729500,8,8,17,22.6,979,188,3.0,3,12.6,72,335,93,375,-462,2
3968500,2729500,8,8,18,22.4,979,182,3.0,4,12.2,69,124,114,371,-459,2
3968500,2729500,8,8,19,21.9,979,174,2.9,7,12.4,72,46,68,382,-446,2
3968500,2729500,8,8,20,20.3,979,224,1.5,3,13.0,79,1,17,378,-434,2
3968500,2729500,8,8,21,18.3,979,223,2.4,3,13.0,89,0,0,360,-424,2
3968500,2729500,8,8,22,19.1,980,280,2.5,4,12.3,88,0,0,360,-418,2
3968500,2729500,8,8,23,17.2,981,159,1.3,3,11.7,87,0,0,357,-416,2
3968500,2729500,8,8,24,16.6,980,182,0.8,2,11.8,94,0,0,346,-414,2
3968500,2729500,8,9,1,15.1,981,165,0.8,1,11.4,98,0,0,336,-412,2
3968500,2729500,8,9,2,15.0,981,153,0.9,2,11.1,100,0,0,333,-411,2
3968500,2729500,8,9,3,15.2,981,147,1.0,4,11.1,100,0,0,342,-408,2
3968500,2729500,8,9,4,15.0,981,169,1.4,7,11.1,100,0,0,358,-403,2
3968500,2729500,8,9,5,14.7,981,172,1.4,6,10.7,98,0,0,362,-400,2
3968500,2729500,8,9,6,14.5,981,172,1.6,5,10.4,96,14,26,354,-397,2
3968500,2729500,8,9,7,15.8,982,165,1.7,1,10.2,91,123,57,336,-398,2
3968500,2729500,8,9,8,18.9,982,166,1.8,1,10.1,79,284,58,327,-405,2
3968500,2729500,8,9,9,21.0,983,163,2.9,1,10.1,67,429,87,334,-418,2
3968500,2729500,8,9,10,22.4,983,202,3.1,3,10.3,61,566,55,348,-433,2
3968500,2729500,8,9,11,23.8,983,204,4.3,3,10.5,58,621,85,360,-446,2
3968500,2729500,8,9,12,24.4,983,185,4.2,4,9.9,51,404,249,366,-458,2
3968500,2729500,8,9,13,24.1,983,185,4.6,5,9.6,49,211,254,374,-468,2
3968500,2729500,8,9,14,23.7,983,179,4.7,6,9.9,52,50,304,381,-475,2
3968500,2729500,8,9,15,24.9,983,189,4.5,5,10.2,52,79,280,384,-476,2
3968500,2729500,8,9,16,24.8,983,192,5.7,4,10.2,50,210,215,378,-474,2
3968500,2729500,8,9,17,25.3,982,205,5.0,3,9.8,48,100,170,370,-471,2
3968500,2729500,8,9,18,25.2,982,177,5.8,2,10.0,48,282,54,363,-465,2
3968500,2729500,8,9,19,23.7,982,197,4.0,3,10.2,52,114,55,361,-456,2
3968500,2729500,8,9,20,21.1,982,190,2.8,5,10.6,60,15,22,365,-446,2
3968500,2729500,8,9,21,19.6,983,215,2.1,5,11.0,71,0,0,364,-436,2
3968500,2729500,8,9,22,19.1,984,76,0.8,5,10.5,73,0,0,359,-426,2
3968500,2729500,8,9,23,18.5,983,57,1.2,5,10.1,72,0,0,357,-419,2
3968500,2729500,8,9,24,16.5,983,196,0.9,7,10.2,79,0,0,360,-414,2
3968500,2729500,8,10,1,16.0,984,197,1.8,4,10.4,87,0,0,352,-411,2
3968500,2729500,8,10,2,15.1,984,169,1.9,2,10.4,91,0,0,330,-409,2
3968500,2729500,8,10,3,14.7,984,128,1.3,3,10.3,94,0,0,325,-406,2
3968500,2729500,8,10,4,14.7,984,124,1.7,4,10.3,95,0,0,333,-404,2
3968500,2729500,8,10,5,15.0,984,137,1.7,6,10.5,96,0,0,347,-401,2
3968500,2729500,8,10,6,15.4,984,154,2.4,6,10.6,95,0,5,356,-398,2
3968500,2729500,8,10,7,15.9,984,156,2.7,8,10.9,95,0,56,366,-399,2
3968500,2729500,8,10,8,17.3,985,156,2.1,5,11.2,91,66,156,364,-407,2
3968500,2729500,8,10,9,18.4,985,177,3.1,5,11.2,85,66,228,357,-421,2
3968500,2729500,8,10,10,20.0,985,174,3.4,6,11.2,78,101,288,365,-438,2
3968500,2729500,8,10,11,20.9,986,192,5.6,6,11.2,72,125,329,374,-452,2
3968500,2729500,8,10,12,21.7,985,182,5.6,7,10.9,67,33,315,381,-462,2
3968500,2729500,8,10,13,22.5,985,186,5.7,3,10.6,62,439,284,374,-469,2
3968500,2729500,8,10,14,21.2,985,204,5.9,6,10.8,64,51,321,370,-473,2
3968500,2729500,8,10,15,21.5,985,271,5.3,6,11.2,68,28,274,381,-469,2
3968500,2729500,8,10,16,21.5,985,206,4.0,7,11.4,69,27,235,385,-462,2
3968500,2729500,8,10,17,21.6,986,198,4.7,6,11.6,70,52,192,384,-455,2
3968500,2729500,8,10,18,20.3,986,244,4.0,7,11.1,70,7,118,381,-446,2
3968500,2729500,8,10,19,20.0,986,238,2.3,7,10.6,70,6,65,380,-435,2
3968500,2729500,8,10,20,18.2,986,236,1.4,6,10.8,75,5,21,373,-426,2
3968500,2729500,8,10,21,17.0,987,171,1.3,5,10.8,83,0,0,360,-420,2
3968500,2729500,8,10,22,16.6,988,188,1.9,6,10.8,87,0,0,358,-416,2
3968500,2729500,8,10,23,16.7,988,192,1.9,7,11.1,91,0,0,366,-413,2
3968500,2729500,8,10,24,16.2,989,170,1.8,8,11.2,93,0,0,373,-411,2
3968500,2729500,8,11,1,15.9,989,247,1.9,8,11.1,94,0,0,376,-410,2
3968500,2729500,8,11,2,15.8,989,321,3.6,8,10.9,94,0,0,376,-408,2
3968500,2729500,8,11,3,15.3,990,325,3.2,8,10.6,94,0,0,375,-406,2
3968500,2729500,8,11,4,14.5,990,337,2.8,8,10.2,93,0,0,373,-402,2
3968500,2729500,8,11,5,14.0,991,336,2.4,8,9.7,93,0,0,370,-397,2
3968500,2729500,8,11,6,13.4,991,350,2.2,8,9.3,93,0,3,366,-391,2
3968500,2729500,8,11,7,13.5,992,320,2.8,7,9.1,92,0,34,358,-388,2
3968500,2729500,8,11,8,13.9,993,318,3.2,7,8.9,89,14,141,354,-390,2
3968500,2729500,8,11,9,14.7,994,318,3.6,7,8.5,81,22,209,354,-397,2
3968500,2729500,8,11,10,16.0,994,320,5.1,6,7.9,71,97,293,351,-407,2
3968500,2729500,8,11,11,16.7,994,307,3.1,6,7.5,64,88,326,350,-419,2
3968500,2729500,8,11,12,15.7,995,309,2.2,6,7.2,62,297,354,349,-431,2
3968500,2729500,8,11,13,16.1,995,300,2.2,7,7.4,65,199,317,351,-442,2
3968500,2729500,8,11,14,16.8,995,284,3.9,7,7.6,64,17,282,356,-449,2
3968500,2729500,8,11,15,17.0,995,295,3.4,8,7.3,60,0,111,359,-452,2
3968500,2729500,8,11,16,16.7,995,291,3.2,8,7.1,58,0,77,359,-450,2
3968500,2729500,8,11,17,17.1,995,295,3.1,6,7.0,57,16,181,351,-445,2
3968500,2729500,8,11,18,16.6,995,293,3.2,6,6.7,55,6,116,341,-437,2
3968500,2729500,8,11,19,15.9,996,301,2.7,5,6.6,57,17,73,334,-427,2
3968500,2729500,8,11,20,15.3,996,338,1.7,7,6.8,60,0,11,336,-417,2
3968500,2729500,8,11,21,14.8,996,326,1.2,7,7.0,65,0,0,343,-406,2
3968500,2729500,8,11,22,14.2,997,310,1.4,8,7.3,69,0,0,345,-398,2
3968500,2729500,8,11,23,13.3,997,130,1.3,8,7.4,74,0,0,347,-392,2
3968500,2729500,8,11,24,13.2,997,68,1.3,8,7.5,78,0,0,347,-388,2
3968500,2729500,8,12,1,11.9,997,120,0.5,6,7.7,84,0,0,339,-384,2
3968500,2729500,8,12,2,11.0,997,327,0.6,4,7.7,90,0,0,320,-381,2
3968500,2729500,8,12,3,10.5,997,227,1.5,3,7.5,92,0,0,305,-379,2
3968500,2729500,8,12,4,10.5,996,209,1.1,6,7.6,94,0,0,312,-377,2
3968500,2729500,8,12,5,10.5,996,83,1.2,7,7.7,95,0,0,328,-376,2
3968500,2729500,8,12,6,10.8,997,33,1.0,7,7.7,95,0,4,332,-376,2
3968500,2729500,8,12,7,11.0,997,341,0.5,7,8.0,96,0,36,332,-379,2
3968500,2729500,8,12,8,12.3,997,4,1.1,8,8.3,96,1,99,339,-386,2
3968500,2729500,8,12,9,13.4,997,113,1.4,8,8.5,90,2,150,346,-395,2
3968500,2729500,8,12,10,14.9,997,45,1.7,8,8.0,78,17,235,348,-404,2
3968500,2729500,8,12,11,14.8,996,78,1.9,7,7.1,67,10,241,344,-414,2
3968500,2729500,8,12,12,16.1,996,18,2.6,8,6.4,58,0,144,343,-424,2
3968500,2729500,8,12,13,16.3,996,331,2.7,7,6.1,52,142,283,345,-432,2
3968500,2729500,8,12,14,17.0,996,335,2.7,8,6.0,50,3,234,346,-435,2
3968500,2729500,8,12,15,17.4,996,284,2.3,7,6.0,48,38,264,348,-436,2
3968500,2729500,8,12,16,17.4,995,314,2.8,6,5.9,47,53,232,342,-436,2
3968500,2729500,8,12,17,16.7,995,322,3.1,6,5.8,47,78,175,338,-431,2
3968500,2729500,8,12,18,16.2,995,338,3.5,6,6.0,50,150,105,336,-425,2
3968500,2729500,8,12,19,15.7,995,334,2.5,4,6.3,55,86,56,329,-419,2
3968500,2729500,8,12,20,14.7,995,342,2.0,6,6.6,60,1,14,328,-412,2
3968500,2729500,8,12,21,13.8,995,355,0.8,6,6.9,67,0,0,334,-405,2
3968500,2729500,8,12,22,12.6,995,329,1.1,7,7.2,75,0,0,335,-401,2
3968500,2729500,8,12,23,11.9,996,1,0.6,7,7.5,83,0,0,336,-398,2
3968500,2729500,8,12,24,11.3,996,148,0.5,6,7.3,84,0,0,330,-394,2
3968500,2729500,8,13,1,10.1,996,170,1.1,4,7.3,89,0,0,315,-388,2
3968500,2729500,8,13,2,9.4,994,357,0.8,4,7.3,96,0,0,302,-382,2
3968500,2729500,8,13,3,9.5,994,133,1.7,5,7.3,96,0,0,304,-377,2
3968500,2729500,8,13,4,9.3,994,196,1.8,6,7.3,97,0,0,311,-375,2
3968500,2729500,8,13,5,8.8,994,44,1.3,5,7.2,98,0,0,308,-372,2
3968500,2729500,8,13,6,8.3,994,208,1.2,5,7.0,98,0,7,299,-368,2
3968500,2729500,8,13,7,9.9,994,176,1.1,6,7.2,97,28,75,303,-367,2
3968500,2729500,8,13,8,11.9,995,236,1.3,4,7.6,91,117,142,303,-373,2
3968500,2729500,8,13,9,14.1,995,126,1.9,5,7.9,83,249,181,306,-385,2
3968500,2729500,8,13,10,15.9,995,17,1.8,3,8.0,74,386,197,310,-398,2
3968500,2729500,8,13,11,16.9,995,335,2.5,5,7.4,62,220,316,316,-411,2
3968500,2729500,8,13,12,17.4,994,27,2.4,5,7.1,57,189,353,327,-421,2
3968500,2729500,8,13,13,18.3,994,306,2.3,4,7.0,54,289,309,327,-430,2
3968500,2729500,8,13,14,19.3,994,299,1.9,3,6.7,49,363,301,323,-437,2
3968500,2729500,8,13,15,19.0,993,28,1.7,3,6.5,46,340,270,318,-438,2
3968500,2729500,8,13,16,19.6,992,332,2.0,4,6.2,44,186,246,322,-438,2
3968500,2729500,8,13,17,19.6,992,358,1.2,2,6.3,43,251,171,318,-434,2
3968500,2729500,8,13,18,18.7,992,345,0.8,2,6.6,47,163,123,307,-428,2
3968500,2729500,8,13,19,17.2,992,266,1.4,2,7.1,54,63,73,303,-420,2
3968500,2729500,8,13,20,15.8,991,223,1.5,3,7.1,59,5,20,302,-411,2
3968500,2729500,8,13,21,13.5,991,86,0.7,2,7.1,67,0,0,297,-405,2
3968500,2729500,8,13,22,12.6,991,82,0.6,3,7.6,80,0,0,292,-401,2
3968500,2729500,8,13,23,11.1,991,182,0.7,3,7.6,86,0,0,294,-397,2
3968500,2729500,8,13,24,10.6,992,154,0.9,0,7.4,90,0,0,279,-393,2
3968500,2729500,8,14,1,10.0,991,159,0.5,0,7.3,92,0,0,265,-390,2
3968500,2729500,8,14,2,9.9,991,155,1.1,0,7.3,93,0,0,267,-388,2
3968500,2729500,8,14,3,9.3,990,159,1.9,0,7.2,94,0,0,270,-387,2
3968500,2729500,8,14,4,9.4,990,169,2.0,1,7.1,95,0,0,276,-388,2
3968500,2729500,8,14,5,10.6,989,106,0.9,6,7.1,91,0,0,306,-388,2
3968500,2729500,8,14,6,11.3,988,156,0.7,7,7.0,84,2,12,333,-388,2
3968500,2729500,8,14,7,12.1,988,168,0.5,5,7.0,79,77,34,332,-390,2
3968500,2729500,8,14,8,13.0,987,181,1.8,7,7.1,76,30,111,335,-394,2
3968500,2729500,8,14,9,14.2,986,162,1.9,6,7.4,74,48,171,344,-399,2
3968500,2729500,8,14,10,15.0,986,176,2.0,7,7.8,73,11,200,350,-397,2
3968500,2729500,8,14,11,15.8,986,172,2.4,7,8.2,73,0,185,358,-394,2
3968500,2729500,8,14,12,16.6,985,173,2.7,8,8.6,73,0,126,365,-392,2
3968500,2729500,8,14,13,16.4,984,181,4.4,7,9.1,76,0,190,369,-394,2
3968500,2729500,8,14,14,16.5,983,219,2.3,7,9.4,78,0,169,367,-400,2
3968500,2729500,8,14,15,16.8,983,186,4.6,7,9.6,78,0,100,369,-404,2
3968500,2729500,8,14,16,16.5,982,177,4.2,7,9.8,80,0,118,370,-408,2
3968500,2729500,8,14,17,16.2,982,184,4.5,7,10.1,84,0,129,370,-411,2
3968500,2729500,8,14,18,15.5,982,185,3.6,8,10.4,90,0,77,373,-412,2
3968500,2729500,8,14,19,15.5,981,179,2.5,8,10.6,93,0,35,376,-414,2
3968500,2729500,8,14,20,15.4,981,175,3.3,8,10.6,93,0,3,377,-413,2
3968500,2729500,8,14,21,15.4,980,172,2.9,8,10.6,93,0,0,378,-408,2
3968500,2729500,8,14,22,15.3,979,171,4.1,8,10.6,94,0,0,378,-403,2
3968500,2729500,8,14,23,15.3,979,179,2.7,8,10.7,95,0,0,379,-400,2
3968500,2729500,8,14,24,15.1,978,177,4.1,8,10.8,96,0,0,377,-398,2
3968500,2729500,8,15,1,14.5,978,185,2.4,6,10.5,96,0,0,366,-397,2
3968500,2729500,8,15,2,14.1,977,183,3.7,4,10.2,96,0,0,344,-396,2
3968500,2729500,8,15,3,14.4,976,177,2.7,5,10.3,97,0,0,338,-395,2
3968500,2729500,8,15,4,14.0,977,234,2.9,5,10.0,95,0,0,342,-393,2
3968500,2729500,8,15,5,12.7,977,215,1.4,4,9.4,94,0,0,333,-390,2
3968500,2729500,8,15,6,12.2,979,216,1.6,3,9.0,96,4,17,321,-387,2
3968500,2729500,8,15,7,13.0,980,201,1.5,2,8.9,95,85,63,311,-386,2
3968500,2729500,8,15,8,14.3,981,297,1.2,4,8.8,87,120,127,317,-390,2
3968500,2729500,8,15,9,14.8,982,190,2.1,7,8.7,81,36,205,339,-393,2
3968500,2729500,8,15,10,16.8,983,250,2.9,7,8.6,74,68,267,354,-397,2
3968500,2729500,8,15,11,17.5,983,238,4.1,7,8.5,68,65,295,356,-408,2
3968500,2729500,8,15,12,15.8,983,240,3.6,7,8.3,68,59,314,352,-421,2
3968500,2729500,8,15,13,18.7,984,242,3.9,7,8.2,65,112,289,352,-432,2
3968500,2729500,8,15,14,19.5,984,264,2.2,6,8.4,59,240,305,353,-438,2
3968500,2729500,8,15,15,19.0,984,241,0.5,5,8.4,59,206,276,345,-436,2
3968500,2729500,8,15,16,19.9,984,247,0.5,4,8.3,57,224,222,339,-435,2
3968500,2729500,8,15,17,17.5,984,292,1.1,7,8.4,61,66,188,342,-432,2
3968500,2729500,8,15,18,18.4,984,221,1.9,6,8.6,65,39,127,347,-427,2
3968500,2729500,8,15,19,16.3,985,283,2.9,7,8.6,68,0,32,346,-422,2
3968500,2729500,8,15,20,15.0,985,225,2.3,6,8.8,79,2,14,341,-415,2
3968500,2729500,8,15,21,13.9,986,209,2.1,6,8.9,85,0,0,338,-409,2
3968500,2729500,8,15,22,13.2,986,196,1.7,6,9.0,91,0,0,336,-405,2
3968500,2729500,8,15,23,13.2,986,176,1.2,6,9.2,94,0,0,332,-400,2
3968500,2729500,8,15,24,13.4,986,169,0.7,7,9.4,94,0,0,332,-396,2
3968500,2729500,8,16,1,13.9,992,149,0.4,7,9.7,95,0,0,370,-398,2
3968500,2729500,8,16,2,14.2,992,121,0.2,8,9.9,95,0,0,373,-393,2
3968500,2729500,8,16,3,14.5,992,131,0.1,8,10.0,94,0,0,372,-389,2
3968500,2729500,8,16,4,14.3,992,171,0.3,8,9.9,94,0,0,372,-387,2
3968500,2729500,8,16,5,14.3,992,233,0.5,8,9.9,94,0,0,372,-387,2
3968500,2729500,8,16,6,14.0,993,327,0.9,7,9.7,93,0,5,366,-387,2
3968500,2729500,8,16,7,14.2,993,250,0.8,7,9.8,96,0,28,363,-390,2
3968500,2729500,8,16,8,15.6,993,37,1.2,8,10.0,92,0,66,371,-396,2
3968500,2729500,8,16,9,16.2,993,164,1.6,8,10.1,87,4,154,378,-401,2
3968500,2729500,8,16,10,16.3,993,283,2.5,8,10.2,86,0,119,380,-404,2
3968500,2729500,8,16,11,17.3,994,215,1.4,8,10.0,82,0,139,380,-409,2
3968500,2729500,8,16,12,16.9,994,280,2.1,7,9.5,76,0,190,376,-415,2
3968500,2729500,8,16,13,16.8,994,312,2.4,8,9.6,78,0,148,374,-423,2
3968500,2729500,8,16,14,17.4,994,346,1.5,8,9.9,79,0,149,377,-431,2
3968500,2729500,8,16,15,17.9,994,356,1.7,8,10.1,78,0,168,377,-437,2
3968500,2729500,8,16,16,19.1,994,115,2.3,7,10.3,75,153,168,374,-437,2
3968500,2729500,8,16,17,20.2,993,263,3.0,6,10.0,69,257,60,371,-437,2
3968500,2729500,8,16,18,18.5,993,349,1.1,8,10.5,73,16,100,375,-434,2
3968500,2729500,8,16,19,16.4,994,294,1.5,7,11.3,88,9,52,375,-425,2
3968500,2729500,8,16,20,15.7,994,2,0.6,6,11.5,98,0,8,363,-415,2
3968500,2729500,8,16,21,15.3,994,358,0.0,6,11.2,100,0,0,357,-406,2
3968500,2729500,8,16,22,15.1,995,360,0.0,6,10.9,99,0,0,355,-398,2
3968500,2729500,8,16,23,15.6,995,353,0.1,6,10.9,98,0,0,355,-391,2
3968500,2729500,8,16,24,15.5,995,354,1.2,5,10.9,96,0,0,351,-385,2
3968500,2729500,8,17,1,15.3,996,352,0.4,6,10.7,95,0,0,349,-380,2
3968500,2729500,8,17,2,15.2,996,4,0.7,6,10.4,94,0,0,349,-376,2
3968500,2729500,8,17,3,15.2,996,339,1.3,7,10.1,92,0,0,352,-373,2
3968500,2729500,8,17,4,14.8,996,331,1.6,8,10.0,92,0,0,357,-370,2
3968500,2729500,8,17,5,14.8,996,298,1.8,7,10.0,93,0,0,355,-367,2
3968500,2729500,8,17,6,14.9,996,343,2.3,7,9.8,91,0,2,351,-365,2
3968500,2729500,8,17,7,14.6,997,344,2.5,8,9.7,90,0,31,354,-366,2
3968500,2729500,8,17,8,14.8,997,318,3.5,8,9.6,90,0,83,357,-374,2
3968500,2729500,8,17,9,15.3,997,312,2.7,8,9.4,86,0,125,358,-386,2
3968500,2729500,8,17,10,15.6,998,305,2.6,8,9.6,86,0,143,362,-400,2
3968500,2729500,8,17,11,16.2,998,336,3.6,8,9.8,85,0,159,363,-416,2
3968500,2729500,8,17,12,16.4,998,332,3.7,8,9.7,82,0,167,364,-430,2
3968500,2729500,8,17,13,16.7,998,303,3.0,8,9.8,82,0,196,362,-441,2
3968500,2729500,8,17,14,17.2,998,348,3.2,8,9.9,81,0,193,361,-449,2
3968500,2729500,8,17,15,17.1,998,343,4.0,8,9.8,79,0,166,358,-453,2
3968500,2729500,8,17,16,17.1,998,341,3.7,8,9.9,80,5,168,357,-452,2
3968500,2729500,8,17,17,17.1,998,323,3.2,7,10.0,80,75,133,354,-447,2
3968500,2729500,8,17,18,17.1,998,354,2.2,7,9.8,79,63,83,352,-440,2
3968500,2729500,8,17,19,16.8,998,345,2.1,5,9.8,80,56,26,348,-429,2
3968500,2729500,8,17,20,15.9,998,356,1.2,5,9.8,83,2,11,342,-418,2
3968500,2729500,8,17,21,14.7,999,310,0.8,6,9.5,86,0,0,343,-408,2
3968500,2729500,8,17,22,13.7,999,355,0.0,4,9.4,91,0,0,337,-401,2
3968500,2729500,8,17,23,13.2,1000,358,0.0,5,9.3,95,0,0,332,-396,2
3968500,2729500,8,17,24,12.9,1000,185,0.2,4,9.0,94,0,0,330,-393,2
3968500,2729500,8,18,1,12.8,1000,343,0.6,8,9.0,96,0,0,340,-390,2
3968500,2729500,8,18,2,12.9,1000,323,0.4,8,9.3,99,0,0,354,-387,2
3968500,2729500,8,18,3,13.1,1000,351,0.6,8,9.4,99,0,0,355,-385,2
3968500,2729500,8,18,4,13.2,1000,359,0.8,8,9.4,98,0,0,356,-384,2
3968500,2729500,8,18,5,13.4,1000,357,1.4,8,9.5,98,0,0,359,-382,2
3968500,2729500,8,18,6,13.5,1000,324,0.8,8,9.6,98,0,2,360,-381,2
3968500,2729500,8,18,7,13.5,1000,311,0.5,7,9.6,98,0,38,357,-382,2
3968500,2729500,8,18,8,14.5,1000,308,0.4,8,9.7,96,0,51,358,-390,2
3968500,2729500,8,18,9,15.1,1000,354,0.9,7,9.8,92,0,120,361,-403,2
3968500,2729500,8,18,10,15.5,1001,335,1.0,8,10.0,90,0,183,363,-417,2
3968500,2729500,8,18,11,15.9,1001,18,0.8,8,10.1,89,0,211,368,-432,2
3968500,2729500,8,18,12,16.5,1001,37,0.6,8,10.2,87,13,296,370,-448,2
3968500,2729500,8,18,13,19.0,1000,71,0.9,7,10.5,81,135,417,371,-461,2
3968500,2729500,8,18,14,20.3,1000,62,1.0,4,10.8,74,405,341,364,-467,2
3968500,2729500,8,18,15,21.8,999,11,1.7,3,10.8,68,411,295,357,-468,2
3968500,2729500,8,18,16,21.8,999,43,1.8,3,10.6,64,317,262,355,-465,2
3968500,2729500,8,18,17,22.2,999,22,1.5,3,10.1,60,223,212,353,-457,2
3968500,2729500,8,18,18,22.1,999,0,1.4,2,9.8,58,114,152,349,-449,2
3968500,2729500,8,18,19,21.1,998,17,1.3,2,10.1,61,39,76,344,-440,2
3968500,2729500,8,18,20,19.4,999,40,1.1,0,10.4,69,2,15,334,-429,2
3968500,2729500,8,18,21,17.2,999,8,0.9,0,10.6,80,0,0,321,-419,2
3968500,2729500,8,18,22,16.7,1000,304,0.3,1,10.6,86,0,0,320,-411,2
3968500,2729500,8,18,23,15.7,1000,334,0.3,1,10.4,88,0,0,320,-404,2
3968500,2729500,8,18,24,14.9,1001,322,0.3,0,10.0,90,0,0,313,-398,2
3968500,2729500,8,19,1,13.7,1001,50,0.7,0,9.7,93,0,0,306,-394,2
3968500,2729500,8,19,2,13.6,1001,8,0.4,2,9.6,97,0,0,310,-391,2
3968500,2729500,8,19,3,13.0,1001,348,0.3,4,9.4,97,0,0,321,-388,2
3968500,2729500,8,19,4,12.0,1001,345,0.5,4,9.0,98,0,0,326,-387,2
3968500,2729500,8,19,5,11.7,1001,345,0.2,4,8.6,98,0,0,324,-385,2
3968500,2729500,8,19,6,11.6,1001,347,0.2,5,8.6,99,0,10,327,-384,2
3968500,2729500,8,19,7,11.9,1001,353,0.2,3,8.7,100,26,71,324,-385,2
3968500,2729500,8,19,8,12.9,1001,342,0.4,3,9.1,100,81,145,318,-393,2
3968500,2729500,8,19,9,15.3,1001,25,0.3,3,10.0,98,208,188,325,-408,2
3968500,2729500,8,19,10,18.7,1001,36,1.1,1,10.9,89,385,184,330,-427,2
3968500,2729500,8,19,11,20.9,1001,36,1.0,1,11.3,77,501,189,333,-444,2
3968500,2729500,8,19,12,22.5,1001,71,1.2,2,11.2,68,469,247,345,-458,2
3968500,2729500,8,19,13,23.2,1000,75,2.5,3,10.7,60,418,288,356,-469,2
3968500,2729500,8,19,14,23.6,1000,121,2.2,2,10.4,57,434,262,358,-474,2
3968500,2729500,8,19,15,24.7,1000,62,3.5,2,10.3,54,376,247,358,-476,2
3968500,2729500,8,19,16,24.8,1000,108,2.9,2,10.1,51,321,206,360,-474,2
3968500,2729500,8,19,17,24.4,1000,79,2.6,1,9.8,50,257,155,356,-466,2
3968500,2729500,8,19,18,23.7,999,68,2.5,1,9.8,52,157,111,350,-456,2
3968500,2729500,8,19,19,22.8,998,109,1.6,1,10.0,55,48,62,348,-444,2
3968500,2729500,8,19,20,20.0,998,39,0.8,0,10.1,62,2,14,338,-432,2
3968500,2729500,8,19,21,18.8,998,104,0.5,0,10.3,72,0,0,327,-421,2
3968500,2729500,8,19,22,18.2,999,42,0.6,1,10.3,76,0,0,328,-415,2
3968500,2729500,8,19,23,17.8,999,23,0.4,1,10.1,77,0,0,329,-409,2
3968500,2729500,8,19,24,17.0,999,43,0.3,0,10.0,79,0,0,323,-404,2
3968500,2729500,8,20,1,16.2,999,41,0.4,2,10.2,85,0,0,324,-400,2
3968500,2729500,8,20,2,16.2,999,342,0.6,2,10.4,89,0,0,330,-397,2
3968500,2729500,8,20,3,16.2,999,355,0.3,0,10.5,90,0,0,322,-395,2
3968500,2729500,8,20,4,16.2,999,29,0.3,0,10.7,92,0,0,315,-394,2
3968500,2729500,8,20,5,15.4,999,26,1.3,0,10.6,93,0,0,312,-392,2
3968500,2729500,8,20,6,14.5,999,15,0.9,0,10.3,95,0,10,308,-391,2
3968500,2729500,8,20,7,14.9,999,16,0.8,0,10.3,97,39,69,306,-391,2
3968500,2729500,8,20,8,17.1,999,4,1.3,0,10.7,92,156,115,308,-397,2
3968500,2729500,8,20,9,19.7,999,54,1.4,0,11.0,81,299,136,315,-411,2
3968500,2729500,8,20,10,22.1,998,19,3.0,0,11.1,70,448,141,325,-430,2
3968500,2729500,8,20,11,24.6,999,64,3.5,0,10.6,58,563,142,333,-446,2
3968500,2729500,8,20,12,25.1,998,124,3.2,0,9.9,49,633,143,340,-459,2
3968500,2729500,8,20,13,26.2,998,117,4.4,0,9.5,45,664,138,344,-469,2
3968500,2729500,8,20,14,26.8,998,129,3.5,1,9.2,42,631,139,351,-473,2
3968500,2729500,8,20,15,27.3,997,133,5.1,1,8.9,39,561,134,357,-472,2
3968500,2729500,8,20,16,26.9,997,112,6.2,1,8.7,38,428,140,356,-470,2
3968500,2729500,8,20,17,27.1,996,99,4.7,1,8.5,37,310,121,355,-466,2
3968500,2729500,8,20,18,26.2,996,59,3.2,1,8.4,38,166,101,353,-458,2
3968500,2729500,8,20,19,25.0,995,99,2.7,1,8.6,41,48,59,350,-446,2
3968500,2729500,8,20,20,22.5,995,108,1.0,0,8.7,46,1,11,340,-433,2
3968500,2729500,8,20,21,19.8,994,96,0.4,0,8.7,54,0,0,327,-423,2
3968500,2729500,8,20,22,18.6,995,93,1.0,1,8.7,62,0,0,324,-418,2
3968500,2729500,8,20,23,17.5,995,14,0.2,1,8.6,65,0,0,323,-411,2
3968500,2729500,8,20,24,16.8,995,15,0.0,0,8.6,69,0,0,317,-405,2
3968500,2729500,8,21,1,16.6,995,1,0.7,0,8.7,72,0,0,313,-403,2
3968500,2729500,8,21,2,16.2,995,4,0.5,0,8.7,73,0,0,312,-401,2
3968500,2729500,8,21,3,15.8,995,26,0.8,0,9.0,78,0,0,311,-397,2
3968500,2729500,8,21,4,14.7,995,356,0.9,0,8.8,80,0,0,309,-393,2
3968500,2729500,8,21,5,14.3,995,7,1.0,0,8.5,81,0,0,307,-390,2
3968500,2729500,8,21,6,15.3,995,35,0.9,0,8.8,82,1,11,308,-388,2
3968500,2729500,8,21,7,15.8,995,4,0.6,0,9.1,81,51,64,309,-390,2
3968500,2729500,8,21,8,18.6,994,31,1.2,0,9.4,75,173,103,314,-397,2
3968500,2729500,8,21,9,21.4,994,36,1.2,0,9.4,63,309,124,322,-411,2
3968500,2729500,8,21,10,23.7,994,88,1.8,0,9.2,52,448,131,332,-426,2
3968500,2729500,8,21,11,25.6,994,148,2.8,0,9.0,46,561,133,341,-439,2
3968500,2729500,8,21,12,26.3,994,150,3.6,0,8.7,41,630,134,347,-449,2
3968500,2729500,8,21,13,27.5,993,151,4.2,0,8.1,36,648,136,353,-455,2
3968500,2729500,8,21,14,27.5,993,146,3.2,1,7.8,33,593,151,358,-460,2
3968500,2729500,8,21,15,28.2,992,142,4.1,2,7.7,32,451,187,365,-466,2
3968500,2729500,8,21,16,28.3,992,130,3.8,2,7.6,31,360,168,368,-467,2
3968500,2729500,8,21,17,28.0,991,100,3.2,1,7.9,33,297,120,364,-464,2
3968500,2729500,8,21,18,27.2,991,89,2.3,1,7.6,32,168,96,358,-457,2
3968500,2729500,8,21,19,25.8,991,111,1.2,1,7.6,34,47,55,352,-449,2
3968500,2729500,8,21,20,23.2,991,124,0.7,1,8.3,42,1,9,347,-440,2
3968500,2729500,8,21,21,20.8,991,100,0.1,1,8.5,50,0,0,339,-434,2
3968500,2729500,8,21,22,19.3,990,52,1.1,1,8.6,58,0,0,332,-430,2
3968500,2729500,8,21,23,19.9,991,21,0.2,1,8.7,60,0,0,331,-426,2
3968500,2729500,8,21,24,18.9,991,1,0.0,0,8.6,60,0,0,328,-424,2
3968500,2729500,8,22,1,18.1,991,10,0.8,0,8.6,64,0,0,323,-422,2
3968500,2729500,8,22,2,17.3,991,342,0.4,0,8.6,67,0,0,319,-420,2
3968500,2729500,8,22,3,16.5,990,13,0.3,0,8.7,70,0,0,314,-415,2
3968500,2729500,8,22,4,16.2,990,0,0.6,0,8.7,74,0,0,310,-411,2
3968500,2729500,8,22,5,15.7,990,345,1.0,1,8.8,76,0,0,312,-408,2
3968500,2729500,8,22,6,14.3,990,33,0.6,0,9.0,82,0,10,308,-407,2
3968500,2729500,8,22,7,15.8,990,265,0.6,2,9.1,83,45,62,310,-408,2
3968500,2729500,8,22,8,18.2,990,59,0.0,2,9.8,79,114,118,323,-414,2
3968500,2729500,8,22,9,19.3,990,203,0.8,4,10.1,72,52,204,335,-427,2
3968500,2729500,8,22,10,20.6,990,179,1.3,6,10.1,68,47,259,354,-443,2
3968500,2729500,8,22,11,21.9,991,177,1.5,6,10.3,64,222,285,366,-458,2
3968500,2729500,8,22,12,24.2,990,201,1.3,6,10.4,57,433,231,375,-469,2
3968500,2729500,8,22,13,25.0,990,179,2.9,5,10.4,52,508,205,379,-476,2
3968500,2729500,8,22,14,25.9,990,174,3.0,6,10.8,52,281,292,384,-484,2
3968500,2729500,8,22,15,25.1,990,217,2.8,5,11.5,55,44,250,386,-490,2
3968500,2729500,8,22,16,24.6,989,153,2.8,5,11.7,58,62,219,380,-488,2
3968500,2729500,8,22,17,23.4,989,199,1.9,8,11.4,60,1,112,384,-481,2
3968500,2729500,8,22,18,22.0,989,224,2.0,8,11.5,65,0,43,390,-472,2
3968500,2729500,8,22,19,21.3,989,188,2.4,7,11.8,71,10,46,385,-461,2
3968500,2729500,8,22,20,19.4,990,357,0.5,6,11.9,77,2,9,374,-448,2
3968500,2729500,8,22,21,18.1,989,45,0.0,5,12.1,87,0,0,362,-438,2
3968500,2729500,8,22,22,17.4,989,260,1.1,4,12.0,92,0,0,348,-431,2
3968500,2729500,8,22,23,17.0,989,139,0.8,4,11.6,92,0,0,340,-426,2
3968500,2729500,8,22,24,16.7,989,185,0.6,4,11.4,93,0,0,338,-424,2
3968500,2729500,8,23,1,16.3,989,186,0.3,7,11.6,96,0,0,350,-423,2
3968500,2729500,8,23,2,16.6,989,192,0.5,7,11.6,96,0,0,364,-422,2
3968500,2729500,8,23,3,16.1,989,151,0.5,8,11.3,95,0,0,368,-419,2
3968500,2729500,8,23,4,16.0,989,358,0.2,7,11.3,96,0,0,368,-414,2
3968500,2729500,8,23,5,15.6,989,22,0.3,6,11.2,97,0,0,357,-411,2
3968500,2729500,8,23,6,15.9,988,6,0.0,8,11.0,95,0,2,362,-408,2
3968500,2729500,8,23,7,16.1,989,334,0.7,7,11.0,94,0,33,366,-409,2
3968500,2729500,8,23,8,17.0,989,333,0.3,7,11.3,94,5,116,364,-413,2
3968500,2729500,8,23,9,18.2,989,17,1.2,6,11.4,88,35,212,362,-421,2
3968500,2729500,8,23,10,19.8,989,28,0.9,6,11.5,81,63,284,362,-428,2
3968500,2729500,8,23,11,20.4,989,333,0.9,6,11.9,78,18,279,368,-434,2
3968500,2729500,8,23,12,21.8,990,4,1.3,8,12.0,74,0,212,381,-439,2
3968500,2729500,8,23,13,22.7,990,73,2.1,8,12.0,69,0,147,395,-438,2
3968500,2729500,8,23,14,22.3,990,80,2.9,7,12.0,68,15,257,393,-431,2
3968500,2729500,8,23,15,23.2,990,25,3.0,4,12.0,67,182,325,378,-425,2
3968500,2729500,8,23,16,21.7,990,330,3.3,4,12.2,70,104,264,364,-423,2
3968500,2729500,8,23,17,21.4,989,333,3.5,3,12.3,74,113,203,356,-421,2
3968500,2729500,8,23,18,20.8,990,328,2.6,3,12.3,76,70,128,350,-418,2
3968500,2729500,8,23,19,20.1,990,334,2.2,7,12.6,81,14,52,365,-414,2
3968500,2729500,8,23,20,19.4,989,341,1.7,7,12.5,84,0,7,380,-412,2
3968500,2729500,8,23,21,19.2,990,337,1.6,8,12.4,86,0,0,382,-409,2
3968500,2729500,8,23,22,18.6,990,218,0.8,7,12.5,89,0,0,381,-407,2
3968500,2729500,8,23,23,18.0,990,359,0.8,7,12.3,91,0,0,375,-404,2
3968500,2729500,8,23,24,17.0,990,67,0.7,7,12.0,94,0,0,373,-402,2
3968500,2729500,8,24,1,16.8,991,38,0.2,6,12.0,97,0,0,368,-400,2
3968500,2729500,8,24,2,16.2,991,218,0.7,6,11.8,98,0,0,362,-397,2
3968500,2729500,8,24,3,16.0,990,189,1.1,6,11.5,98,0,0,361,-393,2
3968500,2729500,8,24,4,15.1,990,179,0.8,6,11.1,98,0,0,359,-388,2
3968500,2729500,8,24,5,15.2,990,173,0.4,6,10.8,98,0,0,357,-385,2
3968500,2729500,8,24,6,15.9,990,165,0.5,6,11.1,98,0,6,359,-382,2
3968500,2729500,8,24,7,15.6,990,142,1.7,8,11.2,98,9,54,368,-382,2
3968500,2729500,8,24,8,16.8,990,160,2.7,6,11.4,96,10,113,370,-388,2
3968500,2729500,8,24,9,17.5,990,171,2.5,7,11.8,94,10,171,369,-400,2
3968500,2729500,8,24,10,18.9,990,174,1.9,7,12.3,91,23,238,378,-415,2
3968500,2729500,8,24,11,20.3,990,171,2.4,6,12.6,86,203,291,379,-431,2
3968500,2729500,8,24,12,21.9,990,184,3.4,4,12.8,80,293,296,374,-442,2
3968500,2729500,8,24,13,23.6,990,185,3.2,3,12.8,72,484,224,367,-441,2
3968500,2729500,8,24,14,24.0,989,200,3.5,4,12.4,65,423,240,371,-434,2
3968500,2729500,8,24,15,25.1,988,199,4.3,5,12.3,62,188,278,383,-430,2
3968500,2729500,8,24,16,24.7,988,198,3.2,5,12.2,60,150,230,388,-422,2
3968500,2729500,8,24,17,24.5,988,195,3.6,5,12.0,60,57,168,385,-420,2
3968500,2729500,8,24,18,23.7,987,201,3.6,2,11.6,60,81,107,369,-422,2
3968500,2729500,8,24,19,22.5,987,197,2.7,2,11.5,63,36,49,352,-419,2
3968500,2729500,8,24,20,21.6,987,195,1.8,3,11.6,68,1,7,355,-415,2
3968500,2729500,8,24,21,19.8,988,182,1.9,2,11.7,74,0,0,350,-410,2
3968500,2729500,8,24,22,18.4,987,181,0.6,1,11.8,83,0,0,335,-408,2
3968500,2729500,8,24,23,17.6,988,183,0.6,1,11.8,88,0,0,327,-406,2
3968500,2729500,8,24,24,16.5,988,13,0.0,1,11.7,93,0,0,323,-403,2
3968500,2729500,8,25,1,17.3,988,217,0.7,4,11.7,94,0,0,331,-400,2
3968500,2729500,8,25,2,17.3,988,189,0.5,6,11.9,93,0,0,352,-399,2
3968500,2729500,8,25,3,16.6,988,164,0.3,7,11.9,96,0,0,364,-398,2
3968500,2729500,8,25,4,16.8,988,182,0.8,7,11.9,97,0,0,368,-397,2
3968500,2729500,8,25,5,16.6,988,7,0.0,8,11.7,96,0,0,373,-395,2
3968500,2729500,8,25,6,15.7,988,174,1.9,8,11.4,96,0,9,376,-394,2
3968500,2729500,8,25,7,15.7,988,180,1.7,6,11.3,98,37,52,365,-393,2
3968500,2729500,8,25,8,17.1,988,195,2.2,5,11.3,94,123,97,353,-392,2
3968500,2729500,8,25,9,17.6,988,180,3.4,5,11.3,89,65,186,351,-400,2
3968500,2729500,8,25,10,16.9,988,181,4.0,7,11.3,89,0,135,360,-411,2
3968500,2729500,8,25,11,17.4,988,187,3.2,8,11.4,90,0,94,373,-421,2
3968500,2729500,8,25,12,19.4,989,201,3.2,6,10.9,80,44,284,371,-428,2
3968500,2729500,8,25,13,21.0,989,176,3.8,4,9.7,64,201,290,359,-434,2
3968500,2729500,8,25,14,20.5,989,167,3.5,5,8.7,56,80,273,355,-438,2
3968500,2729500,8,25,15,21.8,988,183,2.9,5,8.2,51,147,250,359,-437,2
3968500,2729500,8,25,16,20.6,988,181,3.7,2,7.8,48,248,175,348,-431,2
3968500,2729500,8,25,17,20.8,987,184,3.2,3,7.9,51,255,102,340,-426,2
3968500,2729500,8,25,18,20.6,987,176,2.7,2,8.3,53,165,66,341,-422,2
3968500,2729500,8,25,19,19.7,987,183,2.7,5,8.8,58,30,43,347,-420,2
3968500,2729500,8,25,20,18.7,987,205,2.0,7,9.0,63,0,4,363,-415,2
3968500,2729500,8,25,21,16.6,987,258,1.0,5,8.2,63,0,0,356,-411,2
3968500,2729500,8,25,22,15.2,988,189,1.3,4,7.6,66,0,0,338,-405,2
3968500,2729500,8,25,23,14.2,988,179,1.0,4,7.8,73,0,0,331,-399,2
3968500,2729500,8,25,24,13.7,988,180,0.5,4,7.9,78,0,0,328,-395,2
3968500,2729500,8,26,1,13.0,989,26,0.0,4,8.1,82,0,0,325,-393,2
3968500,2729500,8,26,2,12.5,989,185,0.4,4,8.2,87,0,0,322,-394,2
3968500,2729500,8,26,3,12.7,989,161,0.5,3,8.4,90,0,0,318,-394,2
3968500,2729500,8,26,4,12.1,989,150,0.6,1,8.5,92,0,0,307,-392,2
3968500,2729500,8,26,5,11.7,989,141,0.6,2,8.4,94,0,0,304,-391,2
3968500,2729500,8,26,6,11.7,989,174,0.4,2,8.4,95,1,9,306,-389,2
3968500,2729500,8,26,7,13.2,989,150,0.9,0,8.6,93,56,55,299,-387,2
3968500,2729500,8,26,8,14.8,989,152,0.8,0,9.1,89,195,79,294,-390,2
3968500,2729500,8,26,9,16.5,989,172,1.7,1,9.4,82,353,82,304,-399,2
3968500,2729500,8,26,10,18.5,990,182,3.4,2,9.5,74,509,74,317,-411,2
3968500,2729500,8,26,11,20.7,989,183,3.6,2,9.1,62,567,98,327,-422,2
3968500,2729500,8,26,12,21.6,990,191,4.4,2,8.3,51,553,148,332,-432,2
3968500,2729500,8,26,13,21.8,990,179,4.6,3,8.0,48,298,285,340,-438,2
3968500,2729500,8,26,14,20.2,990,204,4.5,5,8.1,51,5,214,349,-439,2
3968500,2729500,8,26,15,21.5,989,172,4.8,4,8.7,55,74,258,353,-437,2
3968500,2729500,8,26,16,20.4,990,197,4.2,6,9.0,56,22,184,356,-435,2
3968500,2729500,8,26,17,21.1,989,173,3.6,3,8.3,53,176,146,350,-430,2
3968500,2729500,8,26,18,19.7,989,188,3.3,2,7.9,52,183,71,329,-424,2
3968500,2729500,8,26,19,18.2,989,203,1.7,4,8.3,59,50,44,328,-418,2
3968500,2729500,8,26,20,17.4,989,29,0.6,5,8.7,67,1,7,338,-410,2
3968500,2729500,8,26,21,16.4,990,11,0.6,6,8.7,71,0,0,345,-401,2
3968500,2729500,8,26,22,14.7,991,14,0.0,5,8.7,77,0,0,340,-395,2
3968500,2729500,8,26,23,14.3,991,26,0.0,5,9.0,86,0,0,334,-390,2
3968500,2729500,8,26,24,13.3,992,27,0.0,5,9.2,92,0,0,332,-388,2
3968500,2729500,8,27,1,12.7,992,173,0.1,5,8.8,92,0,0,329,-388,2
3968500,2729500,8,27,2,12.2,992,143,0.8,6,8.5,92,0,0,329,-386,2
3968500,2729500,8,27,3,11.5,992,150,1.0,6,8.3,94,0,0,330,-383,2
3968500,2729500,8,27,4,11.0,992,145,0.9,5,8.1,95,0,0,323,-380,2
3968500,2729500,8,27,5,10.0,992,156,1.2,2,7.8,96,0,0,304,-376,2
3968500,2729500,8,27,6,9.3,992,185,1.3,3,7.5,98,0,5,292,-374,2
3968500,2729500,8,27,7,10.3,992,209,1.1,3,7.6,98,36,49,296,-375,2
3968500,2729500,8,27,8,13.2,992,158,0.9,2,8.0,91,192,65,297,-382,2
3968500,2729500,8,27,9,15.4,992,169,1.5,3,8.3,80,312,83,306,-393,2
3968500,2729500,8,27,10,17.3,992,185,1.7,4,8.3,70,473,97,322,-404,2
3968500,2729500,8,27,11,18.7,992,190,2.2,5,8.2,62,360,193,337,-408,2
3968500,2729500,8,27,12,20.2,992,194,2.1,6,8.0,55,168,290,351,-409,2
3968500,2729500,8,27,13,20.8,992,206,1.9,4,7.9,51,454,192,351,-421,2
3968500,2729500,8,27,14,21.2,992,208,1.9,5,7.6,48,208,274,350,-439,2
3968500,2729500,8,27,15,18.7,992,345,2.7,7,7.4,50,13,211,358,-444,2
3968500,2729500,8,27,16,15.7,992,313,1.6,8,8.6,69,0,130,361,-443,2
3968500,2729500,8,27,17,16.9,992,19,1.4,6,10.0,85,24,145,357,-439,2
3968500,2729500,8,27,18,16.4,992,87,0.7,5,10.0,82,65,94,346,-433,2
3968500,2729500,8,27,19,14.7,992,134,2.2,5,9.6,85,9,36,337,-424,2
3968500,2729500,8,27,20,14.1,992,101,1.1,5,9.3,88,0,6,333,-412,2
3968500,2729500,8,27,21,13.2,993,214,0.5,4,9.0,90,0,0,326,-401,2
3968500,2729500,8,27,22,13.0,994,161,0.7,6,8.7,91,0,0,328,-394,2
3968500,2729500,8,27,23,12.6,994,30,0.6,5,8.8,94,0,0,331,-391,2
3968500,2729500,8,27,24,11.9,994,169,1.1,5,8.6,94,0,0,324,-391,2
3968500,2729500,8,28,1,11.7,994,37,0.3,7,8.3,94,0,0,332,-392,2
3968500,2729500,8,28,2,11.6,994,147,0.5,6,8.3,95,0,0,336,-392,2
3968500,2729500,8,28,3,11.3,994,67,0.6,7,8.3,96,0,0,336,-389,2
3968500,2729500,8,28,4,11.6,994,19,0.6,7,8.3,97,0,0,341,-387,2
3968500,2729500,8,28,5,11.4,994,55,0.9,7,8.3,96,0,0,341,-386,2
3968500,2729500,8,28,6,11.6,994,153,1.0,7,8.1,94,0,5,341,-386,2
3968500,2729500,8,28,7,12.1,994,48,1.1,7,8.5,96,31,58,343,-387,2
3968500,2729500,8,28,8,13.2,994,45,0.8,3,9.0,97,138,107,326,-392,2
3968500,2729500,8,28,9,14.5,994,162,0.8,3,9.2,92,333,110,311,-400,2
3968500,2729500,8,28,10,17.4,994,322,0.5,3,9.7,83,450,127,319,-407,2
3968500,2729500,8,28,11,19.2,994,198,0.8,3,10.3,76,410,209,330,-422,2
3968500,2729500,8,28,12,20.7,994,190,0.6,4,10.4,70,190,321,342,-440,2
3968500,2729500,8,28,13,20.8,993,170,1.1,6,9.9,63,43,294,361,-448,2
3968500,2729500,8,28,14,21.4,993,175,1.0,5,9.3,58,58,286,367,-454,2
3968500,2729500,8,28,15,20.5,993,156,1.1,6,9.2,58,50,257,367,-454,2
3968500,2729500,8,28,16,19.8,993,162,1.5,7,9.5,63,0,109,370,-447,2
3968500,2729500,8,28,17,19.4,992,137,1.7,7,9.7,66,1,116,371,-438,2
3968500,2729500,8,28,18,19.8,992,138,1.8,7,9.7,66,14,97,370,-428,2
3968500,2729500,8,28,19,19.7,992,151,2.1,6,9.6,66,0,26,366,-415,2
3968500,2729500,8,28,20,17.5,992,355,0.9,6,10.2,74,0,1,359,-405,2
3968500,2729500,8,28,21,16.4,992,171,1.2,6,10.5,85,0,0,355,-402,2
3968500,2729500,8,28,22,16.3,992,6,0.5,7,10.2,86,0,0,356,-401,2
3968500,2729500,8,28,23,16.0,993,200,1.1,7,10.2,87,0,0,361,-400,2
3968500,2729500,8,28,24,15.8,992,2,1.4,7,10.2,88,0,0,360,-399,2
3968500,2729500,8,29,1,15.1,992,354,0.9,4,10.1,90,0,0,346,-397,2
3968500,2729500,8,29,2,15.0,991,22,0.6,6,9.9,91,0,0,342,-395,2
3968500,2729500,8,29,3,15.1,991,314,0.6,7,9.9,91,0,0,354,-394,2
3968500,2729500,8,29,4,14.5,990,351,1.1,7,10.0,93,0,0,358,-392,2
3968500,2729500,8,29,5,14.6,990,359,0.4,8,10.1,95,0,0,362,-391,2
3968500,2729500,8,29,6,14.0,989,6,0.7,8,10.0,96,0,1,365,-390,2
3968500,2729500,8,29,7,14.0,989,260,0.9,8,9.9,97,0,17,363,-388,2
3968500,2729500,8,29,8,14.2,989,340,0.8,7,10.1,97,0,30,358,-391,2
3968500,2729500,8,29,9,14.7,989,342,0.4,7,10.2,97,0,44,354,-398,2
3968500,2729500,8,29,10,14.9,989,325,0.7,8,10.4,96,0,69,360,-408,2
3968500,2729500,8,29,11,15.0,988,146,1.3,7,10.5,96,0,90,361,-418,2
3968500,2729500,8,29,12,15.2,988,244,1.4,7,10.6,96,0,100,358,-427,2
3968500,2729500,8,29,13,15.2,988,334,1.4,7,10.5,95,0,105,359,-434,2
3968500,2729500,8,29,14,15.5,987,204,1.6,7,10.3,92,0,110,360,-435,2
3968500,2729500,8,29,15,17.0,987,207,3.0,5,10.2,86,92,319,356,-434,2
3968500,2729500,8,29,16,17.0,987,215,2.7,6,10.2,82,86,266,354,-431,2
3968500,2729500,8,29,17,16.7,987,210,3.9,5,9.8,79,51,191,352,-427,2
3968500,2729500,8,29,18,17.1,986,208,2.2,6,9.3,75,9,97,351,-423,2
3968500,2729500,8,29,19,16.0,986,196,1.9,6,9.3,76,5,40,352,-418,2
3968500,2729500,8,29,20,15.1,987,184,2.1,6,9.4,84,0,1,349,-411,2
3968500,2729500,8,29,21,14.3,987,172,2.3,5,9.4,88,0,0,346,-406,2
3968500,2729500,8,29,22,13.6,987,167,2.6,5,9.3,90,0,0,334,-403,2
3968500,2729500,8,29,23,13.2,987,169,2.7,5,9.1,92,0,0,328,-399,2
3968500,2729500,8,29,24,13.0,987,198,2.5,5,8.9,92,0,0,336,-393,2
3968500,2729500,8,30,1,12.7,996,216,2.1,5,8.7,92,0,0,308,-394,2
3968500,2729500,8,30,2,12.3,997,221,1.8,5,8.6,93,0,0,321,-394,2
3968500,2729500,8,30,3,12.0,997,196,1.6,5,8.5,94,0,0,323,-396,2
3968500,2729500,8,30,4,11.8,997,196,1.6,5,8.5,95,0,0,315,-394,2
3968500,2729500,8,30,5,12.0,997,192,1.7,6,8.5,95,0,0,319,-391,2
3968500,2729500,8,30,6,11.7,997,292,1.1,7,8.4,96,0,8,330,-388,2
3968500,2729500,8,30,7,12.6,997,219,1.6,5,8.6,95,36,52,327,-389,2
3968500,2729500,8,30,8,15.1,997,206,2.1,4,9.2,91,142,96,321,-396,2
3968500,2729500,8,30,9,18.1,997,158,2.7,3,9.7,80,312,96,323,-408,2
3968500,2729500,8,30,10,19.5,996,195,2.9,3,10.0,72,188,225,329,-421,2
3968500,2729500,8,30,11,21.3,996,283,3.2,5,10.5,68,191,274,345,-438,2
3968500,2729500,8,30,12,22.0,995,104,2.5,6,10.9,66,105,305,363,-456,2
3968500,2729500,8,30,13,24.2,996,245,2.0,6,11.0,61,296,281,371,-469,2
3968500,2729500,8,30,14,24.9,995,82,1.7,5,11.2,57,179,299,373,-477,2
3968500,2729500,8,30,15,24.6,994,174,3.8,6,11.4,57,369,193,374,-480,2
3968500,2729500,8,30,16,24.3,994,168,3.0,5,11.1,56,278,175,371,-477,2
3968500,2729500,8,30,17,24.7,993,177,2.5,3,10.6,54,206,131,361,-468,2
3968500,2729500,8,30,18,24.0,993,161,3.6,3,10.4,53,94,96,353,-457,2
3968500,2729500,8,30,19,22.1,993,137,2.6,2,10.4,58,5,36,345,-446,2
3968500,2729500,8,30,20,19.2,992,196,1.6,2,10.5,67,0,0,333,-432,2
3968500,2729500,8,30,21,18.1,992,245,1.8,1,10.4,76,0,0,323,-420,2
3968500,2729500,8,30,22,18.3,992,136,1.2,1,10.3,77,0,0,319,-412,2
3968500,2729500,8,30,23,16.7,992,158,1.4,1,10.3,80,0,0,316,-407,2
3968500,2729500,8,30,24,16.9,993,121,1.1,3,10.6,86,0,0,319,-402,2
3968500,2729500,8,31,1,16.2,992,136,1.3,6,11.0,91,0,0,335,-401,2
3968500,2729500,8,31,2,16.0,992,161,1.6,5,11.0,94,0,0,341,-399,2
3968500,2729500,8,31,3,15.5,992,157,1.6,5,10.9,95,0,0,334,-398,2
3968500,2729500,8,31,4,15.1,992,162,2.1,7,10.7,96,0,0,341,-396,2
3968500,2729500,8,31,5,15.7,992,163,1.9,7,10.6,95,0,0,349,-394,2
3968500,2729500,8,31,6,15.5,992,145,2.0,8,10.7,94,0,2,355,-394,2
3968500,2729500,8,31,7,16.5,992,139,2.1,8,10.9,94,0,22,361,-396,2
3968500,2729500,8,31,8,16.9,992,153,1.8,7,11.1,91,0,59,361,-402,2
3968500,2729500,8,31,9,17.8,993,210,1.8,7,11.2,88,6,145,360,-411,2
3968500,2729500,8,31,10,18.9,993,20,2.2,7,11.2,83,59,242,364,-423,2
3968500,2729500,8,31,11,20.3,993,149,2.3,6,11.1,76,141,294,366,-429,2
3968500,2729500,8,31,12,20.8,993,317,1.9,5,10.9,70,166,321,364,-430,2
3968500,2729500,8,31,13,21.2,993,352,2.7,6,10.7,67,111,322,367,-433,2
3968500,2729500,8,31,14,21.3,993,342,3.6,7,10.8,67,20,264,374,-439,2
3968500,2729500,8,31,15,20.6,992,235,3.1,6,10.0,63,0,145,371,-443,2
3968500,2729500,8,31,16,19.5,993,321,3.0,7,9.8,66,0,124,366,-441,2
3968500,2729500,8,31,17,19.2,993,311,2.9,7,10.4,73,0,65,367,-436,2
3968500,2729500,8,31,18,18.6,993,304,1.9,8,10.5,75,0,28,369,-430,2
3968500,2729500,8,31,19,17.2,993,340,1.9,8,10.3,78,0,10,369,-423,2
3968500,2729500,8,31,20,17.1,993,293,2.2,7,10.0,80,0,0,364,-415,2
3968500,2729500,8,31,21,16.0,994,24,1.1,7,9.9,82,0,0,358,-410,2
3968500,2729500,8,31,22,15.3,994,250,0.5,7,9.9,87,0,0,354,-406,2
3968500,2729500,8,31,23,14.3,994,240,2.6,7,9.7,90,0,0,350,-402,2
3968500,2729500,8,31,24,14.0,994,176,2.0,7,9.5,92,0,0,346,-398,2
3968500,2729500,9,1,1,13.5,994,188,0.1,7,9.4,93,0,0,344,-393,2
3968500,2729500,9,1,2,13.3,993,188,1.9,7,9.2,94,0,0,343,-389,2
3968500,2729500,9,1,3,13.1,993,161,1.6,7,9.1,94,0,0,342,-386,2
3968500,2729500,9,1,4,13.2,993,204,0.7,8,8.9,92,0,0,345,-381,2
3968500,2729500,9,1,5,12.2,993,195,2.3,6,8.6,92,0,0,338,-377,2
3968500,2729500,9,1,6,11.5,993,191,2.6,4,8.3,94,2,14,318,-376,2
3968500,2729500,9,1,7,12.0,993,159,2.4,3,8.3,95,6,54,303,-374,2
3968500,2729500,9,1,8,13.6,994,156,2.4,5,8.6,92,9,112,309,-377,2
3968500,2729500,9,1,9,14.5,994,134,2.3,5,8.7,86,91,220,321,-384,2
3968500,2729500,9,1,10,17.6,994,156,3.1,5,8.6,74,161,288,327,-394,2
3968500,2729500,9,1,11,16.9,994,176,2.7,6,8.5,68,126,338,334,-402,2
3968500,2729500,9,1,12,18.3,994,213,2.9,6,8.4,66,180,372,339,-409,2
3968500,2729500,9,1,13,19.2,994,198,2.8,6,8.4,61,103,363,344,-415,2
3968500,2729500,9,1,14,19.2,994,148,4.0,6,8.1,57,1,202,345,-420,2
3968500,2729500,9,1,15,18.0,994,288,3.3,8,7.8,58,21,260,348,-419,2
3968500,2729500,9,1,16,18.0,994,321,3.1,8,8.4,64,50,247,354,-417,2
3968500,2729500,9,1,17,17.5,995,312,3.8,7,8.7,67,57,195,350,-416,2
3968500,2729500,9,1,18,16.6,995,285,3.5,6,8.4,68,35,120,341,-408,2
3968500,2729500,9,1,19,14.5,996,297,3.9,7,8.6,76,1,30,335,-399,2
3968500,2729500,9,1,20,13.5,997,318,3.6,8,8.9,87,0,0,337,-392,2
3968500,2729500,9,1,21,13.2,997,322,3.7,8,8.9,92,0,0,337,-386,2
3968500,2729500,9,1,22,12.9,998,320,3.3,7,8.8,92,0,0,332,-381,2
3968500,2729500,9,1,23,12.9,998,334,3.0,8,8.7,92,0,0,330,-376,2
3968500,2729500,9,1,24,12.8,999,338,2.7,8,8.6,92,0,0,333,-374,2
3968500,2729500,9,2,1,12.5,1000,334,3.1,8,8.0,87,0,0,329,-369,2
3968500,2729500,9,2,2,12.4,1000,343,2.9,8,8.0,88,0,0,331,-369,2
3968500,2729500,9,2,3,12.1,1000,319,2.6,8,8.0,88,0,0,332,-366,2
3968500,2729500,9,2,4,11.8,1001,338,2.8,8,7.8,88,0,0,333,-361,2
3968500,2729500,9,2,5,11.4,1000,345,2.9,8,7.6,88,0,0,331,-356,2
3968500,2729500,9,2,6,11.3,1001,341,2.8,8,7.5,88,0,0,331,-353,2
3968500,2729500,9,2,7,11.6,1001,326,2.7,5,7.5,87,38,40,320,-352,2
3968500,2729500,9,2,8,13.2,1002,318,2.6,2,7.5,82,140,84,299,-358,2
3968500,2729500,9,2,9,13.8,1002,325,3.6,1,7.5,76,275,109,285,-370,2
3968500,2729500,9,2,10,15.3,1002,320,3.7,2,7.3,70,377,135,289,-387,2
3968500,2729500,9,2,11,16.5,1003,304,3.7,3,7.1,63,269,253,302,-401,2
3968500,2729500,9,2,12,17.4,1003,310,3.3,4,6.9,56,133,315,314,-412,2
3968500,2729500,9,2,13,18.3,1003,306,3.3,4,6.6,51,145,324,322,-420,2
3968500,2729500,9,2,14,17.4,1003,327,3.5,5,6.5,51,144,310,328,-424,2
3968500,2729500,9,2,15,18.8,1002,355,1.6,5,6.8,52,150,271,335,-429,2
3968500,2729500,9,2,16,18.4,1002,319,4.1,4,6.7,50,187,201,331,-431,2
3968500,2729500,9,2,17,16.6,1002,310,2.2,3,6.7,53,208,111,317,-425,2
3968500,2729500,9,2,18,17.0,1002,315,2.6,5,7.0,58,73,78,320,-415,2
3968500,2729500,9,2,19,15.4,1002,289,2.2,5,7.0,61,11,20,326,-404,2
3968500,2729500,9,2,20,13.8,1003,304,1.9,3,6.9,66,0,0,312,-392,2
3968500,2729500,9,2,21,11.6,1003,328,1.5,1,6.7,73,0,0,289,-381,2
3968500,2729500,9,2,22,11.2,1002,339,1.6,1,6.8,80,0,0,276,-373,2
3968500,2729500,9,2,23,10.3,1003,351,1.4,0,6.9,85,0,0,270,-366,2
3968500,2729500,9,2,24,9.2,1003,323,1.3,0,7.0,92,0,0,262,-360,2
3968500,2729500,9,3,1,8.3,1003,130,1.4,1,6.8,96,0,0,263,-354,2
3968500,2729500,9,3,2,7.9,1003,77,1.2,2,6.7,98,0,0,271,-353,2
3968500,2729500,9,3,3,7.4,1003,54,1.5,2,6.5,99,0,0,274,-352,2
3968500,2729500,9,3,4,6.8,1003,79,0.6,1,6.3,99,0,0,266,-348,2
3968500,2729500,9,3,5,6.9,1003,344,1.5,2,6.2,100,0,0,265,-345,2
3968500,2729500,9,3,6,6.3,1003,8,1.4,3,6.1,100,0,0,273,-343,2
3968500,2729500,9,3,7,7.0,1003,107,1.6,4,6.2,100,27,41,284,-346,2
3968500,2729500,9,3,8,9.8,1003,50,1.3,3,6.8,97,109,97,292,-355,2
3968500,2729500,9,3,9,13.4,1003,33,1.6,3,7.4,86,219,140,297,-371,2
3968500,2729500,9,3,10,15.6,1004,142,1.5,4,7.8,75,188,230,313,-391,2
3968500,2729500,9,3,11,17.0,1003,248,1.1,6,7.9,68,92,289,334,-410,2
3968500,2729500,9,3,12,18.2,1003,155,1.5,7,7.8,61,138,321,354,-428,2
3968500,2729500,9,3,13,19.4,1002,243,1.2,5,7.4,54,298,290,355,-442,2
3968500,2729500,9,3,14,20.1,1002,52,1.5,3,7.3,50,476,179,341,-451,2
3968500,2729500,9,3,15,20.8,1001,152,0.9,4,7.2,47,442,153,338,-455,2
3968500,2729500,9,3,16,20.7,1000,198,0.4,4,7.0,45,373,127,342,-453,2
3968500,2729500,9,3,17,20.1,1000,266,1.5,5,7.4,49,235,111,345,-447,2
3968500,2729500,9,3,18,20.2,1000,342,1.6,6,7.6,51,61,83,354,-436,2
3968500,2729500,9,3,19,17.8,1000,334,1.2,8,7.7,55,0,10,366,-424,2
3968500,2729500,9,3,20,16.5,1000,332,1.6,8,8.0,64,0,0,372,-413,2
3968500,2729500,9,3,21,15.0,1001,3,1.7,7,7.9,70,0,0,362,-404,2
3968500,2729500,9,3,22,14.1,1002,35,1.5,8,7.9,76,0,0,358,-398,2
3968500,2729500,9,3,23,13.2,1002,158,1.6,7,8.2,83,0,0,356,-395,2
3968500,2729500,9,3,24,13.0,1002,158,1.2,7,8.4,88,0,0,350,-395,2
3968500,2729500,9,4,1,12.2,1002,12,1.0,6,8.2,89,0,0,345,-394,2
3968500,2729500,9,4,2,11.5,1001,327,1.4,6,8.1,92,0,0,337,-393,2
3968500,2729500,9,4,3,11.2,1001,319,0.8,7,8.0,94,0,0,341,-393,2
3968500,2729500,9,4,4,10.7,1001,336,0.9,7,7.8,95,0,0,344,-393,2
3968500,2729500,9,4,5,9.9,1001,180,1.5,5,7.6,96,0,0,333,-393,2
3968500,2729500,9,4,6,10.1,1001,129,0.6,3,7.5,97,0,0,313,-392,2
3968500,2729500,9,4,7,10.9,1002,29,1.0,2,7.8,98,36,42,299,-392,2
3968500,2729500,9,4,8,13.0,1002,14,1.3,2,8.1,92,155,88,298,-395,2
3968500,2729500,9,4,9,15.9,1002,317,0.9,1,8.3,80,286,119,300,-404,2
3968500,2729500,9,4,10,18.3,1002,351,1.8,1,8.4,68,420,134,307,-413,2
3968500,2729500,9,4,11,19.6,1002,354,3.0,1,8.5,61,522,142,316,-418,2
3968500,2729500,9,4,12,20.5,1001,307,2.4,1,8.6,58,529,167,324,-426,2
3968500,2729500,9,4,13,21.6,1001,337,2.8,2,8.5,54,477,204,335,-439,2
3968500,2729500,9,4,14,20.9,1001,299,2.9,4,8.4,53,209,307,349,-453,2
3968500,2729500,9,4,15,19.9,1001,328,3.4,5,8.7,57,132,282,358,-461,2
3968500,2729500,9,4,16,19.6,1000,328,3.9,7,9.2,63,39,211,367,-457,2
3968500,2729500,9,4,17,19.3,1000,328,3.5,7,9.3,65,28,153,371,-450,2
3968500,2729500,9,4,18,19.4,1000,338,3.5,7,9.3,65,8,74,370,-442,2
3968500,2729500,9,4,19,17.3,1000,347,2.2,3,9.0,68,3,18,350,-432,2
3968500,2729500,9,4,20,15.7,1000,348,2.0,2,9.0,76,0,0,325,-420,2
3968500,2729500,9,4,21,13.9,1001,44,1.7,2,9.0,85,0,0,315,-411,2
3968500,2729500,9,4,22,13.4,1001,311,2.0,3,8.9,90,0,0,313,-405,2
3968500,2729500,9,4,23,12.4,1001,38,1.4,2,8.9,94,0,0,310,-400,2
3968500,2729500,9,4,24,11.5,1001,355,1.3,1,8.7,98,0,0,300,-395,2
3968500,2729500,9,5,1,11.0,1000,53,2.1,1,8.4,100,0,0,295,-390,2
3968500,2729500,9,5,2,10.8,1001,251,1.8,0,8.2,100,0,0,290,-388,2
3968500,2729500,9,5,3,10.0,1000,56,1.8,2,7.9,100,0,0,291,-386,2
3968500,2729500,9,5,4,9.4,1000,359,1.3,2,7.6,100,0,0,292,-384,2
3968500,2729500,9,5,5,9.0,1000,54,1.0,2,7.4,100,0,0,290,-381,2
3968500,2729500,9,5,6,9.2,1000,48,1.5,3,7.3,100,0,0,292,-380,2
3968500,2729500,9,5,7,9.8,1000,74,0.8,4,7.5,100,29,42,298,-379,2
3968500,2729500,9,5,8,11.0,1000,226,1.0,4,8.0,100,118,94,303,-385,2
3968500,2729500,9,5,9,15.0,1001,286,1.4,2,8.7,92,244,125,307,-400,2
3968500,2729500,9,5,10,18.4,1001,291,1.5,2,9.2,76,382,137,314,-418,2
3968500,2729500,9,5,11,20.4,1000,308,1.5,1,9.1,64,459,157,321,-437,2
3968500,2729500,9,5,12,21.5,1000,315,1.9,1,9.0,58,489,180,326,-454,2
3968500,2729500,9,5,13,22.4,999,308,2.4,1,8.8,52,534,165,331,-469,2
3968500,2729500,9,5,14,23.1,999,10,2.1,1,8.6,49,533,148,336,-479,2
3968500,2729500,9,5,15,23.1,998,20,2.5,1,8.4,47,464,138,337,-482,2
3968500,2729500,9,5,16,23.6,998,324,2.6,1,8.4,46,353,128,338,-479,2
3968500,2729500,9,5,17,22.4,997,314,2.3,1,8.9,50,223,112,337,-470,2
3968500,2729500,9,5,18,21.5,997,305,2.2,0,8.9,53,100,79,329,-459,2
3968500,2729500,9,5,19,19.5,997,310,1.6,1,8.9,58,12,20,324,-446,2
3968500,2729500,9,5,20,17.8,997,317,1.7,2,9.1,66,0,0,323,-434,2
3968500,2729500,9,5,21,16.2,998,8,1.6,1,9.2,75,0,0,318,-425,2
3968500,2729500,9,5,22,15.2,998,24,1.6,0,9.3,82,0,0,307,-418,2
3968500,2729500,9,5,23,14.4,998,355,2.0,0,9.4,88,0,0,300,-412,2
3968500,2729500,9,5,24,13.2,998,121,1.2,1,9.3,93,0,0,299,-408,2
3968500,2729500,9,6,1,12.8,998,328,1.0,2,9.1,95,0,0,300,-405,2
3968500,2729500,9,6,2,12.7,998,331,1.0,2,8.9,95,0,0,301,-404,2
3968500,2729500,9,6,3,11.8,998,33,0.9,3,8.7,96,0,0,301,-402,2
3968500,2729500,9,6,4,12.0,998,31,0.7,4,8.7,99,0,0,305,-400,2
3968500,2729500,9,6,5,12.1,998,128,0.7,6,8.8,99,0,0,315,-398,2
3968500,2729500,9,6,6,12.1,998,341,1.1,7,8.8,98,0,0,325,-396,2
3968500,2729500,9,6,7,12.4,998,15,0.9,8,8.8,97,1,30,333,-396,2
3968500,2729500,9,6,8,13.3,998,189,1.2,6,8.8,94,2,84,331,-400,2
3968500,2729500,9,6,9,14.5,998,162,1.2,7,9.2,91,0,102,331,-409,2
3968500,2729500,9,6,10,15.0,998,211,1.9,8,9.6,90,0,96,343,-421,2
3968500,2729500,9,6,11,16.0,998,327,2.9,8,10.0,90,0,104,352,-432,2
3968500,2729500,9,6,12,15.5,998,317,3.3,8,10.1,89,0,119,353,-441,2
3968500,2729500,9,6,13,15.6,999,319,3.4,8,9.9,88,0,140,354,-447,2
3968500,2729500,9,6,14,16.4,999,311,4.4,8,9.5,82,0,184,355,-450,2
3968500,2729500,9,6,15,16.9,999,333,3.5,8,9.1,76,2,184,358,-446,2
3968500,2729500,9,6,16,17.6,998,335,3.3,7,8.7,70,19,180,354,-441,2
3968500,2729500,9,6,17,17.8,998,312,3.6,6,7.8,60,53,143,345,-437,2
3968500,2729500,9,6,18,17.1,998,338,3.7,4,6.9,54,118,47,330,-433,2
3968500,2729500,9,6,19,15.6,999,339,2.6,6,6.7,57,17,15,326,-425,2
3968500,2729500,9,6,20,14.8,999,321,2.5,6,6.8,62,0,0,331,-415,2
3968500,2729500,9,6,21,13.2,1000,311,1.6,6,6.9,68,0,0,328,-405,2
3968500,2729500,9,6,22,12.4,1000,344,2.3,6,7.0,75,0,0,327,-396,2
3968500,2729500,9,6,23,13.2,1001,320,1.9,7,7.1,76,0,0,333,-391,2
3968500,2729500,9,6,24,13.6,1001,321,2.6,7,7.1,73,0,0,340,-386,2
3968500,2729500,9,7,1,13.0,1002,314,2.4,7,7.1,73,0,0,338,-381,2
3968500,2729500,9,7,2,12.7,1002,319,1.7,7,7.0,75,0,0,336,-375,2
3968500,2729500,9,7,3,12.8,1003,322,2.0,7,7.0,76,0,0,333,-371,2
3968500,2729500,9,7,4,12.3,1003,328,2.0,8,7.0,77,0,0,332,-367,2
3968500,2729500,9,7,5,12.2,1002,334,2.0,7,7.0,78,0,0,328,-363,2
3968500,2729500,9,7,6,12.1,1002,321,2.1,7,7.0,79,0,0,319,-361,2
3968500,2729500,9,7,7,12.6,1002,295,1.9,8,7.0,78,4,37,318,-359,2
3968500,2729500,9,7,8,13.2,1003,275,2.6,7,7.1,76,14,105,313,-363,2
3968500,2729500,9,7,9,13.7,1004,301,3.3,8,7.2,74,19,167,311,-376,2
3968500,2729500,9,7,10,14.4,1004,319,3.4,7,7.1,70,38,229,310,-392,2
3968500,2729500,9,7,11,15.6,1005,309,2.5,6,6.5,61,35,259,307,-406,2
3968500,2729500,9,7,12,15.7,1005,303,2.5,7,6.2,55,32,279,311,-419,2
3968500,2729500,9,7,13,16.5,1004,277,2.9,7,6.2,54,95,316,316,-429,2
3968500,2729500,9,7,14,16.7,1004,293,2.5,7,6.1,51,62,294,319,-434,2
3968500,2729500,9,7,15,18.3,1004,320,2.7,5,6.0,48,212,249,317,-435,2
3968500,2729500,9,7,16,17.0,1003,327,3.9,4,6.0,47,297,142,309,-432,2
3968500,2729500,9,7,17,16.8,1003,324,2.7,3,6.1,51,220,100,300,-425,2
3968500,2729500,9,7,18,15.6,1003,299,2.3,2,6.3,54,95,71,291,-416,2
3968500,2729500,9,7,19,13.5,1003,291,1.9,3,6.4,61,9,18,287,-406,2
3968500,2729500,9,7,20,12.2,1003,274,1.9,3,6.4,68,0,0,285,-395,2
3968500,2729500,9,7,21,11.1,1002,301,1.2,3,6.4,74,0,0,280,-386,2
3968500,2729500,9,7,22,10.4,1002,211,1.8,3,6.4,79,0,0,278,-379,2
3968500,2729500,9,7,23,9.3,1002,306,1.2,3,6.4,83,0,0,276,-375,2
3968500,2729500,9,7,24,8.9,1002,234,1.6,2,6.3,87,0,0,272,-371,2
3968500,2729500,9,8,1,7.9,1002,184,1.5,2,6.2,89,0,0,267,-366,2
3968500,2729500,9,8,2,7.4,1002,146,1.6,2,6.1,92,0,0,267,-361,2
3968500,2729500,9,8,3,6.9,1002,141,1.5,3,6.0,94,0,0,272,-358,2
3968500,2729500,9,8,4,6.8,1001,137,1.4,3,6.0,96,0,0,279,-356,2
3968500,2729500,9,8,5,6.6,1001,134,1.5,2,6.0,97,0,0,273,-354,2
3968500,2729500,9,8,6,6.1,1001,148,1.6,2,6.0,99,0,0,267,-352,2
3968500,2729500,9,8,7,7.6,1001,133,1.8,2,6.1,98,28,43,271,-352,2
3968500,2729500,9,8,8,10.1,1001,139,2.1,1,6.6,92,135,98,272,-358,2
3968500,2729500,9,8,9,13.5,1001,151,2.6,2,7.2,82,224,145,283,-372,2
3968500,2729500,9,8,10,15.4,1001,157,2.6,3,7.6,73,292,194,304,-393,2
3968500,2729500,9,8,11,17.8,1001,170,3.4,5,7.9,66,262,271,327,-415,2
3968500,2729500,9,8,12,20.2,1000,171,3.2,5,8.2,59,245,310,345,-433,2
3968500,2729500,9,8,13,20.9,1000,169,3.5,6,7.8,51,256,314,355,-444,2
3968500,2729500,9,8,14,22.6,999,188,3.4,5,7.4,45,265,295,359,-451,2
3968500,2729500,9,8,15,22.3,999,199,3.9,4,7.4,43,295,237,355,-452,2
3968500,2729500,9,8,16,23.0,999,278,4.2,4,7.3,42,265,179,352,-450,2
3968500,2729500,9,8,17,22.3,999,267,4.0,2,7.6,44,202,129,345,-443,2
3968500,2729500,9,8,18,20.9,999,265,3.2,1,8.1,50,81,85,331,-434,2
3968500,2729500,9,8,19,18.6,999,272,2.5,1,8.3,57,7,18,321,-423,2
3968500,2729500,9,8,20,17.9,999,186,2.2,3,8.5,64,0,0,324,-411,2
3968500,2729500,9,8,21,16.7,999,151,1.8,4,8.7,70,0,0,339,-402,2
3968500,2729500,9,8,22,15.8,1000,130,1.7,5,8.8,75,0,0,344,-397,2
3968500,2729500,9,8,23,15.2,1000,154,1.8,4,8.9,79,0,0,340,-393,2
3968500,2729500,9,8,24,14.7,1000,207,2.0,4,9.0,83,0,0,337,-390,2
3968500,2729500,9,9,1,14.3,1008,258,2.2,3,9.0,85,0,0,296,-384,2
3968500,2729500,9,9,2,13.8,1009,304,2.2,2,8.9,87,0,0,295,-379,2
3968500,2729500,9,9,3,13.2,1008,340,2.0,2,8.8,89,0,0,299,-375,2
3968500,2729500,9,9,4,12.4,1008,293,1.7,3,8.4,91,0,0,298,-372,2
3968500,2729500,9,9,5,12.3,1008,223,1.7,4,8.3,91,0,0,305,-369,2
3968500,2729500,9,9,6,10.9,1008,17,1.2,5,7.8,94,0,0,312,-366,2
3968500,2729500,9,9,7,12.1,1008,26,1.2,5,8.0,94,1,25,315,-365,2
3968500,2729500,9,9,8,14.3,1008,358,1.3,5,8.5,89,13,87,319,-368,2
3968500,2729500,9,9,9,15.6,1009,1,2.5,6,8.5,80,149,146,326,-379,2
3968500,2729500,9,9,10,17.2,1009,355,3.2,6,8.4,71,291,161,335,-394,2
3968500,2729500,9,9,11,19.2,1009,8,2.8,4,7.8,59,470,123,332,-408,2
3968500,2729500,9,9,12,20.0,1009,348,3.9,2,7.1,50,589,100,320,-419,2
3968500,2729500,9,9,13,20.8,1009,10,4.3,0,6.6,44,611,93,310,-426,2
3968500,2729500,9,9,14,21.4,1008,339,4.2,0,6.1,39,571,96,305,-431,2
3968500,2729500,9,9,15,21.2,1008,350,4.7,1,6.1,38,498,92,310,-433,2
3968500,2729500,9,9,16,21.2,1008,46,4.5,1,6.4,40,381,89,313,-431,2
3968500,2729500,9,9,17,19.9,1008,18,4.5,1,6.4,42,244,80,312,-426,2
3968500,2729500,9,9,18,18.3,1008,10,4.7,1,6.4,46,105,61,306,-420,2
3968500,2729500,9,9,19,16.7,1008,17,3.1,2,6.5,52,14,17,301,-411,2
3968500,2729500,9,9,20,15.2,1008,359,2.9,2,6.7,59,0,0,297,-400,2
3968500,2729500,9,9,21,13.9,1009,349,2.4,1,6.8,65,0,0,292,-393,2
3968500,2729500,9,9,22,13.0,1009,351,2.3,1,6.7,69,0,0,286,-388,2
3968500,2729500,9,9,23,11.6,1009,5,1.8,1,6.5,73,0,0,282,-383,2
3968500,2729500,9,9,24,11.2,1009,9,2.3,0,6.4,76,0,0,277,-379,2
3968500,2729500,9,10,1,10.7,1009,26,2.2,0,6.2,76,0,0,273,-374,2
3968500,2729500,9,10,2,9.8,1009,33,1.7,0,6.2,79,0,0,271,-370,2
3968500,2729500,9,10,3,9.7,1009,11,2.1,0,6.2,82,0,0,269,-366,2
3968500,2729500,9,10,4,8.6,1009,295,1.6,0,6.1,84,0,0,267,-361,2
3968500,2729500,9,10,5,8.9,1009,331,1.8,0,6.1,86,0,0,266,-356,2
3968500,2729500,9,10,6,8.0,1009,332,1.6,1,6.0,87,0,0,268,-353,2
3968500,2729500,9,10,7,9.7,1009,330,1.5,1,6.2,87,25,34,272,-355,2
3968500,2729500,9,10,8,12.4,1009,334,1.4,1,6.4,78,136,69,277,-361,2
3968500,2729500,9,10,9,14.1,1009,328,1.2,1,6.5,68,289,78,282,-374,2
3968500,2729500,9,10,10,17.2,1010,327,1.7,1,6.5,58,432,76,290,-392,2
3968500,2729500,9,10,11,17.6,1010,43,2.2,1,6.4,52,534,78,297,-410,2
3968500,2729500,9,10,12,19.8,1009,55,3.0,1,6.5,48,583,85,302,-426,2
3968500,2729500,9,10,13,20.1,1009,13,3.7,0,6.3,43,601,84,303,-437,2
3968500,2729500,9,10,14,20.4,1008,21,4.3,0,5.7,38,584,74,300,-443,2
3968500,2729500,9,10,15,20.8,1007,44,5.8,1,5.4,35,509,75,304,-444,2
3968500,2729500,9,10,16,20.7,1006,91,5.2,1,5.1,33,385,75,307,-440,2
3968500,2729500,9,10,17,19.5,1006,83,3.9,3,4.9,34,245,71,310,-435,2
3968500,2729500,9,10,18,18.1,1005,81,3.8,4,4.8,35,95,56,314,-426,2
3968500,2729500,9,10,19,15.8,1005,69,2.6,2,4.8,40,12,16,304,-415,2
3968500,2729500,9,10,20,14.6,1005,48,2.0,1,4.9,45,0,0,288,-403,2
3968500,2729500,9,10,21,12.2,1005,5,1.9,3,4.8,50,0,0,283,-393,2
3968500,2729500,9,10,22,11.6,1005,346,1.6,1,4.7,54,0,0,278,-385,2
3968500,2729500,9,10,23,11.0,1004,190,1.7,1,4.8,57,0,0,269,-377,2
3968500,2729500,9,10,24,11.4,1004,108,2.9,2,4.8,57,0,0,271,-371,2
3968500,2729500,9,11,1,11.3,1004,89,2.5,1,4.8,57,0,0,271,-367,2
3968500,2729500,9,11,2,8.6,1003,118,1.3,1,4.8,63,0,0,263,-366,2
3968500,2729500,9,11,3,8.5,1003,142,1.4,1,4.9,70,0,0,259,-365,2
3968500,2729500,9,11,4,7.9,1003,212,1.3,1,4.8,71,0,0,257,-362,2
3968500,2729500,9,11,5,7.5,1003,191,1.8,1,4.8,73,0,0,256,-360,2
3968500,2729500,9,11,6,7.2,1002,140,1.5,2,4.8,74,0,0,257,-358,2
3968500,2729500,9,11,7,9.6,1002,129,1.1,2,4.9,71,13,31,261,-360,2
3968500,2729500,9,11,8,11.5,1002,180,2.2,2,5.1,64,123,73,266,-366,2
3968500,2729500,9,11,9,14.3,1002,171,2.7,3,5.3,56,272,87,274,-379,2
3968500,2729500,9,11,10,16.8,1001,164,3.4,3,5.5,50,417,88,285,-398,2
3968500,2729500,9,11,11,18.8,1001,165,3.9,3,5.7,44,502,101,293,-415,2
3968500,2729500,9,11,12,21.0,1000,152,4.6,2,5.7,39,548,111,299,-431,2
3968500,2729500,9,11,13,22.8,998,143,4.6,1,5.5,33,559,114,304,-444,2
3968500,2729500,9,11,14,24.1,997,134,4.7,1,5.3,29,520,115,308,-455,2
3968500,2729500,9,11,15,24.6,997,160,4.8,1,5.2,27,465,100,311,-462,2
3968500,2729500,9,11,16,24.6,996,184,4.7,1,5.4,28,364,90,314,-460,2
3968500,2729500,9,11,17,22.9,996,168,4.4,2,6.2,33,235,78,314,-453,2
3968500,2729500,9,11,18,21.8,994,165,3.5,3,6.9,40,83,60,314,-442,2
3968500,2729500,9,11,19,20.3,994,158,3.4,3,7.0,44,4,13,313,-430,2
3968500,2729500,9,11,20,18.7,994,165,2.7,4,7.0,48,0,0,309,-417,2
3968500,2729500,9,11,21,16.7,995,190,2.0,6,7.1,55,0,0,310,-404,2
3968500,2729500,9,11,22,17.5,995,189,2.0,3,7.0,57,0,0,308,-394,2
3968500,2729500,9,11,23,16.1,994,175,3.0,2,7.0,57,0,0,301,-390,2
3968500,2729500,9,11,24,15.1,994,157,3.0,4,7.1,63,0,0,300,-389,2
3968500,2729500,9,12,1,15.8,994,152,2.9,6,7.2,64,0,0,308,-390,2
3968500,2729500,9,12,2,15.9,994,153,3.0,5,7.3,63,0,0,313,-390,2
3968500,2729500,9,12,3,14.8,993,155,2.3,5,7.5,68,0,0,312,-390,2
3968500,2729500,9,12,4,15.7,993,156,2.4,6,7.9,71,0,0,317,-389,2
3968500,2729500,9,12,5,14.6,993,144,3.0,8,8.9,81,0,0,326,-385,2
3968500,2729500,9,12,6,14.0,993,162,2.1,8,9.9,95,0,0,330,-384,2
3968500,2729500,9,12,7,15.0,994,160,2.3,8,10.3,97,0,13,334,-386,2
3968500,2729500,9,12,8,16.1,994,179,3.3,7,10.9,96,22,89,338,-391,2
3968500,2729500,9,12,9,17.7,994,186,4.3,6,11.4,92,220,97,342,-402,2
3968500,2729500,9,12,10,18.1,994,180,4.7,6,11.8,90,177,189,348,-418,2
3968500,2729500,9,12,11,19.0,994,211,4.8,7,12.0,87,9,199,356,-434,2
3968500,2729500,9,12,12,19.9,993,194,4.2,6,12.1,83,41,250,364,-442,2
3968500,2729500,9,12,13,21.5,993,195,5.0,6,12.2,78,42,259,372,-440,2
3968500,2729500,9,12,14,20.5,993,204,3.6,8,12.5,78,10,197,379,-431,2
3968500,2729500,9,12,15,21.0,993,254,3.8,8,12.4,79,0,137,384,-421,2
3968500,2729500,9,12,16,21.9,993,213,3.8,5,11.8,72,164,165,379,-414,2
3968500,2729500,9,12,17,21.4,993,191,3.7,5,11.5,70,217,78,366,-412,2
3968500,2729500,9,12,18,20.0,992,221,3.2,5,11.9,76,90,54,357,-411,2
3968500,2729500,9,12,19,18.4,992,197,2.5,6,11.9,83,8,14,355,-409,2
3968500,2729500,9,12,20,18.0,992,182,3.4,5,11.0,82,0,0,346,-407,2
3968500,2729500,9,12,21,17.0,992,189,2.2,4,10.3,81,0,0,319,-405,2
3968500,2729500,9,12,22,16.1,992,174,2.2,4,10.1,84,0,0,311,-402,2
3968500,2729500,9,12,23,16.4,992,177,2.6,5,10.0,85,0,0,327,-400,2
3968500,2729500,9,12,24,16.1,992,189,2.1,5,9.9,84,0,0,339,-400,2
3968500,2729500,9,13,1,16.1,991,167,2.4,7,9.9,84,0,0,353,-399,2
3968500,2729500,9,13,2,16.9,990,178,2.6,7,9.9,83,0,0,367,-398,2
3968500,2729500,9,13,3,16.2,990,192,2.8,6,10.2,84,0,0,363,-398,2
3968500,2729500,9,13,4,16.7,989,170,3.2,8,10.3,86,0,0,370,-397,2
3968500,2729500,9,13,5,16.9,989,185,3.2,8,10.2,83,0,0,381,-395,2
3968500,2729500,9,13,6,16.4,989,214,3.4,7,9.2,76,0,0,371,-390,2
3968500,2729500,9,13,7,15.1,990,223,3.7,4,8.3,73,13,31,345,-385,2
3968500,2729500,9,13,8,16.3,990,205,4.2,3,8.0,70,116,78,324,-386,2
3968500,2729500,9,13,9,16.5,990,239,5.1,4,7.9,66,135,147,324,-393,2
3968500,2729500,9,13,10,16.2,991,252,5.0,5,7.6,64,122,218,329,-403,2
3968500,2729500,9,13,11,16.6,991,254,5.2,6,7.1,60,92,263,335,-413,2
3968500,2729500,9,13,12,17.8,991,250,5.4,6,6.7,53,70,273,338,-423,2
3968500,2729500,9,13,13,18.0,992,251,6.0,3,6.2,47,214,284,325,-431,2
3968500,2729500,9,13,14,19.1,992,232,6.0,2,5.7,42,371,200,310,-434,2
3968500,2729500,9,13,15,18.7,992,238,5.9,3,5.6,40,309,186,308,-433,2
3968500,2729500,9,13,16,18.1,992,290,4.7,3,5.5,41,164,180,307,-429,2
3968500,2729500,9,13,17,17.6,992,276,5.6,3,5.6,43,139,114,303,-422,2
3968500,2729500,9,13,18,16.4,992,313,4.1,5,5.7,47,19,63,306,-415,2
3968500,2729500,9,13,19,13.8,993,226,2.2,3,6.1,56,0,10,301,-406,2
3968500,2729500,9,13,20,12.0,993,64,2.0,2,6.4,68,0,0,287,-398,2
3968500,2729500,9,13,21,11.6,994,157,2.6,1,6.6,75,0,0,281,-392,2
3968500,2729500,9,13,22,12.0,994,166,3.2,1,6.7,76,0,0,280,-388,2
3968500,2729500,9,13,23,11.9,994,155,2.2,1,6.7,75,0,0,282,-385,2
3968500,2729500,9,13,24,11.7,994,152,3.1,4,6.7,77,0,0,291,-382,2
3968500,2729500,9,14,1,11.9,994,148,3.6,8,6.9,78,0,0,314,-380,2
3968500,2729500,9,14,2,10.5,993,149,3.0,6,6.8,80,0,0,321,-380,2
3968500,2729500,9,14,3,10.9,993,156,2.6,3,6.7,82,0,0,296,-380,2
3968500,2729500,9,14,4,10.9,992,152,2.7,4,6.8,82,0,0,287,-380,2
3968500,2729500,9,14,5,11.3,992,161,2.9,8,6.9,82,0,0,310,-381,2
3968500,2729500,9,14,6,11.6,992,164,3.2,8,6.9,80,0,0,336,-382,2
3968500,2729500,9,14,7,11.8,992,175,3.1,8,6.9,79,10,28,339,-383,2
3968500,2729500,9,14,8,12.2,991,172,3.0,7,7.0,78,5,76,332,-386,2
3968500,2729500,9,14,9,13.6,991,182,3.4,8,7.2,75,11,138,335,-392,2
3968500,2729500,9,14,10,14.6,991,181,4.4,7,7.3,71,68,211,340,-402,2
3968500,2729500,9,14,11,16.5,991,181,4.8,6,7.5,66,202,230,333,-413,2
3968500,2729500,9,14,12,17.8,990,180,5.7,7,7.6,61,173,244,340,-425,2
3968500,2729500,9,14,13,17.8,989,177,5.7,6,7.7,59,169,271,344,-436,2
3968500,2729500,9,14,14,18.4,988,183,4.8,7,7.9,59,60,243,348,-442,2
3968500,2729500,9,14,15,18.6,988,176,6.2,8,8.2,60,2,157,363,-443,2
3968500,2729500,9,14,16,19.4,987,182,6.7,7,8.4,60,64,173,367,-442,2
3968500,2729500,9,14,17,19.4,986,171,6.6,6,8.4,58,84,117,358,-437,2
3968500,2729500,9,14,18,18.2,986,170,5.7,6,8.5,61,58,53,353,-429,2
3968500,2729500,9,14,19,17.4,986,175,5.3,6,8.7,66,0,10,351,-419,2
3968500,2729500,9,14,20,16.9,985,184,4.6,6,8.7,69,0,0,350,-410,2
3968500,2729500,9,14,21,16.1,986,183,4.4,7,8.6,72,0,0,353,-403,2
3968500,2729500,9,14,22,16.1,986,188,4.0,5,8.7,74,0,0,348,-399,2
3968500,2729500,9,14,23,13.9,986,168,4.0,5,8.6,78,0,0,335,-397,2
3968500,2729500,9,14,24,15.8,986,190,4.2,5,8.7,80,0,0,335,-395,2
3968500,2729500,9,15,1,16.3,986,199,2.9,8,9.0,77,0,0,351,-395,2
3968500,2729500,9,15,2,14.7,986,246,1.4,7,9.1,81,0,0,358,-396,2
3968500,2729500,9,15,3,14.7,986,163,1.1,6,8.9,83,0,0,346,-398,2
3968500,2729500,9,15,4,14.2,986,239,1.9,7,8.7,82,0,0,344,-398,2
3968500,2729500,9,15,5,13.6,986,248,1.9,7,8.6,85,0,0,346,-397,2
3968500,2729500,9,15,6,14.2,986,196,2.1,6,8.5,84,0,0,342,-394,2
3968500,2729500,9,15,7,14.0,987,183,2.5,5,8.3,81,7,26,332,-393,2
3968500,2729500,9,15,8,14.9,987,185,3.6,4,8.1,77,58,88,322,-393,2
3968500,2729500,9,15,9,16.0,987,178,5.0,4,8.2,73,200,118,320,-395,2
3968500,2729500,9,15,10,17.3,988,203,5.1,3,8.2,68,222,187,319,-398,2
3968500,2729500,9,15,11,18.7,987,191,6.1,3,7.7,58,303,209,318,-401,2
3968500,2729500,9,15,12,19.7,987,190,7.3,4,7.1,50,293,219,327,-405,2
3968500,2729500,9,15,13,19.2,986,184,8.1,5,6.8,47,124,292,337,-411,2
3968500,2729500,9,15,14,19.7,986,181,7.2,4,6.4,44,228,263,337,-416,2
3968500,2729500,9,15,15,19.7,986,181,6.7,3,6.3,43,391,141,330,-418,2
3968500,2729500,9,15,16,19.0,986,192,6.8,2,6.4,45,253,142,321,-418,2
3968500,2729500,9,15,17,18.4,986,192,6.1,4,6.6,48,104,122,323,-415,2
3968500,2729500,9,15,18,17.5,986,178,4.9,6,6.8,51,26,62,337,-410,2
3968500,2729500,9,15,19,16.4,986,176,4.3,7,6.9,56,0,6,346,-404,2
3968500,2729500,9,15,20,15.8,986,185,4.2,7,7.0,60,0,0,347,-398,2
3968500,2729500,9,15,21,15.7,987,176,3.7,6,7.2,63,0,0,343,-393,2
3968500,2729500,9,15,22,14.8,987,185,4.0,4,7.3,66,0,0,329,-388,2
3968500,2729500,9,15,23,13.8,988,193,3.8,3,7.3,70,0,0,311,-385,2
3968500,2729500,9,15,24,13.7,988,195,3.5,1,7.2,72,0,0,293,-382,2
3968500,2729500,9,16,1,12.4,988,202,1.9,0,7.2,75,0,0,276,-380,2
3968500,2729500,9,16,2,12.0,989,177,3.0,0,7.3,80,0,0,268,-377,2
3968500,2729500,9,16,3,11.3,989,170,3.2,1,7.2,82,0,0,271,-375,2
3968500,2729500,9,16,4,10.6,989,166,3.1,2,7.0,84,0,0,278,-372,2
3968500,2729500,9,16,5,10.3,990,174,3.0,3,6.9,85,0,0,287,-369,2
3968500,2729500,9,16,6,10.6,990,158,2.9,3,7.0,86,0,0,291,-368,2
3968500,2729500,9,16,7,10.7,990,156,2.8,3,7.1,86,21,27,291,-367,2
3968500,2729500,9,16,8,12.7,990,166,3.0,2,7.4,84,123,59,288,-368,2
3968500,2729500,9,16,9,14.0,991,213,4.3,2,7.6,78,231,83,289,-376,2
3968500,2729500,9,16,10,14.8,991,203,4.2,6,7.5,71,164,188,314,-388,2
3968500,2729500,9,16,11,15.7,992,238,5.2,7,7.3,66,29,228,345,-401,2
3968500,2729500,9,16,12,15.8,992,241,4.2,5,7.1,62,158,248,341,-411,2
3968500,2729500,9,16,13,16.5,992,221,5.2,4,7.0,60,125,272,326,-417,2
3968500,2729500,9,16,14,15.9,992,238,5.3,7,7.1,60,1,176,335,-421,2
3968500,2729500,9,16,15,18.0,992,227,5.3,4,6.8,55,198,204,336,-422,2
3968500,2729500,9,16,16,17.0,992,234,5.9,3,5.9,46,250,121,317,-419,2
3968500,2729500,9,16,17,15.9,993,244,4.9,3,5.8,49,104,109,309,-414,2
3968500,2729500,9,16,18,14.0,994,273,4.3,4,6.2,58,28,56,309,-406,2
3968500,2729500,9,16,19,12.7,995,298,3.4,5,6.5,67,3,11,314,-397,2
3968500,2729500,9,16,20,12.0,996,237,3.1,5,6.8,74,0,0,315,-389,2
3968500,2729500,9,16,21,11.7,997,254,2.4,4,6.8,78,0,0,309,-382,2
3968500,2729500,9,16,22,11.2,998,288,1.9,6,6.8,80,0,0,311,-379,2
3968500,2729500,9,16,23,11.1,998,284,2.9,5,6.8,81,0,0,314,-374,2
3968500,2729500,9,16,24,10.3,998,273,2.8,3,6.7,82,0,0,299,-369,2
3968500,2729500,9,17,1,8.2,999,178,1.1,2,6.5,88,0,0,280,-365,2
3968500,2729500,9,17,2,8.2,1000,257,1.7,3,6.3,92,0,0,276,-361,2
3968500,2729500,9,17,3,7.2,1000,200,0.8,2,6.2,93,0,0,273,-355,2
3968500,2729500,9,17,4,6.7,1000,325,1.1,3,6.0,96,0,0,271,-350,2
3968500,2729500,9,17,5,6.8,1001,299,1.3,6,6.0,96,0,0,285,-346,2
3968500,2729500,9,17,6,6.6,1001,212,0.8,6,6.0,96,0,0,296,-343,2
3968500,2729500,9,17,7,6.6,1002,227,0.9,6,5.9,97,0,15,294,-340,2
3968500,2729500,9,17,8,8.0,1002,219,1.6,7,6.1,95,10,78,297,-344,2
3968500,2729500,9,17,9,10.6,1003,154,1.3,6,6.5,88,53,159,302,-358,2
3968500,2729500,9,17,10,12.2,1003,245,1.6,4,6.8,80,208,192,294,-375,2
3968500,2729500,9,17,11,13.0,1003,245,1.4,4,6.7,73,283,219,290,-392,2
3968500,2729500,9,17,12,15.0,1004,13,1.1,5,6.6,66,202,253,298,-407,2
3968500,2729500,9,17,13,14.3,1004,343,0.9,4,6.5,62,165,294,299,-419,2
3968500,2729500,9,17,14,14.8,1004,346,1.2,3,6.1,59,234,262,290,-426,2
3968500,2729500,9,17,15,15.1,1004,331,1.4,3,5.9,55,182,234,288,-427,2
3968500,2729500,9,17,16,15.1,1003,1,1.2,5,5.8,54,88,187,296,-423,2
3968500,2729500,9,17,17,14.5,1003,259,1.1,5,5.9,56,32,121,302,-415,2
3968500,2729500,9,17,18,14.4,1003,280,1.1,6,6.2,59,30,60,305,-404,2
3968500,2729500,9,17,19,12.0,1003,290,1.7,5,6.0,63,3,11,301,-392,2
3968500,2729500,9,17,20,10.2,1003,24,1.4,5,6.1,73,0,0,291,-382,2
3968500,2729500,9,17,21,9.0,1003,23,1.5,4,6.2,82,0,0,283,-374,2
3968500,2729500,9,17,22,8.9,1004,61,1.0,3,5.9,82,0,0,273,-367,2
3968500,2729500,9,17,23,7.2,1004,49,0.9,2,5.7,84,0,0,264,-360,2
3968500,2729500,9,17,24,6.9,1005,77,0.8,2,5.5,88,0,0,258,-356,2
3968500,2729500,9,18,1,6.2,1005,24,1.0,0,5.4,89,0,0,250,-355,2
3968500,2729500,9,18,2,5.4,1005,118,0.8,0,5.4,93,0,0,241,-354,2
3968500,2729500,9,18,3,5.2,1005,88,1.1,0,5.3,95,0,0,239,-352,2
3968500,2729500,9,18,4,4.6,1004,79,0.8,0,5.2,96,0,0,236,-351,2
3968500,2729500,9,18,5,4.3,1004,79,1.1,3,5.1,97,0,0,246,-350,2
3968500,2729500,9,18,6,3.3,1004,38,0.9,3,4.8,96,0,0,254,-348,2
3968500,2729500,9,18,7,4.5,1004,44,0.6,5,4.9,97,7,25,263,-346,2
3968500,2729500,9,18,8,6.0,1004,135,1.3,4,5.2,94,81,76,270,-349,2
3968500,2729500,9,18,9,9.8,1004,177,1.4,4,5.7,85,168,122,274,-361,2
3968500,2729500,9,18,10,12.4,1004,185,1.3,6,6.0,73,278,147,290,-378,2
3968500,2729500,9,18,11,14.2,1004,163,1.8,5,6.1,64,407,135,297,-397,2
3968500,2729500,9,18,12,17.3,1004,162,2.4,5,6.4,57,499,116,300,-414,2
3968500,2729500,9,18,13,18.4,1003,192,3.6,2,6.2,48,507,124,298,-427,2
3968500,2729500,9,18,14,18.8,1003,182,3.7,2,5.9,44,463,128,294,-434,2
3968500,2729500,9,18,15,19.3,1002,189,3.3,2,6.2,44,415,106,297,-436,2
3968500,2729500,9,18,16,19.4,1001,151,3.0,2,6.2,44,309,98,299,-434,2
3968500,2729500,9,18,17,18.6,1000,187,3.4,3,6.0,44,178,85,301,-428,2
3968500,2729500,9,18,18,17.0,1000,170,2.8,4,6.0,46,57,53,303,-417,2
3968500,2729500,9,18,19,12.8,1000,229,2.1,3,6.0,56,2,10,295,-401,2
3968500,2729500,9,18,20,11.3,1000,193,1.8,3,6.1,69,0,0,284,-389,2
3968500,2729500,9,18,21,10.7,999,163,1.6,2,6.1,74,0,0,278,-383,2
3968500,2729500,9,18,22,9.8,999,104,1.6,2,6.3,80,0,0,273,-377,2
3968500,2729500,9,18,23,8.7,999,165,1.7,1,6.3,86,0,0,267,-374,2
3968500,2729500,9,18,24,8.1,999,308,1.2,1,6.1,88,0,0,262,-371,2
3968500,2729500,9,19,1,7.4,999,185,2.0,0,6.1,91,0,0,256,-366,2
3968500,2729500,9,19,2,6.4,998,51,1.2,0,5.9,95,0,0,250,-364,2
3968500,2729500,9,19,3,5.2,998,11,1.1,0,5.7,98,0,0,247,-362,2
3968500,2729500,9,19,4,5.3,998,118,1.5,0,5.6,99,0,0,246,-361,2
3968500,2729500,9,19,5,4.7,998,115,1.5,4,5.5,99,0,0,263,-359,2
3968500,2729500,9,19,6,4.9,997,142,1.9,5,5.4,100,0,0,284,-358,2
3968500,2729500,9,19,7,6.0,997,157,1.5,6,5.5,97,5,22,295,-359,2
3968500,2729500,9,19,8,8.8,997,137,1.9,4,5.8,90,75,80,298,-363,2
3968500,2729500,9,19,9,12.4,996,149,2.7,4,6.3,78,190,118,303,-374,2
3968500,2729500,9,19,10,14.5,997,161,3.0,6,6.6,67,263,161,319,-389,2
3968500,2729500,9,19,11,17.1,996,162,4.3,6,6.9,61,329,189,335,-405,2
3968500,2729500,9,19,12,18.7,995,171,4.2,6,7.2,56,397,182,343,-417,2
3968500,2729500,9,19,13,20.7,995,186,4.6,3,7.5,51,465,160,342,-417,2
3968500,2729500,9,19,14,21.4,994,187,4.5,3,7.5,48,429,157,340,-413,2
3968500,2729500,9,19,15,21.1,993,180,4.6,3,7.2,45,408,121,340,-413,2
3968500,2729500,9,19,16,20.4,993,155,4.1,3,7.1,46,301,108,337,-413,2
3968500,2729500,9,19,17,20.3,992,173,3.9,3,7.5,50,174,90,335,-415,2
3968500,2729500,9,19,18,19.3,992,162,3.3,2,7.6,52,52,55,329,-416,2
3968500,2729500,9,19,19,17.3,991,162,2.9,2,7.6,56,2,9,320,-413,2
3968500,2729500,9,19,20,15.0,992,165,1.9,1,7.7,66,0,0,308,-408,2
3968500,2729500,9,19,21,14.2,992,169,2.8,1,7.8,73,0,0,300,-405,2
3968500,2729500,9,19,22,13.5,992,154,2.5,1,7.9,78,0,0,299,-404,2
3968500,2729500,9,19,23,12.0,992,147,2.7,0,7.8,83,0,0,289,-402,2
3968500,2729500,9,19,24,12.2,992,122,2.9,0,7.8,86,0,0,280,-400,2
3968500,2729500,9,20,1,11.7,992,136,2.0,0,7.9,88,0,0,278,-399,2
3968500,2729500,9,20,2,10.5,992,139,1.9,0,7.8,92,0,0,275,-398,2
3968500,2729500,9,20,3,10.1,992,137,1.6,3,7.5,94,0,0,285,-397,2
3968500,2729500,9,20,4,12.0,991,142,1.8,5,7.6,91,0,0,312,-396,2
3968500,2729500,9,20,5,11.4,991,138,1.6,8,8.0,91,0,0,339,-396,2
3968500,2729500,9,20,6,12.1,991,163,1.7,8,8.2,93,0,0,357,-396,2
3968500,2729500,9,20,7,12.3,991,160,2.3,7,8.5,93,4,18,354,-395,2
3968500,2729500,9,20,8,12.5,992,148,1.9,6,8.7,94,35,68,344,-395,2
3968500,2729500,9,20,9,13.2,992,199,2.3,7,9.0,95,29,126,346,-395,2
3968500,2729500,9,20,10,14.3,992,229,2.7,7,9.4,93,11,161,355,-399,2
3968500,2729500,9,20,11,15.8,993,249,3.6,6,9.8,90,29,200,354,-408,2
3968500,2729500,9,20,12,15.2,993,297,4.0,7,9.7,86,0,152,355,-421,2
3968500,2729500,9,20,13,17.3,993,292,2.4,7,9.6,81,0,135,361,-428,2
3968500,2729500,9,20,14,17.5,994,242,3.0,7,9.9,78,21,193,363,-431,2
3968500,2729500,9,20,15,16.9,994,286,2.7,6,9.6,77,104,176,355,-433,2
3968500,2729500,9,20,16,18.5,994,252,2.5,8,9.0,70,0,89,360,-430,2
3968500,2729500,9,20,17,17.7,994,305,1.9,4,8.3,63,112,75,350,-423,2
3968500,2729500,9,20,18,15.5,993,324,1.9,6,8.1,67,68,34,336,-413,2
3968500,2729500,9,20,19,14.3,994,318,1.5,4,8.1,75,1,7,328,-404,2
3968500,2729500,9,20,20,12.9,995,174,0.6,4,7.9,79,0,0,314,-395,2
3968500,2729500,9,20,21,12.0,995,327,0.9,5,7.8,85,0,0,311,-388,2
3968500,2729500,9,20,22,10.6,996,284,0.9,2,7.5,89,0,0,297,-386,2
3968500,2729500,9,20,23,10.2,996,237,1.6,3,7.3,92,0,0,284,-383,2
3968500,2729500,9,20,24,9.8,995,272,1.2,4,7.3,94,0,0,289,-377,2
3968500,2729500,9,21,1,9.7,995,274,0.8,5,7.3,95,0,0,295,-369,2
3968500,2729500,9,21,2,9.7,995,142,1.2,4,7.2,95,0,0,293,-363,2
3968500,2729500,9,21,3,8.7,994,150,1.9,4,7.1,95,0,0,284,-360,2
3968500,2729500,9,21,4,8.7,994,150,1.8,5,6.8,96,0,0,286,-358,2
3968500,2729500,9,21,5,8.1,994,151,2.1,6,6.7,96,0,0,295,-356,2
3968500,2729500,9,21,6,8.2,993,136,2.2,6,6.7,98,0,0,301,-355,2
3968500,2729500,9,21,7,8.4,993,133,2.5,7,6.7,96,1,20,307,-355,2
3968500,2729500,9,21,8,9.7,993,137,2.3,6,6.7,91,1,60,308,-358,2
3968500,2729500,9,21,9,10.5,994,183,2.4,7,6.8,87,1,109,311,-367,2
3968500,2729500,9,21,10,11.2,993,175,3.9,7,7.0,85,0,146,323,-381,2
3968500,2729500,9,21,11,13.1,993,174,5.7,6,7.3,80,42,267,320,-395,2
3968500,2729500,9,21,12,14.1,992,184,6.3,7,7.2,73,56,298,326,-409,2
3968500,2729500,9,21,13,15.5,992,200,6.2,7,7.0,65,58,309,337,-419,2
3968500,2729500,9,21,14,15.5,991,205,5.7,7,6.8,61,61,290,338,-424,2
3968500,2729500,9,21,15,15.9,990,215,6.6,6,6.7,59,49,245,332,-424,2
3968500,2729500,9,21,16,15.8,989,201,6.7,7,6.6,58,14,160,334,-419,2
3968500,2729500,9,21,17,15.4,989,227,5.4,7,6.5,57,0,79,342,-414,2
3968500,2729500,9,21,18,15.0,988,194,6.5,8,6.5,59,0,26,350,-409,2
3968500,2729500,9,21,19,14.0,988,226,3.9,8,6.8,65,0,1,355,-405,2
3968500,2729500,9,21,20,13.8,988,210,4.6,8,7.0,69,0,0,356,-403,2
3968500,2729500,9,21,21,13.6,987,212,4.7,7,7.2,71,0,0,351,-401,2
3968500,2729500,9,21,22,13.6,987,208,5.1,7,7.2,72,0,0,346,-399,2
3968500,2729500,9,21,23,12.9,986,200,5.0,7,7.2,75,0,0,347,-398,2
3968500,2729500,9,21,24,11.8,986,191,4.3,6,7.1,80,0,0,354,-397,2
3968500,2729500,9,22,1,10.7,997,178,3.4,5,7.1,86,0,0,265,-365,2
3968500,2729500,9,22,2,9.7,998,167,2.6,5,7.0,91,0,0,274,-363,2
3968500,2729500,9,22,3,9.0,998,156,2.0,4,6.9,94,0,0,278,-362,2
3968500,2729500,9,22,4,8.9,998,149,1.9,4,6.8,94,0,0,283,-360,2
3968500,2729500,9,22,5,8.8,998,148,1.9,5,6.8,94,0,0,292,-359,2
3968500,2729500,9,22,6,8.1,998,133,1.8,6,6.7,94,0,0,302,-358,2
3968500,2729500,9,22,7,8.1,998,161,2.0,6,6.6,97,3,20,306,-358,2
3968500,2729500,9,22,8,9.6,999,187,2.0,4,6.7,94,76,70,297,-361,2
3968500,2729500,9,22,9,12.2,999,184,2.5,4,7.1,86,166,115,293,-369,2
3968500,2729500,9,22,10,15.3,1000,163,2.5,4,7.6,76,347,103,306,-383,2
3968500,2729500,9,22,11,16.6,1000,152,2.3,3,7.9,69,455,103,313,-399,2
3968500,2729500,9,22,12,19.2,1000,160,1.9,2,8.0,62,521,102,312,-413,2
3968500,2729500,9,22,13,20.5,999,145,2.0,1,8.1,56,524,106,310,-423,2
3968500,2729500,9,22,14,20.7,999,180,2.5,1,7.9,51,488,104,310,-428,2
3968500,2729500,9,22,15,21.4,999,241,2.3,2,7.4,47,397,106,317,-430,2
3968500,2729500,9,22,16,21.3,998,211,2.1,1,7.3,45,285,99,319,-428,2
3968500,2729500,9,22,17,20.0,998,207,2.2,1,7.5,49,149,86,313,-420,2
3968500,2729500,9,22,18,16.9,998,253,1.5,0,8.1,60,35,42,303,-413,2
3968500,2729500,9,22,19,14.2,999,236,1.6,1,8.4,75,0,0,293,-404,2
3968500,2729500,9,22,20,13.5,1000,41,1.5,1,8.2,81,0,0,291,-396,2
3968500,2729500,9,22,21,12.8,1000,51,1.3,1,8.1,85,0,0,289,-390,2
3968500,2729500,9,22,22,11.3,1000,259,1.2,1,8.0,89,0,0,286,-385,2
3968500,2729500,9,22,23,10.4,1000,47,0.9,1,7.7,94,0,0,284,-381,2
3968500,2729500,9,22,24,10.0,1000,124,1.2,0,7.6,96,0,0,279,-377,2
3968500,2729500,9,23,1,8.9,1000,124,0.8,1,7.3,98,0,0,279,-374,2
3968500,2729500,9,23,2,8.5,1000,89,0.5,2,7.1,100,0,0,286,-372,2
3968500,2729500,9,23,3,8.1,1000,11,0.7,3,6.9,100,0,0,294,-367,2
3968500,2729500,9,23,4,7.8,1000,170,0.7,0,6.8,100,0,0,284,-363,2
3968500,2729500,9,23,5,7.6,1000,162,0.5,3,6.6,99,0,0,284,-361,2
3968500,2729500,9,23,6,7.8,1000,153,0.5,2,6.5,97,0,0,293,-357,2
3968500,2729500,9,23,7,7.2,1000,149,0.7,6,6.4,98,12,24,305,-353,2
3968500,2729500,9,23,8,8.4,1000,136,0.7,3,6.5,98,85,74,309,-355,2
3968500,2729500,9,23,9,11.1,1000,140,1.0,1,7.3,95,201,107,293,-367,2
3968500,2729500,9,23,10,14.4,1001,166,1.9,3,8.3,88,311,130,304,-384,2
3968500,2729500,9,23,11,17.8,1001,165,2.6,1,8.6,75,386,150,316,-401,2
3968500,2729500,9,23,12,19.8,1000,174,2.4,1,8.7,63,439,158,319,-411,2
3968500,2729500,9,23,13,21.5,1000,164,2.1,0,8.9,58,452,156,322,-420,2
3968500,2729500,9,23,14,22.3,999,191,2.8,0,9.1,54,422,150,325,-424,2
3968500,2729500,9,23,15,22.6,999,188,2.5,0,8.8,51,341,144,327,-428,2
3968500,2729500,9,23,16,22.5,998,192,2.4,1,8.4,48,236,128,330,-436,2
3968500,2729500,9,23,17,21.1,998,166,2.2,1,8.8,53,124,97,332,-432,2
3968500,2729500,9,23,18,18.7,997,212,1.8,3,9.5,64,27,43,333,-423,2
3968500,2729500,9,23,19,16.8,997,208,1.6,1,9.2,71,0,0,325,-411,2
3968500,2729500,9,23,20,15.4,998,215,0.8,1,8.7,75,0,0,313,-400,2
3968500,2729500,9,23,21,14.0,998,159,0.9,0,8.6,81,0,0,305,-392,2
3968500,2729500,9,23,22,13.8,998,173,1.7,1,8.6,85,0,0,301,-389,2
3968500,2729500,9,23,23,12.3,998,29,1.1,1,8.6,91,0,0,303,-391,2
3968500,2729500,9,23,24,11.9,998,182,1.8,0,8.6,96,0,0,296,-392,2
3968500,2729500,9,24,1,10.9,998,162,1.2,1,8.2,96,0,0,293,-392,2
3968500,2729500,9,24,2,10.3,997,136,1.3,0,7.9,98,0,0,290,-390,2
3968500,2729500,9,24,3,9.4,996,107,1.0,1,7.7,99,0,0,288,-387,2
3968500,2729500,9,24,4,9.9,995,144,1.3,2,7.5,98,0,0,295,-387,2
3968500,2729500,9,24,5,8.6,995,24,1.2,3,7.3,98,0,0,303,-387,2
3968500,2729500,9,24,6,9.5,994,163,1.7,4,7.3,99,0,0,311,-387,2
3968500,2729500,9,24,7,10.6,995,178,1.4,8,7.7,99,8,23,336,-388,2
3968500,2729500,9,24,8,13.2,994,178,2.2,5,8.4,94,69,75,348,-391,2
3968500,2729500,9,24,9,14.7,994,170,2.5,3,8.9,88,174,118,333,-398,2
3968500,2729500,9,24,10,17.4,994,182,2.7,1,9.2,79,288,142,323,-409,2
3968500,2729500,9,24,11,19.6,993,179,4.7,0,9.6,70,380,155,319,-422,2
3968500,2729500,9,24,12,20.9,992,188,5.0,1,9.8,65,406,178,326,-431,2
3968500,2729500,9,24,13,21.5,991,175,4.9,2,9.7,60,344,219,341,-429,2
3968500,2729500,9,24,14,21.9,991,186,5.1,3,9.6,58,212,252,354,-423,2
3968500,2729500,9,24,15,21.5,990,188,5.1,3,9.6,58,80,224,361,-426,2
3968500,2729500,9,24,16,20.7,990,190,4.9,4,9.6,60,102,171,363,-431,2
3968500,2729500,9,24,17,20.6,989,205,4.1,6,9.7,62,17,102,370,-429,2
3968500,2729500,9,24,18,19.4,989,184,2.6,5,9.6,64,13,42,371,-423,2
3968500,2729500,9,24,19,16.5,989,249,1.9,5,9.6,72,0,0,359,-414,2
3968500,2729500,9,24,20,16.2,989,206,1.9,5,9.7,81,0,0,353,-407,2
3968500,2729500,9,24,21,15.4,990,266,3.5,7,9.7,84,0,0,358,-405,2
3968500,2729500,9,24,22,14.4,991,238,2.4,7,9.7,89,0,0,363,-400,2
3968500,2729500,9,24,23,13.1,991,316,2.3,8,9.1,91,0,0,362,-394,2
3968500,2729500,9,24,24,12.7,991,71,1.5,8,8.3,87,0,0,364,-390,2
3968500,2729500,9,25,1,11.7,991,1,1.8,8,8.0,88,0,0,361,-387,2
3968500,2729500,9,25,2,10.9,991,167,1.1,8,8.0,94,0,0,358,-384,2
3968500,2729500,9,25,3,10.6,991,126,0.9,8,7.9,96,0,0,355,-381,2
3968500,2729500,9,25,4,10.4,991,176,1.3,8,7.8,96,0,0,353,-378,2
3968500,2729500,9,25,5,10.1,991,199,1.9,8,7.7,97,0,0,351,-372,2
3968500,2729500,9,25,6,9.7,991,162,1.9,8,7.6,98,0,0,347,-365,2
3968500,2729500,9,25,7,9.2,991,158,2.0,5,7.4,98,12,20,330,-360,2
3968500,2729500,9,25,8,10.5,991,163,2.7,4,7.4,96,116,47,311,-358,2
3968500,2729500,9,25,9,11.2,992,183,2.8,3,7.4,89,261,57,304,-364,2
3968500,2729500,9,25,10,12.1,992,188,4.0,4,7.0,81,212,142,304,-374,2
3968500,2729500,9,25,11,13.8,992,192,3.3,4,6.9,73,132,221,312,-387,2
3968500,2729500,9,25,12,14.4,992,213,4.6,5,6.7,65,55,243,318,-398,2
3968500,2729500,9,25,13,14.1,992,228,4.3,4,6.7,65,141,248,317,-404,2
3968500,2729500,9,25,14,14.3,991,207,3.7,6,6.6,64,41,222,321,-408,2
3968500,2729500,9,25,15,14.3,991,199,3.7,8,6.3,61,0,94,337,-406,2
3968500,2729500,9,25,16,14.3,991,215,2.7,6,6.5,62,17,138,336,-403,2
3968500,2729500,9,25,17,13.4,991,180,2.9,4,6.7,66,118,74,317,-400,2
3968500,2729500,9,25,18,12.1,991,197,2.3,4,6.7,72,20,34,305,-393,2
3968500,2729500,9,25,19,10.7,991,246,2.1,5,6.8,79,0,0,306,-385,2
3968500,2729500,9,25,20,11.1,992,242,1.6,6,6.8,82,0,0,313,-378,2
3968500,2729500,9,25,21,10.3,992,214,1.0,6,6.7,82,0,0,316,-375,2
3968500,2729500,9,25,22,10.2,992,233,1.5,5,6.5,82,0,0,309,-373,2
3968500,2729500,9,25,23,8.9,992,149,1.3,4,6.4,84,0,0,300,-370,2
3968500,2729500,9,25,24,8.3,992,184,1.1,2,6.5,91,0,0,285,-364,2
3968500,2729500,9,26,1,8.3,992,182,1.0,3,6.4,92,0,0,280,-358,2
3968500,2729500,9,26,2,7.4,992,203,1.2,2,6.2,92,0,0,279,-353,2
3968500,2729500,9,26,3,7.1,992,191,1.3,1,6.1,94,0,0,270,-350,2
3968500,2729500,9,26,4,6.5,991,174,0.6,3,6.0,95,0,0,273,-348,2
3968500,2729500,9,26,5,6.7,991,150,1.3,5,6.0,96,0,0,288,-345,2
3968500,2729500,9,26,6,7.2,991,151,1.0,5,6.1,95,0,0,297,-344,2
3968500,2729500,9,26,7,7.3,991,142,1.5,7,6.1,94,0,10,305,-343,2
3968500,2729500,9,26,8,7.7,991,128,1.5,7,6.1,93,0,46,313,-344,2
3968500,2729500,9,26,9,8.4,991,181,1.8,8,6.4,93,1,100,319,-353,2
3968500,2729500,9,26,10,9.7,990,171,1.7,6,6.7,91,19,182,319,-367,2
3968500,2729500,9,26,11,11.3,991,169,2.4,5,7.0,86,40,234,310,-380,2
3968500,2729500,9,26,12,13.8,991,166,2.7,3,7.3,79,251,251,304,-390,2
3968500,2729500,9,26,13,14.6,990,175,2.4,3,7.4,72,211,270,302,-399,2
3968500,2729500,9,26,14,15.0,990,170,2.7,3,7.0,65,193,256,303,-405,2
3968500,2729500,9,26,15,14.8,989,116,1.9,7,6.5,60,11,176,319,-402,2
3968500,2729500,9,26,16,12.9,989,330,3.2,7,6.5,64,5,126,334,-396,2
3968500,2729500,9,26,17,11.9,989,8,3.0,5,6.8,74,29,105,320,-390,2
3968500,2729500,9,26,18,11.5,989,324,2.1,7,6.8,77,7,36,317,-381,2
3968500,2729500,9,26,19,10.4,989,349,1.9,7,6.8,81,0,0,324,-372,2
3968500,2729500,9,26,20,10.7,990,355,1.3,7,6.8,84,0,0,323,-367,2
3968500,2729500,9,26,21,9.7,990,352,1.4,7,6.9,87,0,0,322,-362,2
3968500,2729500,9,26,22,9.1,991,34,1.4,7,6.9,92,0,0,320,-357,2
3968500,2729500,9,26,23,8.3,990,349,1.6,7,6.8,95,0,0,317,-353,2
3968500,2729500,9,26,24,8.6,990,355,1.5,7,6.8,96,0,0,318,-350,2
3968500,2729500,9,27,1,8.9,990,3,2.5,7,6.9,95,0,0,319,-348,2
3968500,2729500,9,27,2,9.1,990,10,2.2,6,6.9,94,0,0,314,-346,2
3968500,2729500,9,27,3,9.4,990,314,3.2,6,6.9,92,0,0,309,-344,2
3968500,2729500,9,27,4,9.5,989,5,3.5,8,6.8,90,0,0,321,-343,2
3968500,2729500,9,27,5,9.8,989,31,3.6,8,6.7,87,0,0,333,-342,2
3968500,2729500,9,27,6,9.6,988,320,4.6,7,6.7,87,0,0,329,-341,2
3968500,2729500,9,27,7,9.6,988,7,4.5,8,6.9,90,0,5,329,-342,2
3968500,2729500,9,27,8,9.9,988,358,4.9,6,7.1,91,0,37,325,-345,2
3968500,2729500,9,27,9,10.4,988,26,5.5,8,7.2,91,0,44,326,-353,2
3968500,2729500,9,27,10,10.7,988,43,5.4,7,7.3,90,0,60,333,-364,2
3968500,2729500,9,27,11,11.1,987,19,5.2,7,7.5,90,0,80,329,-377,2
3968500,2729500,9,27,12,11.5,987,17,6.1,8,7.4,87,0,73,337,-390,2
3968500,2729500,9,27,13,11.7,986,353,6.6,8,7.3,84,0,69,344,-400,2
3968500,2729500,9,27,14,11.5,986,26,5.5,8,7.4,85,0,63,345,-404,2
3968500,2729500,9,27,15,11.4,986,344,5.1,7,7.7,88,0,57,341,-404,2
3968500,2729500,9,27,16,11.5,985,338,5.3,7,7.9,91,0,57,336,-401,2
3968500,2729500,9,27,17,11.6,985,32,5.2,8,8.1,92,0,31,341,-395,2
3968500,2729500,9,27,18,11.4,984,48,4.5,7,8.1,93,0,9,340,-387,2
3968500,2729500,9,27,19,11.5,984,66,4.2,8,8.1,93,0,0,340,-379,2
3968500,2729500,9,27,20,11.6,984,72,4.6,8,8.2,93,0,0,345,-372,2
3968500,2729500,9,27,21,11.6,983,189,4.5,7,8.3,94,0,0,340,-367,2
3968500,2729500,9,27,22,11.7,983,42,4.1,7,8.4,95,0,0,335,-362,2
3968500,2729500,9,27,23,11.8,982,310,3.2,6,8.4,95,0,0,330,-359,2
3968500,2729500,9,27,24,11.9,982,32,2.1,7,8.5,95,0,0,330,-358,2
3968500,2729500,9,28,1,11.9,982,17,1.6,7,8.6,95,0,0,334,-357,2
3968500,2729500,9,28,2,11.7,982,108,1.9,8,8.6,96,0,0,339,-355,2
3968500,2729500,9,28,3,11.2,982,122,1.9,7,8.3,95,0,0,337,-354,2
3968500,2729500,9,28,4,10.7,982,79,1.3,6,8.0,95,0,0,323,-353,2
3968500,2729500,9,28,5,11.0,982,71,1.0,7,8.1,96,0,0,323,-351,2
3968500,2729500,9,28,6,11.0,983,342,1.4,8,8.1,96,0,0,334,-350,2
3968500,2729500,9,28,7,11.2,983,19,1.4,8,8.2,96,0,2,340,-351,2
3968500,2729500,9,28,8,11.6,983,22,1.4,8,8.3,95,0,49,341,-354,2
3968500,2729500,9,28,9,12.2,983,16,1.7,6,8.4,94,19,122,331,-360,2
3968500,2729500,9,28,10,12.8,983,21,2.2,6,8.5,91,2,138,322,-370,2
3968500,2729500,9,28,11,13.2,983,5,3.0,6,8.5,88,0,136,324,-381,2
3968500,2729500,9,28,12,13.3,983,352,2.2,8,8.5,86,0,71,335,-393,2
3968500,2729500,9,28,13,13.6,982,346,2.7,8,8.5,85,0,87,344,-401,2
3968500,2729500,9,28,14,13.4,982,338,3.4,7,8.5,85,0,75,341,-403,2
3968500,2729500,9,28,15,13.1,982,326,3.0,7,8.5,87,0,83,337,-403,2
3968500,2729500,9,28,16,12.6,981,328,2.9,7,8.5,89,0,59,336,-401,2
3968500,2729500,9,28,17,12.5,981,334,3.6,7,8.5,91,0,40,335,-397,2
3968500,2729500,9,28,18,12.4,981,319,2.6,6,8.6,92,0,18,329,-391,2
3968500,2729500,9,28,19,12.1,981,307,2.6,8,8.6,93,0,0,333,-383,2
3968500,2729500,9,28,20,12.3,981,288,2.6,8,8.6,93,0,0,341,-377,2
3968500,2729500,9,28,21,12.5,981,291,2.8,8,8.6,92,0,0,341,-373,2
3968500,2729500,9,28,22,12.4,980,297,2.6,8,8.6,92,0,0,341,-369,2
3968500,2729500,9,28,23,12.3,980,279,3.0,8,8.6,93,0,0,341,-367,2
3968500,2729500,9,28,24,12.2,980,259,3.2,8,8.6,94,0,0,341,-366,2
3968500,2729500,9,29,1,12.0,980,258,2.6,8,8.6,94,0,0,340,-363,2
3968500,2729500,9,29,2,12.1,980,263,2.9,8,8.5,93,0,0,339,-363,2
3968500,2729500,9,29,3,11.9,980,250,2.7,8,8.4,93,0,0,339,-365,2
3968500,2729500,9,29,4,11.5,980,209,2.5,8,8.3,93,0,0,337,-364,2
3968500,2729500,9,29,5,11.5,980,191,3.5,8,8.2,94,0,0,334,-362,2
3968500,2729500,9,29,6,11.5,980,180,3.7,8,8.2,94,0,0,332,-359,2
3968500,2729500,9,29,7,11.3,981,183,3.9,8,8.2,94,0,2,331,-355,2
3968500,2729500,9,29,8,11.3,981,191,3.9,8,8.1,94,0,11,328,-354,2
3968500,2729500,9,29,9,11.4,982,200,4.8,8,8.0,93,0,29,327,-360,2
3968500,2729500,9,29,10,11.1,982,195,5.7,8,8.0,93,0,57,327,-371,2
3968500,2729500,9,29,11,11.2,983,206,5.2,7,7.9,93,0,83,322,-383,2
3968500,2729500,9,29,12,11.3,984,202,5.4,8,7.9,92,0,79,323,-392,2
3968500,2729500,9,29,13,11.7,984,202,5.3,7,7.9,90,0,85,322,-397,2
3968500,2729500,9,29,14,12.2,985,205,5.1,8,7.9,88,0,65,324,-400,2
3968500,2729500,9,29,15,12.5,985,197,5.0,8,7.9,85,0,56,328,-403,2
3968500,2729500,9,29,16,12.3,986,200,4.4,8,8.0,86,0,30,326,-404,2
3968500,2729500,9,29,17,12.3,987,184,4.8,7,8.1,88,0,35,320,-399,2
3968500,2729500,9,29,18,12.2,987,169,4.2,7,7.9,86,0,27,316,-390,2
3968500,2729500,9,29,19,12.1,988,167,4.7,8,7.7,85,0,0,317,-378,2
3968500,2729500,9,29,20,12.0,988,154,4.5,8,7.6,84,0,0,320,-367,2
3968500,2729500,9,29,21,12.0,989,201,5.0,7,7.6,84,0,0,315,-360,2
3968500,2729500,9,29,22,11.8,990,212,4.7,7,7.6,86,0,0,309,-356,2
3968500,2729500,9,29,23,11.8,991,148,4.3,7,7.7,88,0,0,305,-353,2
3968500,2729500,9,29,24,11.6,991,225,4.0,7,7.8,89,0,0,303,-349,2
3968500,2729500,9,30,1,11.6,992,214,3.6,5,7.9,90,0,0,299,-344,2
3968500,2729500,9,30,2,11.2,993,226,2.9,6,7.9,91,0,0,296,-344,2
3968500,2729500,9,30,3,11.2,993,221,2.9,7,7.8,92,0,0,301,-344,2
3968500,2729500,9,30,4,11.2,994,217,3.4,8,7.8,92,0,0,305,-342,2
3968500,2729500,9,30,5,11.1,994,219,3.1,8,7.7,92,0,0,308,-344,2
3968500,2729500,9,30,6,11.1,995,215,3.1,7,7.6,91,0,0,307,-347,2
3968500,2729500,9,30,7,10.3,996,208,3.0,7,7.5,92,0,6,304,-347,2
3968500,2729500,9,30,8,11.1,997,159,3.0,8,7.5,92,0,32,308,-350,2
3968500,2729500,9,30,9,11.4,998,161,3.2,8,7.5,89,6,111,314,-358,2
3968500,2729500,9,30,10,12.8,998,181,2.8,6,7.6,84,138,190,315,-371,2
3968500,2729500,9,30,11,14.1,999,211,3.7,4,7.5,77,186,228,307,-388,2
3968500,2729500,9,30,12,14.0,999,200,3.4,6,7.4,73,28,238,309,-402,2
3968500,2729500,9,30,13,15.9,1000,259,3.8,6,7.3,68,14,217,320,-413,2
3968500,2729500,9,30,14,14.7,1000,238,2.7,6,7.3,66,14,202,321,-420,2
3968500,2729500,9,30,15,15.3,1000,207,2.3,7,7.2,67,8,167,324,-423,2
3968500,2729500,9,30,16,14.9,1000,210,1.9,8,7.3,67,2,109,331,-421,2
3968500,2729500,9,30,17,14.4,1001,204,0.7,8,7.6,72,1,65,334,-415,2
3968500,2729500,9,30,18,12.7,1001,347,0.9,7,7.8,80,0,19,329,-405,2
3968500,2729500,9,30,19,11.6,1002,13,0.6,4,7.7,86,0,0,312,-394,2
3968500,2729500,9,30,20,10.7,1001,6,1.1,4,7.5,90,0,0,300,-384,2
3968500,2729500,9,30,21,10.3,1002,15,1.6,4,7.4,93,0,0,298,-378,2
3968500,2729500,9,30,22,10.0,1002,22,0.8,4,7.4,94,0,0,297,-374,2
3968500,2729500,9,30,23,8.6,1003,78,0.5,5,7.1,96,0,0,298,-372,2
3968500,2729500,9,30,24,8.2,1003,28,0.7,8,6.8,98,0,0,309,-371,2
3968500,2729500,10,1,1,7.6,1003,45,0.7,6,6.5,99,0,0,304,-372,2
3968500,2729500,10,1,2,7.2,1003,62,0.8,6,6.4,99,0,0,303,-372,2
3968500,2729500,10,1,3,7.1,1003,24,0.6,6,6.4,100,0,0,303,-372,2
3968500,2729500,10,1,4,7.0,1003,33,1.0,7,6.3,100,0,0,308,-372,2
3968500,2729500,10,1,5,7.0,1003,21,1.3,5,6.3,99,0,0,308,-372,2
3968500,2729500,10,1,6,7.0,1003,23,1.5,8,6.3,100,0,0,313,-373,2
3968500,2729500,10,1,7,7.2,1002,38,1.1,8,6.4,100,5,13,324,-373,2
3968500,2729500,10,1,8,7.4,1003,14,1.9,8,6.4,100,23,61,327,-375,2
3968500,2729500,10,1,9,8.4,1003,12,1.5,7,6.7,100,64,139,326,-380,2
3968500,2729500,10,1,10,9.5,1003,29,1.8,6,7.2,100,185,179,324,-390,2
3968500,2729500,10,1,11,12.1,1003,46,1.8,4,7.5,92,265,207,320,-400,2
3968500,2729500,10,1,12,15.0,1003,359,1.4,6,7.6,78,144,279,329,-403,2
3968500,2729500,10,1,13,16.2,1002,18,1.8,6,8.0,71,51,267,344,-403,2
3968500,2729500,10,1,14,17.3,1002,44,1.6,5,8.2,68,90,263,345,-403,2
3968500,2729500,10,1,15,17.0,1001,76,1.6,6,8.3,67,74,217,348,-402,2
3968500,2729500,10,1,16,17.0,1001,71,1.8,6,8.8,71,43,153,353,-401,2
3968500,2729500,10,1,17,16.4,1000,66,1.9,6,8.8,73,34,82,352,-398,2
3968500,2729500,10,1,18,15.3,1000,27,1.8,7,8.9,78,0,11,355,-394,2
3968500,2729500,10,1,19,14.5,1000,13,2.0,8,9.1,84,0,0,363,-391,2
3968500,2729500,10,1,20,14.2,1000,104,1.9,8,9.0,86,0,0,361,-390,2
3968500,2729500,10,1,21,13.7,1000,139,1.9,8,9.0,89,0,0,361,-389,2
3968500,2729500,10,1,22,13.3,1000,140,1.9,8,8.9,91,0,0,365,-389,2
3968500,2729500,10,1,23,13.1,1000,130,2.3,7,8.7,90,0,0,359,-389,2
3968500,2729500,10,1,24,13.0,999,147,2.7,7,8.5,88,0,0,353,-389,2
3968500,2729500,10,2,1,13.0,984,171,3.3,7,8.2,85,0,0,344,-373,2
3968500,2729500,10,2,2,13.0,984,152,3.8,6,8.0,83,0,0,340,-372,2
3968500,2729500,10,2,3,13.1,983,178,4.2,6,7.9,81,0,0,336,-373,2
3968500,2729500,10,2,4,13.2,983,180,4.2,7,7.9,81,0,0,341,-372,2
3968500,2729500,10,2,5,13.3,982,182,4.5,7,7.9,81,0,0,346,-370,2
3968500,2729500,10,2,6,13.4,982,185,4.6,7,7.9,80,0,0,346,-369,2
3968500,2729500,10,2,7,13.6,981,186,5.5,7,8.1,81,0,0,347,-372,2
3968500,2729500,10,2,8,14.0,980,169,4.9,8,8.3,82,0,20,351,-375,2
3968500,2729500,10,2,9,14.1,980,183,5.0,8,8.5,82,0,43,355,-379,2
3968500,2729500,10,2,10,14.5,980,182,5.1,7,9.0,85,7,129,353,-386,2
3968500,2729500,10,2,11,15.3,980,178,4.9,6,9.2,84,22,169,348,-393,2
3968500,2729500,10,2,12,16.7,979,179,6.0,7,8.9,76,3,162,352,-397,2
3968500,2729500,10,2,13,16.5,979,176,6.7,6,8.7,71,93,176,354,-399,2
3968500,2729500,10,2,14,16.6,978,179,6.8,7,8.5,70,47,167,355,-400,2
3968500,2729500,10,2,15,17.0,978,180,7.5,8,8.6,69,62,140,363,-403,2
3968500,2729500,10,2,16,16.0,978,182,6.1,7,8.7,72,0,75,363,-405,2
3968500,2729500,10,2,17,15.3,978,184,6.8,7,8.9,77,11,57,358,-404,2
3968500,2729500,10,2,18,15.0,978,182,6.3,6,9.1,81,5,14,353,-400,2
3968500,2729500,10,2,19,15.3,978,193,4.4,7,9.1,81,0,0,353,-397,2
3968500,2729500,10,2,20,14.5,978,179,5.1,8,8.9,81,0,0,359,-394,2
3968500,2729500,10,2,21,15.2,978,178,4.4,8,8.9,81,0,0,363,-390,2
3968500,2729500,10,2,22,13.5,978,177,4.3,8,9.2,86,0,0,362,-386,2
3968500,2729500,10,2,23,9.8,978,357,3.2,8,8.3,94,0,0,354,-383,2
3968500,2729500,10,2,24,9.4,978,359,1.5,8,7.3,95,0,0,345,-380,2
3968500,2729500,10,3,1,9.4,978,61,1.0,6,7.3,96,0,0,333,-377,2
3968500,2729500,10,3,2,9.8,978,204,1.1,7,7.4,96,0,0,328,-373,2
3968500,2729500,10,3,3,10.1,979,175,2.3,8,7.5,95,0,0,339,-370,2
3968500,2729500,10,3,4,10.3,979,171,2.8,8,7.7,95,0,0,345,-368,2
3968500,2729500,10,3,5,10.3,979,193,3.9,7,7.7,95,0,0,338,-365,2
3968500,2729500,10,3,6,9.7,979,188,3.2,7,7.2,91,0,0,331,-363,2
3968500,2729500,10,3,7,9.3,980,194,3.2,5,6.8,88,0,2,318,-361,2
3968500,2729500,10,3,8,9.7,980,179,3.1,5,6.7,87,18,52,307,-358,2
3968500,2729500,10,3,9,10.6,981,177,3.2,4,6.9,86,194,69,305,-360,2
3968500,2729500,10,3,10,10.2,982,179,4.9,5,6.9,85,177,142,306,-367,2
3968500,2729500,10,3,11,11.4,982,188,5.2,7,6.5,78,44,205,323,-377,2
3968500,2729500,10,3,12,12.4,983,183,4.8,6,6.3,70,129,222,329,-386,2
3968500,2729500,10,3,13,12.6,982,182,5.2,5,6.0,64,61,216,320,-392,2
3968500,2729500,10,3,14,13.3,982,191,5.3,3,5.6,59,200,188,306,-395,2
3968500,2729500,10,3,15,13.1,982,192,4.8,5,5.7,58,63,172,308,-394,2
3968500,2729500,10,3,16,13.1,982,186,4.0,8,5.8,60,4,99,328,-391,2
3968500,2729500,10,3,17,13.5,982,187,3.9,6,5.8,59,13,69,330,-387,2
3968500,2729500,10,3,18,11.7,982,178,4.0,2,5.8,62,0,13,303,-379,2
3968500,2729500,10,3,19,10.8,983,184,4.2,2,6.1,71,0,0,282,-368,2
3968500,2729500,10,3,20,10.2,983,188,3.7,4,6.5,80,0,0,288,-360,2
3968500,2729500,10,3,21,9.1,984,164,3.0,6,6.8,88,0,0,303,-356,2
3968500,2729500,10,3,22,7.6,984,187,2.7,5,6.6,94,0,0,304,-353,2
3968500,2729500,10,3,23,8.1,984,183,2.8,5,6.5,96,0,0,298,-351,2
3968500,2729500,10,3,24,8.3,985,190,3.1,4,6.6,95,0,0,295,-349,2
3968500,2729500,10,4,1,8.5,985,185,3.4,1,6.5,92,0,0,278,-347,2
3968500,2729500,10,4,2,7.6,985,183,3.2,1,6.4,92,0,0,263,-345,2
3968500,2729500,10,4,3,8.3,986,172,3.7,4,6.4,93,0,0,276,-344,2
3968500,2729500,10,4,4,8.2,986,179,3.7,6,6.4,92,0,0,301,-344,2
3968500,2729500,10,4,5,8.4,986,169,3.5,7,6.3,90,0,0,315,-345,2
3968500,2729500,10,4,6,8.3,986,169,2.7,7,6.3,90,0,0,319,-345,2
3968500,2729500,10,4,7,8.4,986,172,2.8,7,6.4,91,0,1,319,-347,2
3968500,2729500,10,4,8,8.6,986,170,2.9,8,6.5,92,8,44,325,-348,2
3968500,2729500,10,4,9,8.9,986,171,3.0,7,6.7,93,6,90,326,-352,2
3968500,2729500,10,4,10,9.5,987,172,3.6,7,6.8,91,4,127,323,-359,2
3968500,2729500,10,4,11,9.9,987,178,3.9,7,6.9,90,1,136,322,-367,2
3968500,2729500,10,4,12,10.4,987,195,4.0,7,7.0,88,0,135,323,-376,2
3968500,2729500,10,4,13,10.8,987,240,3.6,5,6.9,85,54,188,315,-382,2
3968500,2729500,10,4,14,13.1,987,219,3.6,4,6.9,77,136,158,307,-387,2
3968500,2729500,10,4,15,10.8,987,193,2.3,7,7.0,78,16,142,315,-384,2
3968500,2729500,10,4,16,10.5,987,245,2.0,7,6.9,84,18,104,321,-379,2
3968500,2729500,10,4,17,11.0,988,176,1.5,6,7.0,84,55,53,316,-376,2
3968500,2729500,10,4,18,10.0,988,159,0.8,7,7.2,89,16,12,314,-368,2
3968500,2729500,10,4,19,9.1,989,127,0.8,7,7.1,93,0,0,314,-363,2
3968500,2729500,10,4,20,8.4,989,175,0.1,6,6.8,94,0,0,307,-362,2
3968500,2729500,10,4,21,7.6,989,158,0.9,4,6.6,96,0,0,294,-360,2
3968500,2729500,10,4,22,7.1,990,207,1.5,5,6.3,96,0,0,287,-358,2
3968500,2729500,10,4,23,6.5,990,152,1.0,6,6.0,96,0,0,294,-357,2
3968500,2729500,10,4,24,6.5,991,158,0.3,6,6.0,97,0,0,297,-357,2
3968500,2729500,10,5,1,6.6,991,325,0.4,6,6.0,98,0,0,298,-355,2
3968500,2729500,10,5,2,6.8,991,233,1.2,7,6.1,97,0,0,301,-354,2
3968500,2729500,10,5,3,7.2,992,171,0.1,8,6.1,96,0,0,311,-354,2
3968500,2729500,10,5,4,7.0,992,181,1.7,8,6.2,96,0,0,317,-353,2
3968500,2729500,10,5,5,6.8,992,131,1.5,8,6.2,97,0,0,316,-350,2
3968500,2729500,10,5,6,6.9,993,245,1.4,8,6.1,97,0,0,316,-348,2
3968500,2729500,10,5,7,6.7,994,181,1.3,8,6.1,98,0,0,316,-346,2
3968500,2729500,10,5,8,6.9,994,190,1.5,8,6.2,99,3,48,316,-346,2
3968500,2729500,10,5,9,7.7,995,198,3.3,8,6.4,99,1,90,319,-351,2
3968500,2729500,10,5,10,9.0,995,255,2.5,7,6.7,96,4,147,317,-357,2
3968500,2729500,10,5,11,10.2,996,303,2.2,7,6.6,87,6,180,317,-361,2
3968500,2729500,10,5,12,10.7,996,275,3.1,5,5.9,73,69,272,307,-365,2
3968500,2729500,10,5,13,11.7,997,279,2.7,4,5.4,64,53,257,295,-365,2
3968500,2729500,10,5,14,13.0,997,273,2.9,4,5.2,57,52,242,294,-370,2
3968500,2729500,10,5,15,12.1,997,281,3.8,6,5.2,56,26,187,303,-376,2
3968500,2729500,10,5,16,11.1,997,290,2.9,6,5.8,67,38,152,307,-375,2
3968500,2729500,10,5,17,10.7,997,268,2.3,6,6.3,77,23,89,306,-371,2
3968500,2729500,10,5,18,9.2,997,280,1.5,7,6.6,86,2,19,307,-365,2
3968500,2729500,10,5,19,7.9,998,161,1.0,6,6.6,93,0,0,304,-360,2
3968500,2729500,10,5,20,8.1,998,166,1.3,5,6.4,95,0,0,296,-356,2
3968500,2729500,10,5,21,8.0,999,264,1.5,5,6.4,94,0,0,293,-352,2
3968500,2729500,10,5,22,7.6,999,310,2.5,2,6.1,92,0,0,280,-347,2
3968500,2729500,10,5,23,7.5,1000,284,2.1,1,5.8,89,0,0,263,-344,2
3968500,2729500,10,5,24,7.3,1000,307,2.3,1,5.8,89,0,0,258,-342,2
3968500,2729500,10,6,1,6.2,1000,303,1.0,3,5.7,92,0,0,264,-340,2
3968500,2729500,10,6,2,5.2,1000,11,1.4,4,5.6,97,0,0,272,-336,2
3968500,2729500,10,6,3,5.4,1000,291,0.9,4,5.5,99,0,0,275,-334,2
3968500,2729500,10,6,4,5.7,1000,146,0.9,6,5.6,99,0,0,285,-333,2
3968500,2729500,10,6,5,6.1,1000,272,0.9,7,5.8,98,0,0,299,-331,2
3968500,2729500,10,6,6,5.7,1000,309,1.6,8,5.8,99,0,0,308,-329,2
3968500,2729500,10,6,7,6.2,1000,313,1.5,8,5.8,99,0,0,312,-327,2
3968500,2729500,10,6,8,7.0,1001,273,1.9,8,6.0,98,24,42,313,-327,2
3968500,2729500,10,6,9,7.9,1001,216,2.0,7,6.3,97,1,84,312,-335,2
3968500,2729500,10,6,10,8.9,1001,208,2.3,8,6.6,95,0,69,314,-347,2
3968500,2729500,10,6,11,9.6,1001,302,2.4,8,6.6,90,0,96,321,-357,2
3968500,2729500,10,6,12,10.4,1001,292,3.0,8,6.4,83,0,131,322,-363,2
3968500,2729500,10,6,13,11.6,1001,286,3.5,7,6.1,74,0,121,321,-365,2
3968500,2729500,10,6,14,11.9,1001,261,3.4,8,5.9,68,0,63,321,-371,2
3968500,2729500,10,6,15,12.3,1001,270,3.5,8,5.9,66,0,47,325,-378,2
3968500,2729500,10,6,16,11.7,1001,276,4.2,7,5.9,67,0,71,320,-378,2
3968500,2729500,10,6,17,11.7,1001,286,3.5,7,5.9,68,15,57,314,-374,2
3968500,2729500,10,6,18,10.7,1001,259,2.6,7,6.0,71,0,11,313,-366,2
3968500,2729500,10,6,19,10.1,1001,252,1.4,6,6.0,76,0,0,307,-357,2
3968500,2729500,10,6,20,9.3,1002,276,1.4,6,6.0,80,0,0,301,-353,2
3968500,2729500,10,6,21,9.0,1002,223,1.1,6,6.2,85,0,0,299,-354,2
3968500,2729500,10,6,22,9.0,1002,242,1.8,6,6.4,89,0,0,301,-354,2
3968500,2729500,10,6,23,9.0,1002,279,2.1,6,6.6,92,0,0,301,-351,2
3968500,2729500,10,6,24,8.8,1002,300,2.5,7,6.6,92,0,0,304,-347,2
3968500,2729500,10,7,1,8.4,1002,260,1.3,8,6.6,94,0,0,309,-343,2
3968500,2729500,10,7,2,8.5,1002,279,1.9,8,6.5,93,0,0,312,-339,2
3968500,2729500,10,7,3,8.3,1002,169,1.2,7,6.4,92,0,0,310,-337,2
3968500,2729500,10,7,4,8.1,1002,299,1.4,6,6.4,94,0,0,304,-335,2
3968500,2729500,10,7,5,7.0,1002,311,1.1,5,6.3,96,0,0,295,-333,2
3968500,2729500,10,7,6,7.1,1003,316,1.3,5,6.2,97,0,0,290,-331,2
3968500,2729500,10,7,7,7.1,1003,5,2.2,8,6.2,98,0,0,304,-330,2
3968500,2729500,10,7,8,7.2,1003,286,2.2,8,6.2,97,11,58,317,-331,2
3968500,2729500,10,7,9,7.6,1003,264,1.5,7,6.2,96,12,122,313,-337,2
3968500,2729500,10,7,10,9.3,1004,238,1.8,6,6.4,92,13,176,307,-349,2
3968500,2729500,10,7,11,9.8,1004,249,1.8,7,6.7,89,2,157,310,-363,2
3968500,2729500,10,7,12,10.4,1004,229,1.9,8,6.8,87,6,196,320,-376,2
3968500,2729500,10,7,13,13.3,1004,237,2.4,8,6.2,71,5,180,326,-386,2
3968500,2729500,10,7,14,13.8,1004,260,3.1,6,5.5,56,31,219,320,-391,2
3968500,2729500,10,7,15,12.5,1004,213,2.7,6,5.4,57,15,173,311,-390,2
3968500,2729500,10,7,16,13.0,1003,206,2.9,5,5.5,60,47,154,305,-386,2
3968500,2729500,10,7,17,11.8,1002,206,2.4,4,5.5,61,43,93,296,-380,2
3968500,2729500,10,7,18,10.0,1002,239,1.3,5,5.7,69,5,21,292,-370,2
3968500,2729500,10,7,19,8.4,1002,228,0.9,5,5.8,79,0,0,291,-361,2
3968500,2729500,10,7,20,7.9,1003,193,0.5,5,5.7,84,0,0,287,-356,2
3968500,2729500,10,7,21,7.6,1003,169,0.7,4,5.7,86,0,0,282,-355,2
3968500,2729500,10,7,22,7.1,1003,142,1.3,7,5.9,91,0,0,290,-354,2
3968500,2729500,10,7,23,7.8,1003,142,1.2,7,6.1,94,0,0,303,-353,2
3968500,2729500,10,7,24,7.7,1002,135,1.4,6,6.3,94,0,0,301,-352,2
3968500,2729500,10,8,1,7.9,1002,133,1.3,7,6.3,94,0,0,302,-351,2
3968500,2729500,10,8,2,7.8,1002,138,2.1,7,6.2,93,0,0,307,-350,2
3968500,2729500,10,8,3,7.9,1001,149,3.0,8,6.1,91,0,0,312,-349,2
3968500,2729500,10,8,4,7.9,1001,144,2.2,8,6.1,90,0,0,318,-348,2
3968500,2729500,10,8,5,7.9,1000,142,2.5,7,6.1,92,0,0,315,-347,2
3968500,2729500,10,8,6,8.2,1000,151,1.7,7,6.3,93,0,0,313,-347,2
3968500,2729500,10,8,7,8.4,999,145,2.1,7,6.4,93,0,0,314,-347,2
3968500,2729500,10,8,8,8.6,999,150,2.7,7,6.5,92,0,24,316,-348,2
3968500,2729500,10,8,9,8.7,999,161,3.5,8,6.5,92,0,37,322,-351,2
3968500,2729500,10,8,10,9.6,999,171,3.7,7,6.6,90,0,96,325,-354,2
3968500,2729500,10,8,11,10.1,999,179,3.8,8,6.7,87,0,81,330,-356,2
3968500,2729500,10,8,12,10.3,999,177,4.4,8,6.8,86,0,111,337,-358,2
3968500,2729500,10,8,13,10.7,999,193,4.1,7,6.9,86,5,184,335,-366,2
3968500,2729500,10,8,14,10.9,998,187,4.2,7,7.3,89,3,164,334,-376,2
3968500,2729500,10,8,15,10.4,998,174,3.9,7,7.7,94,0,87,335,-378,2
3968500,2729500,10,8,16,10.4,997,173,3.7,7,7.6,95,0,71,336,-373,2
3968500,2729500,10,8,17,10.2,997,175,3.3,7,7.6,96,0,40,337,-370,2
3968500,2729500,10,8,18,9.9,996,187,3.5,8,7.6,97,0,8,342,-370,2
3968500,2729500,10,8,19,9.8,996,181,3.2,8,7.5,97,0,0,347,-370,2
3968500,2729500,10,8,20,10.1,996,182,2.7,8,7.5,97,0,0,349,-370,2
3968500,2729500,10,8,21,10.4,996,188,3.2,8,7.7,97,0,0,352,-370,2
3968500,2729500,10,8,22,10.4,996,183,3.0,7,7.7,96,0,0,348,-369,2
3968500,2729500,10,8,23,10.6,996,185,2.9,7,7.7,96,0,0,344,-369,2
3968500,2729500,10,8,24,11.0,996,206,2.5,8,7.9,96,0,0,351,-369,2
3968500,2729500,10,9,1,10.9,996,177,2.3,8,8.0,96,0,0,355,-368,2
3968500,2729500,10,9,2,11.2,996,184,1.3,8,8.1,96,0,0,357,-368,2
3968500,2729500,10,9,3,11.6,996,216,1.3,8,8.2,96,0,0,358,-368,2
3968500,2729500,10,9,4,11.6,996,198,1.1,8,8.3,95,0,0,360,-369,2
3968500,2729500,10,9,5,11.6,996,259,1.3,8,8.3,96,0,0,360,-370,2
3968500,2729500,10,9,6,11.8,996,237,1.9,7,8.4,96,0,0,355,-370,2
3968500,2729500,10,9,7,11.7,996,225,2.0,7,8.4,96,0,0,349,-369,2
3968500,2729500,10,9,8,12.0,995,213,2.3,7,8.5,96,27,42,349,-369,2
3968500,2729500,10,9,9,12.4,995,205,1.8,7,8.6,95,0,77,349,-370,2
3968500,2729500,10,9,10,13.3,995,229,2.9,8,8.4,89,0,58,357,-372,2
3968500,2729500,10,9,11,12.7,995,246,2.6,7,8.2,86,0,113,357,-375,2
3968500,2729500,10,9,12,13.1,995,248,3.2,7,8.2,87,0,94,349,-378,2
3968500,2729500,10,9,13,13.4,995,247,2.9,7,8.3,86,0,90,350,-379,2
3968500,2729500,10,9,14,13.5,995,259,2.7,7,8.6,87,0,75,351,-379,2
3968500,2729500,10,9,15,13.5,995,237,1.8,7,8.8,89,0,56,350,-379,2
3968500,2729500,10,9,16,13.0,995,265,2.6,7,8.9,92,0,56,348,-379,2
3968500,2729500,10,9,17,12.6,995,277,2.3,7,8.8,94,1,46,344,-379,2
3968500,2729500,10,9,18,12.8,995,257,1.9,8,8.8,94,0,7,351,-379,2
3968500,2729500,10,9,19,12.5,996,250,1.6,8,8.8,95,0,0,359,-377,2
3968500,2729500,10,9,20,13.1,996,266,2.0,7,8.7,92,0,0,350,-377,2
3968500,2729500,10,9,21,13.0,997,245,1.5,8,8.6,90,0,0,353,-376,2
3968500,2729500,10,9,22,12.9,997,249,0.9,7,8.5,90,0,0,353,-376,2
3968500,2729500,10,9,23,12.8,998,208,0.6,7,8.4,89,0,0,347,-376,2
3968500,2729500,10,9,24,12.8,998,242,0.5,7,8.2,87,0,0,347,-376,2
3968500,2729500,10,10,1,12.9,999,276,0.8,7,8.2,87,0,0,348,-376,2
3968500,2729500,10,10,2,12.4,999,214,0.5,7,8.4,90,0,0,349,-377,2
3968500,2729500,10,10,3,12.5,999,201,1.2,7,8.4,91,0,0,349,-378,2
3968500,2729500,10,10,4,12.2,999,183,1.6,7,8.4,92,0,0,351,-379,2
3968500,2729500,10,10,5,12.1,998,172,1.6,8,8.5,94,0,0,358,-379,2
3968500,2729500,10,10,6,12.3,998,207,0.8,8,8.6,96,0,0,365,-379,2
3968500,2729500,10,10,7,12.3,998,209,0.5,8,8.7,96,0,0,366,-380,2
3968500,2729500,10,10,8,12.8,998,235,1.2,8,8.8,96,0,31,367,-380,2
3968500,2729500,10,10,9,13.7,998,244,2.3,8,9.0,93,0,41,369,-382,2
3968500,2729500,10,10,10,14.2,999,236,1.2,8,9.0,89,0,94,371,-384,2
3968500,2729500,10,10,11,14.6,999,249,2.0,8,8.9,85,0,84,373,-386,2
3968500,2729500,10,10,12,14.8,999,206,2.1,8,8.9,84,0,78,374,-387,2
3968500,2729500,10,10,13,15.0,999,250,2.1,8,9.1,85,0,61,375,-388,2
3968500,2729500,10,10,14,15.0,999,259,2.5,8,9.2,85,0,55,376,-388,2
3968500,2729500,10,10,15,15.0,999,248,1.3,8,9.0,83,0,53,375,-390,2
3968500,2729500,10,10,16,14.6,999,211,2.3,8,9.0,84,0,47,375,-391,2
3968500,2729500,10,10,17,14.6,999,234,2.2,7,8.9,85,0,46,368,-391,2
3968500,2729500,10,10,18,14.0,999,241,2.1,8,9.0,87,0,9,367,-389,2
3968500,2729500,10,10,19,13.7,999,249,2.0,8,9.3,92,0,0,371,-388,2
3968500,2729500,10,10,20,13.3,999,259,1.5,8,9.4,96,0,0,370,-387,2
3968500,2729500,10,10,21,13.3,1000,156,1.5,8,9.5,97,0,0,369,-386,2
3968500,2729500,10,10,22,13.1,1000,156,1.8,7,9.4,97,0,0,364,-385,2
3968500,2729500,10,10,23,12.8,1000,150,2.0,7,9.2,97,0,0,358,-384,2
3968500,2729500,10,10,24,12.9,1000,134,2.6,7,9.1,96,0,0,358,-383,2
3968500,2729500,10,11,1,12.9,999,171,1.9,8,9.1,96,0,0,363,-383,2
3968500,2729500,10,11,2,12.9,999,169,1.8,8,9.1,96,0,0,368,-382,2
3968500,2729500,10,11,3,12.8,999,149,2.6,7,9.0,96,0,0,363,-382,2
3968500,2729500,10,11,4,12.9,999,158,3.0,7,8.9,94,0,0,358,-382,2
3968500,2729500,10,11,5,12.5,999,170,2.8,8,8.8,95,0,0,363,-382,2
3968500,2729500,10,11,6,12.5,999,176,3.5,7,8.8,96,0,0,362,-382,2
3968500,2729500,10,11,7,12.5,999,183,2.9,8,8.8,95,0,0,361,-382,2
3968500,2729500,10,11,8,12.4,999,181,3.2,8,8.8,96,0,33,366,-382,2
3968500,2729500,10,11,9,12.9,1000,185,3.1,6,8.9,96,24,108,356,-384,2
3968500,2729500,10,11,10,14.1,1000,158,3.2,4,9.1,93,85,159,337,-388,2
3968500,2729500,10,11,11,14.2,1000,146,2.4,5,9.4,92,96,196,333,-391,2
3968500,2729500,10,11,12,15.2,1000,174,2.1,7,9.5,89,0,122,351,-394,2
3968500,2729500,10,11,13,14.4,1000,203,1.6,8,9.5,89,0,56,366,-397,2
3968500,2729500,10,11,14,12.2,1000,332,3.1,8,8.8,91,0,45,364,-401,2
3968500,2729500,10,11,15,12.1,1001,2,2.9,8,8.1,90,0,39,356,-404,2
3968500,2729500,10,11,16,11.8,1001,358,2.5,7,7.7,87,0,63,346,-403,2
3968500,2729500,10,11,17,11.4,1000,305,1.5,6,7.3,84,17,58,331,-397,2
3968500,2729500,10,11,18,10.7,1001,190,1.3,8,7.2,87,0,5,331,-390,2
3968500,2729500,10,11,19,10.6,1001,191,1.5,7,7.2,89,0,0,333,-387,2
3968500,2729500,10,11,20,10.3,1001,215,1.4,7,7.1,89,0,0,325,-385,2
3968500,2729500,10,11,21,9.9,1002,227,1.4,6,7.0,90,0,0,313,-384,2
3968500,2729500,10,11,22,9.4,1002,239,1.4,6,6.9,91,0,0,310,-382,2
3968500,2729500,10,11,23,8.4,1002,215,1.6,5,6.5,91,0,0,317,-380,2
3968500,2729500,10,11,24,7.4,1003,170,2.0,3,6.0,90,0,0,298,-377,2
3968500,2729500,10,12,1,6.3,999,120,2.3,2,5.4,89,0,0,247,-336,2
3968500,2729500,10,12,2,5.4,999,74,2.5,1,5.0,88,0,0,235,-334,2
3968500,2729500,10,12,3,4.9,999,41,2.7,1,4.8,88,0,0,235,-333,2
3968500,2729500,10,12,4,5.0,999,43,2.7,2,4.8,88,0,0,248,-331,2
3968500,2729500,10,12,5,5.2,999,66,2.7,3,4.8,87,0,0,267,-330,2
3968500,2729500,10,12,6,5.7,999,73,2.8,4,4.9,86,0,0,272,-329,2
3968500,2729500,10,12,7,5.6,1000,98,2.4,5,4.9,85,0,0,276,-326,2
3968500,2729500,10,12,8,5.8,1000,62,3.8,3,4.8,83,9,37,271,-326,2
3968500,2729500,10,12,9,6.2,1001,63,4.6,5,4.8,81,15,91,271,-330,2
3968500,2729500,10,12,10,7.6,1001,81,6.7,6,4.9,78,11,135,289,-339,2
3968500,2729500,10,12,11,8.0,1001,77,6.7,5,4.7,71,68,182,291,-351,2
3968500,2729500,10,12,12,8.6,1001,90,6.8,3,4.6,66,390,74,278,-361,2
3968500,2729500,10,12,13,9.0,1001,82,6.0,3,4.5,63,363,85,270,-368,2
3968500,2729500,10,12,14,9.0,1001,82,6.1,4,4.4,61,257,125,275,-373,2
3968500,2729500,10,12,15,9.2,1001,88,5.7,3,4.3,60,310,54,276,-374,2
3968500,2729500,10,12,16,9.1,1000,68,6.6,3,4.3,58,189,53,272,-372,2
3968500,2729500,10,12,17,8.3,1000,65,6.2,2,4.2,60,81,40,266,-366,2
3968500,2729500,10,12,18,7.1,1000,54,4.7,1,4.1,62,6,10,252,-360,2
3968500,2729500,10,12,19,6.2,1001,64,4.6,1,4.0,66,0,0,242,-353,2
3968500,2729500,10,12,20,5.7,1001,54,4.8,1,3.9,66,0,0,239,-347,2
3968500,2729500,10,12,21,5.4,1002,77,4.2,0,3.8,66,0,0,232,-345,2
3968500,2729500,10,12,22,4.9,1002,99,4.0,1,3.6,65,0,0,230,-345,2
3968500,2729500,10,12,23,3.6,1002,99,4.1,1,3.6,68,0,0,235,-346,2
3968500,2729500,10,12,24,3.1,1002,119,4.2,1,3.5,73,0,0,232,-346,2
3968500,2729500,10,13,1,3.2,1002,102,4.4,0,3.5,72,0,0,226,-346,2
3968500,2729500,10,13,2,1.6,1002,97,3.7,0,3.4,75,0,0,218,-345,2
3968500,2729500,10,13,3,1.2,1002,91,1.7,0,3.4,79,0,0,215,-344,2
3968500,2729500,10,13,4,0.5,1001,98,2.5,0,3.2,80,0,0,213,-343,2
3968500,2729500,10,13,5,-0.1,1001,80,1.7,1,3.2,82,0,0,217,-342,2
3968500,2729500,10,13,6,0.2,1000,125,1.8,2,3.2,83,0,0,229,-342,2
3968500,2729500,10,13,7,0.6,1000,132,2.6,2,3.2,81,0,0,235,-340,2
3968500,2729500,10,13,8,2.0,1001,128,3.2,2,3.2,76,27,41,236,-339,2
3968500,2729500,10,13,9,2.4,1002,138,3.8,2,3.1,70,107,86,236,-340,2
3968500,2729500,10,13,10,4.1,1001,123,4.5,3,3.1,64,215,107,245,-343,2
3968500,2729500,10,13,11,5.6,1001,130,4.8,3,3.2,58,294,122,255,-350,2
3968500,2729500,10,13,12,7.0,1001,96,4.5,2,3.3,54,412,92,252,-359,2
3968500,2729500,10,13,13,7.7,1000,101,5.3,1,3.4,53,422,91,243,-368,2
3968500,2729500,10,13,14,8.7,999,104,5.0,1,3.5,52,375,92,242,-373,2
3968500,2729500,10,13,15,9.5,999,95,4.8,1,3.7,51,285,90,246,-375,2
3968500,2729500,10,13,16,9.0,998,104,4.1,1,3.7,50,178,78,248,-373,2
3968500,2729500,10,13,17,8.6,998,97,3.2,1,3.8,53,61,53,247,-369,2
3968500,2729500,10,13,18,7.0,998,119,2.3,1,3.9,58,1,10,244,-363,2
3968500,2729500,10,13,19,6.0,999,110,2.1,1,3.9,64,0,0,241,-358,2
3968500,2729500,10,13,20,4.6,999,109,1.6,1,4.0,71,0,0,236,-354,2
3968500,2729500,10,13,21,4.3,999,112,1.6,0,4.0,76,0,0,228,-351,2
3968500,2729500,10,13,22,3.8,999,106,1.3,1,4.0,78,0,0,229,-350,2
3968500,2729500,10,13,23,3.6,999,129,1.3,1,4.0,80,0,0,236,-350,2
3968500,2729500,10,13,24,3.1,998,131,1.5,0,4.0,81,0,0,229,-349,2
3968500,2729500,10,14,1,3.5,998,114,1.7,0,4.0,82,0,0,224,-348,2
3968500,2729500,10,14,2,2.4,998,116,1.6,1,4.0,84,0,0,230,-348,2
3968500,2729500,10,14,3,1.9,998,114,1.8,1,3.9,87,0,0,234,-349,2
3968500,2729500,10,14,4,2.3,997,84,2.3,1,3.9,87,0,0,235,-350,2
3968500,2729500,10,14,5,3.0,997,144,2.6,2,3.9,84,0,0,243,-351,2
3968500,2729500,10,14,6,3.4,997,276,2.5,3,4.0,82,0,0,256,-352,2
3968500,2729500,10,14,7,4.0,997,165,2.7,4,4.0,80,0,0,269,-353,2
3968500,2729500,10,14,8,4.3,996,182,2.8,4,4.0,78,8,39,275,-354,2
3968500,2729500,10,14,9,6.3,996,162,2.5,4,4.2,75,62,106,277,-355,2
3968500,2729500,10,14,10,7.6,996,170,2.5,3,4.4,69,184,135,275,-358,2
3968500,2729500,10,14,11,9.1,996,170,3.1,3,4.4,64,259,158,273,-361,2
3968500,2729500,10,14,12,10.6,995,157,3.1,3,4.6,60,300,170,276,-365,2
3968500,2729500,10,14,13,11.8,995,164,3.0,3,5.0,59,273,188,280,-372,2
3968500,2729500,10,14,14,12.9,995,178,3.6,4,5.2,58,257,170,289,-382,2
3968500,2729500,10,14,15,13.1,994,178,2.9,4,5.4,57,206,144,297,-387,2
3968500,2729500,10,14,16,12.7,994,190,2.2,4,5.5,59,103,115,295,-386,2
3968500,2729500,10,14,17,11.1,993,165,1.9,5,5.7,65,11,53,296,-380,2
3968500,2729500,10,14,18,9.8,993,124,2.1,5,5.8,72,0,10,296,-373,2
3968500,2729500,10,14,19,8.8,992,153,2.3,5,5.7,77,0,0,292,-365,2
3968500,2729500,10,14,20,8.3,992,128,2.4,6,5.6,79,0,0,294,-361,2
3968500,2729500,10,14,21,7.6,992,181,2.2,6,5.5,81,0,0,299,-357,2
3968500,2729500,10,14,22,6.5,991,137,2.3,6,5.4,84,0,0,298,-354,2
3968500,2729500,10,14,23,6.0,991,156,2.3,5,5.3,87,0,0,291,-352,2
3968500,2729500,10,14,24,5.4,991,130,2.0,4,5.1,88,0,0,276,-349,2
3968500,2729500,10,15,1,5.5,990,55,2.3,5,5.1,89,0,0,273,-346,2
3968500,2729500,10,15,2,4.9,990,83,2.3,3,5.1,90,0,0,263,-345,2
3968500,2729500,10,15,3,4.4,989,78,2.3,2,5.0,93,0,0,237,-343,2
3968500,2729500,10,15,4,5.2,989,103,2.4,0,5.1,93,0,0,215,-342,2
3968500,2729500,10,15,5,5.7,988,123,3.2,2,5.1,89,0,0,213,-344,2
3968500,2729500,10,15,6,5.6,987,120,3.1,4,5.1,88,0,0,240,-350,2
3968500,2729500,10,15,7,5.7,987,126,2.7,6,5.1,88,0,0,272,-353,2
3968500,2729500,10,15,8,6.2,987,144,3.0,6,5.2,87,0,19,291,-355,2
3968500,2729500,10,15,9,6.8,987,155,2.9,7,5.3,86,5,80,302,-359,2
3968500,2729500,10,15,10,8.0,986,143,3.4,8,5.5,83,2,111,319,-365,2
3968500,2729500,10,15,11,9.3,987,153,3.6,7,5.6,79,18,164,323,-370,2
3968500,2729500,10,15,12,10.2,986,150,3.5,7,5.9,76,42,193,316,-372,2
3968500,2729500,10,15,13,11.5,986,141,3.7,4,6.3,75,133,194,294,-377,2
3968500,2729500,10,15,14,12.3,985,148,3.8,5,6.6,73,87,177,286,-382,2
3968500,2729500,10,15,15,12.2,984,133,4.1,4,6.6,73,138,129,287,-384,2
3968500,2729500,10,15,16,12.0,984,134,4.1,5,6.7,74,79,92,288,-381,2
3968500,2729500,10,15,17,10.8,983,122,3.5,7,6.6,77,43,42,308,-377,2
3968500,2729500,10,15,18,9.0,983,189,2.7,7,6.4,82,3,9,316,-373,2
3968500,2729500,10,15,19,8.5,984,202,2.4,4,6.3,86,0,0,291,-370,2
3968500,2729500,10,15,20,7.9,983,189,1.7,4,6.1,88,0,0,271,-368,2
3968500,2729500,10,15,21,7.5,983,177,1.7,5,6.0,89,0,0,279,-363,2
3968500,2729500,10,15,22,7.4,983,186,1.9,8,6.0,90,0,0,304,-360,2
3968500,2729500,10,15,23,7.6,983,125,1.8,8,6.1,92,0,0,322,-358,2
3968500,2729500,10,15,24,7.7,983,154,1.3,7,6.3,93,0,0,318,-357,2
3968500,2729500,10,16,1,7.5,982,136,2.0,6,6.4,95,0,0,306,-355,2
3968500,2729500,10,16,2,7.5,982,120,2.2,7,6.5,97,0,0,306,-354,2
3968500,2729500,10,16,3,7.4,981,168,2.4,6,6.4,97,0,0,306,-354,2
3968500,2729500,10,16,4,7.3,980,136,2.1,7,6.4,97,0,0,306,-354,2
3968500,2729500,10,16,5,7.1,980,108,2.0,5,6.3,97,0,0,298,-354,2
3968500,2729500,10,16,6,7.2,979,164,1.9,6,6.3,96,0,0,292,-354,2
3968500,2729500,10,16,7,7.2,979,265,1.7,8,6.2,95,0,0,310,-355,2
3968500,2729500,10,16,8,7.6,979,115,1.5,8,6.3,95,6,38,323,-355,2
3968500,2729500,10,16,9,7.7,979,193,1.6,5,6.3,94,29,110,307,-358,2
3968500,2729500,10,16,10,8.0,979,333,2.0,6,6.4,93,5,129,296,-363,2
3968500,2729500,10,16,11,8.8,979,143,3.1,7,6.4,90,0,125,310,-368,2
3968500,2729500,10,16,12,10.0,979,151,3.4,5,6.6,86,13,194,309,-371,2
3968500,2729500,10,16,13,10.3,978,140,3.7,3,6.8,84,71,249,294,-375,2
3968500,2729500,10,16,14,10.8,977,160,3.5,3,6.7,81,59,223,289,-375,2
3968500,2729500,10,16,15,11.1,977,141,3.7,6,6.6,78,10,140,307,-375,2
3968500,2729500,10,16,16,10.7,976,152,2.7,7,6.5,77,3,86,326,-376,2
3968500,2729500,10,16,17,8.8,976,194,1.4,5,6.4,82,25,61,316,-372,2
3968500,2729500,10,16,18,8.8,976,70,1.7,4,6.3,86,0,7,297,-365,2
3968500,2729500,10,16,19,8.6,976,15,2.8,8,6.4,88,0,0,309,-361,2
3968500,2729500,10,16,20,8.5,976,147,3.3,8,6.6,91,0,0,330,-360,2
3968500,2729500,10,16,21,7.0,976,171,3.9,8,6.3,92,0,0,326,-359,2
3968500,2729500,10,16,22,7.0,977,169,3.1,7,6.0,92,0,0,317,-356,2
3968500,2729500,10,16,23,7.4,977,170,3.1,7,6.1,93,0,0,310,-353,2
3968500,2729500,10,16,24,7.9,977,180,3.1,8,6.1,90,0,0,318,-350,2
3968500,2729500,10,17,1,7.3,977,175,4.5,5,6.0,89,0,0,302,-347,2
3968500,2729500,10,17,2,7.2,977,174,4.4,4,5.9,89,0,0,270,-346,2
3968500,2729500,10,17,3,7.0,978,174,4.0,6,5.8,90,0,0,279,-345,2
3968500,2729500,10,17,4,6.5,978,179,3.7,6,5.7,90,0,0,293,-342,2
3968500,2729500,10,17,5,6.8,978,172,4.9,7,5.6,89,0,0,300,-341,2
3968500,2729500,10,17,6,6.5,978,181,4.4,7,5.5,88,0,0,307,-342,2
3968500,2729500,10,17,7,6.6,978,181,3.4,8,5.5,89,0,0,313,-343,2
3968500,2729500,10,17,8,6.8,978,174,3.0,7,5.6,89,20,27,315,-343,2
3968500,2729500,10,17,9,6.9,979,175,2.6,7,5.7,89,22,81,308,-345,2
3968500,2729500,10,17,10,7.5,978,165,3.6,7,5.7,87,11,120,308,-349,2
3968500,2729500,10,17,11,8.6,979,169,4.0,8,5.7,83,0,111,317,-355,2
3968500,2729500,10,17,12,9.7,979,174,2.7,6,5.8,77,11,162,313,-361,2
3968500,2729500,10,17,13,8.5,978,200,2.6,7,5.7,76,11,156,307,-365,2
3968500,2729500,10,17,14,9.1,978,173,3.3,5,5.6,77,94,149,301,-365,2
3968500,2729500,10,17,15,8.7,977,200,2.9,6,5.5,75,28,127,294,-362,2
3968500,2729500,10,17,16,9.1,978,166,3.2,5,5.3,72,47,84,294,-359,2
3968500,2729500,10,17,17,8.0,977,231,1.6,5,5.4,76,71,23,290,-356,2
3968500,2729500,10,17,18,5.8,977,197,1.6,5,5.4,84,1,7,286,-351,2
3968500,2729500,10,17,19,4.9,977,185,1.5,5,5.1,89,0,0,282,-348,2
3968500,2729500,10,17,20,5.0,977,151,1.6,5,5.2,92,0,0,280,-347,2
3968500,2729500,10,17,21,4.2,977,193,1.6,6,5.1,94,0,0,284,-348,2
3968500,2729500,10,17,22,5.3,977,174,2.4,6,5.1,92,0,0,289,-349,2
3968500,2729500,10,17,23,5.3,977,153,1.8,6,5.2,91,0,0,291,-348,2
3968500,2729500,10,17,24,5.5,977,87,1.7,8,5.3,92,0,0,302,-347,2
3968500,2729500,10,18,1,5.8,978,161,1.8,6,5.5,93,0,0,303,-348,2
3968500,2729500,10,18,2,5.9,978,154,2.3,7,5.5,92,0,0,298,-349,2
3968500,2729500,10,18,3,5.9,978,165,1.9,8,5.5,92,0,0,312,-350,2
3968500,2729500,10,18,4,6.0,978,155,1.8,6,5.5,92,0,0,308,-349,2
3968500,2729500,10,18,5,5.5,978,162,2.4,6,5.5,92,0,0,297,-349,2
3968500,2729500,10,18,6,6.1,978,181,2.1,6,5.5,92,0,0,298,-348,2
3968500,2729500,10,18,7,6.0,978,165,1.8,8,5.7,94,0,0,311,-347,2
3968500,2729500,10,18,8,6.3,978,174,2.8,8,5.8,95,0,17,324,-348,2
3968500,2729500,10,18,9,6.7,978,170,2.6,7,5.9,95,0,51,320,-349,2
3968500,2729500,10,18,10,7.6,978,171,4.1,7,6.1,93,0,82,317,-351,2
3968500,2729500,10,18,11,7.9,978,175,4.6,8,6.1,89,0,64,325,-355,2
3968500,2729500,10,18,12,8.6,979,177,4.9,8,6.1,86,0,63,332,-361,2
3968500,2729500,10,18,13,8.3,979,191,4.3,8,6.1,85,0,71,333,-367,2
3968500,2729500,10,18,14,9.2,979,195,4.9,7,6.1,84,0,118,329,-372,2
3968500,2729500,10,18,15,9.2,979,189,4.9,7,6.1,81,2,124,324,-373,2
3968500,2729500,10,18,16,9.3,979,195,4.4,5,5.9,78,10,111,314,-370,2
3968500,2729500,10,18,17,8.7,978,183,4.0,6,5.9,80,11,55,308,-366,2
3968500,2729500,10,18,18,7.5,979,194,3.1,7,6.0,86,0,6,315,-362,2
3968500,2729500,10,18,19,7.5,979,182,3.5,8,6.0,90,0,0,323,-355,2
3968500,2729500,10,18,20,7.4,979,197,2.4,8,6.0,91,0,0,327,-350,2
3968500,2729500,10,18,21,7.2,979,163,2.5,7,6.0,90,0,0,322,-349,2
3968500,2729500,10,18,22,7.3,979,185,3.6,7,5.9,90,0,0,317,-349,2
3968500,2729500,10,18,23,7.2,979,155,2.8,7,5.9,90,0,0,316,-346,2
3968500,2729500,10,18,24,7.3,979,149,3.2,7,5.9,89,0,0,316,-344,2
3968500,2729500,10,19,1,6.9,980,168,3.9,7,5.8,90,0,0,315,-345,2
3968500,2729500,10,19,2,6.7,980,156,4.1,7,5.8,91,0,0,314,-344,2
3968500,2729500,10,19,3,6.9,980,156,4.1,6,5.8,90,0,0,308,-344,2
3968500,2729500,10,19,4,7.0,980,163,3.9,6,5.8,90,0,0,303,-345,2
3968500,2729500,10,19,5,7.1,980,168,4.1,7,5.9,91,0,0,309,-345,2
3968500,2729500,10,19,6,7.2,979,165,4.0,7,5.9,91,0,0,315,-344,2
3968500,2729500,10,19,7,7.0,980,191,4.0,8,6.0,92,0,0,320,-343,2
3968500,2729500,10,19,8,7.3,980,203,3.6,8,6.1,93,0,21,325,-344,2
3968500,2729500,10,19,9,7.8,981,175,3.1,7,6.1,92,1,67,320,-345,2
3968500,2729500,10,19,10,9.3,981,203,3.5,5,6.2,87,110,97,307,-350,2
3968500,2729500,10,19,11,11.1,982,216,4.2,4,6.4,80,179,105,298,-354,2
3968500,2729500,10,19,12,10.2,983,219,3.7,7,6.4,77,1,140,310,-358,2
3968500,2729500,10,19,13,9.9,983,247,3.9,8,6.2,79,0,53,325,-360,2
3968500,2729500,10,19,14,10.7,984,189,3.7,8,6.2,78,0,64,330,-361,2
3968500,2729500,10,19,15,9.4,984,235,3.9,8,6.3,79,1,96,327,-364,2
3968500,2729500,10,19,16,9.8,984,225,3.3,8,6.3,83,0,57,325,-365,2
3968500,2729500,10,19,17,9.7,985,201,2.5,6,6.3,81,0,21,315,-362,2
3968500,2729500,10,19,18,8.9,985,219,2.1,5,6.1,82,0,1,302,-357,2
3968500,2729500,10,19,19,8.2,986,191,1.6,6,6.1,85,0,0,297,-354,2
3968500,2729500,10,19,20,7.8,986,176,1.6,6,5.9,87,0,0,298,-353,2
3968500,2729500,10,19,21,6.2,986,167,1.6,4,5.7,89,0,0,287,-352,2
3968500,2729500,10,19,22,5.2,987,128,2.3,5,5.4,93,0,0,279,-350,2
3968500,2729500,10,19,23,4.7,987,147,2.2,5,5.2,94,0,0,280,-347,2
3968500,2729500,10,19,24,4.6,988,146,2.7,3,5.1,94,0,0,270,-344,2
3968500,2729500,10,20,1,4.5,988,132,2.2,4,5.2,96,0,0,264,-343,2
3968500,2729500,10,20,2,4.8,988,153,2.3,7,5.2,96,0,0,282,-342,2
3968500,2729500,10,20,3,4.3,989,169,2.1,8,5.2,96,0,0,301,-340,2
3968500,2729500,10,20,4,4.5,989,167,1.7,5,5.1,96,0,0,289,-337,2
3968500,2729500,10,20,5,4.3,988,142,1.7,4,5.1,96,0,0,266,-334,2
3968500,2729500,10,20,6,4.4,989,145,2.1,5,5.2,97,0,0,267,-331,2
3968500,2729500,10,20,7,4.6,988,158,1.3,8,5.3,98,0,0,287,-328,2
3968500,2729500,10,20,8,4.6,988,143,1.3,8,5.4,99,2,26,300,-326,2
3968500,2729500,10,20,9,5.0,989,34,1.3,6,5.5,100,6,83,292,-328,2
3968500,2729500,10,20,10,5.5,989,175,1.4,8,5.6,99,5,122,291,-337,2
3968500,2729500,10,20,11,6.2,989,131,1.5,7,5.7,97,29,188,296,-350,2
3968500,2729500,10,20,12,7.5,989,196,1.5,6,5.8,92,85,228,294,-362,2
3968500,2729500,10,20,13,9.4,988,211,2.3,4,6.0,85,144,227,291,-371,2
3968500,2729500,10,20,14,11.2,989,135,1.8,5,6.2,77,150,200,295,-377,2
3968500,2729500,10,20,15,11.2,989,138,2.1,4,6.2,74,119,161,298,-377,2
3968500,2729500,10,20,16,11.7,988,46,1.3,2,6.1,71,83,107,287,-374,2
3968500,2729500,10,20,17,9.7,988,62,2.2,4,6.0,73,25,48,285,-369,2
3968500,2729500,10,20,18,7.6,988,121,1.9,3,5.8,82,0,5,284,-363,2
3968500,2729500,10,20,19,6.9,988,115,1.9,1,5.7,88,0,0,265,-359,2
3968500,2729500,10,20,20,6.4,989,154,1.6,1,5.6,90,0,0,252,-357,2
3968500,2729500,10,20,21,6.0,989,219,2.1,0,5.5,91,0,0,246,-356,2
3968500,2729500,10,20,22,5.0,988,35,1.0,1,5.3,92,0,0,246,-356,2
3968500,2729500,10,20,23,4.4,989,253,0.9,1,5.2,94,0,0,250,-356,2
3968500,2729500,10,20,24,4.8,989,7,1.0,0,5.1,95,0,0,245,-356,2
3968500,2729500,10,21,1,3.6,989,67,1.2,0,5.0,94,0,0,237,-356,2
3968500,2729500,10,21,2,3.6,989,13,1.9,0,4.8,96,0,0,232,-356,2
3968500,2729500,10,21,3,4.3,988,243,1.9,0,5.0,97,0,0,231,-356,2
3968500,2729500,10,21,4,3.4,988,14,2.4,0,5.1,99,0,0,228,-357,2
3968500,2729500,10,21,5,3.7,988,5,1.8,1,5.0,99,0,0,232,-357,2
3968500,2729500,10,21,6,4.0,987,134,2.0,1,5.1,100,0,0,237,-359,2
3968500,2729500,10,21,7,4.0,987,158,1.6,5,5.2,100,0,0,263,-360,2
3968500,2729500,10,21,8,5.5,986,161,1.5,6,5.4,99,15,12,297,-363,2
3968500,2729500,10,21,9,7.9,985,157,1.7,6,5.8,93,35,48,310,-365,2
3968500,2729500,10,21,10,9.2,986,161,2.4,7,6.1,85,30,85,322,-369,2
3968500,2729500,10,21,11,9.9,985,170,2.6,7,6.2,82,0,118,332,-374,2
3968500,2729500,10,21,12,10.0,984,176,2.8,8,6.6,84,0,76,341,-379,2
3968500,2729500,10,21,13,10.4,984,173,3.2,8,7.2,90,0,64,351,-382,2
3968500,2729500,10,21,14,11.1,983,159,4.4,8,7.6,92,0,48,355,-384,2
3968500,2729500,10,21,15,11.3,982,161,3.8,7,8.0,94,0,66,350,-384,2
3968500,2729500,10,21,16,11.7,982,171,3.8,7,8.4,96,15,60,344,-385,2
3968500,2729500,10,21,17,11.8,981,168,2.5,8,8.5,96,0,18,354,-385,2
3968500,2729500,10,21,18,12.2,982,174,3.9,8,8.9,98,0,0,365,-386,2
3968500,2729500,10,21,19,12.4,981,166,3.4,7,9.1,99,0,0,358,-387,2
3968500,2729500,10,21,20,12.8,981,165,2.6,7,9.1,97,0,0,352,-387,2
3968500,2729500,10,21,21,12.9,981,189,2.7,8,9.3,97,0,0,361,-387,2
3968500,2729500,10,21,22,13.0,981,175,2.5,8,9.4,97,0,0,368,-388,2
3968500,2729500,10,21,23,13.2,981,177,3.0,7,9.4,96,0,0,364,-388,2
3968500,2729500,10,21,24,13.0,980,190,2.6,7,9.3,96,0,0,359,-389,2
3968500,2729500,10,22,1,13.2,980,182,2.7,7,9.4,96,0,0,359,-390,2
3968500,2729500,10,22,2,13.2,980,140,2.7,7,9.5,96,0,0,359,-391,2
3968500,2729500,10,22,3,12.8,979,181,3.4,6,9.5,98,0,0,355,-391,2
3968500,2729500,10,22,4,13.4,979,177,3.9,4,9.7,100,0,0,341,-391,2
3968500,2729500,10,22,5,13.3,979,181,3.9,4,9.9,100,0,0,335,-393,2
3968500,2729500,10,22,6,14.5,980,190,4.4,4,10.1,98,0,0,339,-393,2
3968500,2729500,10,22,7,14.7,980,178,4.5,4,10.3,95,0,0,341,-393,2
3968500,2729500,10,22,8,14.9,981,178,3.5,3,10.2,93,8,26,333,-393,2
3968500,2729500,10,22,9,14.9,982,213,3.3,7,9.8,90,2,62,345,-393,2
3968500,2729500,10,22,10,14.2,984,258,5.6,6,8.8,82,13,113,357,-391,2
3968500,2729500,10,22,11,14.4,986,257,5.9,2,6.9,66,204,127,325,-387,2
3968500,2729500,10,22,12,15.0,988,256,5.6,1,5.5,52,355,79,294,-384,2
3968500,2729500,10,22,13,15.4,989,250,5.7,1,5.0,46,379,67,288,-381,2
3968500,2729500,10,22,14,15.2,989,223,5.3,1,4.7,43,351,60,286,-381,2
3968500,2729500,10,22,15,14.9,990,215,4.4,0,4.8,44,252,67,278,-380,2
3968500,2729500,10,22,16,14.2,990,216,3.4,1,5.0,47,129,64,276,-373,2
3968500,2729500,10,22,17,11.9,991,210,2.6,1,5.3,55,31,35,277,-365,2
3968500,2729500,10,22,18,9.6,991,186,2.4,1,5.3,64,0,3,270,-357,2
3968500,2729500,10,22,19,8.4,991,155,2.5,1,5.0,69,0,0,263,-351,2
3968500,2729500,10,22,20,8.3,992,140,2.1,1,4.8,69,0,0,260,-346,2
3968500,2729500,10,22,21,7.9,993,144,2.0,0,4.8,70,0,0,253,-343,2
3968500,2729500,10,22,22,6.7,994,148,2.8,0,4.9,75,0,0,245,-341,2
3968500,2729500,10,22,23,5.6,994,183,3.0,0,4.9,81,0,0,241,-339,2
3968500,2729500,10,22,24,5.6,994,179,3.1,0,4.9,84,0,0,238,-338,2
3968500,2729500,10,23,1,5.3,994,183,2.5,1,4.8,84,0,0,242,-335,2
3968500,2729500,10,23,2,5.6,994,189,2.8,2,4.8,84,0,0,253,-334,2
3968500,2729500,10,23,3,5.0,994,178,2.1,2,4.7,83,0,0,258,-332,2
3968500,2729500,10,23,4,4.7,994,175,2.0,1,4.6,84,0,0,250,-330,2
3968500,2729500,10,23,5,5.6,994,162,2.6,2,4.7,84,0,0,251,-328,2
3968500,2729500,10,23,6,5.3,994,165,2.9,2,4.8,84,0,0,257,-327,2
3968500,2729500,10,23,7,6.0,994,161,3.1,1,4.9,85,0,0,251,-325,2
3968500,2729500,10,23,8,6.5,994,187,2.8,1,5.2,87,15,28,246,-323,2
3968500,2729500,10,23,9,9.0,994,200,3.6,1,5.6,84,92,71,250,-325,2
3968500,2729500,10,23,10,10.8,994,182,4.4,3,6.1,78,198,93,268,-334,2
3968500,2729500,10,23,11,12.6,995,229,5.1,4,6.5,74,277,105,291,-346,2
3968500,2729500,10,23,12,13.9,995,228,5.6,4,6.7,70,315,114,303,-358,2
3968500,2729500,10,23,13,15.1,995,185,5.3,2,6.8,65,346,100,294,-368,2
3968500,2729500,10,23,14,15.3,994,204,6.2,2,6.8,62,309,95,286,-374,2
3968500,2729500,10,23,15,15.3,993,177,6.2,2,6.8,62,223,92,286,-375,2
3968500,2729500,10,23,16,14.8,993,173,5.5,2,7.0,64,103,80,285,-372,2
3968500,2729500,10,23,17,13.5,993,175,4.6,3,7.0,68,22,38,290,-366,2
3968500,2729500,10,23,18,12.1,993,161,3.1,2,6.8,72,0,3,286,-359,2
3968500,2729500,10,23,19,11.2,993,167,2.9,2,6.6,76,0,0,277,-356,2
3968500,2729500,10,23,20,11.5,993,170,3.1,2,6.7,78,0,0,277,-357,2
3968500,2729500,10,23,21,11.0,993,161,2.9,2,6.7,79,0,0,278,-358,2
3968500,2729500,10,23,22,10.5,993,164,2.0,1,6.6,81,0,0,272,-355,2
3968500,2729500,10,23,23,9.2,993,173,2.5,1,6.5,84,0,0,264,-353,2
3968500,2729500,10,23,24,9.6,992,181,3.0,5,6.4,86,0,0,283,-355,2
3968500,2729500,10,24,1,8.1,992,196,3.2,1,6.3,87,0,0,281,-358,2
3968500,2729500,10,24,2,7.6,991,195,3.6,1,6.1,90,0,0,256,-360,2
3968500,2729500,10,24,3,6.7,991,186,3.7,3,6.0,94,0,0,263,-361,2
3968500,2729500,10,24,4,8.3,990,187,4.1,3,6.2,93,0,0,275,-363,2
3968500,2729500,10,24,5,8.8,990,186,4.4,3,6.4,90,0,0,278,-365,2
3968500,2729500,10,24,6,8.9,990,194,3.7,4,6.5,89,0,0,285,-367,2
3968500,2729500,10,24,7,9.3,990,196,3.9,4,6.7,90,0,0,292,-368,2
3968500,2729500,10,24,8,11.2,990,177,5.4,5,7.2,90,0,7,304,-370,2
3968500,2729500,10,24,9,12.2,990,183,6.4,8,7.7,88,0,46,335,-372,2
3968500,2729500,10,24,10,12.8,990,180,5.8,8,8.0,86,0,49,357,-375,2
3968500,2729500,10,24,11,13.8,990,201,5.6,8,8.2,84,3,118,357,-378,2
3968500,2729500,10,24,12,15.5,990,184,5.8,6,8.3,77,82,157,349,-380,2
3968500,2729500,10,24,13,16.1,990,186,6.4,6,8.0,70,144,135,340,-383,2
3968500,2729500,10,24,14,16.3,989,185,6.6,8,7.7,66,8,129,349,-387,2
3968500,2729500,10,24,15,16.2,989,179,7.2,7,7.9,67,9,108,353,-391,2
3968500,2729500,10,24,16,15.7,988,182,6.6,7,8.1,70,23,74,348,-390,2
3968500,2729500,10,24,17,15.2,988,208,6.0,6,8.1,72,4,25,342,-386,2
3968500,2729500,10,24,18,15.4,988,186,5.5,6,8.3,75,0,0,337,-381,2
3968500,2729500,10,24,19,15.1,988,216,5.2,5,8.5,76,0,0,331,-377,2
3968500,2729500,10,24,20,15.3,988,178,5.3,5,8.6,78,0,0,325,-374,2
3968500,2729500,10,24,21,15.8,988,191,5.8,6,8.8,78,0,0,330,-372,2
3968500,2729500,10,24,22,15.7,988,186,5.1,6,8.9,77,0,0,336,-370,2
3968500,2729500,10,24,23,15.4,988,191,4.9,6,8.8,78,0,0,335,-369,2
3968500,2729500,10,24,24,15.1,988,179,4.8,5,8.8,79,0,0,329,-367,2
3968500,2729500,10,25,1,14.3,988,161,5.3,7,8.7,81,0,0,334,-366,2
3968500,2729500,10,25,2,14.4,988,160,5.6,7,8.7,83,0,0,345,-365,2
3968500,2729500,10,25,3,13.7,988,162,5.3,6,8.6,84,0,0,338,-366,2
3968500,2729500,10,25,4,13.1,988,172,5.0,5,8.4,85,0,0,325,-367,2
3968500,2729500,10,25,5,12.9,988,173,4.8,3,8.3,86,0,0,305,-368,2
3968500,2729500,10,25,6,12.9,988,180,4.2,4,8.1,85,0,0,297,-369,2
3968500,2729500,10,25,7,12.3,988,178,4.4,4,8.0,86,0,0,302,-370,2
3968500,2729500,10,25,8,12.4,988,169,5.5,5,8.1,88,8,24,307,-371,2
3968500,2729500,10,25,9,13.6,988,166,5.9,5,8.3,86,44,80,317,-372,2
3968500,2729500,10,25,10,14.8,988,174,6.3,5,8.6,83,114,129,322,-374,2
3968500,2729500,10,25,11,15.9,988,172,5.9,6,8.9,79,145,167,336,-377,2
3968500,2729500,10,25,12,17.8,988,173,5.9,6,9.2,75,183,182,347,-383,2
3968500,2729500,10,25,13,18.1,988,174,5.5,5,9.5,72,194,183,342,-391,2
3968500,2729500,10,25,14,18.6,987,178,4.9,5,9.4,69,204,159,336,-397,2
3968500,2729500,10,25,15,18.8,986,175,4.7,5,9.2,66,139,136,338,-399,2
3968500,2729500,10,25,16,17.7,986,186,3.7,6,9.0,67,40,90,341,-396,2
3968500,2729500,10,25,17,17.0,986,173,3.8,7,8.8,69,0,23,347,-390,2
3968500,2729500,10,25,18,16.2,986,167,3.2,7,8.8,72,0,0,350,-383,2
3968500,2729500,10,25,19,14.9,986,157,2.7,5,8.7,77,0,0,340,-378,2
3968500,2729500,10,25,20,14.0,986,163,2.4,5,8.5,81,0,0,331,-375,2
3968500,2729500,10,25,21,13.1,986,164,2.2,4,8.4,84,0,0,328,-373,2
3968500,2729500,10,25,22,12.4,986,164,2.2,4,8.2,87,0,0,318,-371,2
3968500,2729500,10,25,23,11.8,986,174,2.5,4,7.9,87,0,0,310,-371,2
3968500,2729500,10,25,24,11.4,986,185,3.1,4,7.6,86,0,0,314,-372,2
3968500,2729500,10,26,1,10.9,974,199,3.7,5,7.1,83,0,0,333,-361,2
3968500,2729500,10,26,2,10.6,975,209,4.5,5,6.7,80,0,0,328,-359,2
3968500,2729500,10,26,3,10.4,975,223,5.4,5,6.3,77,0,0,320,-358,2
3968500,2729500,10,26,4,10.3,975,227,6.1,4,6.0,74,0,0,304,-356,2
3968500,2729500,10,26,5,10.2,975,234,5.9,5,6.1,74,0,0,292,-355,2
3968500,2729500,10,26,6,10.1,976,232,6.7,5,5.8,72,0,0,299,-353,2
3968500,2729500,10,26,7,10.2,977,252,5.9,7,5.9,73,0,0,318,-352,2
3968500,2729500,10,26,8,10.4,979,236,7.5,8,5.8,72,10,21,333,-354,2
3968500,2729500,10,26,9,11.3,980,235,6.3,5,5.6,67,41,66,325,-356,2
3968500,2729500,10,26,10,12.3,982,262,5.3,4,5.4,60,80,109,307,-358,2
3968500,2729500,10,26,11,13.2,983,229,4.6,3,5.2,55,117,138,300,-360,2
3968500,2729500,10,26,12,12.6,984,252,7.8,4,5.0,53,75,166,299,-364,2
3968500,2729500,10,26,13,13.1,985,250,7.7,4,4.9,52,52,163,305,-365,2
3968500,2729500,10,26,14,11.9,986,254,6.6,5,4.8,52,19,135,308,-363,2
3968500,2729500,10,26,15,11.8,987,254,8.8,6,4.8,54,3,92,314,-362,2
3968500,2729500,10,26,16,11.2,988,261,7.4,7,4.9,57,0,40,319,-360,2
3968500,2729500,10,26,17,9.6,990,262,5.6,7,5.2,65,0,10,314,-357,2
3968500,2729500,10,26,18,9.4,991,247,3.9,6,5.4,72,0,0,304,-352,2
3968500,2729500,10,26,19,9.9,992,254,4.3,5,5.4,71,0,0,295,-347,2
3968500,2729500,10,26,20,9.5,992,225,3.9,6,5.4,70,0,0,294,-345,2
3968500,2729500,10,26,21,9.6,993,194,2.8,6,5.3,70,0,0,297,-343,2
3968500,2729500,10,26,22,8.5,994,191,2.9,5,5.3,72,0,0,292,-340,2
3968500,2729500,10,26,23,8.0,994,221,2.8,5,5.3,77,0,0,286,-336,2
3968500,2729500,10,26,24,7.8,994,199,2.8,6,5.3,79,0,0,289,-333,2
3968500,2729500,10,27,1,7.3,994,185,3.2,8,5.4,82,0,0,301,-331,2
3968500,2729500,10,27,2,7.6,994,175,3.7,8,5.5,84,0,0,311,-330,2
3968500,2729500,10,27,3,7.6,993,175,4.1,8,5.6,85,0,0,313,-329,2
3968500,2729500,10,27,4,8.4,992,180,4.4,8,5.9,86,0,0,315,-328,2
3968500,2729500,10,27,5,8.6,991,183,3.5,8,6.3,89,0,0,321,-330,2
3968500,2729500,10,27,6,8.3,989,178,4.7,8,6.7,94,0,0,325,-334,2
3968500,2729500,10,27,7,8.6,988,172,4.9,8,6.9,98,0,0,331,-340,2
3968500,2729500,10,27,8,8.9,986,178,5.4,8,7.1,98,0,4,336,-345,2
3968500,2729500,10,27,9,9.2,984,179,6.6,8,7.1,96,0,26,341,-350,2
3968500,2729500,10,27,10,9.6,982,190,7.6,8,7.3,96,0,47,344,-353,2
3968500,2729500,10,27,11,10.4,981,181,7.6,7,7.7,97,0,86,344,-355,2
3968500,2729500,10,27,12,10.9,979,178,7.0,8,8.1,97,0,88,348,-357,2
3968500,2729500,10,27,13,11.7,977,170,6.9,8,8.5,98,0,43,357,-359,2
3968500,2729500,10,27,14,13.9,975,256,4.3,7,8.6,90,0,41,358,-366,2
3968500,2729500,10,27,15,13.5,974,236,8.8,7,7.3,72,0,81,355,-371,2
3968500,2729500,10,27,16,12.9,975,230,9.7,6,6.1,62,64,30,347,-367,2
3968500,2729500,10,27,17,12.3,975,227,12.7,6,5.5,59,0,11,337,-360,2
3968500,2729500,10,27,18,11.0,975,242,8.9,6,5.5,62,0,0,332,-353,2
3968500,2729500,10,27,19,9.8,977,245,7.1,8,5.8,71,0,0,337,-349,2
3968500,2729500,10,27,20,9.5,978,233,6.9,8,6.0,78,0,0,342,-348,2
3968500,2729500,10,27,21,8.8,979,242,6.8,8,6.2,84,0,0,340,-347,2
3968500,2729500,10,27,22,8.9,982,252,9.0,8,6.1,83,0,0,337,-344,2
3968500,2729500,10,27,23,9.3,984,252,10.6,8,5.7,77,0,0,337,-342,2
3968500,2729500,10,27,24,9.0,987,264,9.3,7,5.5,74,0,0,329,-340,2
3968500,2729500,10,28,1,7.3,988,266,8.1,8,5.5,80,0,0,326,-340,2
3968500,2729500,10,28,2,7.6,990,272,8.5,8,5.4,82,0,0,329,-341,2
3968500,2729500,10,28,3,7.9,992,265,7.7,7,5.1,75,0,0,324,-341,2
3968500,2729500,10,28,4,7.6,994,268,8.1,6,5.0,74,0,0,313,-341,2
3968500,2729500,10,28,5,7.1,995,281,6.7,7,5.1,78,0,0,312,-341,2
3968500,2729500,10,28,6,7.6,996,256,9.0,6,4.9,76,0,0,310,-342,2
3968500,2729500,10,28,7,8.0,997,257,8.5,6,4.7,71,0,0,304,-342,2
3968500,2729500,10,28,8,6.7,997,264,8.3,6,4.8,74,0,10,301,-341,2
3968500,2729500,10,28,9,6.4,999,291,5.3,7,5.1,83,21,49,303,-341,2
3968500,2729500,10,28,10,8.4,1000,267,6.6,6,5.1,78,39,85,306,-344,2
3968500,2729500,10,28,11,9.7,1001,268,6.8,6,4.9,67,24,113,305,-348,2
3968500,2729500,10,28,12,9.3,1001,265,8.5,7,4.6,62,0,120,308,-350,2
3968500,2729500,10,28,13,10.3,1001,265,7.6,6,4.5,60,14,121,305,-352,2
3968500,2729500,10,28,14,10.5,1002,254,6.8,6,4.5,57,67,93,297,-353,2
3968500,2729500,10,28,15,10.3,1002,268,6.8,6,4.5,57,42,79,293,-353,2
3968500,2729500,10,28,16,10.0,1002,259,6.1,5,4.5,58,56,33,284,-350,2
3968500,2729500,10,28,17,9.0,1002,259,5.0,3,4.6,61,17,14,270,-344,2
3968500,2729500,10,28,18,7.4,1002,260,3.1,3,4.6,67,0,0,259,-339,2
3968500,2729500,10,28,19,6.8,1003,211,2.3,3,4.6,72,0,0,256,-334,2
3968500,2729500,10,28,20,6.1,1003,207,1.9,4,4.6,76,0,0,257,-331,2
3968500,2729500,10,28,21,5.3,1004,190,1.4,6,4.7,81,0,0,267,-329,2
3968500,2729500,10,28,22,4.0,1004,172,2.0,3,4.6,86,0,0,259,-327,2
3968500,2729500,10,28,23,3.4,1004,175,2.1,2,4.5,90,0,0,239,-325,2
3968500,2729500,10,28,24,3.5,1004,169,2.4,3,4.5,92,0,0,238,-325,2
3968500,2729500,10,29,1,2.3,1004,181,1.7,4,4.5,95,0,0,245,-325,2
3968500,2729500,10,29,2,3.1,1005,157,2.3,5,4.5,97,0,0,254,-324,2
3968500,2729500,10,29,3,2.8,1005,151,3.1,4,4.5,96,0,0,255,-323,2
3968500,2729500,10,29,4,3.1,1004,153,3.1,5,4.5,95,0,0,256,-323,2
3968500,2729500,10,29,5,3.5,1004,161,2.8,6,4.6,94,0,0,266,-323,2
3968500,2729500,10,29,6,3.3,1004,158,2.2,6,4.7,95,0,0,272,-324,2
3968500,2729500,10,29,7,3.6,1003,170,2.9,5,4.7,96,0,0,268,-325,2
3968500,2729500,10,29,8,3.7,1003,161,2.6,5,4.7,94,0,17,266,-325,2
3968500,2729500,10,29,9,5.3,1003,163,3.1,3,4.9,92,43,75,258,-328,2
3968500,2729500,10,29,10,6.3,1003,156,3.0,7,5.1,88,59,126,272,-333,2
3968500,2729500,10,29,11,7.3,1002,163,2.9,7,5.3,85,33,155,296,-340,2
3968500,2729500,10,29,12,7.7,1001,180,2.8,6,5.4,82,39,175,293,-347,2
3968500,2729500,10,29,13,8.2,1001,178,2.4,7,5.4,81,5,139,294,-351,2
3968500,2729500,10,29,14,8.6,999,148,2.0,8,5.4,78,13,137,307,-354,2
3968500,2729500,10,29,15,8.8,997,170,3.0,8,5.4,76,2,94,316,-356,2
3968500,2729500,10,29,16,8.6,997,158,2.2,7,5.5,78,1,58,313,-355,2
3968500,2729500,10,29,17,8.1,996,88,2.6,7,5.5,79,0,17,308,-350,2
3968500,2729500,10,29,18,7.4,994,111,2.1,7,5.3,80,0,0,308,-346,2
3968500,2729500,10,29,19,7.1,994,130,2.2,7,5.4,83,0,0,309,-343,2
3968500,2729500,10,29,20,7.2,993,150,2.3,7,5.5,85,0,0,310,-342,2
3968500,2729500,10,29,21,7.2,992,134,2.3,8,5.4,84,0,0,317,-341,2
3968500,2729500,10,29,22,7.2,991,166,2.8,6,5.3,83,0,0,312,-341,2
3968500,2729500,10,29,23,7.1,990,172,2.6,7,5.3,83,0,0,307,-341,2
3968500,2729500,10,29,24,7.3,989,179,3.9,8,5.3,83,0,0,318,-341,2
3968500,2729500,10,30,1,7.2,989,180,3.4,8,5.4,83,0,0,325,-342,2
3968500,2729500,10,30,2,6.9,988,193,3.6,8,5.6,87,0,0,326,-343,2
3968500,2729500,10,30,3,6.4,988,179,2.4,8,5.8,94,0,0,326,-344,2
3968500,2729500,10,30,4,6.3,988,168,1.8,8,6.0,98,0,0,327,-344,2
3968500,2729500,10,30,5,6.4,988,163,1.0,8,6.1,99,0,0,328,-344,2
3968500,2729500,10,30,6,6.4,988,128,0.8,8,6.1,99,0,0,329,-345,2
3968500,2729500,10,30,7,6.5,989,141,1.0,8,6.1,99,0,0,331,-345,2
3968500,2729500,10,30,8,7.0,989,64,1.1,8,6.2,99,0,3,333,-345,2
3968500,2729500,10,30,9,7.2,990,62,1.5,8,6.3,97,0,34,336,-346,2
3968500,2729500,10,30,10,8.3,991,328,1.1,5,6.2,93,25,129,317,-347,2
3968500,2729500,10,30,11,8.7,991,36,2.7,4,6.0,85,85,176,291,-349,2
3968500,2729500,10,30,12,9.5,992,50,2.2,4,5.6,76,110,203,285,-349,2
3968500,2729500,10,30,13,10.4,993,19,1.5,5,5.4,70,111,201,294,-349,2
3968500,2729500,10,30,14,10.4,993,55,1.3,5,5.4,67,111,180,302,-351,2
3968500,2729500,10,30,15,11.0,993,78,1.6,5,5.3,65,64,138,300,-353,2
3968500,2729500,10,30,16,10.3,994,63,2.2,5,5.2,63,31,86,296,-354,2
3968500,2729500,10,30,17,8.8,993,44,2.3,6,5.0,66,3,25,298,-352,2
3968500,2729500,10,30,18,6.9,993,56,2.2,6,5.0,75,0,0,299,-349,2
3968500,2729500,10,30,19,6.1,994,32,2.0,4,5.1,83,0,0,280,-346,2
3968500,2729500,10,30,20,5.3,995,346,2.0,5,5.1,88,0,0,272,-343,2
3968500,2729500,10,30,21,5.5,995,295,1.8,6,5.0,88,0,0,286,-340,2
3968500,2729500,10,30,22,5.8,995,338,1.6,5,5.0,86,0,0,289,-337,2
3968500,2729500,10,30,23,5.2,995,331,1.7,5,5.0,87,0,0,284,-335,2
3968500,2729500,10,30,24,5.7,995,325,2.2,5,5.0,88,0,0,286,-335,2
3968500,2729500,10,31,1,5.5,995,342,2.5,6,5.1,89,0,0,295,-335,2
3968500,2729500,10,31,2,5.8,995,333,2.4,4,5.1,88,0,0,289,-334,2
3968500,2729500,10,31,3,6.0,995,360,1.9,5,5.1,87,0,0,285,-332,2
3968500,2729500,10,31,4,5.4,995,2,2.4,4,5.1,88,0,0,284,-332,2
3968500,2729500,10,31,5,6.1,995,327,1.8,6,5.0,87,0,0,289,-334,2
3968500,2729500,10,31,6,5.8,995,48,2.1,6,5.1,86,0,0,300,-335,2
3968500,2729500,10,31,7,5.8,994,351,2.0,7,5.1,87,0,0,303,-337,2
3968500,2729500,10,31,8,5.9,995,23,1.9,8,5.1,86,0,8,312,-338,2
3968500,2729500,10,31,9,5.9,995,345,1.8,7,5.0,86,0,47,313,-339,2
3968500,2729500,10,31,10,6.8,995,33,1.3,8,5.0,83,0,48,314,-342,2
3968500,2729500,10,31,11,7.4,995,74,0.9,8,5.1,80,0,98,321,-345,2
3968500,2729500,10,31,12,7.4,995,33,0.9,7,5.2,80,1,134,316,-350,2
3968500,2729500,10,31,13,8.5,995,26,1.9,8,5.5,81,0,113,317,-355,2
3968500,2729500,10,31,14,8.8,995,78,1.5,8,5.8,81,0,70,325,-359,2
3968500,2729500,10,31,15,9.1,995,58,1.0,7,5.8,80,0,57,322,-360,2
3968500,2729500,10,31,16,9.2,995,79,1.1,5,6.0,81,10,87,305,-359,2
3968500,2729500,10,31,17,8.7,995,134,0.9,6,6.1,84,2,26,299,-356,2
3968500,2729500,10,31,18,7.8,996,47,0.9,7,6.0,87,0,0,309,-353,2
3968500,2729500,10,31,19,7.0,996,358,1.0,5,5.8,90,0,0,301,-351,2
3968500,2729500,10,31,20,7.0,997,159,1.0,6,5.8,92,0,0,294,-351,2
3968500,2729500,10,31,21,7.3,997,306,1.3,4,5.8,91,0,0,289,-350,2
3968500,2729500,10,31,22,6.2,997,84,1.3,7,5.8,93,0,0,295,-349,2
3968500,2729500,10,31,23,6.0,998,193,1.1,7,5.7,95,0,0,310,-349,2
3968500,2729500,10,31,24,5.6,998,192,0.4,3,5.5,94,0,0,286,-346,2
3968500,2729500,11,1,1,4.5,998,155,1.3,6,4.9,91,0,0,293,-339,2
3968500,2729500,11,1,2,3.4,998,162,1.8,6,4.7,93,0,0,293,-337,2
3968500,2729500,11,1,3,3.4,998,174,2.2,6,4.7,95,0,0,291,-332,2
3968500,2729500,11,1,4,3.9,998,164,2.3,7,4.7,94,0,0,298,-328,2
3968500,2729500,11,1,5,4.4,998,163,2.5,7,4.8,93,0,0,304,-326,2
3968500,2729500,11,1,6,4.2,998,148,2.9,8,4.9,94,0,0,310,-325,2
3968500,2729500,11,1,7,4.8,998,149,2.6,6,5.1,95,0,0,304,-323,2
3968500,2729500,11,1,8,5.1,998,163,2.8,7,5.2,95,0,1,297,-321,2
3968500,2729500,11,1,9,5.1,998,138,2.9,7,5.3,96,0,26,303,-322,2
3968500,2729500,11,1,10,5.3,998,102,2.6,7,5.5,98,30,58,303,-328,2
3968500,2729500,11,1,11,6.1,998,170,3.3,6,5.7,98,0,70,297,-339,2
3968500,2729500,11,1,12,6.4,997,183,3.4,8,6.0,99,0,65,303,-350,2
3968500,2729500,11,1,13,6.9,996,195,3.0,8,6.2,100,0,61,315,-358,2
3968500,2729500,11,1,14,7.5,995,177,2.6,8,6.4,99,0,51,316,-363,2
3968500,2729500,11,1,15,7.9,994,201,2.5,8,6.6,99,0,32,318,-364,2
3968500,2729500,11,1,16,8.4,994,157,3.1,8,6.8,99,0,27,321,-362,2
3968500,2729500,11,1,17,8.6,993,172,3.3,8,6.9,98,0,4,323,-358,2
3968500,2729500,11,1,18,8.8,993,151,3.1,8,7.0,97,0,0,324,-351,2
3968500,2729500,11,1,19,9.1,992,176,2.3,8,7.2,98,0,0,326,-346,2
3968500,2729500,11,1,20,9.1,992,164,2.9,8,7.3,99,0,0,327,-345,2
3968500,2729500,11,1,21,9.2,992,161,2.8,7,7.3,99,0,0,324,-347,2
3968500,2729500,11,1,22,9.6,992,163,3.7,8,7.4,98,0,0,326,-349,2
3968500,2729500,11,1,23,10.0,992,173,4.2,8,7.5,97,0,0,336,-351,2
3968500,2729500,11,1,24,10.1,991,154,3.0,7,7.6,96,0,0,334,-353,2
3968500,2729500,11,2,1,10.1,991,151,3.5,8,7.7,98,0,0,336,-355,2
3968500,2729500,11,2,2,10.1,990,173,3.9,8,7.8,99,0,0,345,-357,2
3968500,2729500,11,2,3,10.2,989,166,3.9,7,7.9,99,0,0,340,-359,2
3968500,2729500,11,2,4,10.1,988,182,3.6,8,7.9,99,0,0,341,-360,2
3968500,2729500,11,2,5,10.2,987,221,3.9,8,7.8,99,0,0,350,-362,2
3968500,2729500,11,2,6,10.4,987,182,3.3,8,7.9,98,0,0,352,-364,2
3968500,2729500,11,2,7,10.3,986,179,2.7,7,7.9,98,0,0,341,-364,2
3968500,2729500,11,2,8,10.5,986,184,2.2,8,7.9,98,0,1,342,-365,2
3968500,2729500,11,2,9,10.5,986,184,2.3,8,8.0,99,0,24,354,-366,2
3968500,2729500,11,2,10,10.9,987,178,1.8,7,8.2,99,0,65,345,-367,2
3968500,2729500,11,2,11,12.1,988,167,2.8,8,8.6,98,0,84,348,-369,2
3968500,2729500,11,2,12,12.2,988,184,3.8,8,8.7,96,0,72,362,-374,2
3968500,2729500,11,2,13,12.6,989,285,4.1,7,8.3,90,0,86,353,-380,2
3968500,2729500,11,2,14,13.2,989,322,3.7,5,8.0,84,30,97,328,-385,2
3968500,2729500,11,2,15,12.7,990,13,3.1,7,7.9,83,0,50,328,-385,2
3968500,2729500,11,2,16,9.7,991,10,3.0,8,7.7,91,0,30,348,-382,2
3968500,2729500,11,2,17,8.6,991,22,3.3,8,7.3,98,2,10,349,-377,2
3968500,2729500,11,2,18,8.0,992,22,3.5,8,6.8,98,0,0,346,-371,2
3968500,2729500,11,2,19,7.6,993,61,2.4,7,6.6,98,0,0,337,-369,2
3968500,2729500,11,2,20,7.2,993,78,2.6,8,6.3,96,0,0,336,-368,2
3968500,2729500,11,2,21,6.6,993,109,3.3,8,6.0,94,0,0,341,-368,2
3968500,2729500,11,2,22,6.5,993,107,3.3,8,5.8,94,0,0,340,-368,2
3968500,2729500,11,2,23,6.4,993,86,3.4,8,5.8,95,0,0,340,-368,2
3968500,2729500,11,2,24,6.2,993,111,3.0,8,5.8,95,0,0,340,-368,2
3968500,2729500,11,3,1,5.9,992,121,4.1,8,5.7,95,0,0,339,-368,2
3968500,2729500,11,3,2,6.0,992,123,2.8,8,5.7,96,0,0,339,-368,2
3968500,2729500,11,3,3,5.7,991,125,3.8,8,5.7,97,0,0,338,-369,2
3968500,2729500,11,3,4,5.7,990,123,3.7,8,5.6,97,0,0,337,-369,2
3968500,2729500,11,3,5,5.8,989,101,3.5,8,5.6,96,0,0,336,-370,2
3968500,2729500,11,3,6,5.4,988,101,4.1,7,5.6,97,0,0,329,-370,2
3968500,2729500,11,3,7,6.0,987,81,3.0,8,5.7,98,0,0,329,-371,2
3968500,2729500,11,3,8,6.0,986,95,2.9,8,5.8,97,0,1,338,-372,2
3968500,2729500,11,3,9,5.8,985,92,2.5,8,5.9,99,1,38,337,-373,2
3968500,2729500,11,3,10,6.3,984,118,2.2,7,6.0,100,0,57,329,-374,2
3968500,2729500,11,3,11,6.8,984,87,2.7,7,6.2,100,0,46,323,-375,2
3968500,2729500,11,3,12,6.8,983,26,2.8,7,6.3,99,0,53,325,-376,2
3968500,2729500,11,3,13,6.8,982,120,2.3,8,6.3,99,0,43,332,-377,2
3968500,2729500,11,3,14,7.3,983,118,1.8,7,6.5,100,0,45,333,-379,2
3968500,2729500,11,3,15,7.6,983,141,1.7,7,6.6,100,0,57,327,-378,2
3968500,2729500,11,3,16,7.4,983,155,1.6,8,6.7,100,0,15,331,-377,2
3968500,2729500,11,3,17,7.5,983,179,2.0,8,6.6,100,0,4,333,-375,2
3968500,2729500,11,3,18,7.8,983,211,2.8,7,6.7,100,0,0,327,-372,2
3968500,2729500,11,3,19,8.1,984,196,3.6,8,6.9,100,0,0,327,-368,2
3968500,2729500,11,3,20,8.0,984,160,3.3,8,6.9,100,0,0,333,-365,2
3968500,2729500,11,3,21,7.6,984,145,3.9,7,6.8,100,0,0,326,-363,2
3968500,2729500,11,3,22,7.4,985,121,2.1,6,6.7,100,0,0,312,-362,2
3968500,2729500,11,3,23,6.9,984,176,3.0,6,6.5,100,0,0,303,-359,2
3968500,2729500,11,3,24,6.3,985,140,3.0,6,6.3,100,0,0,303,-356,2
3968500,2729500,11,4,1,5.0,985,174,1.7,6,5.8,100,0,0,301,-353,2
3968500,2729500,11,4,2,6.1,985,141,1.9,6,5.8,100,0,0,301,-353,2
3968500,2729500,11,4,3,6.0,985,169,1.7,5,6.0,100,0,0,298,-353,2
3968500,2729500,11,4,4,5.9,986,179,1.2,5,6.0,100,0,0,293,-354,2
3968500,2729500,11,4,5,6.3,986,171,1.6,7,6.0,100,0,0,305,-355,2
3968500,2729500,11,4,6,6.5,986,132,0.5,7,6.1,99,0,0,318,-355,2
3968500,2729500,11,4,7,6.4,987,158,2.2,8,6.1,99,0,0,324,-356,2
3968500,2729500,11,4,8,6.6,987,176,1.6,8,6.1,98,0,0,332,-356,2
3968500,2729500,11,4,9,6.8,988,148,2.2,8,6.2,99,0,36,331,-356,2
3968500,2729500,11,4,10,7.1,988,206,1.6,7,6.4,100,0,49,326,-357,2
3968500,2729500,11,4,11,7.8,989,248,0.8,8,6.6,100,0,40,328,-360,2
3968500,2729500,11,4,12,8.5,989,359,1.9,6,6.8,98,0,88,324,-363,2
3968500,2729500,11,4,13,9.5,990,349,2.2,5,6.8,92,31,180,305,-365,2
3968500,2729500,11,4,14,9.9,991,359,2.0,6,6.6,86,20,151,306,-367,2
3968500,2729500,11,4,15,9.1,991,0,1.7,8,6.7,88,0,70,326,-367,2
3968500,2729500,11,4,16,8.7,990,3,1.7,8,6.9,95,0,21,339,-365,2
3968500,2729500,11,4,17,7.8,991,350,3.1,8,6.8,98,0,3,337,-363,2
3968500,2729500,11,4,18,7.5,992,346,2.2,7,6.6,99,0,0,329,-359,2
3968500,2729500,11,4,19,7.2,992,9,2.8,8,6.4,98,0,0,328,-357,2
3968500,2729500,11,4,20,6.2,993,64,2.8,8,6.1,99,0,0,330,-358,2
3968500,2729500,11,4,21,5.4,994,18,3.0,8,5.8,99,0,0,327,-357,2
3968500,2729500,11,4,22,4.7,995,28,3.1,8,5.5,99,0,0,323,-357,2
3968500,2729500,11,4,23,4.0,995,48,3.0,8,5.0,95,0,0,320,-356,2
3968500,2729500,11,4,24,3.3,996,70,2.7,8,4.6,90,0,0,316,-356,2
3968500,2729500,11,5,1,2.8,988,94,2.3,8,4.2,86,0,0,286,-309,2
3968500,2729500,11,5,2,2.5,988,109,2.0,8,4.0,86,0,0,293,-309,2
3968500,2729500,11,5,3,2.4,988,120,2.0,8,4.0,88,0,0,291,-307,2
3968500,2729500,11,5,4,2.5,987,126,2.0,8,4.3,94,0,0,293,-306,2
3968500,2729500,11,5,5,2.8,987,127,2.1,8,4.3,92,0,0,301,-304,2
3968500,2729500,11,5,6,3.2,986,144,2.1,8,4.7,98,0,0,303,-303,2
3968500,2729500,11,5,7,4.0,986,132,2.5,7,4.8,96,0,0,303,-302,2
3968500,2729500,11,5,8,4.3,985,144,2.1,8,4.8,92,0,0,306,-303,2
3968500,2729500,11,5,9,4.4,985,167,2.9,8,5.0,94,6,46,314,-308,2
3968500,2729500,11,5,10,4.8,985,162,2.4,7,5.2,96,2,77,312,-313,2
3968500,2729500,11,5,11,5.5,985,145,2.6,7,5.4,97,1,93,309,-316,2
3968500,2729500,11,5,12,5.7,984,145,2.3,7,5.6,97,0,59,311,-319,2
3968500,2729500,11,5,13,6.5,984,188,3.1,8,5.8,95,0,39,318,-323,2
3968500,2729500,11,5,14,7.1,983,177,1.9,8,6.0,94,0,48,326,-327,2
3968500,2729500,11,5,15,7.4,983,182,3.6,8,6.2,94,0,32,328,-332,2
3968500,2729500,11,5,16,7.8,983,183,3.2,7,6.4,96,0,25,323,-336,2
3968500,2729500,11,5,17,7.7,982,165,2.7,8,6.5,96,0,4,324,-336,2
3968500,2729500,11,5,18,8.1,982,157,1.5,8,6.5,95,0,0,331,-336,2
3968500,2729500,11,5,19,8.2,981,49,1.0,7,6.6,94,0,0,326,-335,2
3968500,2729500,11,5,20,8.4,981,129,2.2,7,6.6,94,0,0,319,-334,2
3968500,2729500,11,5,21,8.0,981,137,2.6,7,6.7,95,0,0,317,-335,2
3968500,2729500,11,5,22,8.0,980,142,1.7,8,6.5,94,0,0,328,-337,2
3968500,2729500,11,5,23,8.1,979,150,1.4,8,6.3,90,0,0,341,-337,2
3968500,2729500,11,5,24,7.9,978,151,1.3,7,6.1,88,0,0,329,-337,2
3968500,2729500,11,6,1,7.9,977,189,1.7,7,5.9,85,0,0,315,-337,2
3968500,2729500,11,6,2,7.2,976,171,2.1,8,5.8,86,0,0,327,-339,2
3968500,2729500,11,6,3,6.8,975,168,0.9,8,5.9,92,0,0,339,-339,2
3968500,2729500,11,6,4,6.8,974,142,1.4,8,6.1,95,0,0,339,-339,2
3968500,2729500,11,6,5,6.8,973,151,1.1,8,6.1,95,0,0,339,-341,2
3968500,2729500,11,6,6,6.9,972,180,1.7,8,6.0,94,0,0,339,-343,2
3968500,2729500,11,6,7,7.0,971,194,3.7,8,5.8,90,0,0,339,-348,2
3968500,2729500,11,6,8,6.6,971,192,3.1,8,5.7,88,0,2,339,-353,2
3968500,2729500,11,6,9,7.1,970,186,4.5,8,5.8,90,0,30,340,-356,2
3968500,2729500,11,6,10,8.3,970,179,4.1,8,6.0,87,0,33,341,-358,2
3968500,2729500,11,6,11,8.2,970,165,1.8,8,6.3,89,0,31,344,-360,2
3968500,2729500,11,6,12,8.4,971,164,1.7,8,6.8,95,0,48,345,-361,2
3968500,2729500,11,6,13,8.8,971,146,2.6,8,7.1,98,0,52,346,-362,2
3968500,2729500,11,6,14,9.3,970,153,3.0,8,7.4,98,0,48,347,-362,2
3968500,2729500,11,6,15,9.8,970,147,2.4,8,7.6,98,0,33,350,-362,2
3968500,2729500,11,6,16,9.9,970,160,3.2,6,7.8,99,4,55,329,-362,2
3968500,2729500,11,6,17,9.9,970,170,1.4,8,7.8,98,0,7,331,-363,2
3968500,2729500,11,6,18,9.7,969,179,1.6,7,7.8,98,0,0,342,-362,2
3968500,2729500,11,6,19,9.7,970,170,1.7,8,7.8,99,0,0,342,-361,2
3968500,2729500,11,6,20,9.4,969,182,0.0,8,7.6,97,0,0,351,-361,2
3968500,2729500,11,6,21,9.2,969,352,0.5,8,7.4,97,0,0,350,-365,2
3968500,2729500,11,6,22,9.1,969,209,1.2,8,7.4,98,0,0,349,-369,2
3968500,2729500,11,6,23,8.8,969,11,2.6,8,7.4,99,0,0,350,-373,2
3968500,2729500,11,6,24,8.5,969,6,2.9,8,7.3,99,0,0,348,-375,2
3968500,2729500,11,7,1,8.7,968,332,1.3,8,7.2,99,0,0,348,-376,2
3968500,2729500,11,7,2,8.2,968,62,1.7,8,7.2,100,0,0,346,-375,2
3968500,2729500,11,7,3,8.1,967,354,1.1,5,7.1,100,0,0,322,-375,2
3968500,2729500,11,7,4,8.8,967,169,3.1,6,7.2,100,0,0,310,-373,2
3968500,2729500,11,7,5,8.7,968,162,1.7,8,7.4,100,0,0,333,-370,2
3968500,2729500,11,7,6,9.1,968,166,1.2,8,7.4,100,0,0,347,-365,2
3968500,2729500,11,7,7,9.3,968,194,3.0,8,7.6,100,0,0,348,-361,2
3968500,2729500,11,7,8,11.4,967,184,4.8,7,7.7,94,0,0,344,-359,2
3968500,2729500,11,7,9,11.8,968,185,6.0,7,7.8,88,0,15,341,-358,2
3968500,2729500,11,7,10,13.0,968,194,6.2,6,7.8,83,58,77,338,-358,2
3968500,2729500,11,7,11,12.2,969,200,6.3,7,7.6,80,1,91,338,-360,2
3968500,2729500,11,7,12,12.6,970,211,6.4,5,7.1,76,51,128,329,-364,2
3968500,2729500,11,7,13,12.1,971,191,7.2,5,6.6,70,30,126,315,-368,2
3968500,2729500,11,7,14,12.2,972,190,7.1,7,6.3,69,1,92,323,-369,2
3968500,2729500,11,7,15,11.9,972,200,6.8,8,6.1,67,0,51,336,-368,2
3968500,2729500,11,7,16,11.7,973,192,5.3,8,6.0,66,0,21,339,-366,2
3968500,2729500,11,7,17,11.0,973,190,4.6,6,6.0,69,0,9,327,-362,2
3968500,2729500,11,7,18,10.3,974,203,3.7,4,6.1,73,0,0,304,-358,2
3968500,2729500,11,7,19,10.3,975,191,4.7,4,6.1,75,0,0,292,-355,2
3968500,2729500,11,7,20,9.7,976,185,4.3,4,6.0,75,0,0,291,-353,2
3968500,2729500,11,7,21,8.8,976,193,3.2,3,5.8,77,0,0,285,-351,2
3968500,2729500,11,7,22,8.1,977,190,3.0,3,5.8,82,0,0,277,-349,2
3968500,2729500,11,7,23,7.9,977,193,3.5,3,6.0,86,0,0,275,-346,2
3968500,2729500,11,7,24,7.3,977,186,2.1,3,5.9,88,0,0,272,-344,2
3968500,2729500,11,8,1,6.8,977,180,2.2,1,5.8,90,0,0,260,-341,2
3968500,2729500,11,8,2,5.8,977,177,2.2,1,5.7,92,0,0,246,-339,2
3968500,2729500,11,8,3,5.6,977,354,1.0,2,5.6,94,0,0,245,-334,2
3968500,2729500,11,8,4,5.3,977,188,0.3,4,5.5,95,0,0,256,-330,2
3968500,2729500,11,8,5,5.2,976,207,1.2,3,5.4,95,0,0,257,-329,2
3968500,2729500,11,8,6,5.1,976,195,0.7,5,5.4,95,0,0,260,-333,2
3968500,2729500,11,8,7,5.9,977,162,0.8,5,5.4,93,0,0,274,-336,2
3968500,2729500,11,8,8,6.9,976,182,0.9,6,5.5,88,0,3,285,-337,2
3968500,2729500,11,8,9,7.2,976,194,1.9,6,5.6,86,22,44,295,-338,2
3968500,2729500,11,8,10,8.5,976,166,1.2,5,5.8,84,43,94,293,-343,2
3968500,2729500,11,8,11,10.8,976,197,1.0,3,6.0,77,150,104,283,-351,2
3968500,2729500,11,8,12,10.9,975,177,2.1,3,6.2,74,75,147,277,-356,2
3968500,2729500,11,8,13,11.2,975,187,3.6,7,6.5,76,6,122,303,-358,2
3968500,2729500,11,8,14,11.1,974,193,5.0,8,6.7,78,0,60,333,-360,2
3968500,2729500,11,8,15,11.1,975,190,5.0,6,6.7,78,8,85,329,-360,2
3968500,2729500,11,8,16,10.9,975,218,4.2,5,6.6,78,22,52,317,-359,2
3968500,2729500,11,8,17,10.0,976,189,3.7,5,6.5,80,0,10,314,-355,2
3968500,2729500,11,8,18,9.0,976,187,3.3,4,6.5,84,0,0,306,-351,2
3968500,2729500,11,8,19,7.1,977,189,2.9,4,6.2,90,0,0,296,-347,2
3968500,2729500,11,8,20,6.5,977,182,1.9,4,5.9,93,0,0,290,-343,2
3968500,2729500,11,8,21,6.0,978,166,2.7,2,5.9,96,0,0,277,-340,2
3968500,2729500,11,8,22,7.3,978,177,3.6,1,6.0,95,0,0,264,-337,2
3968500,2729500,11,8,23,6.9,978,195,3.1,1,6.1,94,0,0,258,-336,2
3968500,2729500,11,8,24,6.2,978,174,3.8,0,5.9,94,0,0,250,-338,2
3968500,2729500,11,9,1,5.6,978,161,2.0,1,5.7,96,0,0,246,-338,2
3968500,2729500,11,9,2,5.6,978,168,1.2,4,5.7,97,0,0,263,-337,2
3968500,2729500,11,9,3,4.9,976,185,1.9,7,5.6,98,0,0,291,-335,2
3968500,2729500,11,9,4,5.1,976,178,1.4,8,5.4,97,0,0,309,-335,2
3968500,2729500,11,9,5,6.5,976,175,3.3,8,5.6,94,0,0,315,-335,2
3968500,2729500,11,9,6,6.8,975,174,1.6,8,6.0,95,0,0,318,-335,2
3968500,2729500,11,9,7,7.1,975,158,1.5,8,6.2,96,0,0,318,-336,2
3968500,2729500,11,9,8,6.9,975,178,2.0,8,6.2,96,0,1,318,-336,2
3968500,2729500,11,9,9,7.7,975,199,2.6,8,6.4,97,0,34,318,-338,2
3968500,2729500,11,9,10,8.0,975,189,4.2,7,6.6,96,0,67,314,-344,2
3968500,2729500,11,9,11,8.8,975,189,3.5,8,6.7,94,0,63,313,-348,2
3968500,2729500,11,9,12,9.1,975,187,3.8,8,6.7,91,0,85,318,-352,2
3968500,2729500,11,9,13,9.4,975,202,5.0,8,6.7,89,0,65,319,-355,2
3968500,2729500,11,9,14,9.3,975,190,5.0,7,6.8,89,0,65,314,-358,2
3968500,2729500,11,9,15,9.7,975,197,5.2,7,6.7,87,0,68,309,-359,2
3968500,2729500,11,9,16,9.4,975,186,5.2,7,6.6,85,15,60,308,-359,2
3968500,2729500,11,9,17,9.1,975,192,4.9,7,6.5,86,0,10,307,-356,2
3968500,2729500,11,9,18,8.4,975,181,4.1,8,6.4,87,0,0,312,-352,2
3968500,2729500,11,9,19,7.8,976,179,4.7,7,6.2,89,0,0,310,-350,2
3968500,2729500,11,9,20,7.9,976,179,3.3,7,6.1,89,0,0,305,-349,2
3968500,2729500,11,9,21,7.9,976,177,3.7,6,6.1,88,0,0,301,-349,2
3968500,2729500,11,9,22,7.3,976,184,3.9,4,5.9,87,0,0,286,-348,2
3968500,2729500,11,9,23,7.4,976,177,3.3,4,5.7,86,0,0,275,-347,2
3968500,2729500,11,9,24,7.5,976,177,1.4,6,5.7,85,0,0,287,-345,2
3968500,2729500,11,10,1,8.0,975,176,4.1,8,5.8,84,0,0,310,-346,2
3968500,2729500,11,10,2,7.4,974,171,4.6,8,6.0,88,0,0,322,-347,2
3968500,2729500,11,10,3,8.0,974,192,6.8,8,5.9,87,0,0,323,-347,2
3968500,2729500,11,10,4,7.6,974,194,5.9,8,6.0,87,0,0,324,-347,2
3968500,2729500,11,10,5,8.2,975,203,5.6,8,6.0,87,0,0,324,-346,2
3968500,2729500,11,10,6,7.5,975,190,4.2,5,5.8,84,0,0,307,-345,2
3968500,2729500,11,10,7,7.0,977,185,2.6,5,5.7,86,0,0,289,-344,2
3968500,2729500,11,10,8,6.9,977,189,3.6,4,5.6,87,0,1,283,-343,2
3968500,2729500,11,10,9,7.2,978,195,4.3,4,5.7,87,43,16,278,-342,2
3968500,2729500,11,10,10,8.3,978,193,4.3,6,5.8,86,32,64,290,-344,2
3968500,2729500,11,10,11,8.5,979,188,3.2,7,6.0,84,2,84,309,-347,2
3968500,2729500,11,10,12,8.8,979,186,4.1,8,6.0,84,0,76,319,-350,2
3968500,2729500,11,10,13,9.6,979,191,3.8,8,6.0,80,0,36,324,-355,2
3968500,2729500,11,10,14,9.1,979,184,3.0,8,6.1,81,0,73,325,-358,2
3968500,2729500,11,10,15,10.4,978,194,3.7,6,6.0,77,68,50,313,-359,2
3968500,2729500,11,10,16,9.7,978,178,4.1,6,5.6,71,2,37,302,-357,2
3968500,2729500,11,10,17,8.3,979,179,3.9,6,5.8,78,10,6,297,-353,2
3968500,2729500,11,10,18,8.1,978,179,2.7,6,5.9,84,0,0,293,-349,2
3968500,2729500,11,10,19,8.5,978,184,2.4,6,5.7,80,0,0,293,-348,2
3968500,2729500,11,10,20,8.6,978,171,2.9,7,5.6,78,0,0,300,-348,2
3968500,2729500,11,10,21,8.3,978,190,2.1,7,5.6,79,0,0,306,-348,2
3968500,2729500,11,10,22,8.5,978,198,1.5,7,5.7,80,0,0,306,-349,2
3968500,2729500,11,10,23,8.7,978,165,3.1,7,5.7,79,0,0,306,-349,2
3968500,2729500,11,10,24,8.2,978,188,4.1,6,5.9,82,0,0,300,-349,2
3968500,2729500,11,11,1,8.1,978,186,3.3,7,6.1,87,0,0,301,-349,2
3968500,2729500,11,11,2,7.9,979,187,3.4,7,6.1,88,0,0,307,-348,2
3968500,2729500,11,11,3,7.7,979,184,1.6,7,6.0,88,0,0,306,-347,2
3968500,2729500,11,11,4,7.7,979,199,2.6,6,6.0,88,0,0,300,-346,2
3968500,2729500,11,11,5,7.1,979,189,3.2,6,5.9,89,0,0,291,-345,2
3968500,2729500,11,11,6,7.0,979,174,3.2,7,5.8,90,0,0,297,-342,2
3968500,2729500,11,11,7,7.3,980,176,3.1,5,5.7,87,0,0,291,-338,2
3968500,2729500,11,11,8,6.5,979,186,2.8,3,5.5,86,0,2,262,-335,2
3968500,2729500,11,11,9,6.5,980,196,3.1,2,5.5,88,36,43,244,-334,2
3968500,2729500,11,11,10,7.5,980,193,3.2,3,5.5,85,64,90,253,-338,2
3968500,2729500,11,11,11,9.7,980,201,3.6,6,5.6,78,72,127,281,-344,2
3968500,2729500,11,11,12,9.9,980,174,4.0,4,5.5,71,167,125,290,-351,2
3968500,2729500,11,11,13,9.8,980,179,3.4,6,5.4,69,51,146,291,-357,2
3968500,2729500,11,11,14,10.1,979,166,5.4,6,5.4,69,13,114,300,-361,2
3968500,2729500,11,11,15,10.2,979,161,4.9,4,5.3,67,37,97,293,-358,2
3968500,2729500,11,11,16,9.9,979,169,4.6,7,5.3,67,18,50,296,-352,2
3968500,2729500,11,11,17,9.4,979,145,3.3,7,5.5,71,0,0,307,-347,2
3968500,2729500,11,11,18,9.1,979,138,2.9,7,5.4,72,0,0,304,-343,2
3968500,2729500,11,11,19,7.9,979,180,2.7,7,5.2,73,0,0,301,-341,2
3968500,2729500,11,11,20,7.4,979,178,2.4,7,5.3,78,0,0,298,-342,2
3968500,2729500,11,11,21,7.2,979,164,2.0,6,5.2,79,0,0,294,-343,2
3968500,2729500,11,11,22,7.5,979,148,0.9,6,5.2,79,0,0,290,-342,2
3968500,2729500,11,11,23,6.7,979,128,0.3,6,5.3,81,0,0,289,-342,2
3968500,2729500,11,11,24,6.1,980,34,0.5,7,5.2,85,0,0,292,-343,2
3968500,2729500,11,12,1,4.7,978,299,1.8,7,5.2,89,0,0,295,-342,2
3968500,2729500,11,12,2,5.2,978,7,1.6,7,5.1,91,0,0,294,-342,2
3968500,2729500,11,12,3,5.2,978,29,1.8,8,5.2,91,0,0,301,-342,2
3968500,2729500,11,12,4,5.3,977,35,2.1,7,5.3,92,0,0,302,-343,2
3968500,2729500,11,12,5,6.0,978,25,1.8,7,5.3,90,0,0,297,-344,2
3968500,2729500,11,12,6,6.0,977,32,2.1,7,5.3,87,0,0,298,-344,2
3968500,2729500,11,12,7,6.1,977,12,2.0,7,5.1,84,0,0,298,-343,2
3968500,2729500,11,12,8,6.0,977,33,1.1,8,4.9,82,0,0,304,-343,2
3968500,2729500,11,12,9,5.8,977,4,1.3,8,5.0,83,0,20,312,-345,2
3968500,2729500,11,12,10,6.2,977,352,0.9,7,5.1,85,0,53,307,-347,2
3968500,2729500,11,12,11,6.2,977,345,1.6,8,5.2,86,0,48,309,-350,2
3968500,2729500,11,12,12,6.9,976,24,0.9,8,5.4,86,0,47,318,-354,2
3968500,2729500,11,12,13,7.4,976,352,1.2,8,5.5,84,0,91,321,-359,2
3968500,2729500,11,12,14,7.7,976,36,1.6,8,5.5,82,3,91,322,-360,2
3968500,2729500,11,12,15,7.5,976,137,0.9,7,5.4,81,7,72,316,-360,2
3968500,2729500,11,12,16,7.5,976,3,0.8,8,5.5,82,0,32,316,-358,2
3968500,2729500,11,12,17,7.2,976,12,0.7,8,5.6,85,0,0,322,-353,2
3968500,2729500,11,12,18,6.7,976,358,0.0,8,5.7,89,0,0,319,-348,2
3968500,2729500,11,12,19,6.4,976,333,0.3,8,5.9,93,0,0,318,-347,2
3968500,2729500,11,12,20,6.1,976,53,0.2,8,5.9,96,0,0,318,-346,2
3968500,2729500,11,12,21,6.0,977,178,0.5,8,5.9,98,0,0,317,-345,2
3968500,2729500,11,12,22,5.8,977,158,1.2,8,5.9,98,0,0,316,-342,2
3968500,2729500,11,12,23,5.6,977,167,1.1,8,5.8,99,0,0,315,-337,2
3968500,2729500,11,12,24,5.5,977,170,0.9,8,5.8,98,0,0,313,-334,2
3968500,2729500,11,13,1,5.4,977,41,0.8,8,5.7,97,0,0,312,-330,2
3968500,2729500,11,13,2,5.3,977,230,1.4,7,5.6,97,0,0,305,-326,2
3968500,2729500,11,13,3,5.2,977,252,1.4,8,5.4,95,0,0,303,-325,2
3968500,2729500,11,13,4,5.1,977,280,1.3,8,5.3,94,0,0,306,-324,2
3968500,2729500,11,13,5,5.2,978,268,1.8,8,5.3,94,0,0,306,-325,2
3968500,2729500,11,13,6,5.3,978,254,0.8,8,5.3,93,0,0,307,-327,2
3968500,2729500,11,13,7,5.1,979,182,0.6,8,5.3,94,0,0,307,-330,2
3968500,2729500,11,13,8,5.6,979,229,1.6,8,5.5,95,0,0,309,-330,2
3968500,2729500,11,13,9,6.1,980,183,1.8,8,5.6,94,0,18,312,-329,2
3968500,2729500,11,13,10,6.6,981,306,1.4,8,5.8,93,0,32,313,-332,2
3968500,2729500,11,13,11,7.0,982,274,3.3,7,5.5,87,0,88,310,-338,2
3968500,2729500,11,13,12,7.8,984,258,2.4,3,5.0,76,83,171,287,-342,2
3968500,2729500,11,13,13,8.6,984,200,2.4,3,4.7,68,105,171,271,-346,2
3968500,2729500,11,13,14,9.1,984,272,1.6,5,4.7,64,15,128,281,-348,2
3968500,2729500,11,13,15,8.7,984,304,0.9,8,4.8,65,0,29,304,-349,2
3968500,2729500,11,13,16,8.3,985,307,0.9,4,4.9,68,7,49,299,-348,2
3968500,2729500,11,13,17,5.7,984,326,1.1,2,4.9,76,1,10,271,-344,2
3968500,2729500,11,13,18,4.8,984,189,0.3,2,4.8,85,0,0,257,-340,2
3968500,2729500,11,13,19,4.1,985,168,0.3,4,4.8,90,0,0,262,-336,2
3968500,2729500,11,13,20,3.2,985,90,0.1,4,4.8,94,0,0,269,-332,2
3968500,2729500,11,13,21,2.2,986,90,0.1,3,4.6,96,0,0,262,-328,2
3968500,2729500,11,13,22,1.5,986,201,1.3,2,4.4,98,0,0,250,-325,2
3968500,2729500,11,13,23,1.0,987,175,1.4,2,4.2,99,0,0,244,-326,2
3968500,2729500,11,13,24,0.0,987,155,1.5,2,4.0,99,0,0,240,-326,2
3968500,2729500,11,14,1,0.3,987,143,1.8,4,3.9,100,0,0,248,-323,2
3968500,2729500,11,14,2,0.4,987,135,1.0,4,4.0,100,0,0,259,-320,2
3968500,2729500,11,14,3,0.6,988,147,1.6,4,4.0,100,0,0,260,-318,2
3968500,2729500,11,14,4,0.7,988,159,1.8,8,4.1,100,0,0,281,-316,2
3968500,2729500,11,14,5,1.0,988,152,2.5,8,4.1,100,0,0,302,-316,2
3968500,2729500,11,14,6,0.7,988,151,2.8,8,4.1,100,0,0,302,-317,2
3968500,2729500,11,14,7,1.0,989,158,2.4,8,4.1,100,0,0,303,-317,2
3968500,2729500,11,14,8,0.9,989,154,2.2,8,4.2,100,0,0,303,-319,2
3968500,2729500,11,14,9,1.5,990,166,2.5,7,4.2,100,20,16,298,-322,2
3968500,2729500,11,14,10,1.8,990,165,2.9,6,4.3,99,40,45,289,-326,2
3968500,2729500,11,14,11,2.2,991,177,2.7,3,4.4,99,15,82,269,-331,2
3968500,2729500,11,14,12,3.0,992,174,2.3,6,4.6,98,0,90,272,-338,2
3968500,2729500,11,14,13,3.5,992,180,2.5,7,4.8,97,0,73,294,-344,2
3968500,2729500,11,14,14,4.1,991,184,3.3,7,4.8,95,0,56,300,-347,2
3968500,2729500,11,14,15,4.4,991,181,2.3,8,4.8,92,0,47,305,-347,2
3968500,2729500,11,14,16,4.8,991,172,1.9,8,4.9,90,0,33,310,-345,2
3968500,2729500,11,14,17,4.8,992,167,1.5,6,4.9,90,0,4,302,-340,2
3968500,2729500,11,14,18,4.8,992,186,3.0,6,5.0,91,0,0,292,-336,2
3968500,2729500,11,14,19,4.8,993,188,3.3,5,4.9,90,0,0,287,-335,2
3968500,2729500,11,14,20,4.4,993,175,2.9,6,4.9,92,0,0,287,-333,2
3968500,2729500,11,14,21,4.2,994,165,2.1,7,4.9,92,0,0,297,-329,2
3968500,2729500,11,14,22,4.6,994,163,2.5,7,4.9,92,0,0,303,-327,2
3968500,2729500,11,14,23,4.5,994,167,2.5,7,4.9,92,0,0,306,-329,2
3968500,2729500,11,14,24,4.5,995,172,2.1,7,4.9,93,0,0,308,-332,2
3968500,2729500,11,15,1,4.5,995,172,3.1,6,5.0,93,0,0,306,-334,2
3968500,2729500,11,15,2,4.7,995,162,2.9,7,5.0,94,0,0,307,-336,2
3968500,2729500,11,15,3,4.6,995,174,3.4,5,5.0,94,0,0,303,-337,2
3968500,2729500,11,15,4,4.2,994,179,2.6,6,5.0,94,0,0,297,-338,2
3968500,2729500,11,15,5,4.5,994,188,3.4,6,5.0,94,0,0,303,-339,2
3968500,2729500,11,15,6,4.7,994,184,3.2,7,5.1,94,0,0,311,-341,2
3968500,2729500,11,15,7,5.0,995,176,3.1,8,5.2,94,0,0,325,-342,2
3968500,2729500,11,15,8,5.0,994,183,3.4,8,5.2,94,0,0,332,-343,2
3968500,2729500,11,15,9,5.0,994,188,3.7,8,5.3,95,0,22,333,-344,2
3968500,2729500,11,15,10,5.1,994,184,3.9,7,5.3,96,0,40,327,-346,2
3968500,2729500,11,15,11,5.3,994,182,4.4,8,5.4,97,0,32,328,-348,2
3968500,2729500,11,15,12,5.5,994,178,4.8,8,5.5,97,0,32,335,-350,2
3968500,2729500,11,15,13,5.9,994,165,4.0,8,5.7,97,0,34,337,-351,2
3968500,2729500,11,15,14,6.4,994,153,4.9,7,5.8,96,0,34,333,-353,2
3968500,2729500,11,15,15,6.1,993,143,4.1,8,5.8,96,0,21,333,-353,2
3968500,2729500,11,15,16,6.0,993,152,3.9,8,5.8,97,3,32,339,-354,2
3968500,2729500,11,15,17,6.1,993,140,3.2,8,5.8,98,0,5,339,-354,2
3968500,2729500,11,15,18,6.1,993,145,3.2,8,5.9,98,0,0,339,-354,2
3968500,2729500,11,15,19,6.1,993,141,3.0,7,5.9,99,0,0,332,-355,2
3968500,2729500,11,15,20,6.1,993,153,2.3,8,5.9,99,0,0,332,-355,2
3968500,2729500,11,15,21,6.2,993,119,1.9,8,5.9,99,0,0,339,-356,2
3968500,2729500,11,15,22,6.2,993,164,2.1,8,5.9,99,0,0,339,-355,2
3968500,2729500,11,15,23,6.3,993,110,0.9,8,6.0,99,0,0,339,-356,2
3968500,2729500,11,15,24,6.3,993,173,1.2,8,6.0,99,0,0,340,-356,2
3968500,2729500,11,16,1,6.3,993,179,1.1,8,6.0,100,0,0,340,-356,2
3968500,2729500,11,16,2,6.4,993,117,0.1,7,6.1,100,0,0,334,-356,2
3968500,2729500,11,16,3,6.3,993,32,0.0,6,6.1,100,0,0,322,-356,2
3968500,2729500,11,16,4,6.5,993,201,0.0,7,6.1,100,0,0,323,-356,2
3968500,2729500,11,16,5,6.5,994,15,0.3,4,6.2,100,0,0,312,-356,2
3968500,2729500,11,16,6,6.6,994,75,1.3,8,6.2,100,0,0,318,-357,2
3968500,2729500,11,16,7,6.6,994,48,1.7,6,6.1,99,0,0,329,-357,2
3968500,2729500,11,16,8,6.4,995,45,1.0,8,6.1,99,0,0,329,-358,2
3968500,2729500,11,16,9,6.4,995,54,0.8,8,6.1,99,2,32,340,-357,2
3968500,2729500,11,16,10,7.0,996,59,0.6,7,6.1,98,3,75,334,-359,2
3968500,2729500,11,16,11,7.3,996,37,0.7,7,6.1,95,0,58,329,-364,2
3968500,2729500,11,16,12,7.3,997,70,1.9,8,6.0,93,0,51,335,-369,2
3968500,2729500,11,16,13,7.4,997,86,2.3,8,5.8,90,0,41,340,-372,2
3968500,2729500,11,16,14,7.2,997,90,3.3,8,5.6,86,0,38,339,-372,2
3968500,2729500,11,16,15,6.5,997,83,3.2,8,5.3,84,0,31,335,-369,2
3968500,2729500,11,16,16,6.2,998,101,2.2,7,5.1,84,0,19,326,-366,2
3968500,2729500,11,16,17,5.5,998,116,2.7,7,4.9,84,0,2,317,-364,2
3968500,2729500,11,16,18,5.2,998,131,2.3,7,4.9,86,0,0,315,-361,2
3968500,2729500,11,16,19,5.5,999,140,2.0,8,4.8,85,0,0,318,-359,2
3968500,2729500,11,16,20,5.4,999,133,1.1,8,4.7,83,0,0,324,-357,2
3968500,2729500,11,16,21,5.3,999,128,1.1,7,4.7,84,0,0,316,-355,2
3968500,2729500,11,16,22,5.1,1000,131,1.0,8,4.6,82,0,0,313,-352,2
3968500,2729500,11,16,23,4.9,1000,136,1.5,8,4.3,78,0,0,317,-350,2
3968500,2729500,11,16,24,4.2,1000,98,1.1,7,4.1,78,0,0,309,-348,2
3968500,2729500,11,17,1,3.7,1000,127,0.9,6,4.1,80,0,0,297,-347,2
3968500,2729500,11,17,2,2.4,1000,93,0.7,4,3.9,82,0,0,277,-346,2
3968500,2729500,11,17,3,1.5,1000,128,0.5,1,3.8,86,0,0,246,-343,2
3968500,2729500,11,17,4,0.7,1000,105,0.1,0,3.8,90,0,0,219,-339,2
3968500,2729500,11,17,5,0.1,999,359,0.7,1,3.7,94,0,0,216,-335,2
3968500,2729500,11,17,6,0.1,999,352,0.8,3,3.7,95,0,0,233,-330,2
3968500,2729500,11,17,7,0.4,1000,335,1.2,3,3.7,95,0,0,245,-326,2
3968500,2729500,11,17,8,0.2,1000,139,1.0,5,3.7,95,0,0,256,-326,2
3968500,2729500,11,17,9,0.5,1000,136,0.2,5,3.7,95,25,30,267,-329,2
3968500,2729500,11,17,10,2.5,1001,6,1.4,3,4.0,92,60,72,261,-334,2
3968500,2729500,11,17,11,3.9,1001,138,2.5,2,4.1,85,150,77,250,-337,2
3968500,2729500,11,17,12,4.7,1001,181,3.6,3,4.1,78,159,99,253,-340,2
3968500,2729500,11,17,13,4.9,1001,164,3.2,4,4.2,77,89,130,264,-345,2
3968500,2729500,11,17,14,5.3,1000,151,2.7,2,4.2,76,106,104,259,-347,2
3968500,2729500,11,17,15,5.3,1000,142,2.9,4,4.1,73,33,84,258,-345,2
3968500,2729500,11,17,16,5.2,999,150,2.4,6,4.1,73,4,35,274,-339,2
3968500,2729500,11,17,17,5.2,999,167,2.7,7,4.2,75,0,4,284,-332,2
3968500,2729500,11,17,18,5.0,999,121,4.3,7,4.2,77,0,0,286,-326,2
3968500,2729500,11,17,19,4.9,999,151,4.9,7,4.2,78,0,0,283,-323,2
3968500,2729500,11,17,20,4.8,999,143,3.0,7,4.3,78,0,0,280,-321,2
3968500,2729500,11,17,21,4.5,999,142,2.3,7,4.2,79,0,0,276,-319,2
3968500,2729500,11,17,22,4.4,999,162,2.4,7,4.2,80,0,0,274,-317,2
3968500,2729500,11,17,23,4.5,999,108,2.6,7,4.2,80,0,0,275,-315,2
3968500,2729500,11,17,24,4.5,999,137,2.0,7,4.2,79,0,0,275,-314,2
3968500,2729500,11,18,1,4.5,998,143,2.0,8,4.2,78,0,0,280,-313,2
3968500,2729500,11,18,2,4.4,998,145,2.8,7,4.1,78,0,0,279,-311,2
3968500,2729500,11,18,3,4.1,997,150,3.4,7,4.1,78,0,0,274,-311,2
3968500,2729500,11,18,4,4.1,997,136,4.0,7,4.2,81,0,0,274,-310,2
3968500,2729500,11,18,5,3.9,996,140,4.1,7,4.3,83,0,0,275,-310,2
3968500,2729500,11,18,6,3.7,996,139,3.6,8,4.3,85,0,0,280,-309,2
3968500,2729500,11,18,7,3.7,995,132,4.3,7,4.2,84,0,0,281,-309,2
3968500,2729500,11,18,8,3.6,995,139,4.4,8,4.2,84,0,0,281,-308,2
3968500,2729500,11,18,9,3.5,995,114,4.1,8,4.3,86,0,15,285,-308,2
3968500,2729500,11,18,10,3.6,995,133,4.1,7,4.2,84,0,46,281,-310,2
3968500,2729500,11,18,11,4.2,995,122,3.6,6,4.1,79,2,88,273,-312,2
3968500,2729500,11,18,12,4.7,994,123,4.3,4,4.0,75,34,124,262,-315,2
3968500,2729500,11,18,13,5.2,994,133,4.2,4,4.0,72,25,123,254,-318,2
3968500,2729500,11,18,14,5.3,993,149,4.0,4,4.0,71,37,107,255,-319,2
3968500,2729500,11,18,15,4.9,993,153,3.4,5,4.0,71,10,74,258,-319,2
3968500,2729500,11,18,16,4.7,993,128,3.3,7,3.9,72,0,24,268,-318,2
3968500,2729500,11,18,17,4.0,993,127,3.8,7,3.9,74,0,2,274,-316,2
3968500,2729500,11,18,18,4.0,993,116,4.2,7,3.8,74,0,0,274,-313,2
3968500,2729500,11,18,19,2.6,992,138,5.2,6,3.5,72,0,0,268,-311,2
3968500,2729500,11,18,20,1.5,992,131,3.3,4,3.2,72,0,0,253,-310,2
3968500,2729500,11,18,21,0.4,992,147,3.0,1,3.2,76,0,0,232,-310,2
3968500,2729500,11,18,22,-0.1,992,168,3.8,1,3.1,79,0,0,218,-310,2
3968500,2729500,11,18,23,-0.7,992,138,3.2,1,2.9,78,0,0,216,-309,2
3968500,2729500,11,18,24,-1.5,992,120,2.3,1,2.8,79,0,0,213,-309,2
3968500,2729500,11,19,1,-1.7,991,126,2.4,0,2.9,83,0,0,207,-309,2
3968500,2729500,11,19,2,-1.8,991,122,1.9,0,2.9,85,0,0,201,-310,2
3968500,2729500,11,19,3,-2.2,990,113,2.5,0,2.9,86,0,0,199,-312,2
3968500,2729500,11,19,4,-2.3,990,115,1.5,0,2.8,86,0,0,198,-313,2
3968500,2729500,11,19,5,-1.9,990,128,1.8,0,2.8,83,0,0,198,-314,2
3968500,2729500,11,19,6,-2.6,989,131,2.0,0,2.7,82,0,0,196,-314,2
3968500,2729500,11,19,7,-2.5,989,147,1.7,0,2.7,84,0,0,193,-313,2
3968500,2729500,11,19,8,-2.0,989,130,3.3,1,2.7,82,0,0,198,-312,2
3968500,2729500,11,19,9,-1.8,990,122,3.1,0,2.6,78,23,30,199,-312,2
3968500,2729500,11,19,10,-0.3,990,147,3.1,0,2.6,72,101,55,195,-313,2
3968500,2729500,11,19,11,0.2,989,120,4.1,0,2.5,65,187,60,199,-315,2
3968500,2729500,11,19,12,1.3,989,138,3.8,0,2.5,60,249,55,201,-318,2
3968500,2729500,11,19,13,1.6,988,108,5.2,0,2.5,57,253,53,203,-323,2
3968500,2729500,11,19,14,1.9,988,112,5.2,0,2.5,56,213,54,206,-327,2
3968500,2729500,11,19,15,1.7,987,122,4.4,0,2.5,56,135,53,209,-328,2
3968500,2729500,11,19,16,0.9,987,131,2.8,0,2.6,60,43,37,209,-327,2
3968500,2729500,11,19,17,-0.2,986,116,2.4,0,2.6,66,0,7,207,-324,2
3968500,2729500,11,19,18,-1.1,986,105,2.3,0,2.6,71,0,0,205,-321,2
3968500,2729500,11,19,19,-1.6,986,105,3.0,0,2.6,74,0,0,202,-319,2
3968500,2729500,11,19,20,-2.5,986,83,1.5,0,2.5,76,0,0,201,-317,2
3968500,2729500,11,19,21,-2.9,986,82,1.2,0,2.5,79,0,0,199,-315,2
3968500,2729500,11,19,22,-3.3,985,116,1.7,0,2.5,82,0,0,198,-314,2
3968500,2729500,11,19,23,-2.5,986,110,2.4,0,2.5,80,0,0,199,-312,2
3968500,2729500,11,19,24,-2.7,986,129,2.9,0,2.5,77,0,0,200,-310,2
3968500,2729500,11,20,1,-3.1,985,141,3.2,1,2.5,78,0,0,206,-310,2
3968500,2729500,11,20,2,-3.7,984,120,2.3,1,2.4,80,0,0,210,-310,2
3968500,2729500,11,20,3,-4.4,984,20,1.0,2,2.4,82,0,0,214,-310,2
3968500,2729500,11,20,4,-5.5,983,88,1.1,1,2.3,86,0,0,214,-312,2
3968500,2729500,11,20,5,-5.6,983,17,0.5,1,2.3,91,0,0,209,-313,2
3968500,2729500,11,20,6,-5.3,983,87,0.9,1,2.4,91,0,0,209,-313,2
3968500,2729500,11,20,7,-5.5,982,200,1.2,1,2.4,91,0,0,209,-313,2
3968500,2729500,11,20,8,-5.4,982,178,1.5,3,2.4,91,0,0,221,-314,2
3968500,2729500,11,20,9,-4.1,982,160,1.8,3,2.4,89,11,29,234,-315,2
3968500,2729500,11,20,10,-2.8,983,146,2.5,5,2.5,82,35,75,249,-316,2
3968500,2729500,11,20,11,-1.3,983,160,3.5,5,2.5,75,104,97,263,-318,2
3968500,2729500,11,20,12,0.5,982,156,3.1,5,2.6,68,129,111,266,-323,2
3968500,2729500,11,20,13,0.2,982,145,3.1,6,2.6,66,30,134,273,-331,2
3968500,2729500,11,20,14,0.6,982,141,2.7,8,2.7,66,0,72,290,-333,2
3968500,2729500,11,20,15,1.0,982,158,3.2,8,2.7,66,0,32,302,-334,2
3968500,2729500,11,20,16,0.8,982,170,3.3,8,2.9,68,0,8,302,-339,2
3968500,2729500,11,20,17,0.7,982,154,3.0,8,3.0,72,0,0,302,-342,2
3968500,2729500,11,20,18,0.5,982,161,2.6,8,3.2,78,0,0,304,-343,2
3968500,2729500,11,20,19,0.6,982,176,2.2,8,3.4,84,0,0,305,-344,2
3968500,2729500,11,20,20,0.8,982,168,3.0,8,3.5,86,0,0,304,-346,2
3968500,2729500,11,20,21,0.6,983,193,1.6,8,3.6,88,0,0,304,-347,2
3968500,2729500,11,20,22,0.5,983,198,2.0,8,3.7,92,0,0,304,-347,2
3968500,2729500,11,20,23,0.8,983,226,2.0,8,3.8,93,0,0,304,-347,2
3968500,2729500,11,20,24,0.9,983,184,2.5,8,3.9,93,0,0,305,-348,2
3968500,2729500,11,21,1,1.4,983,183,2.2,8,4.0,94,0,0,306,-348,2
3968500,2729500,11,21,2,1.3,984,189,1.7,8,4.0,93,0,0,307,-348,2
3968500,2729500,11,21,3,1.3,984,189,2.2,8,4.1,95,0,0,307,-347,2
3968500,2729500,11,21,4,1.5,984,184,1.8,8,4.2,96,0,0,307,-347,2
3968500,2729500,11,21,5,1.7,984,171,1.5,8,4.2,96,0,0,308,-348,2
3968500,2729500,11,21,6,1.7,985,179,2.3,8,4.2,96,0,0,308,-347,2
3968500,2729500,11,21,7,1.6,985,157,1.8,8,4.2,96,0,0,308,-347,2
3968500,2729500,11,21,8,1.7,986,171,2.1,8,4.3,98,0,0,308,-347,2
3968500,2729500,11,21,9,1.9,986,177,3.5,8,4.4,100,0,23,309,-347,2
3968500,2729500,11,21,10,2.4,987,163,2.5,5,4.5,99,2,67,292,-348,2
3968500,2729500,11,21,11,3.0,987,177,3.3,6,4.7,99,1,89,280,-350,2
3968500,2729500,11,21,12,3.6,987,176,2.7,8,4.8,97,0,74,298,-353,2
3968500,2729500,11,21,13,4.2,987,180,3.5,7,4.9,95,0,73,303,-356,2
3968500,2729500,11,21,14,4.9,987,176,3.8,7,5.0,94,0,63,298,-357,2
3968500,2729500,11,21,15,5.0,987,179,3.6,8,5.1,92,0,42,303,-356,2
3968500,2729500,11,21,16,4.8,988,153,2.6,8,5.1,92,0,30,307,-351,2
3968500,2729500,11,21,17,4.4,988,148,3.2,7,5.0,93,0,2,301,-346,2
3968500,2729500,11,21,18,4.3,988,163,2.5,8,5.0,94,0,0,300,-342,2
3968500,2729500,11,21,19,4.2,989,161,1.9,8,5.1,97,0,0,304,-337,2
3968500,2729500,11,21,20,4.3,989,168,2.0,8,5.1,97,0,0,299,-333,2
3968500,2729500,11,21,21,4.3,989,173,1.8,7,5.2,98,0,0,295,-328,2
3968500,2729500,11,21,22,4.3,989,176,1.7,7,5.2,98,0,0,298,-323,2
3968500,2729500,11,21,23,4.4,990,178,1.7,8,5.1,96,0,0,298,-319,2
3968500,2729500,11,21,24,4.7,990,182,1.8,8,5.1,94,0,0,298,-317,2
3968500,2729500,11,22,1,5.0,989,182,2.0,8,5.1,92,0,0,315,-345,2
3968500,2729500,11,22,2,5.3,988,180,2.1,8,5.1,89,0,0,327,-348,2
3968500,2729500,11,22,3,5.4,988,168,2.2,7,5.0,88,0,0,321,-347,2
3968500,2729500,11,22,4,5.3,987,158,2.2,7,5.0,88,0,0,308,-347,2
3968500,2729500,11,22,5,5.2,987,145,2.3,7,5.0,88,0,0,307,-348,2
3968500,2729500,11,22,6,4.8,987,142,2.5,7,4.9,88,0,0,310,-349,2
3968500,2729500,11,22,7,5.1,986,150,2.1,7,4.8,87,0,0,309,-349,2
3968500,2729500,11,22,8,5.3,986,151,1.9,7,4.8,85,0,0,311,-349,2
3968500,2729500,11,22,9,5.6,986,151,2.0,7,4.8,84,0,11,313,-348,2
3968500,2729500,11,22,10,5.5,986,158,2.8,8,4.8,83,0,36,319,-349,2
3968500,2729500,11,22,11,6.2,986,162,2.5,8,4.8,82,25,71,324,-352,2
3968500,2729500,11,22,12,7.1,986,180,2.7,8,5.0,79,8,92,325,-356,2
3968500,2729500,11,22,13,7.3,985,172,2.9,8,5.1,78,0,44,325,-358,2
3968500,2729500,11,22,14,7.7,985,185,2.4,8,5.2,78,0,64,324,-360,2
3968500,2729500,11,22,15,7.8,985,161,2.6,8,5.3,79,4,55,323,-360,2
3968500,2729500,11,22,16,8.0,985,154,2.2,8,5.5,80,0,9,324,-360,2
3968500,2729500,11,22,17,7.9,985,192,1.9,8,5.5,81,0,0,323,-358,2
3968500,2729500,11,22,18,7.9,985,185,2.5,8,5.6,83,0,0,324,-356,2
3968500,2729500,11,22,19,7.8,985,162,3.0,8,5.8,85,0,0,326,-356,2
3968500,2729500,11,22,20,7.5,985,165,3.2,8,5.8,86,0,0,327,-357,2
3968500,2729500,11,22,21,7.6,985,175,3.3,8,5.8,86,0,0,328,-357,2
3968500,2729500,11,22,22,7.5,985,146,2.7,8,5.7,86,0,0,328,-356,2
3968500,2729500,11,22,23,7.0,985,167,2.6,8,5.6,86,0,0,327,-356,2
3968500,2729500,11,22,24,5.6,985,180,3.4,6,5.4,89,0,0,313,-356,2
3968500,2729500,11,23,1,5.7,985,181,3.7,6,5.4,93,0,0,299,-357,2
3968500,2729500,11,23,2,5.9,985,173,3.6,7,5.6,95,0,0,307,-356,2
3968500,2729500,11,23,3,6.3,985,177,3.0,8,5.7,95,0,0,320,-356,2
3968500,2729500,11,23,4,6.2,985,173,2.6,6,5.7,94,0,0,314,-355,2
3968500,2729500,11,23,5,6.3,985,179,3.2,6,5.7,94,0,0,302,-354,2
3968500,2729500,11,23,6,6.3,986,187,2.8,7,5.7,94,0,0,308,-353,2
3968500,2729500,11,23,7,6.2,986,174,1.8,8,5.7,94,0,0,321,-352,2
3968500,2729500,11,23,8,6.2,986,190,1.9,8,5.7,94,0,0,327,-351,2
3968500,2729500,11,23,9,6.6,986,171,1.7,8,5.8,95,0,18,327,-350,2
3968500,2729500,11,23,10,6.5,987,178,1.5,7,5.9,95,0,41,321,-351,2
3968500,2729500,11,23,11,6.9,988,287,1.3,8,6.0,96,0,31,322,-353,2
3968500,2729500,11,23,12,7.1,988,10,1.5,8,6.1,96,0,60,329,-357,2
3968500,2729500,11,23,13,7.7,988,337,1.6,7,6.1,93,0,85,325,-360,2
3968500,2729500,11,23,14,7.7,988,356,1.1,8,6.1,92,0,67,326,-362,2
3968500,2729500,11,23,15,7.7,989,355,1.4,6,6.2,92,4,68,321,-361,2
3968500,2729500,11,23,16,7.3,990,312,2.7,7,6.1,92,3,32,315,-359,2
3968500,2729500,11,23,17,6.8,990,1,2.1,7,5.8,90,0,0,319,-354,2
3968500,2729500,11,23,18,5.9,991,338,4.3,8,5.4,89,0,0,323,-350,2
3968500,2729500,11,23,19,5.1,993,332,4.4,8,5.1,89,0,0,326,-348,2
3968500,2729500,11,23,20,5.0,994,334,3.6,8,4.8,86,0,0,322,-348,2
3968500,2729500,11,23,21,4.7,995,333,3.0,8,4.6,84,0,0,321,-348,2
3968500,2729500,11,23,22,4.5,996,333,3.8,6,4.5,84,0,0,309,-347,2
3968500,2729500,11,23,23,4.1,997,341,2.8,5,4.4,84,0,0,290,-346,2
3968500,2729500,11,23,24,3.0,998,325,2.1,4,4.1,83,0,0,277,-344,2
3968500,2729500,11,24,1,1.6,998,301,1.6,3,3.9,86,0,0,261,-341,2
3968500,2729500,11,24,2,2.2,999,275,1.9,2,3.9,88,0,0,249,-339,2
3968500,2729500,11,24,3,2.0,999,244,1.8,2,4.0,89,0,0,244,-338,2
3968500,2729500,11,24,4,2.0,1000,344,2.2,4,3.9,88,0,0,254,-340,2
3968500,2729500,11,24,5,1.0,1000,329,2.3,5,3.7,88,0,0,268,-342,2
3968500,2729500,11,24,6,1.1,1001,315,2.7,2,3.7,88,0,0,255,-342,2
3968500,2729500,11,24,7,1.0,1001,213,1.9,6,3.7,88,0,0,261,-342,2
3968500,2729500,11,24,8,0.5,1001,72,1.7,7,3.6,90,0,0,291,-343,2
3968500,2729500,11,24,9,1.0,1001,198,2.0,7,3.7,91,5,24,297,-343,2
3968500,2729500,11,24,10,2.2,1003,41,1.9,2,3.7,87,67,70,270,-344,2
3968500,2729500,11,24,11,3.7,1002,71,2.2,1,3.8,81,143,93,239,-346,2
3968500,2729500,11,24,12,4.7,1002,48,1.8,1,3.9,76,177,107,238,-347,2
3968500,2729500,11,24,13,4.1,1002,15,1.3,4,4.0,76,153,116,256,-347,2
3968500,2729500,11,24,14,4.5,1001,257,1.7,6,4.0,76,19,110,284,-349,2
3968500,2729500,11,24,15,4.4,1001,255,2.2,7,3.6,69,0,47,300,-350,2
3968500,2729500,11,24,16,4.1,1000,252,2.5,7,3.5,66,0,19,303,-349,2
3968500,2729500,11,24,17,3.5,1000,190,2.6,6,3.5,69,0,0,296,-347,2
3968500,2729500,11,24,18,2.7,999,231,2.4,6,3.6,76,0,0,289,-345,2
3968500,2729500,11,24,19,3.0,999,186,3.5,5,3.6,77,0,0,284,-344,2
3968500,2729500,11,24,20,2.5,998,184,4.4,5,3.4,72,0,0,278,-342,2
3968500,2729500,11,24,21,1.1,998,188,3.8,3,3.3,74,0,0,264,-341,2
3968500,2729500,11,24,22,0.1,998,152,3.8,3,3.2,81,0,0,250,-338,2
3968500,2729500,11,24,23,-0.2,997,155,3.7,4,3.3,85,0,0,253,-338,2
3968500,2729500,11,24,24,0.7,996,189,5.4,6,3.4,86,0,0,270,-339,2
3968500,2729500,11,25,1,1.3,994,190,4.2,6,3.5,86,0,0,283,-340,2
3968500,2729500,11,25,2,1.6,993,181,4.2,6,3.7,86,0,0,284,-341,2
3968500,2729500,11,25,3,1.2,993,188,5.1,6,3.8,89,0,0,283,-341,2
3968500,2729500,11,25,4,1.7,992,186,4.4,6,3.9,91,0,0,284,-339,2
3968500,2729500,11,25,5,1.7,992,192,4.8,7,4.0,90,0,0,290,-338,2
3968500,2729500,11,25,6,1.9,991,189,4.4,7,4.0,91,0,0,297,-338,2
3968500,2729500,11,25,7,2.0,991,194,3.7,8,4.1,92,0,0,305,-337,2
3968500,2729500,11,25,8,2.4,991,207,4.2,8,4.2,93,0,0,312,-338,2
3968500,2729500,11,25,9,2.3,991,198,3.5,8,4.3,94,7,20,313,-338,2
3968500,2729500,11,25,10,3.4,991,246,4.2,7,4.5,95,0,42,309,-339,2
3968500,2729500,11,25,11,3.5,991,232,4.4,6,4.6,92,19,88,298,-341,2
3968500,2729500,11,25,12,4.7,991,205,4.4,7,4.7,91,11,104,299,-343,2
3968500,2729500,11,25,13,4.8,991,206,4.2,8,5.0,91,0,28,312,-345,2
3968500,2729500,11,25,14,5.8,991,222,4.2,8,5.1,90,0,52,319,-345,2
3968500,2729500,11,25,15,5.4,990,256,3.7,8,5.1,88,0,19,320,-344,2
3968500,2729500,11,25,16,5.2,990,236,3.5,5,4.8,85,0,4,300,-341,2
3968500,2729500,11,25,17,3.2,990,282,5.9,6,4.5,86,0,0,285,-337,2
3968500,2729500,11,25,18,3.5,991,275,6.3,7,4.3,88,0,0,292,-335,2
3968500,2729500,11,25,19,3.3,991,280,6.1,7,4.3,86,0,0,296,-332,2
3968500,2729500,11,25,20,3.4,991,289,6.4,7,4.2,86,0,0,295,-331,2
3968500,2729500,11,25,21,2.4,991,292,5.8,7,4.2,87,0,0,292,-329,2
3968500,2729500,11,25,22,2.9,992,293,6.3,7,4.0,86,0,0,291,-325,2
3968500,2729500,11,25,23,2.9,992,294,6.5,7,3.9,83,0,0,290,-323,2
3968500,2729500,11,25,24,2.5,993,293,6.8,8,3.9,83,0,0,294,-320,2
3968500,2729500,11,26,1,2.6,993,291,5.8,7,3.8,82,0,0,292,-319,2
3968500,2729500,11,26,2,1.9,994,290,5.2,5,3.8,83,0,0,273,-318,2
3968500,2729500,11,26,3,2.2,994,300,5.5,6,3.7,84,0,0,266,-317,2
3968500,2729500,11,26,4,2.3,994,292,6.2,7,3.6,80,0,0,274,-316,2
3968500,2729500,11,26,5,2.0,995,289,5.6,8,3.6,80,0,0,282,-316,2
3968500,2729500,11,26,6,1.6,995,290,5.4,8,3.6,82,0,0,285,-316,2
3968500,2729500,11,26,7,1.7,996,293,5.8,8,3.6,83,0,0,283,-316,2
3968500,2729500,11,26,8,1.9,996,291,4.5,8,3.6,81,0,0,282,-316,2
3968500,2729500,11,26,9,2.0,997,290,5.0,7,3.6,80,0,16,278,-315,2
3968500,2729500,11,26,10,1.9,997,293,5.8,7,3.7,83,0,44,272,-315,2
3968500,2729500,11,26,11,2.6,998,302,6.3,4,3.7,82,12,95,259,-316,2
3968500,2729500,11,26,12,3.0,998,291,6.3,4,3.7,78,19,120,246,-318,2
3968500,2729500,11,26,13,2.6,998,282,6.1,4,3.7,79,32,127,248,-321,2
3968500,2729500,11,26,14,2.9,998,291,5.8,5,3.8,82,7,94,253,-322,2
3968500,2729500,11,26,15,2.3,998,284,5.6,6,3.9,84,1,56,262,-322,2
3968500,2729500,11,26,16,1.4,998,295,4.2,7,3.8,86,0,13,269,-320,2
3968500,2729500,11,26,17,1.6,998,281,5.3,6,3.7,87,0,0,269,-318,2
3968500,2729500,11,26,18,2.1,998,279,5.3,7,3.8,85,0,0,269,-317,2
3968500,2729500,11,26,19,1.8,998,289,6.2,8,3.7,84,0,0,277,-317,2
3968500,2729500,11,26,20,1.5,998,274,4.3,7,3.8,88,0,0,277,-317,2
3968500,2729500,11,26,21,2.0,999,284,5.0,7,3.8,88,0,0,273,-316,2
3968500,2729500,11,26,22,2.2,999,287,5.2,8,3.8,84,0,0,279,-316,2
3968500,2729500,11,26,23,1.9,999,304,4.6,8,3.8,85,0,0,284,-316,2
3968500,2729500,11,26,24,2.2,1000,305,4.5,8,3.7,84,0,0,285,-315,2
3968500,2729500,11,27,1,2.1,1000,291,3.5,6,3.7,83,0,0,277,-315,2
3968500,2729500,11,27,2,2.1,1000,290,3.3,7,3.7,83,0,0,273,-314,2
3968500,2729500,11,27,3,2.1,1001,304,2.8,7,3.7,83,0,0,277,-313,2
3968500,2729500,11,27,4,2.2,1001,293,3.6,7,3.7,82,0,0,278,-312,2
3968500,2729500,11,27,5,2.4,1001,296,2.8,8,3.7,81,0,0,282,-312,2
3968500,2729500,11,27,6,2.4,1001,292,2.7,8,3.7,82,0,0,287,-312,2
3968500,2729500,11,27,7,2.4,1001,284,3.0,8,3.7,82,0,0,287,-311,2
3968500,2729500,11,27,8,2.5,1002,289,3.0,8,3.8,82,0,0,286,-311,2
3968500,2729500,11,27,9,2.7,1002,286,3.2,7,3.8,81,0,2,282,-311,2
3968500,2729500,11,27,10,3.3,1002,293,3.2,8,3.8,79,0,25,283,-313,2
3968500,2729500,11,27,11,3.7,1003,296,3.2,8,3.9,78,0,56,290,-315,2
3968500,2729500,11,27,12,3.9,1003,306,3.8,6,4.0,79,5,105,283,-317,2
3968500,2729500,11,27,13,4.0,1003,295,3.4,6,4.0,78,17,123,274,-321,2
3968500,2729500,11,27,14,4.2,1003,305,3.5,7,3.9,76,4,88,281,-323,2
3968500,2729500,11,27,15,4.0,1003,313,2.9,7,3.9,76,0,48,287,-323,2
3968500,2729500,11,27,16,3.8,1003,295,2.1,7,3.9,77,0,17,286,-323,2
3968500,2729500,11,27,17,3.2,1003,236,1.6,8,3.9,80,0,0,291,-320,2
3968500,2729500,11,27,18,2.9,1004,231,1.3,8,4.0,83,0,0,296,-317,2
3968500,2729500,11,27,19,2.5,1004,168,0.8,8,4.0,85,0,0,297,-317,2
3968500,2729500,11,27,20,2.4,1004,252,1.2,8,4.0,87,0,0,298,-317,2
3968500,2729500,11,27,21,2.7,1004,249,1.6,8,4.0,86,0,0,301,-318,2
3968500,2729500,11,27,22,2.3,1004,162,1.1,8,4.0,86,0,0,302,-318,2
3968500,2729500,11,27,23,2.3,1004,149,1.2,8,4.0,88,0,0,303,-319,2
3968500,2729500,11,27,24,1.8,1004,164,1.3,7,4.0,89,0,0,298,-319,2
3968500,2729500,11,28,1,1.7,1004,179,1.3,6,3.9,90,0,0,290,-319,2
3968500,2729500,11,28,2,1.2,1003,183,1.4,2,3.9,92,0,0,265,-320,2
3968500,2729500,11,28,3,0.9,1002,171,1.7,2,3.9,93,0,0,244,-320,2
3968500,2729500,11,28,4,0.0,1002,180,2.0,2,3.7,94,0,0,242,-320,2
3968500,2729500,11,28,5,-0.5,1002,178,2.0,4,3.6,96,0,0,249,-320,2
3968500,2729500,11,28,6,-1.0,1002,189,2.0,6,3.6,98,0,0,267,-321,2
3968500,2729500,11,28,7,-0.3,1002,168,2.0,4,3.7,100,0,0,268,-321,2
3968500,2729500,11,28,8,-0.3,1001,166,2.3,4,3.7,100,0,0,259,-321,2
3968500,2729500,11,28,9,-0.5,1001,163,2.4,5,3.7,100,0,20,263,-321,2
3968500,2729500,11,28,10,-0.1,1001,165,2.2,7,3.8,100,4,57,279,-322,2
3968500,2729500,11,28,11,0.1,1001,176,2.4,5,3.8,100,45,106,280,-325,2
3968500,2729500,11,28,12,0.5,1000,165,2.6,6,3.9,100,88,123,276,-328,2
3968500,2729500,11,28,13,0.9,1000,169,2.9,5,4.0,99,92,126,277,-332,2
3968500,2729500,11,28,14,1.5,1000,169,3.1,7,4.1,97,25,110,284,-333,2
3968500,2729500,11,28,15,1.7,999,171,3.4,7,4.0,93,22,76,293,-333,2
3968500,2729500,11,28,16,1.7,998,164,4.0,7,3.9,89,0,23,293,-330,2
3968500,2729500,11,28,17,1.4,998,165,2.8,8,3.9,89,0,0,298,-325,2
3968500,2729500,11,28,18,1.2,997,156,2.3,8,3.8,91,0,0,301,-320,2
3968500,2729500,11,28,19,0.8,997,149,2.7,4,3.8,92,0,0,281,-317,2
3968500,2729500,11,28,20,0.0,996,147,2.7,4,3.7,93,0,0,260,-316,2
3968500,2729500,11,28,21,-0.5,996,152,2.7,5,3.6,95,0,0,263,-314,2
3968500,2729500,11,28,22,-0.8,995,151,3.0,6,3.5,96,0,0,271,-313,2
3968500,2729500,11,28,23,-1.0,994,146,3.0,4,3.4,95,0,0,266,-311,2
3968500,2729500,11,28,24,-0.9,994,140,2.6,1,3.4,94,0,0,246,-311,2
3968500,2729500,11,29,1,-1.0,993,140,3.2,5,3.4,94,0,0,250,-311,2
3968500,2729500,11,29,2,-1.4,992,138,3.3,6,3.4,95,0,0,268,-312,2
3968500,2729500,11,29,3,-1.1,991,145,2.7,6,3.4,96,0,0,271,-312,2
3968500,2729500,11,29,4,-1.1,991,150,3.3,8,3.4,96,0,0,277,-313,2
3968500,2729500,11,29,5,-0.7,990,159,4.5,7,3.4,95,0,0,279,-313,2
3968500,2729500,11,29,6,-0.7,989,165,4.4,7,3.5,94,0,0,279,-314,2
3968500,2729500,11,29,7,-0.3,989,179,4.9,6,3.5,93,0,0,278,-314,2
3968500,2729500,11,29,8,-0.2,989,158,4.6,7,3.5,92,0,0,280,-315,2
3968500,2729500,11,29,9,-0.2,988,157,6.0,7,3.5,92,0,13,283,-315,2
3968500,2729500,11,29,10,-0.3,988,160,6.0,8,3.5,93,25,38,287,-315,2
3968500,2729500,11,29,11,0.1,988,159,5.6,7,3.6,93,20,68,289,-315,2
3968500,2729500,11,29,12,0.4,987,157,5.5,8,3.6,92,0,51,290,-316,2
3968500,2729500,11,29,13,0.7,987,161,5.3,8,3.7,91,0,48,295,-316,2
3968500,2729500,11,29,14,0.9,986,174,4.9,8,3.7,91,0,26,296,-319,2
3968500,2729500,11,29,15,1.0,986,185,5.0,6,3.8,90,0,45,294,-320,2
3968500,2729500,11,29,16,0.7,985,189,5.7,8,3.7,90,5,18,295,-319,2
3968500,2729500,11,29,17,0.9,985,182,6.0,8,3.8,92,0,0,302,-319,2
3968500,2729500,11,29,18,1.2,985,182,5.5,8,3.9,92,0,0,305,-319,2
3968500,2729500,11,29,19,1.4,984,189,6.0,8,4.0,93,0,0,307,-320,2
3968500,2729500,11,29,20,1.8,984,178,5.7,8,4.1,94,0,0,310,-321,2
3968500,2729500,11,29,21,2.0,984,175,4.8,8,4.2,93,0,0,312,-321,2
3968500,2729500,11,29,22,2.1,984,167,4.3,8,4.2,93,0,0,314,-322,2
3968500,2729500,11,29,23,2.1,984,173,4.6,8,4.3,94,0,0,314,-322,2
3968500,2729500,11,29,24,2.3,984,174,4.0,8,4.3,94,0,0,315,-323,2
3968500,2729500,11,30,1,2.5,984,195,3.1,8,4.3,93,0,0,315,-323,2
3968500,2729500,11,30,2,2.6,984,188,3.0,7,4.4,93,0,0,309,-324,2
3968500,2729500,11,30,3,2.3,984,209,3.2,8,4.3,93,0,0,307,-325,2
3968500,2729500,11,30,4,2.1,984,188,2.8,8,4.3,93,0,0,312,-326,2
3968500,2729500,11,30,5,1.9,984,191,2.3,8,4.3,95,0,0,311,-327,2
3968500,2729500,11,30,6,2.9,985,180,2.2,8,4.4,95,0,0,312,-327,2
3968500,2729500,11,30,7,3.0,985,246,1.9,7,4.5,92,0,0,307,-328,2
3968500,2729500,11,30,8,3.2,985,198,4.0,7,4.4,91,0,0,300,-328,2
3968500,2729500,11,30,9,3.0,986,210,4.0,7,4.4,91,2,19,300,-327,2
3968500,2729500,11,30,10,3.2,986,171,3.8,6,4.5,92,5,58,293,-328,2
3968500,2729500,11,30,11,4.4,987,168,4.4,6,4.6,90,5,86,289,-331,2
3968500,2729500,11,30,12,4.9,987,178,4.6,7,4.8,88,3,96,297,-335,2
3968500,2729500,11,30,13,4.9,987,187,4.9,7,4.8,87,1,86,304,-340,2
3968500,2729500,11,30,14,4.9,986,178,4.3,8,4.8,87,0,57,311,-343,2
3968500,2729500,11,30,15,4.6,986,169,3.6,7,4.8,88,3,57,312,-344,2
3968500,2729500,11,30,16,4.4,986,176,3.9,8,4.9,91,5,28,312,-341,2
3968500,2729500,11,30,17,4.4,986,173,3.8,8,4.9,92,0,0,320,-338,2
3968500,2729500,11,30,18,4.5,986,178,3.3,8,5.0,93,0,0,320,-336,2
3968500,2729500,11,30,19,5.0,985,187,4.7,8,5.1,92,0,0,322,-335,2
3968500,2729500,11,30,20,5.3,985,187,5.0,8,5.1,91,0,0,324,-335,2
3968500,2729500,11,30,21,5.2,985,176,4.9,8,5.3,93,0,0,325,-336,2
3968500,2729500,11,30,22,5.5,985,185,5.3,8,5.4,94,0,0,327,-336,2
3968500,2729500,11,30,23,5.7,984,180,5.1,7,5.4,93,0,0,323,-335,2
3968500,2729500,11,30,24,5.9,984,174,4.6,8,5.5,92,0,0,323,-335,2
3968500,2729500,12,1,1,6.0,983,185,4.7,8,5.5,92,0,0,330,-335,2
3968500,2729500,12,1,2,6.1,983,173,4.7,8,5.5,92,0,0,330,-335,2
3968500,2729500,12,1,3,6.0,982,177,5.3,8,5.5,92,0,0,330,-334,2
3968500,2729500,12,1,4,6.0,982,188,5.3,8,5.6,93,0,0,331,-333,2
3968500,2729500,12,1,5,6.0,981,190,5.4,7,5.6,93,0,0,326,-334,2
3968500,2729500,12,1,6,6.1,981,189,5.6,8,5.5,92,0,0,327,-336,2
3968500,2729500,12,1,7,6.2,980,186,6.5,8,5.5,90,0,0,332,-337,2
3968500,2729500,12,1,8,6.0,980,193,5.6,8,5.4,90,0,0,333,-338,2
3968500,2729500,12,1,9,6.0,980,185,5.7,8,5.4,90,0,2,333,-338,2
3968500,2729500,12,1,10,6.4,980,187,5.3,8,5.5,90,0,23,333,-339,2
3968500,2729500,12,1,11,7.0,981,175,4.9,8,5.7,90,0,31,335,-339,2
3968500,2729500,12,1,12,7.0,982,170,3.7,8,5.8,90,0,37,336,-341,2
3968500,2729500,12,1,13,8.4,982,187,4.5,6,6.0,88,16,108,327,-342,2
3968500,2729500,12,1,14,8.8,982,187,4.5,5,6.0,83,55,109,310,-344,2
3968500,2729500,12,1,15,8.7,983,188,4.3,3,5.6,77,69,79,291,-346,2
3968500,2729500,12,1,16,7.2,983,200,3.9,5,5.0,73,18,32,284,-347,2
3968500,2729500,12,1,17,6.0,983,191,3.3,4,4.7,75,0,0,284,-345,2
3968500,2729500,12,1,18,5.4,983,218,2.9,4,4.7,79,0,0,276,-343,2
3968500,2729500,12,1,19,5.1,984,195,3.4,3,4.7,83,0,0,268,-342,2
3968500,2729500,12,1,20,5.0,985,184,3.3,3,4.8,85,0,0,260,-342,2
3968500,2729500,12,1,21,5.0,985,175,3.4,4,4.8,86,0,0,253,-342,2
3968500,2729500,12,1,22,5.1,984,173,3.7,4,4.8,86,0,0,263,-341,2
3968500,2729500,12,1,23,4.8,984,195,3.8,5,4.7,86,0,0,288,-339,2
3968500,2729500,12,1,24,4.3,984,227,3.9,6,4.5,85,0,0,296,-338,2
3968500,2729500,12,2,1,3.5,985,261,3.8,7,4.3,86,0,0,294,-317,2
3968500,2729500,12,2,2,2.8,985,291,3.8,7,4.1,86,0,0,296,-317,2
3968500,2729500,12,2,3,2.1,986,312,3.7,7,3.9,86,0,0,296,-317,2
3968500,2729500,12,2,4,1.9,987,317,3.7,6,3.8,85,0,0,290,-317,2
3968500,2729500,12,2,5,1.7,988,318,3.5,6,3.7,84,0,0,281,-317,2
3968500,2729500,12,2,6,1.5,989,336,3.3,5,3.5,80,0,0,274,-317,2
3968500,2729500,12,2,7,1.0,990,323,2.8,5,3.5,83,0,0,265,-317,2
3968500,2729500,12,2,8,0.8,991,346,1.7,7,3.5,85,0,0,274,-317,2
3968500,2729500,12,2,9,0.9,992,337,1.1,7,3.6,87,0,10,283,-317,2
3968500,2729500,12,2,10,1.4,993,305,1.5,6,3.7,89,10,65,275,-317,2
3968500,2729500,12,2,11,2.2,994,219,1.4,7,3.9,88,1,71,276,-317,2
3968500,2729500,12,2,12,2.8,994,282,1.3,7,4.0,86,0,60,284,-317,2
3968500,2729500,12,2,13,3.1,994,188,1.7,7,4.0,84,0,68,285,-317,2
3968500,2729500,12,2,14,3.3,994,222,2.1,7,4.0,82,4,98,286,-317,2
3968500,2729500,12,2,15,3.3,994,197,2.5,5,4.1,83,18,93,279,-317,2
3968500,2729500,12,2,16,3.0,993,187,3.2,7,4.0,83,16,49,280,-316,2
3968500,2729500,12,2,17,2.3,992,179,3.8,7,3.9,83,0,2,289,-316,2
3968500,2729500,12,2,18,1.9,992,175,4.2,7,3.9,86,0,0,287,-316,2
3968500,2729500,12,2,19,1.7,991,189,4.5,7,3.9,88,0,0,287,-316,2
3968500,2729500,12,2,20,2.2,990,189,5.0,6,3.8,86,0,0,285,-316,2
3968500,2729500,12,2,21,2.5,988,195,4.1,7,3.8,83,0,0,289,-316,2
3968500,2729500,12,2,22,2.7,987,193,5.7,8,3.9,84,0,0,302,-317,2
3968500,2729500,12,2,23,2.4,986,189,5.1,8,4.2,90,0,0,308,-317,2
3968500,2729500,12,2,24,2.5,985,200,6.3,8,4.4,95,0,0,311,-317,2
3968500,2729500,12,3,1,2.5,984,192,5.3,8,4.5,96,0,0,312,-317,2
3968500,2729500,12,3,2,3.0,983,188,4.2,8,4.6,96,0,0,314,-317,2
3968500,2729500,12,3,3,3.2,982,187,4.8,8,4.6,94,0,0,315,-317,2
3968500,2729500,12,3,4,3.2,981,185,3.8,8,4.7,95,0,0,316,-317,2
3968500,2729500,12,3,5,3.5,981,187,3.0,8,4.8,97,0,0,317,-317,2
3968500,2729500,12,3,6,3.4,980,202,1.9,8,4.9,98,0,0,318,-317,2
3968500,2729500,12,3,7,2.7,980,204,2.7,8,4.6,94,0,0,317,-317,2
3968500,2729500,12,3,8,2.9,981,189,2.7,8,4.4,92,0,0,315,-317,2
3968500,2729500,12,3,9,3.2,981,210,2.7,8,4.5,92,0,3,314,-317,2
3968500,2729500,12,3,10,3.9,983,247,2.1,7,4.5,90,25,36,309,-317,2
3968500,2729500,12,3,11,4.1,983,259,1.5,8,4.7,90,0,41,309,-319,2
3968500,2729500,12,3,12,3.7,984,256,4.1,6,4.6,89,9,85,302,-323,2
3968500,2729500,12,3,13,4.2,984,209,3.8,7,4.6,88,0,76,296,-325,2
3968500,2729500,12,3,14,4.7,984,176,2.9,6,4.7,88,0,56,298,-325,2
3968500,2729500,12,3,15,4.5,984,181,3.1,6,4.7,87,0,33,292,-326,2
3968500,2729500,12,3,16,4.7,985,176,1.4,7,4.6,86,0,13,298,-325,2
3968500,2729500,12,3,17,3.9,985,193,2.0,8,4.7,88,0,1,307,-323,2
3968500,2729500,12,3,18,3.3,985,191,2.9,8,4.7,94,0,0,311,-322,2
3968500,2729500,12,3,19,3.4,986,215,2.8,7,4.7,96,0,0,306,-322,2
3968500,2729500,12,3,20,3.8,986,225,3.0,7,4.8,96,0,0,302,-321,2
3968500,2729500,12,3,21,4.1,986,183,2.3,8,4.9,94,0,0,308,-320,2
3968500,2729500,12,3,22,4.0,987,229,3.8,8,4.8,92,0,0,313,-321,2
3968500,2729500,12,3,23,4.1,987,255,2.8,8,4.8,92,0,0,313,-321,2
3968500,2729500,12,3,24,4.0,988,207,3.6,8,4.8,91,0,0,312,-321,2
3968500,2729500,12,4,1,4.0,988,195,2.4,8,4.7,91,0,0,311,-320,2
3968500,2729500,12,4,2,3.6,988,194,2.5,7,4.7,92,0,0,303,-319,2
3968500,2729500,12,4,3,3.6,988,198,2.1,7,4.7,94,0,0,295,-318,2
3968500,2729500,12,4,4,3.5,989,204,3.6,7,4.7,94,0,0,294,-318,2
3968500,2729500,12,4,5,2.9,989,202,3.5,5,4.6,93,0,0,282,-318,2
3968500,2729500,12,4,6,2.3,989,202,2.7,5,4.4,94,0,0,270,-317,2
3968500,2729500,12,4,7,2.4,989,201,2.9,5,4.3,94,0,0,270,-317,2
3968500,2729500,12,4,8,2.5,989,207,1.9,6,4.2,90,0,0,276,-317,2
3968500,2729500,12,4,9,2.6,989,203,3.6,7,4.1,87,6,9,287,-318,2
3968500,2729500,12,4,10,2.7,989,189,4.7,5,4.1,87,54,29,282,-319,2
3968500,2729500,12,4,11,3.0,989,188,5.2,7,4.1,86,10,73,283,-321,2
3968500,2729500,12,4,12,3.2,989,187,5.2,7,4.1,85,15,92,293,-324,2
3968500,2729500,12,4,13,3.6,988,185,4.7,6,4.3,86,32,96,288,-327,2
3968500,2729500,12,4,14,3.8,987,181,3.5,7,4.5,89,0,66,289,-329,2
3968500,2729500,12,4,15,4.7,986,164,3.8,7,4.7,88,0,44,296,-329,2
3968500,2729500,12,4,16,4.5,985,169,4.5,8,4.7,87,0,17,303,-329,2
3968500,2729500,12,4,17,4.5,984,173,3.8,8,4.8,89,0,1,309,-329,2
3968500,2729500,12,4,18,4.7,983,184,5.9,8,4.8,89,0,0,311,-328,2
3968500,2729500,12,4,19,5.0,982,184,7.0,7,4.8,86,0,0,309,-328,2
3968500,2729500,12,4,20,4.7,981,184,6.8,7,4.8,86,0,0,306,-328,2
3968500,2729500,12,4,21,4.9,980,188,6.1,7,4.8,87,0,0,308,-329,2
3968500,2729500,12,4,22,4.9,980,186,6.5,7,4.7,85,0,0,309,-329,2
3968500,2729500,12,4,23,4.8,980,186,6.1,7,4.7,85,0,0,310,-330,2
3968500,2729500,12,4,24,4.5,979,197,5.7,7,4.7,86,0,0,309,-330,2
3968500,2729500,12,5,1,4.5,979,183,4.1,8,4.8,89,0,0,313,-331,2
3968500,2729500,12,5,2,4.8,979,181,3.4,8,4.8,88,0,0,318,-332,2
3968500,2729500,12,5,3,4.9,979,181,4.0,8,4.8,87,0,0,319,-333,2
3968500,2729500,12,5,4,4.9,979,192,3.8,8,4.9,87,0,0,318,-334,2
3968500,2729500,12,5,5,5.5,979,182,4.3,8,4.9,86,0,0,319,-334,2
3968500,2729500,12,5,6,5.9,979,180,4.2,7,4.9,83,0,0,315,-334,2
3968500,2729500,12,5,7,6.0,980,180,3.5,7,4.9,82,0,0,310,-334,2
3968500,2729500,12,5,8,6.6,980,169,3.2,8,4.9,80,0,0,316,-334,2
3968500,2729500,12,5,9,6.8,981,162,2.7,8,4.9,77,0,8,322,-334,2
3968500,2729500,12,5,10,7.0,982,161,3.5,8,5.0,78,0,33,321,-335,2
3968500,2729500,12,5,11,7.2,983,174,3.2,7,5.2,80,0,59,315,-337,2
3968500,2729500,12,5,12,7.6,984,177,4.4,7,5.2,79,2,81,309,-339,2
3968500,2729500,12,5,13,8.0,985,168,3.4,7,5.2,77,11,97,308,-341,2
3968500,2729500,12,5,14,8.1,986,168,4.1,7,5.2,75,7,83,308,-341,2
3968500,2729500,12,5,15,8.1,986,178,4.0,7,5.1,74,5,59,307,-342,2
3968500,2729500,12,5,16,7.7,986,173,2.6,7,5.1,75,8,22,306,-341,2
3968500,2729500,12,5,17,7.4,986,181,2.3,8,5.1,77,0,1,311,-340,2
3968500,2729500,12,5,18,7.1,987,184,1.9,8,5.0,77,0,0,316,-340,2
3968500,2729500,12,5,19,6.0,987,196,1.6,8,4.9,79,0,0,314,-340,2
3968500,2729500,12,5,20,6.3,987,207,1.0,7,4.8,80,0,0,308,-340,2
3968500,2729500,12,5,21,5.9,988,199,1.0,7,4.7,78,0,0,302,-339,2
3968500,2729500,12,5,22,6.7,988,182,1.0,7,4.6,76,0,0,303,-339,2
3968500,2729500,12,5,23,6.1,988,177,0.7,7,4.5,74,0,0,302,-338,2
3968500,2729500,12,5,24,6.3,989,178,1.0,6,4.5,75,0,0,297,-338,2
3968500,2729500,12,6,1,6.2,989,179,1.0,7,4.5,75,0,0,297,-337,2
3968500,2729500,12,6,2,5.2,989,159,1.6,7,4.5,78,0,0,300,-337,2
3968500,2729500,12,6,3,5.9,989,164,1.7,7,4.5,79,0,0,298,-337,2
3968500,2729500,12,6,4,5.6,990,212,0.6,7,4.6,78,0,0,298,-336,2
3968500,2729500,12,6,5,5.7,990,161,0.6,7,4.6,79,0,0,297,-334,2
3968500,2729500,12,6,6,5.1,990,185,1.1,8,4.6,81,0,0,299,-331,2
3968500,2729500,12,6,7,5.4,990,188,1.2,8,4.6,82,0,0,302,-330,2
3968500,2729500,12,6,8,4.6,991,151,1.2,7,4.6,82,0,0,297,-329,2
3968500,2729500,12,6,9,4.7,991,188,1.3,7,4.4,82,3,11,291,-329,2
3968500,2729500,12,6,10,5.3,991,170,1.6,8,4.4,79,10,50,295,-330,2
3968500,2729500,12,6,11,6.5,991,138,1.8,8,4.4,75,3,70,301,-333,2
3968500,2729500,12,6,12,7.8,991,201,1.9,8,4.4,68,7,95,303,-338,2
3968500,2729500,12,6,13,7.9,991,283,1.5,7,4.4,66,22,110,301,-342,2
3968500,2729500,12,6,14,8.5,991,261,1.4,7,4.5,65,10,92,298,-344,2
3968500,2729500,12,6,15,9.2,991,147,1.1,7,4.5,63,0,44,300,-343,2
3968500,2729500,12,6,16,8.4,991,228,0.8,5,4.5,62,13,25,292,-340,2
3968500,2729500,12,6,17,6.5,991,180,0.5,5,4.5,68,0,3,280,-334,2
3968500,2729500,12,6,18,5.5,992,18,0.3,4,4.6,77,0,0,274,-328,2
3968500,2729500,12,6,19,4.8,992,8,0.4,4,4.6,82,0,0,268,-323,2
3968500,2729500,12,6,20,4.5,992,256,0.8,4,4.6,85,0,0,267,-321,2
3968500,2729500,12,6,21,3.5,993,113,0.7,3,4.6,89,0,0,259,-320,2
3968500,2729500,12,6,22,3.6,993,160,0.8,2,4.4,88,0,0,246,-318,2
3968500,2729500,12,6,23,2.6,993,195,0.7,2,4.2,88,0,0,238,-316,2
3968500,2729500,12,6,24,2.0,994,229,0.1,5,4.2,92,0,0,250,-316,2
3968500,2729500,12,7,1,2.0,994,206,0.7,6,4.1,93,0,0,268,-316,2
3968500,2729500,12,7,2,1.3,994,221,0.6,5,4.1,94,0,0,267,-316,2
3968500,2729500,12,7,3,1.1,994,186,1.5,2,4.0,94,0,0,245,-316,2
3968500,2729500,12,7,4,0.7,994,156,0.5,2,3.9,95,0,0,227,-316,2
3968500,2729500,12,7,5,0.7,994,351,0.2,3,3.9,96,0,0,231,-316,2
3968500,2729500,12,7,6,-0.1,994,230,1.1,2,3.9,98,0,0,228,-316,2
3968500,2729500,12,7,7,-0.4,994,166,1.1,3,3.8,100,0,0,224,-316,2
3968500,2729500,12,7,8,-0.7,994,41,0.5,3,3.7,100,0,0,229,-315,2
3968500,2729500,12,7,9,-0.3,995,145,1.6,4,3.7,99,0,10,236,-316,2
3968500,2729500,12,7,10,0.6,995,136,1.4,5,3.8,97,24,54,250,-316,2
3968500,2729500,12,7,11,1.5,996,153,2.6,3,3.9,94,51,93,248,-318,2
3968500,2729500,12,7,12,2.9,996,179,1.4,2,4.0,89,67,116,233,-325,2
3968500,2729500,12,7,13,3.7,996,148,1.3,4,4.1,84,74,120,242,-332,2
3968500,2729500,12,7,14,3.6,996,153,1.4,5,4.1,81,67,103,261,-336,2
3968500,2729500,12,7,15,3.7,996,134,0.7,4,4.1,81,36,73,260,-336,2
3968500,2729500,12,7,16,2.5,996,132,0.9,6,4.1,86,5,25,264,-331,2
3968500,2729500,12,7,17,1.9,997,36,0.2,7,4.2,93,0,2,279,-325,2
3968500,2729500,12,7,18,2.3,997,36,0.3,6,4.2,94,0,0,279,-320,2
3968500,2729500,12,7,19,1.6,998,16,0.6,8,4.2,95,0,0,286,-317,2
3968500,2729500,12,7,20,0.9,998,49,0.4,8,4.1,96,0,0,298,-317,2
3968500,2729500,12,7,21,1.3,999,37,0.8,8,4.1,98,0,0,298,-317,2
3968500,2729500,12,7,22,1.7,999,22,1.2,8,4.2,98,0,0,300,-316,2
3968500,2729500,12,7,23,1.5,999,57,0.7,8,4.2,97,0,0,300,-316,2
3968500,2729500,12,7,24,1.6,1000,47,0.3,8,4.1,96,0,0,300,-315,2
3968500,2729500,12,8,1,1.7,1000,38,0.1,8,4.2,96,0,0,300,-314,2
3968500,2729500,12,8,2,1.1,1000,36,0.1,6,4.1,97,0,0,286,-313,2
3968500,2729500,12,8,3,1.0,1000,36,0.2,3,4.1,98,0,0,254,-313,2
3968500,2729500,12,8,4,1.0,1000,32,0.5,6,4.1,99,0,0,255,-313,2
3968500,2729500,12,8,5,1.0,1000,36,1.0,7,4.1,99,0,0,280,-313,2
3968500,2729500,12,8,6,0.6,1000,29,0.9,4,4.0,99,0,0,269,-313,2
3968500,2729500,12,8,7,0.7,1000,33,0.9,4,4.0,100,0,0,255,-313,2
3968500,2729500,12,8,8,0.5,1000,32,1.5,6,4.0,100,0,0,267,-313,2
3968500,2729500,12,8,9,-0.2,1000,24,1.5,6,3.9,100,2,13,276,-313,2
3968500,2729500,12,8,10,0.2,1001,161,1.0,2,3.8,100,33,68,258,-313,2
3968500,2729500,12,8,11,1.2,1001,19,0.4,2,4.0,99,42,113,242,-314,2
3968500,2729500,12,8,12,0.9,1002,32,0.7,6,4.1,98,36,136,262,-315,2
3968500,2729500,12,8,13,1.0,1002,22,0.8,5,4.1,99,39,141,275,-319,2
3968500,2729500,12,8,14,1.2,1002,18,0.7,5,4.1,99,62,128,271,-322,2
3968500,2729500,12,8,15,1.0,1002,48,0.8,4,4.1,99,51,90,266,-320,2
3968500,2729500,12,8,16,0.5,1002,168,1.3,4,4.0,99,10,34,260,-317,2
3968500,2729500,12,8,17,0.1,1002,157,1.1,5,3.9,100,0,0,263,-316,2
3968500,2729500,12,8,18,-0.4,1002,168,1.0,5,3.8,100,0,0,264,-315,2
3968500,2729500,12,8,19,-1.0,1003,27,0.5,8,3.6,100,0,0,273,-314,2
3968500,2729500,12,8,20,-1.6,1003,171,1.3,8,3.5,100,0,0,282,-313,2
3968500,2729500,12,8,21,-1.4,1003,175,2.1,8,3.4,100,0,0,283,-312,2
3968500,2729500,12,8,22,-1.2,1004,174,1.0,6,3.5,100,0,0,276,-312,2
3968500,2729500,12,8,23,-1.0,1004,159,0.8,6,3.5,100,0,0,270,-311,2
3968500,2729500,12,8,24,-1.0,1004,144,1.3,7,3.6,100,0,0,274,-311,2
3968500,2729500,12,9,1,-1.1,1004,164,1.4,6,3.5,100,0,0,274,-311,2
3968500,2729500,12,9,2,-1.0,1004,156,1.6,3,3.5,100,0,0,258,-310,2
3968500,2729500,12,9,3,-1.1,1004,151,2.2,6,3.5,100,0,0,258,-309,2
3968500,2729500,12,9,4,-1.1,1005,47,1.7,6,3.5,99,0,0,269,-309,2
3968500,2729500,12,9,5,-1.3,1005,122,1.7,7,3.5,99,0,0,273,-308,2
3968500,2729500,12,9,6,-1.3,1004,115,1.5,8,3.4,98,0,0,279,-306,2
3968500,2729500,12,9,7,-1.4,1004,101,1.5,8,3.4,98,0,0,282,-305,2
3968500,2729500,12,9,8,-1.3,1005,123,1.4,8,3.4,98,0,0,281,-306,2
3968500,2729500,12,9,9,-1.0,1005,125,1.8,8,3.4,98,0,7,282,-307,2
3968500,2729500,12,9,10,-0.8,1005,120,1.8,8,3.4,96,4,45,281,-308,2
3968500,2729500,12,9,11,-0.7,1005,50,1.6,7,3.4,95,0,61,276,-310,2
3968500,2729500,12,9,12,-0.4,1005,106,2.0,7,3.4,93,0,71,271,-313,2
3968500,2729500,12,9,13,0.1,1005,142,2.7,7,3.5,92,0,67,271,-315,2
3968500,2729500,12,9,14,0.2,1005,150,2.6,7,3.5,90,0,55,272,-316,2
3968500,2729500,12,9,15,0.2,1004,77,3.0,7,3.4,88,0,37,272,-316,2
3968500,2729500,12,9,16,0.0,1004,124,2.8,8,3.3,86,0,13,276,-316,2
3968500,2729500,12,9,17,-0.4,1003,127,2.6,7,3.3,88,0,0,277,-313,2
3968500,2729500,12,9,18,-0.4,1003,72,2.8,7,3.3,90,0,0,271,-310,2
3968500,2729500,12,9,19,-0.8,1004,70,3.1,8,3.3,91,0,0,277,-309,2
3968500,2729500,12,9,20,-0.8,1004,128,3.0,8,3.3,91,0,0,282,-308,2
3968500,2729500,12,9,21,-1.0,1004,123,3.7,8,3.2,90,0,0,283,-308,2
3968500,2729500,12,9,22,-1.0,1004,111,3.1,8,3.2,90,0,0,283,-308,2
3968500,2729500,12,9,23,-1.0,1003,95,2.8,8,3.2,90,0,0,283,-307,2
3968500,2729500,12,9,24,-1.0,1003,101,2.8,8,3.2,89,0,0,283,-307,2
3968500,2729500,12,10,1,-1.1,1003,115,2.9,8,3.2,89,0,0,283,-307,2
3968500,2729500,12,10,2,-1.1,1003,107,3.0,8,3.2,89,0,0,284,-307,2
3968500,2729500,12,10,3,-1.0,1002,120,2.5,8,3.2,90,0,0,285,-308,2
3968500,2729500,12,10,4,-0.9,1002,114,3.1,8,3.2,90,0,0,286,-308,2
3968500,2729500,12,10,5,-0.9,1001,119,3.0,7,3.2,90,0,0,282,-308,2
3968500,2729500,12,10,6,-0.9,1001,116,2.9,8,3.2,90,0,0,283,-308,2
3968500,2729500,12,10,7,-1.0,1000,116,2.9,8,3.2,89,0,0,289,-308,2
3968500,2729500,12,10,8,-1.2,1000,110,3.2,8,3.2,89,0,0,290,-308,2
3968500,2729500,12,10,9,-1.2,1000,121,2.8,8,3.1,90,0,4,291,-309,2
3968500,2729500,12,10,10,-1.2,1000,107,2.6,8,3.2,90,0,34,292,-310,2
3968500,2729500,12,10,11,-1.0,1000,120,2.4,7,3.2,91,0,42,286,-312,2
3968500,2729500,12,10,12,-0.9,1000,116,2.1,7,3.2,90,0,45,280,-315,2
3968500,2729500,12,10,13,-0.7,999,112,2.3,7,3.2,89,0,45,281,-316,2
3968500,2729500,12,10,14,-0.7,998,132,2.6,7,3.2,87,0,45,281,-317,2
3968500,2729500,12,10,15,-0.6,998,144,2.3,7,3.2,87,0,37,280,-318,2
3968500,2729500,12,10,16,-0.7,997,157,1.9,8,3.2,87,0,13,286,-317,2
3968500,2729500,12,10,17,-1.0,997,112,2.6,8,3.1,87,0,0,291,-316,2
3968500,2729500,12,10,18,-1.2,997,117,1.9,8,3.1,88,0,0,291,-316,2
3968500,2729500,12,10,19,-1.1,996,81,1.8,8,3.1,89,0,0,291,-314,2
3968500,2729500,12,10,20,-1.1,997,167,1.5,7,3.2,89,0,0,285,-313,2
3968500,2729500,12,10,21,-1.2,998,148,1.7,8,3.1,89,0,0,286,-313,2
3968500,2729500,12,10,22,-1.2,996,108,2.0,7,3.1,89,0,0,285,-314,2
3968500,2729500,12,10,23,-1.2,996,177,2.1,7,3.1,89,0,0,280,-313,2
3968500,2729500,12,10,24,-1.3,996,23,1.7,8,3.1,90,0,0,286,-314,2
3968500,2729500,12,11,1,-1.5,996,24,1.4,8,3.2,91,0,0,291,-314,2
3968500,2729500,12,11,2,-2.0,996,169,1.7,5,3.1,92,0,0,273,-314,2
3968500,2729500,12,11,3,-2.3,996,16,1.1,3,3.1,94,0,0,244,-314,2
3968500,2729500,12,11,4,-2.8,996,22,1.0,2,3.0,94,0,0,226,-314,2
3968500,2729500,12,11,5,-2.9,995,7,0.9,1,2.9,94,0,0,212,-313,2
3968500,2729500,12,11,6,-3.2,995,6,1.0,2,2.9,95,0,0,211,-313,2
3968500,2729500,12,11,7,-3.4,995,6,0.9,4,2.9,97,0,0,228,-314,2
3968500,2729500,12,11,8,-3.8,995,8,0.9,6,2.9,97,0,0,252,-314,2
3968500,2729500,12,11,9,-3.7,995,7,1.1,6,2.9,98,0,9,263,-315,2
3968500,2729500,12,11,10,-3.0,995,15,0.9,6,3.0,98,18,55,265,-315,2
3968500,2729500,12,11,11,-2.4,995,20,1.1,4,3.1,97,34,96,256,-315,2
3968500,2729500,12,11,12,-1.7,995,9,1.8,5,3.2,96,30,120,253,-316,2
3968500,2729500,12,11,13,-1.4,995,19,2.4,5,3.3,95,55,128,260,-319,2
3968500,2729500,12,11,14,-0.7,994,83,1.7,4,3.3,93,88,108,257,-321,2
3968500,2729500,12,11,15,-0.7,994,7,2.4,4,3.3,91,55,76,254,-320,2
3968500,2729500,12,11,16,-1.4,993,49,3.0,7,3.3,92,15,31,269,-318,2
3968500,2729500,12,11,17,-1.7,993,40,2.7,5,3.3,95,0,2,273,-316,2
3968500,2729500,12,11,18,-1.9,993,24,2.1,5,3.3,98,0,0,261,-315,2
3968500,2729500,12,11,19,-2.0,993,22,1.6,5,3.3,98,0,0,260,-312,2
3968500,2729500,12,11,20,-1.8,993,41,2.2,6,3.3,98,0,0,265,-311,2
3968500,2729500,12,11,21,-1.7,993,45,2.3,5,3.4,98,0,0,266,-310,2
3968500,2729500,12,11,22,-1.6,993,44,2.4,7,3.3,98,0,0,271,-309,2
3968500,2729500,12,11,23,-1.5,993,36,1.9,7,3.3,97,0,0,282,-309,2
3968500,2729500,12,11,24,-1.5,993,46,2.3,7,3.3,96,0,0,281,-308,2
3968500,2729500,12,12,1,-1.2,993,44,1.8,7,3.4,96,0,0,281,-306,2
3968500,2729500,12,12,2,-1.0,993,71,1.8,7,3.4,94,0,0,280,-305,2
3968500,2729500,12,12,3,-0.8,994,59,1.7,8,3.3,92,0,0,287,-305,2
3968500,2729500,12,12,4,-1.0,994,99,1.4,8,3.3,92,0,0,293,-304,2
3968500,2729500,12,12,5,-1.1,993,25,1.1,8,3.3,93,0,0,294,-305,2
3968500,2729500,12,12,6,-1.1,993,27,1.2,8,3.3,94,0,0,294,-308,2
3968500,2729500,12,12,7,-1.2,993,142,1.6,8,3.3,93,0,0,295,-310,2
3968500,2729500,12,12,8,-1.3,993,153,1.7,8,3.3,93,0,0,296,-311,2
3968500,2729500,12,12,9,-1.6,993,191,1.5,8,3.2,92,0,5,295,-312,2
3968500,2729500,12,12,10,-1.4,994,168,1.8,8,3.2,93,0,37,295,-313,2
3968500,2729500,12,12,11,-1.4,994,159,2.1,7,3.3,94,0,48,289,-315,2
3968500,2729500,12,12,12,-1.2,994,177,2.1,7,3.3,94,0,51,284,-316,2
3968500,2729500,12,12,13,-1.3,994,186,2.5,7,3.3,93,0,51,284,-317,2
3968500,2729500,12,12,14,-1.1,993,171,2.7,7,3.3,94,0,51,283,-318,2
3968500,2729500,12,12,15,-1.1,993,172,2.7,8,3.3,93,0,34,289,-319,2
3968500,2729500,12,12,16,-0.9,993,159,2.5,8,3.3,92,0,13,296,-318,2
3968500,2729500,12,12,17,-0.9,993,161,3.1,8,3.3,92,0,0,297,-317,2
3968500,2729500,12,12,18,-1.0,993,155,2.9,8,3.3,92,0,0,298,-317,2
3968500,2729500,12,12,19,-0.8,993,140,2.6,7,3.3,92,0,0,293,-317,2
3968500,2729500,12,12,20,-0.7,993,140,2.8,7,3.4,93,0,0,288,-317,2
3968500,2729500,12,12,21,-0.5,993,166,2.9,7,3.5,94,0,0,289,-317,2
3968500,2729500,12,12,22,-0.5,993,87,2.5,8,3.5,93,0,0,295,-317,2
3968500,2729500,12,12,23,-0.7,993,138,3.0,8,3.4,93,0,0,300,-317,2
3968500,2729500,12,12,24,-0.6,993,205,3.6,8,3.4,92,0,0,300,-317,2
3968500,2729500,12,13,1,-0.9,993,192,3.5,8,3.4,93,0,0,299,-317,2
3968500,2729500,12,13,2,-1.0,993,185,3.6,8,3.4,95,0,0,299,-317,2
3968500,2729500,12,13,3,-1.1,992,174,3.3,8,3.4,95,0,0,299,-317,2
3968500,2729500,12,13,4,-1.1,992,169,3.2,8,3.4,96,0,0,298,-317,2
3968500,2729500,12,13,5,-1.0,991,166,3.1,7,3.4,95,0,0,292,-317,2
3968500,2729500,12,13,6,-0.8,991,166,4.0,8,3.4,93,0,0,292,-317,2
3968500,2729500,12,13,7,-0.8,991,173,4.3,8,3.4,93,0,0,297,-317,2
3968500,2729500,12,13,8,-0.6,990,172,4.4,8,3.4,93,0,0,298,-317,2
3968500,2729500,12,13,9,-0.6,990,171,4.0,8,3.4,92,0,4,298,-317,2
3968500,2729500,12,13,10,-0.3,990,172,4.3,8,3.5,92,0,36,298,-318,2
3968500,2729500,12,13,11,-0.2,990,174,4.3,7,3.5,92,0,47,293,-318,2
3968500,2729500,12,13,12,0.0,990,173,4.5,8,3.5,91,0,44,293,-320,2
3968500,2729500,12,13,13,0.1,990,172,4.2,8,3.6,92,0,39,299,-321,2
3968500,2729500,12,13,14,0.3,989,182,4.3,8,3.7,94,0,32,300,-322,2
3968500,2729500,12,13,15,0.4,988,175,4.5,8,3.7,93,0,29,300,-322,2
3968500,2729500,12,13,16,0.0,987,177,5.2,8,3.7,94,0,12,300,-321,2
3968500,2729500,12,13,17,0.1,987,175,4.6,7,3.7,95,0,0,294,-320,2
3968500,2729500,12,13,18,-0.3,987,173,4.1,7,3.8,97,0,0,288,-319,2
3968500,2729500,12,13,19,-0.3,987,174,3.7,6,3.8,99,0,0,282,-319,2
3968500,2729500,12,13,20,-0.2,986,174,3.5,8,3.8,99,0,0,289,-318,2
3968500,2729500,12,13,21,0.0,986,177,3.4,8,3.9,100,0,0,302,-318,2
3968500,2729500,12,13,22,0.2,986,177,3.5,8,3.9,99,0,0,304,-319,2
3968500,2729500,12,13,23,0.3,985,188,4.0,7,3.8,97,0,0,297,-319,2
3968500,2729500,12,13,24,0.5,985,194,4.2,8,3.8,94,0,0,297,-319,2
3968500,2729500,12,14,1,0.6,984,185,4.1,7,3.8,94,0,0,298,-319,2
3968500,2729500,12,14,2,0.6,984,189,3.9,8,3.8,93,0,0,298,-319,2
3968500,2729500,12,14,3,0.6,983,179,3.4,8,3.8,93,0,0,307,-319,2
3968500,2729500,12,14,4,0.5,983,175,2.3,8,3.8,94,0,0,307,-319,2
3968500,2729500,12,14,5,0.5,982,188,2.2,8,3.8,94,0,0,308,-320,2
3968500,2729500,12,14,6,0.5,982,176,1.7,8,3.8,94,0,0,308,-320,2
3968500,2729500,12,14,7,0.6,982,162,1.2,8,3.9,95,0,0,308,-319,2
3968500,2729500,12,14,8,0.6,981,181,1.0,8,4.0,97,0,0,309,-319,2
3968500,2729500,12,14,9,0.6,981,247,1.6,8,4.0,98,0,6,309,-318,2
3968500,2729500,12,14,10,0.7,981,223,0.9,8,4.0,98,0,34,309,-318,2
3968500,2729500,12,14,11,0.9,981,245,1.3,8,4.0,96,0,39,308,-319,2
3968500,2729500,12,14,12,1.0,981,341,2.1,7,4.0,95,0,40,300,-319,2
3968500,2729500,12,14,13,1.0,980,328,1.6,8,4.1,96,0,41,300,-320,2
3968500,2729500,12,14,14,0.8,980,358,2.3,7,4.1,98,0,32,299,-320,2
3968500,2729500,12,14,15,0.5,979,13,1.8,8,4.0,98,0,20,297,-319,2
3968500,2729500,12,14,16,0.5,979,3,3.3,8,4.0,97,0,7,301,-318,2
3968500,2729500,12,14,17,0.3,979,358,2.6,8,3.9,97,0,0,299,-317,2
3968500,2729500,12,14,18,0.1,979,359,2.6,8,3.9,98,0,0,297,-317,2
3968500,2729500,12,14,19,0.0,979,352,1.5,8,3.9,99,0,0,296,-316,2
3968500,2729500,12,14,20,0.0,979,355,2.1,8,3.9,99,0,0,296,-314,2
3968500,2729500,12,14,21,0.2,979,360,3.1,8,3.9,99,0,0,296,-313,2
3968500,2729500,12,14,22,0.2,980,1,2.9,8,4.0,99,0,0,295,-313,2
3968500,2729500,12,14,23,0.2,980,358,3.1,8,3.9,98,0,0,293,-313,2
3968500,2729500,12,14,24,0.0,980,0,3.4,8,3.8,97,0,0,290,-312,2
3968500,2729500,12,15,1,-0.2,980,0,2.9,6,3.8,97,0,0,277,-311,2
3968500,2729500,12,15,2,-0.4,981,0,3.2,6,3.7,97,0,0,265,-308,2
3968500,2729500,12,15,3,-0.5,981,6,3.1,8,3.6,96,0,0,274,-306,2
3968500,2729500,12,15,4,-0.5,981,4,2.1,8,3.6,95,0,0,283,-303,2
3968500,2729500,12,15,5,-0.7,982,12,1.8,7,3.5,93,0,0,276,-300,2
3968500,2729500,12,15,6,-0.9,982,21,1.9,7,3.3,90,0,0,268,-296,2
3968500,2729500,12,15,7,-1.8,982,352,2.0,7,3.2,90,0,0,263,-293,2
3968500,2729500,12,15,8,-1.7,983,344,2.3,7,3.1,89,0,0,261,-292,2
3968500,2729500,12,15,9,-1.6,984,354,2.4,7,2.9,84,0,1,260,-290,2
3968500,2729500,12,15,10,-1.3,984,349,1.8,6,2.8,80,3,35,254,-291,2
3968500,2729500,12,15,11,-1.4,985,341,1.1,4,2.9,81,87,44,240,-294,2
3968500,2729500,12,15,12,-0.3,985,276,0.8,4,2.9,79,39,86,231,-298,2
3968500,2729500,12,15,13,0.7,985,300,1.0,2,2.9,74,64,84,225,-303,2
3968500,2729500,12,15,14,0.6,985,301,0.8,3,3.0,72,78,65,221,-305,2
3968500,2729500,12,15,15,-0.2,985,8,0.8,4,2.9,73,92,25,230,-304,2
3968500,2729500,12,15,16,-1.4,986,37,0.5,6,3.0,80,27,15,243,-301,2
3968500,2729500,12,15,17,-2.9,986,237,1.0,5,3.0,89,0,0,245,-296,2
3968500,2729500,12,15,18,-3.3,986,159,1.5,4,2.8,91,0,0,233,-292,2
3968500,2729500,12,15,19,-4.3,986,148,1.9,2,2.8,94,0,0,216,-290,2
3968500,2729500,12,15,20,-4.8,986,157,1.7,1,2.7,97,0,0,199,-289,2
3968500,2729500,12,15,21,-5.1,987,154,2.2,2,2.6,98,0,0,200,-288,2
3968500,2729500,12,15,22,-4.8,987,147,2.8,2,2.6,96,0,0,205,-287,2
3968500,2729500,12,15,23,-4.8,987,169,2.9,2,2.6,94,0,0,208,-286,2
3968500,2729500,12,15,24,-4.8,986,165,3.5,3,2.5,92,0,0,213,-286,2
3968500,2729500,12,16,1,-4.6,986,170,4.4,1,2.5,91,0,0,210,-287,2
3968500,2729500,12,16,2,-4.4,985,183,4.3,3,2.5,90,0,0,212,-287,2
3968500,2729500,12,16,3,-4.9,985,178,3.9,3,2.5,92,0,0,225,-289,2
3968500,2729500,12,16,4,-4.7,985,174,4.5,1,2.6,94,0,0,217,-291,2
3968500,2729500,12,16,5,-3.5,984,188,5.3,2,2.6,91,0,0,215,-292,2
3968500,2729500,12,16,6,-2.9,985,190,5.8,5,2.7,89,0,0,240,-293,2
3968500,2729500,12,16,7,-2.7,984,192,6.4,8,2.9,90,0,0,274,-295,2
3968500,2729500,12,16,8,-1.8,984,191,7.0,8,3.0,92,0,0,293,-297,2
3968500,2729500,12,16,9,-1.1,984,196,6.0,8,3.2,92,0,5,297,-299,2
3968500,2729500,12,16,10,-1.0,984,185,5.3,7,3.5,96,15,32,295,-301,2
3968500,2729500,12,16,11,0.0,984,200,4.9,7,3.7,98,0,49,292,-303,2
3968500,2729500,12,16,12,0.6,985,202,4.3,7,3.8,96,0,37,295,-306,2
3968500,2729500,12,16,13,0.9,985,198,4.0,8,3.9,94,0,29,303,-308,2
3968500,2729500,12,16,14,1.2,986,206,2.8,8,4.0,94,0,24,310,-311,2
3968500,2729500,12,16,15,1.2,986,199,3.9,8,4.0,95,0,20,311,-313,2
3968500,2729500,12,16,16,1.3,987,220,4.6,8,4.1,95,0,6,313,-315,2
3968500,2729500,12,16,17,1.2,987,247,4.9,8,4.1,96,0,0,313,-317,2
3968500,2729500,12,16,18,1.7,988,263,3.8,8,4.1,96,0,0,312,-320,2
3968500,2729500,12,16,19,1.7,988,262,2.9,8,4.2,96,0,0,313,-323,2
3968500,2729500,12,16,20,1.7,989,210,3.0,8,4.2,96,0,0,313,-323,2
3968500,2729500,12,16,21,1.8,990,259,3.4,8,4.3,97,0,0,312,-324,2
3968500,2729500,12,16,22,2.1,991,219,2.7,8,4.3,96,0,0,313,-324,2
3968500,2729500,12,16,23,1.6,992,204,1.7,8,4.3,98,0,0,312,-324,2
3968500,2729500,12,16,24,1.6,992,165,1.9,7,4.3,99,0,0,304,-325,2
3968500,2729500,12,17,1,1.7,993,192,2.6,8,4.3,98,0,0,304,-325,2
3968500,2729500,12,17,2,1.4,993,159,2.5,8,4.3,99,0,0,310,-323,2
3968500,2729500,12,17,3,1.5,994,167,2.0,8,4.3,100,0,0,309,-318,2
3968500,2729500,12,17,4,1.5,994,125,1.5,8,4.3,99,0,0,307,-317,2
3968500,2729500,12,17,5,1.2,994,173,1.9,8,4.2,98,0,0,304,-316,2
3968500,2729500,12,17,6,1.1,994,185,2.6,7,4.2,99,0,0,296,-315,2
3968500,2729500,12,17,7,1.1,994,205,3.0,8,4.2,100,0,0,294,-313,2
3968500,2729500,12,17,8,1.1,995,178,2.4,8,4.1,99,0,0,295,-311,2
3968500,2729500,12,17,9,1.0,995,169,1.8,8,4.1,99,0,1,291,-311,2
3968500,2729500,12,17,10,1.1,995,173,1.8,8,4.2,100,0,29,286,-311,2
3968500,2729500,12,17,11,1.3,995,170,2.1,8,4.2,100,0,38,282,-312,2
3968500,2729500,12,17,12,1.4,996,176,2.1,8,4.3,100,0,34,277,-314,2
3968500,2729500,12,17,13,1.6,996,175,2.0,7,4.3,100,0,52,270,-316,2
3968500,2729500,12,17,14,1.8,995,166,2.4,8,4.3,99,0,33,270,-316,2
3968500,2729500,12,17,15,1.9,995,172,2.1,7,4.4,99,0,35,269,-318,2
3968500,2729500,12,17,16,2.1,994,169,1.4,7,4.4,98,0,20,264,-319,2
3968500,2729500,12,17,17,2.2,994,164,1.0,8,4.4,97,0,0,272,-317,2
3968500,2729500,12,17,18,2.2,993,170,1.0,8,4.4,96,0,0,280,-317,2
3968500,2729500,12,17,19,2.1,993,170,1.2,8,4.4,97,0,0,282,-317,2
3968500,2729500,12,17,20,2.0,993,173,1.1,7,4.4,98,0,0,278,-317,2
3968500,2729500,12,17,21,1.9,993,178,1.0,7,4.3,98,0,0,272,-317,2
3968500,2729500,12,17,22,1.9,993,170,0.6,8,4.3,96,0,0,280,-317,2
3968500,2729500,12,17,23,1.7,993,155,0.9,8,4.2,95,0,0,285,-317,2
3968500,2729500,12,17,24,1.5,992,165,1.2,7,4.1,95,0,0,280,-317,2
3968500,2729500,12,18,1,1.3,991,160,1.2,8,4.0,94,0,0,279,-316,2
3968500,2729500,12,18,2,1.1,991,149,0.9,8,3.9,93,0,0,283,-316,2
3968500,2729500,12,18,3,1.0,990,142,0.6,8,3.9,94,0,0,282,-315,2
3968500,2729500,12,18,4,1.0,990,153,0.5,8,4.0,95,0,0,278,-313,2
3968500,2729500,12,18,5,1.4,989,146,0.8,8,4.0,94,0,0,274,-312,2
3968500,2729500,12,18,6,1.8,989,152,1.8,8,4.0,92,0,0,272,-311,2
3968500,2729500,12,18,7,1.7,989,162,2.6,8,4.0,92,0,0,271,-311,2
3968500,2729500,12,18,8,1.6,989,178,2.6,8,4.1,93,0,0,270,-309,2
3968500,2729500,12,18,9,1.2,989,187,3.9,8,4.1,95,0,2,269,-309,2
3968500,2729500,12,18,10,0.9,989,191,3.2,8,4.0,96,0,26,268,-309,2
3968500,2729500,12,18,11,0.6,990,179,3.1,8,4.0,97,0,39,268,-311,2
3968500,2729500,12,18,12,0.6,990,180,3.2,8,4.0,98,0,57,268,-313,2
3968500,2729500,12,18,13,0.8,990,184,3.2,8,4.0,99,0,59,269,-315,2
3968500,2729500,12,18,14,1.1,990,178,2.9,8,4.1,99,0,55,272,-316,2
3968500,2729500,12,18,15,1.3,990,170,2.9,8,4.2,99,0,31,276,-316,2
3968500,2729500,12,18,16,1.2,989,168,2.4,8,4.2,98,1,22,279,-317,2
3968500,2729500,12,18,17,1.2,990,175,2.2,7,4.1,98,0,1,278,-317,2
3968500,2729500,12,18,18,1.1,990,167,2.7,8,4.1,98,0,0,281,-316,2
3968500,2729500,12,18,19,1.2,990,165,2.3,7,4.1,97,0,0,284,-316,2
3968500,2729500,12,18,20,1.1,990,162,1.9,8,4.1,97,0,0,287,-317,2
3968500,2729500,12,18,21,1.2,990,161,2.2,7,4.1,98,0,0,291,-317,2
3968500,2729500,12,18,22,1.3,990,159,2.0,8,4.2,98,0,0,294,-317,2
3968500,2729500,12,18,23,1.3,990,156,2.1,8,4.2,98,0,0,301,-319,2
3968500,2729500,12,18,24,1.5,990,160,1.7,7,4.2,98,0,0,299,-319,2
3968500,2729500,12,19,1,1.3,989,167,1.0,8,4.2,97,0,0,300,-319,2
3968500,2729500,12,19,2,1.4,989,144,1.0,8,4.2,98,0,0,306,-320,2
3968500,2729500,12,19,3,1.4,989,150,1.2,8,4.2,98,0,0,307,-320,2
3968500,2729500,12,19,4,1.5,989,152,0.9,8,4.2,98,0,0,308,-320,2
3968500,2729500,12,19,5,1.7,988,144,0.9,8,4.2,97,0,0,310,-320,2
3968500,2729500,12,19,6,1.7,988,132,0.6,8,4.3,97,0,0,310,-320,2
3968500,2729500,12,19,7,1.8,988,143,1.1,8,4.3,97,0,0,310,-321,2
3968500,2729500,12,19,8,1.9,987,148,1.6,7,4.3,96,0,0,307,-321,2
3968500,2729500,12,19,9,2.1,987,147,2.0,8,4.4,97,0,1,306,-322,2
3968500,2729500,12,19,10,2.2,987,161,2.3,8,4.5,99,2,32,311,-323,2
3968500,2729500,12,19,11,2.4,987,160,2.1,7,4.6,100,0,45,307,-324,2
3968500,2729500,12,19,12,2.7,986,159,2.1,6,4.7,100,0,40,298,-325,2
3968500,2729500,12,19,13,3.4,986,161,1.4,8,4.8,99,0,47,303,-326,2
3968500,2729500,12,19,14,3.7,985,166,2.8,8,4.9,98,0,39,313,-329,2
3968500,2729500,12,19,15,4.1,984,178,2.3,7,5.0,97,2,45,309,-331,2
3968500,2729500,12,19,16,4.1,983,169,2.2,7,5.0,95,8,16,305,-331,2
3968500,2729500,12,19,17,4.2,983,183,2.5,8,5.0,96,0,0,310,-330,2
3968500,2729500,12,19,18,4.1,983,184,2.7,8,5.1,97,0,0,314,-329,2
3968500,2729500,12,19,19,4.3,983,162,2.7,8,5.2,98,0,0,315,-329,2
3968500,2729500,12,19,20,4.4,982,178,3.8,8,5.2,97,0,0,317,-329,2
3968500,2729500,12,19,21,4.6,982,177,3.5,8,5.3,97,0,0,319,-330,2
3968500,2729500,12,19,22,4.9,982,163,3.2,8,5.3,97,0,0,321,-330,2
3968500,2729500,12,19,23,5.2,982,154,2.7,8,5.4,96,0,0,323,-331,2
3968500,2729500,12,19,24,5.2,981,153,3.2,8,5.5,97,0,0,325,-332,2
3968500,2729500,12,20,1,5.6,981,171,4.0,6,5.6,98,0,0,316,-333,2
3968500,2729500,12,20,2,5.5,981,176,3.7,6,5.7,98,0,0,307,-334,2
3968500,2729500,12,20,3,5.7,981,172,2.2,8,5.8,99,0,0,319,-335,2
3968500,2729500,12,20,4,5.7,981,175,2.7,8,5.7,98,0,0,331,-336,2
3968500,2729500,12,20,5,5.8,980,175,1.9,8,5.7,97,0,0,330,-337,2
3968500,2729500,12,20,6,5.6,980,167,1.5,8,5.8,98,0,0,330,-337,2
3968500,2729500,12,20,7,5.7,980,193,1.0,8,5.7,98,0,0,328,-337,2
3968500,2729500,12,20,8,5.8,980,9,0.7,8,5.8,98,0,0,328,-338,2
3968500,2729500,12,20,9,5.7,980,3,0.8,8,5.8,98,0,1,328,-338,2
3968500,2729500,12,20,10,5.7,980,11,0.6,8,5.8,99,0,22,327,-338,2
3968500,2729500,12,20,11,5.9,980,5,1.4,7,5.9,99,0,33,320,-340,2
3968500,2729500,12,20,12,5.8,981,95,2.4,8,5.9,98,0,34,319,-341,2
3968500,2729500,12,20,13,5.3,980,98,3.6,8,5.6,97,0,34,325,-343,2
3968500,2729500,12,20,14,4.8,980,66,3.1,8,5.3,95,0,20,323,-344,2
3968500,2729500,12,20,15,4.3,980,66,2.1,8,5.1,94,0,13,321,-344,2
3968500,2729500,12,20,16,3.8,980,80,2.8,8,4.9,94,0,6,319,-344,2
3968500,2729500,12,20,17,3.4,980,75,3.3,8,4.8,94,0,0,317,-343,2
3968500,2729500,12,20,18,3.0,980,73,3.2,8,4.6,93,0,0,316,-343,2
3968500,2729500,12,20,19,2.5,980,87,3.7,8,4.5,93,0,0,314,-343,2
3968500,2729500,12,20,20,2.2,981,82,3.2,8,4.3,93,0,0,314,-343,2
3968500,2729500,12,20,21,1.9,981,73,2.5,7,4.2,93,0,0,302,-343,2
3968500,2729500,12,20,22,1.5,981,67,3.9,8,4.2,94,0,0,301,-343,2
3968500,2729500,12,20,23,1.2,981,65,3.9,8,4.2,96,0,0,311,-343,2
3968500,2729500,12,20,24,0.8,981,69,3.6,8,4.1,96,0,0,311,-343,2
3968500,2729500,12,21,1,0.7,981,81,3.4,8,3.9,95,0,0,310,-343,2
3968500,2729500,12,21,2,0.2,981,60,3.6,8,3.8,93,0,0,309,-342,2
3968500,2729500,12,21,3,-0.3,981,66,4.5,8,3.6,93,0,0,307,-342,2
3968500,2729500,12,21,4,-0.7,982,77,4.1,8,3.6,94,0,0,305,-341,2
3968500,2729500,12,21,5,-1.6,982,57,4.6,8,3.4,95,0,0,302,-337,2
3968500,2729500,12,21,6,-1.7,982,51,4.2,8,3.2,94,0,0,301,-332,2
3968500,2729500,12,21,7,-2.1,983,54,5.5,7,3.0,89,0,0,292,-327,2
3968500,2729500,12,21,8,-2.4,983,57,4.8,8,2.9,87,0,0,290,-322,2
3968500,2729500,12,21,9,-2.2,984,65,5.1,8,2.8,84,0,5,294,-319,2
3968500,2729500,12,21,10,-2.8,984,50,4.8,7,2.7,83,2,36,287,-317,2
3968500,2729500,12,21,11,-2.8,985,58,4.6,7,2.7,84,0,41,280,-317,2
3968500,2729500,12,21,12,-2.8,986,66,4.5,8,2.6,81,0,50,284,-316,2
3968500,2729500,12,21,13,-2.7,986,66,4.5,7,2.5,78,0,55,284,-314,2
3968500,2729500,12,21,14,-2.7,985,67,4.5,6,2.5,77,2,78,270,-313,2
3968500,2729500,12,21,15,-2.8,986,46,5.5,6,2.5,77,3,56,264,-312,2
3968500,2729500,12,21,16,-3.1,986,47,6.2,7,2.4,78,1,21,271,-311,2
3968500,2729500,12,21,17,-3.2,985,57,5.7,7,2.3,75,0,0,278,-310,2
3968500,2729500,12,21,18,-3.4,986,62,5.3,6,2.2,73,0,0,271,-310,2
3968500,2729500,12,21,19,-3.6,987,41,4.6,8,2.1,70,0,0,277,-309,2
3968500,2729500,12,21,20,-3.5,987,58,4.2,8,2.0,68,0,0,290,-308,2
3968500,2729500,12,21,21,-3.6,988,60,3.8,8,2.0,66,0,0,289,-307,2
3968500,2729500,12,21,22,-3.7,988,61,3.3,8,2.0,67,0,0,289,-306,2
3968500,2729500,12,21,23,-4.4,989,82,2.8,6,2.0,72,0,0,290,-305,2
3968500,2729500,12,21,24,-5.2,989,82,2.4,5,2.1,80,0,0,278,-303,2
3968500,2729500,12,22,1,-6.2,1000,106,2.0,4,2.1,88,0,0,199,-283,2
3968500,2729500,12,22,2,-7.0,1000,113,1.7,2,2.1,93,0,0,193,-283,2
3968500,2729500,12,22,3,-7.8,1000,137,1.7,1,2.1,97,0,0,196,-283,2
3968500,2729500,12,22,4,-8.2,1000,111,1.8,1,2.0,97,0,0,190,-283,2
3968500,2729500,12,22,5,-8.6,999,127,1.8,1,2.0,98,0,0,178,-283,2
3968500,2729500,12,22,6,-9.0,999,6,1.7,0,1.9,98,0,0,171,-285,2
3968500,2729500,12,22,7,-9.6,1000,62,1.6,2,1.9,98,0,0,180,-288,2
3968500,2729500,12,22,8,-9.0,1000,13,0.8,3,1.8,97,0,0,195,-290,2
3968500,2729500,12,22,9,-9.6,1000,32,0.7,3,1.8,95,0,5,200,-292,2
3968500,2729500,12,22,10,-7.0,1001,18,1.2,2,1.9,95,47,32,198,-294,2
3968500,2729500,12,22,11,-5.6,1001,163,1.8,1,2.2,92,117,46,196,-297,2
3968500,2729500,12,22,12,-3.4,1001,150,2.2,1,2.4,87,141,61,197,-301,2
3968500,2729500,12,22,13,-2.0,1001,165,2.6,1,2.6,82,147,65,203,-304,2
3968500,2729500,12,22,14,-2.2,1000,170,3.2,1,2.5,78,132,57,204,-306,2
3968500,2729500,12,22,15,-1.9,1000,169,2.7,0,2.4,73,87,44,201,-307,2
3968500,2729500,12,22,16,-3.0,1000,162,2.5,1,2.4,74,27,23,202,-306,2
3968500,2729500,12,22,17,-4.7,1001,182,2.2,1,2.4,82,0,2,206,-305,2
3968500,2729500,12,22,18,-6.1,1001,200,1.5,1,2.3,88,0,0,203,-303,2
3968500,2729500,12,22,19,-6.8,1002,164,1.2,3,2.2,93,0,0,209,-302,2
3968500,2729500,12,22,20,-6.9,1002,157,2.1,4,2.1,92,0,0,221,-302,2
3968500,2729500,12,22,21,-6.0,1003,161,2.7,2,2.2,91,0,0,219,-302,2
3968500,2729500,12,22,22,-5.4,1002,164,3.2,2,2.3,92,0,0,213,-302,2
3968500,2729500,12,22,23,-4.7,1002,182,3.7,2,2.3,86,0,0,214,-301,2
3968500,2729500,12,22,24,-4.7,1002,169,2.7,5,2.2,83,0,0,227,-300,2
3968500,2729500,12,23,1,-4.9,1003,165,3.2,6,2.2,83,0,0,243,-300,2
3968500,2729500,12,23,2,-5.0,1002,173,3.4,4,2.2,84,0,0,237,-299,2
3968500,2729500,12,23,3,-5.8,1002,157,3.6,4,2.2,86,0,0,225,-299,2
3968500,2729500,12,23,4,-6.0,1001,157,3.6,6,2.2,87,0,0,228,-300,2
3968500,2729500,12,23,5,-5.8,1001,144,4.6,6,2.2,87,0,0,235,-299,2
3968500,2729500,12,23,6,-5.7,1000,149,4.6,7,2.2,88,0,0,241,-297,2
3968500,2729500,12,23,7,-5.4,999,182,5.3,7,2.2,88,0,0,248,-297,2
3968500,2729500,12,23,8,-5.0,999,158,6.1,8,2.3,88,0,0,255,-296,2
3968500,2729500,12,23,9,-4.6,998,165,5.9,8,2.3,87,0,1,263,-295,2
3968500,2729500,12,23,10,-4.3,998,163,6.0,7,2.4,86,0,17,260,-296,2
3968500,2729500,12,23,11,-4.2,997,168,7.5,8,2.4,85,3,58,261,-299,2
3968500,2729500,12,23,12,-4.2,996,163,7.3,8,2.4,85,0,63,269,-303,2
3968500,2729500,12,23,13,-3.7,995,172,7.2,8,2.5,86,0,40,273,-307,2
3968500,2729500,12,23,14,-3.5,994,176,6.9,8,2.6,88,0,45,278,-310,2
3968500,2729500,12,23,15,-3.0,993,172,7.4,6,2.7,90,14,59,272,-311,2
3968500,2729500,12,23,16,-2.3,991,173,6.7,8,2.9,90,5,22,277,-310,2
3968500,2729500,12,23,17,-2.2,991,173,7.0,8,2.9,89,0,0,292,-310,2
3968500,2729500,12,23,18,-1.9,989,175,6.7,8,3.0,89,0,0,295,-310,2
3968500,2729500,12,23,19,-1.7,989,178,7.1,8,3.0,89,0,0,298,-310,2
3968500,2729500,12,23,20,-1.3,989,178,7.4,8,3.1,90,0,0,300,-311,2
3968500,2729500,12,23,21,-1.1,989,188,7.1,8,3.3,92,0,0,302,-311,2
3968500,2729500,12,23,22,-0.7,989,177,6.7,8,3.4,92,0,0,304,-311,2
3968500,2729500,12,23,23,-0.5,989,175,6.4,8,3.4,92,0,0,306,-312,2
3968500,2729500,12,23,24,0.0,989,174,5.8,8,3.5,91,0,0,308,-312,2
3968500,2729500,12,24,1,-0.1,988,178,6.0,8,3.5,91,0,0,310,-313,2
3968500,2729500,12,24,2,0.1,988,177,6.0,8,3.6,92,0,0,311,-313,2
3968500,2729500,12,24,3,0.3,988,178,6.5,8,3.6,92,0,0,313,-314,2
3968500,2729500,12,24,4,0.3,988,162,5.9,8,3.7,93,0,0,313,-314,2
3968500,2729500,12,24,5,0.6,987,152,4.7,8,3.8,93,0,0,315,-314,2
3968500,2729500,12,24,6,0.9,987,150,5.1,7,3.8,93,0,0,311,-315,2
3968500,2729500,12,24,7,1.0,986,177,5.3,8,3.9,94,0,0,312,-315,2
3968500,2729500,12,24,8,1.2,985,188,7.1,8,3.9,93,0,0,318,-316,2
3968500,2729500,12,24,9,1.6,985,182,7.0,8,4.0,93,0,4,320,-316,2
3968500,2729500,12,24,10,1.4,984,181,7.3,8,4.1,94,4,30,320,-316,2
3968500,2729500,12,24,11,1.9,983,182,7.3,7,4.2,95,0,35,316,-317,2
3968500,2729500,12,24,12,2.5,982,179,7.5,8,4.3,95,0,32,318,-317,2
3968500,2729500,12,24,13,2.7,981,176,6.7,8,4.5,96,0,30,325,-317,2
3968500,2729500,12,24,14,3.6,980,177,5.9,8,4.8,97,0,29,327,-318,2
3968500,2729500,12,24,15,4.0,980,182,4.6,8,5.1,98,0,19,330,-318,2
3968500,2729500,12,24,16,4.4,980,186,3.9,7,5.2,97,0,7,326,-319,2
3968500,2729500,12,24,17,4.4,981,216,4.0,7,5.1,95,0,0,321,-320,2
3968500,2729500,12,24,18,4.6,981,186,4.1,8,5.1,94,0,0,326,-321,2
3968500,2729500,12,24,19,5.3,982,184,4.8,8,5.3,95,0,0,333,-321,2
3968500,2729500,12,24,20,5.0,982,193,3.9,8,5.4,95,0,0,334,-321,2
3968500,2729500,12,24,21,5.0,982,187,3.4,7,5.3,94,0,0,326,-321,2
3968500,2729500,12,24,22,5.0,982,188,4.5,7,5.2,93,0,0,320,-321,2
3968500,2729500,12,24,23,5.2,982,204,4.8,7,5.3,93,0,0,321,-321,2
3968500,2729500,12,24,24,5.6,982,199,4.4,8,5.4,93,0,0,327,-322,2
3968500,2729500,12,25,1,6.0,981,203,4.7,8,5.5,93,0,0,335,-322,2
3968500,2729500,12,25,2,5.7,981,203,5.4,8,5.5,93,0,0,334,-324,2
3968500,2729500,12,25,3,6.0,981,209,5.3,8,5.5,93,0,0,334,-326,2
3968500,2729500,12,25,4,5.9,981,186,5.0,8,5.6,93,0,0,335,-327,2
3968500,2729500,12,25,5,6.2,980,198,4.5,8,5.6,92,0,0,335,-327,2
3968500,2729500,12,25,6,6.0,980,196,4.5,8,5.6,92,0,0,335,-327,2
3968500,2729500,12,25,7,5.9,979,182,4.6,8,5.6,93,0,0,335,-327,2
3968500,2729500,12,25,8,5.8,979,183,4.7,8,5.5,92,0,0,334,-327,2
3968500,2729500,12,25,9,5.7,979,212,4.2,8,5.4,91,0,2,333,-328,2
3968500,2729500,12,25,10,6.7,979,210,5.1,7,5.3,86,0,25,325,-328,2
3968500,2729500,12,25,11,7.4,981,214,4.4,7,5.1,79,0,44,317,-328,2
3968500,2729500,12,25,12,7.5,981,216,4.5,6,5.0,75,8,77,307,-329,2
3968500,2729500,12,25,13,6.8,981,226,4.2,6,5.0,77,4,81,298,-331,2
3968500,2729500,12,25,14,6.7,981,202,4.4,8,5.2,82,0,62,312,-334,2
3968500,2729500,12,25,15,6.1,980,225,4.0,8,5.1,82,0,46,327,-335,2
3968500,2729500,12,25,16,5.5,980,210,2.1,6,4.8,81,20,16,307,-333,2
3968500,2729500,12,25,17,3.9,980,217,3.2,6,4.7,85,0,0,287,-331,2
3968500,2729500,12,25,18,2.8,980,145,2.7,6,4.3,87,0,0,283,-331,2
3968500,2729500,12,25,19,3.9,980,186,3.6,6,4.4,88,0,0,284,-332,2
3968500,2729500,12,25,20,5.0,979,185,4.0,7,4.7,86,0,0,297,-334,2
3968500,2729500,12,25,21,4.7,978,167,3.6,6,4.7,85,0,0,300,-336,2
3968500,2729500,12,25,22,5.6,976,183,4.5,7,4.8,85,0,0,303,-337,2
3968500,2729500,12,25,23,6.0,976,183,4.8,8,5.1,86,0,0,321,-339,2
3968500,2729500,12,25,24,6.4,975,176,6.2,8,5.4,88,0,0,330,-342,2
3968500,2729500,12,26,1,6.9,973,178,6.6,8,5.7,90,0,0,333,-345,2
3968500,2729500,12,26,2,7.2,971,181,6.4,8,5.9,90,0,0,335,-346,2
3968500,2729500,12,26,3,7.6,970,180,7.7,8,6.1,91,0,0,336,-345,2
3968500,2729500,12,26,4,8.0,969,182,7.5,8,6.1,89,0,0,337,-345,2
3968500,2729500,12,26,5,7.7,968,178,7.7,8,6.0,87,0,0,335,-344,2
3968500,2729500,12,26,6,6.9,967,219,5.9,8,5.7,86,0,0,332,-343,2
3968500,2729500,12,26,7,5.4,968,245,3.7,8,5.3,87,0,0,326,-341,2
3968500,2729500,12,26,8,4.5,970,223,2.8,8,5.0,88,0,0,318,-338,2
3968500,2729500,12,26,9,4.5,971,185,1.7,8,4.8,88,0,0,315,-335,2
3968500,2729500,12,26,10,4.3,972,184,2.3,6,4.7,87,0,23,298,-332,2
3968500,2729500,12,26,11,4.6,973,195,3.0,6,4.6,85,3,69,282,-331,2
3968500,2729500,12,26,12,5.2,974,182,2.9,5,4.4,79,14,108,273,-332,2
3968500,2729500,12,26,13,5.1,974,202,3.8,7,4.2,74,1,86,278,-334,2
3968500,2729500,12,26,14,4.8,974,193,3.9,7,4.0,72,4,87,289,-334,2
3968500,2729500,12,26,15,4.6,974,173,3.2,7,3.9,72,4,64,286,-332,2
3968500,2729500,12,26,16,3.8,974,167,3.1,7,4.1,76,2,25,283,-328,2
3968500,2729500,12,26,17,3.3,974,172,2.6,7,4.2,83,0,0,280,-323,2
3968500,2729500,12,26,18,2.6,975,189,2.4,6,4.2,85,0,0,269,-319,2
3968500,2729500,12,26,19,2.2,975,187,1.7,8,4.1,87,0,0,272,-317,2
3968500,2729500,12,26,20,1.6,975,193,1.7,7,4.0,89,0,0,278,-316,2
3968500,2729500,12,26,21,2.3,976,168,1.3,6,4.1,90,0,0,263,-316,2
3968500,2729500,12,26,22,1.7,977,210,1.2,8,4.2,92,0,0,272,-316,2
3968500,2729500,12,26,23,1.5,977,146,1.8,8,4.1,92,0,0,284,-316,2
3968500,2729500,12,26,24,0.2,978,174,1.9,5,3.9,93,0,0,261,-316,2
3968500,2729500,12,27,1,0.0,978,135,1.5,8,3.7,94,0,0,259,-316,2
3968500,2729500,12,27,2,-0.3,978,180,1.7,8,3.7,96,0,0,280,-316,2
3968500,2729500,12,27,3,-0.3,979,143,1.2,8,3.7,96,0,0,279,-316,2
3968500,2729500,12,27,4,-0.1,979,52,1.4,6,3.7,96,0,0,270,-316,2
3968500,2729500,12,27,5,-0.3,980,346,1.5,4,3.7,97,0,0,248,-316,2
3968500,2729500,12,27,6,-0.8,980,321,1.8,8,3.6,97,0,0,260,-316,2
3968500,2729500,12,27,7,-0.6,980,224,1.1,8,3.6,96,0,0,280,-316,2
3968500,2729500,12,27,8,-0.8,980,4,1.6,7,3.6,97,0,0,273,-316,2
3968500,2729500,12,27,9,-0.6,981,26,1.9,4,3.6,98,0,4,251,-316,2
3968500,2729500,12,27,10,-0.4,982,344,2.0,6,3.7,99,40,34,246,-316,2
3968500,2729500,12,27,11,-0.2,982,346,3.0,6,3.8,100,30,73,257,-316,2
3968500,2729500,12,27,12,0.4,982,19,2.2,6,3.9,99,5,82,259,-317,2
3968500,2729500,12,27,13,1.2,983,14,1.7,8,4.1,98,0,55,271,-321,2
3968500,2729500,12,27,14,1.8,983,349,2.9,8,4.2,95,1,70,285,-327,2
3968500,2729500,12,27,15,1.7,982,7,3.4,7,4.1,91,7,60,282,-329,2
3968500,2729500,12,27,16,1.6,983,337,4.0,7,3.9,89,1,19,277,-327,2
3968500,2729500,12,27,17,1.2,983,340,4.4,6,3.9,89,0,0,272,-323,2
3968500,2729500,12,27,18,1.4,984,352,4.8,7,3.9,90,0,0,274,-320,2
3968500,2729500,12,27,19,1.5,985,358,5.1,7,3.9,90,0,0,280,-319,2
3968500,2729500,12,27,20,1.6,985,346,5.7,8,3.9,90,0,0,288,-319,2
3968500,2729500,12,27,21,1.3,986,340,5.7,6,3.9,90,0,0,284,-320,2
3968500,2729500,12,27,22,1.2,986,338,5.8,7,3.8,89,0,0,280,-319,2
3968500,2729500,12,27,23,0.9,987,349,6.4,7,3.7,89,0,0,287,-319,2
3968500,2729500,12,27,24,0.8,987,345,6.3,6,3.7,89,0,0,282,-319,2
3968500,2729500,12,28,1,0.8,988,343,5.5,7,3.7,89,0,0,282,-319,2
3968500,2729500,12,28,2,0.4,988,343,5.3,7,3.6,89,0,0,288,-319,2
3968500,2729500,12,28,3,0.1,989,342,4.9,7,3.5,89,0,0,287,-319,2
3968500,2729500,12,28,4,0.0,989,333,5.7,5,3.4,88,0,0,276,-319,2
3968500,2729500,12,28,5,-0.1,990,354,5.9,7,3.4,88,0,0,277,-319,2
3968500,2729500,12,28,6,-0.2,990,333,5.4,6,3.3,87,0,0,283,-318,2
3968500,2729500,12,28,7,0.0,990,334,5.0,8,3.4,87,0,0,290,-318,2
3968500,2729500,12,28,8,0.0,991,330,4.5,8,3.4,88,0,0,302,-318,2
3968500,2729500,12,28,9,0.3,991,332,4.6,8,3.5,88,0,2,303,-318,2
3968500,2729500,12,28,10,0.4,992,323,4.5,7,3.4,87,0,24,297,-318,2
3968500,2729500,12,28,11,0.7,993,323,4.6,7,3.4,85,0,47,293,-319,2
3968500,2729500,12,28,12,1.0,993,333,4.8,7,3.4,82,0,56,294,-320,2
3968500,2729500,12,28,13,0.9,993,333,5.0,8,3.3,80,0,42,301,-320,2
3968500,2729500,12,28,14,0.9,993,324,4.0,8,3.4,82,0,35,309,-321,2
3968500,2729500,12,28,15,0.7,993,326,4.3,6,3.3,82,0,45,297,-321,2
3968500,2729500,12,28,16,0.6,994,322,4.0,7,3.2,80,1,22,290,-320,2
3968500,2729500,12,28,17,0.2,994,321,3.4,7,3.2,79,0,0,296,-319,2
3968500,2729500,12,28,18,0.2,995,316,2.9,6,3.1,79,0,0,290,-318,2
3968500,2729500,12,28,19,0.0,995,286,2.2,7,3.0,78,0,0,289,-318,2
3968500,2729500,12,28,20,-0.4,995,226,1.7,8,3.0,79,0,0,301,-318,2
3968500,2729500,12,28,21,-0.7,995,243,2.0,8,2.9,79,0,0,305,-317,2
3968500,2729500,12,28,22,-0.7,994,193,2.0,8,2.9,79,0,0,300,-317,2
3968500,2729500,12,28,23,-0.4,995,200,2.5,8,2.9,79,0,0,296,-317,2
3968500,2729500,12,28,24,-1.0,994,181,3.7,8,2.9,78,0,0,294,-317,2
3968500,2729500,12,29,1,-1.2,993,183,4.6,4,2.8,78,0,0,266,-317,2
3968500,2729500,12,29,2,-1.4,992,185,4.5,5,2.8,78,0,0,246,-315,2
3968500,2729500,12,29,3,-1.6,991,181,4.8,4,2.8,80,0,0,244,-310,2
3968500,2729500,12,29,4,-1.8,990,175,5.8,5,2.7,80,0,0,243,-307,2
3968500,2729500,12,29,5,-2.2,990,247,5.1,5,2.6,79,0,0,247,-306,2
3968500,2729500,12,29,6,-2.1,989,179,5.3,7,2.6,80,0,0,258,-305,2
3968500,2729500,12,29,7,-1.9,988,171,6.5,8,2.7,80,0,0,277,-304,2
3968500,2729500,12,29,8,-1.4,987,165,6.7,8,2.8,81,0,0,286,-303,2
3968500,2729500,12,29,9,-0.9,986,160,7.2,8,2.9,80,0,0,288,-301,2
3968500,2729500,12,29,10,-0.5,985,152,5.8,8,2.9,79,2,37,290,-302,2
3968500,2729500,12,29,11,-0.2,984,168,5.4,6,2.9,77,4,69,279,-306,2
3968500,2729500,12,29,12,-0.2,983,171,6.4,8,2.9,76,0,62,279,-310,2
3968500,2729500,12,29,13,0.1,982,180,6.8,7,2.9,75,1,86,285,-313,2
3968500,2729500,12,29,14,-1.1,981,187,7.0,7,3.0,80,3,83,280,-314,2
3968500,2729500,12,29,15,-0.7,980,176,5.7,7,3.2,88,1,51,280,-315,2
3968500,2729500,12,29,16,-0.3,980,176,5.1,8,3.3,88,1,25,287,-315,2
3968500,2729500,12,29,17,0.0,980,171,4.9,7,3.3,85,0,0,287,-315,2
3968500,2729500,12,29,18,-0.1,980,167,4.7,8,3.3,85,0,0,288,-315,2
3968500,2729500,12,29,19,0.1,980,195,4.4,8,3.3,85,0,0,292,-315,2
3968500,2729500,12,29,20,-0.2,980,196,4.7,8,3.4,87,0,0,290,-316,2
3968500,2729500,12,29,21,1.2,981,249,3.6,8,3.7,91,0,0,290,-317,2
3968500,2729500,12,29,22,1.6,982,255,2.9,8,3.9,89,0,0,292,-317,2
3968500,2729500,12,29,23,2.3,983,275,5.8,8,3.9,86,0,0,294,-317,2
3968500,2729500,12,29,24,2.9,985,286,5.4,7,3.9,83,0,0,289,-317,2
3968500,2729500,12,30,1,2.5,986,248,3.1,7,3.9,82,0,0,283,-317,2
3968500,2729500,12,30,2,2.4,987,343,2.5,7,3.8,82,0,0,282,-316,2
3968500,2729500,12,30,3,2.5,989,239,2.3,7,3.9,84,0,0,284,-316,2
3968500,2729500,12,30,4,1.3,990,230,2.1,7,3.9,88,0,0,283,-315,2
3968500,2729500,12,30,5,0.5,991,241,2.3,7,3.8,92,0,0,280,-315,2
3968500,2729500,12,30,6,0.4,992,272,3.1,7,3.7,93,0,0,279,-316,2
3968500,2729500,12,30,7,0.8,992,203,2.3,8,3.8,94,0,0,285,-316,2
3968500,2729500,12,30,8,1.0,993,205,2.7,8,3.9,95,0,0,292,-316,2
3968500,2729500,12,30,9,0.8,994,205,0.5,8,3.9,95,0,0,292,-315,2
3968500,2729500,12,30,10,1.9,996,265,2.2,7,4.0,94,0,27,288,-314,2
3968500,2729500,12,30,11,2.3,997,294,3.7,7,4.1,91,15,47,286,-316,2
3968500,2729500,12,30,12,2.4,998,282,2.9,8,4.1,89,0,44,293,-317,2
3968500,2729500,12,30,13,2.8,999,282,2.6,8,4.1,88,0,44,301,-317,2
3968500,2729500,12,30,14,3.0,1000,306,2.2,8,4.0,85,0,39,301,-317,2
3968500,2729500,12,30,15,3.1,1000,316,2.2,8,4.0,83,0,32,299,-317,2
3968500,2729500,12,30,16,2.5,1001,292,2.0,7,4.0,84,0,17,293,-318,2
3968500,2729500,12,30,17,1.0,1002,317,1.7,7,3.8,87,0,0,284,-318,2
3968500,2729500,12,30,18,1.4,1003,308,1.7,7,3.7,89,0,0,281,-317,2
3968500,2729500,12,30,19,-0.1,1003,194,1.1,7,3.7,91,0,0,277,-317,2
3968500,2729500,12,30,20,-0.2,1004,182,1.2,8,3.5,94,0,0,279,-316,2
3968500,2729500,12,30,21,-0.7,1005,149,1.6,7,3.5,95,0,0,277,-316,2
3968500,2729500,12,30,22,0.2,1006,164,1.8,6,3.6,95,0,0,266,-314,2
3968500,2729500,12,30,23,0.5,1007,152,2.4,6,3.7,94,0,0,264,-311,2
3968500,2729500,12,30,24,-0.3,1007,167,2.9,5,3.6,94,0,0,261,-309,2
3968500,2729500,12,31,1,-0.9,1008,153,3.1,7,3.4,94,0,0,267,-309,2
3968500,2729500,12,31,2,-1.4,1008,163,3.2,6,3.3,95,0,0,273,-308,2
3968500,2729500,12,31,3,-1.6,1007,165,3.4,3,3.2,95,0,0,252,-309,2
3968500,2729500,12,31,4,-1.4,1007,159,3.6,5,3.2,94,0,0,247,-311,2
3968500,2729500,12,31,5,-0.8,1007,156,3.7,8,3.3,95,0,0,279,-313,2
3968500,2729500,12,31,6,-0.4,1007,165,4.0,7,3.5,95,0,0,292,-314,2
3968500,2729500,12,31,7,-0.2,1007,169,4.5,7,3.5,94,0,0,291,-315,2
3968500,2729500,12,31,8,0.0,1007,180,4.9,7,3.5,93,0,0,294,-315,2
3968500,2729500,12,31,9,0.5,1007,174,4.9,7,3.6,92,0,0,297,-315,2
3968500,2729500,12,31,10,0.8,1007,172,5.2,8,3.6,90,1,34,304,-315,2
3968500,2729500,12,31,11,1.2,1007,155,4.5,6,3.6,88,30,86,301,-315,2
3968500,2729500,12,31,12,1.5,1007,161,4.4,7,3.7,87,4,87,298,-316,2
3968500,2729500,12,31,13,1.9,1006,151,5.2,8,3.7,86,0,74,311,-316,2
3968500,2729500,12,31,14,1.7,1006,164,6.4,8,3.7,86,0,43,317,-317,2
3968500,2729500,12,31,15,1.7,1005,168,6.7,8,3.7,86,0,25,318,-317,2
3968500,2729500,12,31,16,1.5,1004,170,5.6,7,3.7,86,0,14,313,-317,2
3968500,2729500,12,31,17,1.4,1004,167,6.3,7,3.8,88,0,0,307,-317,2
3968500,2729500,12,31,18,1.6,1004,168,6.0,8,3.8,90,0,0,314,-317,2
3968500,2729500,12,31,19,1.4,1004,175,6.9,8,3.8,90,0,0,320,-317,2
3968500,2729500,12,31,20,1.5,1004,179,6.4,8,3.9,91,0,0,319,-317,2
3968500,2729500,12,31,21,1.7,1003,183,6.3,8,3.9,91,0,0,321,-317,2
3968500,2729500,12,31,22,1.8,1004,187,6.0,8,4.0,91,0,0,322,-318,2
3968500,2729500,12,31,23,0.8,1004,199,5.5,8,3.7,91,0,0,322,-318,2
3968500,2729500,12,31,24,-0.7,1004,211,5.0,8,3.4,92,0,0,323,-319,2
